fixture_id,team_id,team_name,stat_type,stat_value,ingestion_date,source_file
1208514,547,Girona,Shots on Goal,5,2026-05-07,raw/api_football/fixture_statistics/2026-04-29/fixture_1208514_statistics.json
1208514,547,Girona,Shots off Goal,3,2026-05-07,raw/api_football/fixture_statistics/2026-04-29/fixture_1208514_statistics.json
1208514,547,Girona,Total Shots,10,2026-05-07,raw/api_football/fixture_statistics/2026-04-29/fixture_1208514_statistics.json
1208514,547,Girona,Blocked Shots,2,2026-05-07,raw/api_football/fixture_statistics/2026-04-29/fixture_1208514_statistics.json
1208514,547,Girona,Shots insidebox,8,2026-05-07,raw/api_football/fixture_statistics/2026-04-29/fixture_1208514_statistics.json
1208514,547,Girona,Shots outsidebox,2,2026-05-07,raw/api_football/fixture_statistics/2026-04-29/fixture_1208514_statistics.json
1208514,547,Girona,Fouls,10,2026-05-07,raw/api_football/fixture_statistics/2026-04-29/fixture_1208514_statistics.json
1208514,547,Girona,Corner Kicks,5,2026-05-07,raw/api_football/fixture_statistics/2026-04-29/fixture_1208514_statistics.json
1208514,547,Girona,Offsides,5,2026-05-07,raw/api_football/fixture_statistics/2026-04-29/fixture_1208514_statistics.json
1208514,547,Girona,Ball Possession,60%,2026-05-07,raw/api_football/fixture_statistics/2026-04-29/fixture_1208514_statistics.json
1208514,547,Girona,Yellow Cards,,2026-05-07,raw/api_football/fixture_statistics/2026-04-29/fixture_1208514_statistics.json
1208514,547,Girona,Red Cards,,2026-05-07,raw/api_football/fixture_statistics/2026-04-29/fixture_1208514_statistics.json
1208514,547,Girona,Goalkeeper Saves,0,2026-05-07,raw/api_football/fixture_statistics/2026-04-29/fixture_1208514_statistics.json
1208514,547,Girona,Total passes,572,2026-05-07,raw/api_football/fixture_statistics/2026-04-29/fixture_1208514_statistics.json
1208514,547,Girona,Passes accurate,519,2026-05-07,raw/api_football/fixture_statistics/2026-04-29/fixture_1208514_statistics.json
1208514,547,Girona,Passes %,91%,2026-05-07,raw/api_football/fixture_statistics/2026-04-29/fixture_1208514_statistics.json
1208514,547,Girona,expected_goals,2.29,2026-05-07,raw/api_football/fixture_statistics/2026-04-29/fixture_1208514_statistics.json
1208514,547,Girona,goals_prevented,0,2026-05-07,raw/api_football/fixture_statistics/2026-04-29/fixture_1208514_statistics.json
1208514,727,Osasuna,Shots on Goal,0,2026-05-07,raw/api_football/fixture_statistics/2026-04-29/fixture_1208514_statistics.json
1208514,727,Osasuna,Shots off Goal,1,2026-05-07,raw/api_football/fixture_statistics/2026-04-29/fixture_1208514_statistics.json
1208514,727,Osasuna,Total Shots,1,2026-05-07,raw/api_football/fixture_statistics/2026-04-29/fixture_1208514_statistics.json
1208514,727,Osasuna,Blocked Shots,0,2026-05-07,raw/api_football/fixture_statistics/2026-04-29/fixture_1208514_statistics.json
1208514,727,Osasuna,Shots insidebox,0,2026-05-07,raw/api_football/fixture_statistics/2026-04-29/fixture_1208514_statistics.json
1208514,727,Osasuna,Shots outsidebox,1,2026-05-07,raw/api_football/fixture_statistics/2026-04-29/fixture_1208514_statistics.json
1208514,727,Osasuna,Fouls,9,2026-05-07,raw/api_football/fixture_statistics/2026-04-29/fixture_1208514_statistics.json
1208514,727,Osasuna,Corner Kicks,0,2026-05-07,raw/api_football/fixture_statistics/2026-04-29/fixture_1208514_statistics.json
1208514,727,Osasuna,Offsides,2,2026-05-07,raw/api_football/fixture_statistics/2026-04-29/fixture_1208514_statistics.json
1208514,727,Osasuna,Ball Possession,40%,2026-05-07,raw/api_football/fixture_statistics/2026-04-29/fixture_1208514_statistics.json
1208514,727,Osasuna,Yellow Cards,,2026-05-07,raw/api_football/fixture_statistics/2026-04-29/fixture_1208514_statistics.json
1208514,727,Osasuna,Red Cards,,2026-05-07,raw/api_football/fixture_statistics/2026-04-29/fixture_1208514_statistics.json
1208514,727,Osasuna,Goalkeeper Saves,1,2026-05-07,raw/api_football/fixture_statistics/2026-04-29/fixture_1208514_statistics.json
1208514,727,Osasuna,Total passes,396,2026-05-07,raw/api_football/fixture_statistics/2026-04-29/fixture_1208514_statistics.json
1208514,727,Osasuna,Passes accurate,332,2026-05-07,raw/api_football/fixture_statistics/2026-04-29/fixture_1208514_statistics.json
1208514,727,Osasuna,Passes %,84%,2026-05-07,raw/api_football/fixture_statistics/2026-04-29/fixture_1208514_statistics.json
1208514,727,Osasuna,expected_goals,0.04,2026-05-07,raw/api_football/fixture_statistics/2026-04-29/fixture_1208514_statistics.json
1208514,727,Osasuna,goals_prevented,0,2026-05-07,raw/api_football/fixture_statistics/2026-04-29/fixture_1208514_statistics.json
1208516,534,Las Palmas,Shots on Goal,2,2026-05-07,raw/api_football/fixture_statistics/2026-04-29/fixture_1208516_statistics.json
1208516,534,Las Palmas,Shots off Goal,4,2026-05-07,raw/api_football/fixture_statistics/2026-04-29/fixture_1208516_statistics.json
1208516,534,Las Palmas,Total Shots,7,2026-05-07,raw/api_football/fixture_statistics/2026-04-29/fixture_1208516_statistics.json
1208516,534,Las Palmas,Blocked Shots,1,2026-05-07,raw/api_football/fixture_statistics/2026-04-29/fixture_1208516_statistics.json
1208516,534,Las Palmas,Shots insidebox,4,2026-05-07,raw/api_football/fixture_statistics/2026-04-29/fixture_1208516_statistics.json
1208516,534,Las Palmas,Shots outsidebox,3,2026-05-07,raw/api_football/fixture_statistics/2026-04-29/fixture_1208516_statistics.json
1208516,534,Las Palmas,Fouls,16,2026-05-07,raw/api_football/fixture_statistics/2026-04-29/fixture_1208516_statistics.json
1208516,534,Las Palmas,Corner Kicks,2,2026-05-07,raw/api_football/fixture_statistics/2026-04-29/fixture_1208516_statistics.json
1208516,534,Las Palmas,Offsides,1,2026-05-07,raw/api_football/fixture_statistics/2026-04-29/fixture_1208516_statistics.json
1208516,534,Las Palmas,Ball Possession,44%,2026-05-07,raw/api_football/fixture_statistics/2026-04-29/fixture_1208516_statistics.json
1208516,534,Las Palmas,Yellow Cards,0,2026-05-07,raw/api_football/fixture_statistics/2026-04-29/fixture_1208516_statistics.json
1208516,534,Las Palmas,Red Cards,,2026-05-07,raw/api_football/fixture_statistics/2026-04-29/fixture_1208516_statistics.json
1208516,534,Las Palmas,Goalkeeper Saves,7,2026-05-07,raw/api_football/fixture_statistics/2026-04-29/fixture_1208516_statistics.json
1208516,534,Las Palmas,Total passes,422,2026-05-07,raw/api_football/fixture_statistics/2026-04-29/fixture_1208516_statistics.json
1208516,534,Las Palmas,Passes accurate,360,2026-05-07,raw/api_football/fixture_statistics/2026-04-29/fixture_1208516_statistics.json
1208516,534,Las Palmas,Passes %,85%,2026-05-07,raw/api_football/fixture_statistics/2026-04-29/fixture_1208516_statistics.json
1208516,534,Las Palmas,expected_goals,0.76,2026-05-07,raw/api_football/fixture_statistics/2026-04-29/fixture_1208516_statistics.json
1208516,534,Las Palmas,goals_prevented,0,2026-05-07,raw/api_football/fixture_statistics/2026-04-29/fixture_1208516_statistics.json
1208516,541,Real Madrid,Shots on Goal,8,2026-05-07,raw/api_football/fixture_statistics/2026-04-29/fixture_1208516_statistics.json
1208516,541,Real Madrid,Shots off Goal,10,2026-05-07,raw/api_football/fixture_statistics/2026-04-29/fixture_1208516_statistics.json
1208516,541,Real Madrid,Total Shots,25,2026-05-07,raw/api_football/fixture_statistics/2026-04-29/fixture_1208516_statistics.json
1208516,541,Real Madrid,Blocked Shots,7,2026-05-07,raw/api_football/fixture_statistics/2026-04-29/fixture_1208516_statistics.json
1208516,541,Real Madrid,Shots insidebox,18,2026-05-07,raw/api_football/fixture_statistics/2026-04-29/fixture_1208516_statistics.json
1208516,541,Real Madrid,Shots outsidebox,7,2026-05-07,raw/api_football/fixture_statistics/2026-04-29/fixture_1208516_statistics.json
1208516,541,Real Madrid,Fouls,13,2026-05-07,raw/api_football/fixture_statistics/2026-04-29/fixture_1208516_statistics.json
1208516,541,Real Madrid,Corner Kicks,6,2026-05-07,raw/api_football/fixture_statistics/2026-04-29/fixture_1208516_statistics.json
1208516,541,Real Madrid,Offsides,0,2026-05-07,raw/api_football/fixture_statistics/2026-04-29/fixture_1208516_statistics.json
1208516,541,Real Madrid,Ball Possession,56%,2026-05-07,raw/api_football/fixture_statistics/2026-04-29/fixture_1208516_statistics.json
1208516,541,Real Madrid,Yellow Cards,2,2026-05-07,raw/api_football/fixture_statistics/2026-04-29/fixture_1208516_statistics.json
1208516,541,Real Madrid,Red Cards,,2026-05-07,raw/api_football/fixture_statistics/2026-04-29/fixture_1208516_statistics.json
1208516,541,Real Madrid,Goalkeeper Saves,1,2026-05-07,raw/api_football/fixture_statistics/2026-04-29/fixture_1208516_statistics.json
1208516,541,Real Madrid,Total passes,547,2026-05-07,raw/api_football/fixture_statistics/2026-04-29/fixture_1208516_statistics.json
1208516,541,Real Madrid,Passes accurate,477,2026-05-07,raw/api_football/fixture_statistics/2026-04-29/fixture_1208516_statistics.json
1208516,541,Real Madrid,Passes %,87%,2026-05-07,raw/api_football/fixture_statistics/2026-04-29/fixture_1208516_statistics.json
1208516,541,Real Madrid,expected_goals,2.95,2026-05-07,raw/api_football/fixture_statistics/2026-04-29/fixture_1208516_statistics.json
1208516,541,Real Madrid,goals_prevented,0,2026-05-07,raw/api_football/fixture_statistics/2026-04-29/fixture_1208516_statistics.json
1208519,548,Real Sociedad,Shots on Goal,1,2026-05-07,raw/api_football/fixture_statistics/2026-04-29/fixture_1208519_statistics.json
1208519,548,Real Sociedad,Shots off Goal,6,2026-05-07,raw/api_football/fixture_statistics/2026-04-29/fixture_1208519_statistics.json
1208519,548,Real Sociedad,Total Shots,10,2026-05-07,raw/api_football/fixture_statistics/2026-04-29/fixture_1208519_statistics.json
1208519,548,Real Sociedad,Blocked Shots,3,2026-05-07,raw/api_football/fixture_statistics/2026-04-29/fixture_1208519_statistics.json
1208519,548,Real Sociedad,Shots insidebox,5,2026-05-07,raw/api_football/fixture_statistics/2026-04-29/fixture_1208519_statistics.json
1208519,548,Real Sociedad,Shots outsidebox,5,2026-05-07,raw/api_football/fixture_statistics/2026-04-29/fixture_1208519_statistics.json
1208519,548,Real Sociedad,Fouls,16,2026-05-07,raw/api_football/fixture_statistics/2026-04-29/fixture_1208519_statistics.json
1208519,548,Real Sociedad,Corner Kicks,8,2026-05-07,raw/api_football/fixture_statistics/2026-04-29/fixture_1208519_statistics.json
1208519,548,Real Sociedad,Offsides,3,2026-05-07,raw/api_football/fixture_statistics/2026-04-29/fixture_1208519_statistics.json
1208519,548,Real Sociedad,Ball Possession,53%,2026-05-07,raw/api_football/fixture_statistics/2026-04-29/fixture_1208519_statistics.json
1208519,548,Real Sociedad,Yellow Cards,4,2026-05-07,raw/api_football/fixture_statistics/2026-04-29/fixture_1208519_statistics.json
1208519,548,Real Sociedad,Red Cards,1,2026-05-07,raw/api_football/fixture_statistics/2026-04-29/fixture_1208519_statistics.json
1208519,548,Real Sociedad,Goalkeeper Saves,3,2026-05-07,raw/api_football/fixture_statistics/2026-04-29/fixture_1208519_statistics.json
1208519,548,Real Sociedad,Total passes,350,2026-05-07,raw/api_football/fixture_statistics/2026-04-29/fixture_1208519_statistics.json
1208519,548,Real Sociedad,Passes accurate,270,2026-05-07,raw/api_football/fixture_statistics/2026-04-29/fixture_1208519_statistics.json
1208519,548,Real Sociedad,Passes %,77%,2026-05-07,raw/api_football/fixture_statistics/2026-04-29/fixture_1208519_statistics.json
1208519,548,Real Sociedad,expected_goals,1.15,2026-05-07,raw/api_football/fixture_statistics/2026-04-29/fixture_1208519_statistics.json
1208519,548,Real Sociedad,goals_prevented,0,2026-05-07,raw/api_football/fixture_statistics/2026-04-29/fixture_1208519_statistics.json
1208519,542,Alaves,Shots on Goal,5,2026-05-07,raw/api_football/fixture_statistics/2026-04-29/fixture_1208519_statistics.json
1208519,542,Alaves,Shots off Goal,8,2026-05-07,raw/api_football/fixture_statistics/2026-04-29/fixture_1208519_statistics.json
1208519,542,Alaves,Total Shots,14,2026-05-07,raw/api_football/fixture_statistics/2026-04-29/fixture_1208519_statistics.json
1208519,542,Alaves,Blocked Shots,1,2026-05-07,raw/api_football/fixture_statistics/2026-04-29/fixture_1208519_statistics.json
1208519,542,Alaves,Shots insidebox,11,2026-05-07,raw/api_football/fixture_statistics/2026-04-29/fixture_1208519_statistics.json
1208519,542,Alaves,Shots outsidebox,3,2026-05-07,raw/api_football/fixture_statistics/2026-04-29/fixture_1208519_statistics.json
1208519,542,Alaves,Fouls,13,2026-05-07,raw/api_football/fixture_statistics/2026-04-29/fixture_1208519_statistics.json
1208519,542,Alaves,Corner Kicks,6,2026-05-07,raw/api_football/fixture_statistics/2026-04-29/fixture_1208519_statistics.json
1208519,542,Alaves,Offsides,3,2026-05-07,raw/api_football/fixture_statistics/2026-04-29/fixture_1208519_statistics.json
1208519,542,Alaves,Ball Possession,47%,2026-05-07,raw/api_football/fixture_statistics/2026-04-29/fixture_1208519_statistics.json
1208519,542,Alaves,Yellow Cards,4,2026-05-07,raw/api_football/fixture_statistics/2026-04-29/fixture_1208519_statistics.json
1208519,542,Alaves,Red Cards,0,2026-05-07,raw/api_football/fixture_statistics/2026-04-29/fixture_1208519_statistics.json
1208519,542,Alaves,Goalkeeper Saves,0,2026-05-07,raw/api_football/fixture_statistics/2026-04-29/fixture_1208519_statistics.json
1208519,542,Alaves,Total passes,304,2026-05-07,raw/api_football/fixture_statistics/2026-04-29/fixture_1208519_statistics.json
1208519,542,Alaves,Passes accurate,227,2026-05-07,raw/api_football/fixture_statistics/2026-04-29/fixture_1208519_statistics.json
1208519,542,Alaves,Passes %,75%,2026-05-07,raw/api_football/fixture_statistics/2026-04-29/fixture_1208519_statistics.json
1208519,542,Alaves,expected_goals,1.54,2026-05-07,raw/api_football/fixture_statistics/2026-04-29/fixture_1208519_statistics.json
1208519,542,Alaves,goals_prevented,0,2026-05-07,raw/api_football/fixture_statistics/2026-04-29/fixture_1208519_statistics.json
1208521,531,Athletic Club,Shots on Goal,1,2026-05-07,raw/api_football/fixture_statistics/2026-04-29/fixture_1208521_statistics.json
1208521,531,Athletic Club,Shots off Goal,5,2026-05-07,raw/api_football/fixture_statistics/2026-04-29/fixture_1208521_statistics.json
1208521,531,Athletic Club,Total Shots,8,2026-05-07,raw/api_football/fixture_statistics/2026-04-29/fixture_1208521_statistics.json
1208521,531,Athletic Club,Blocked Shots,2,2026-05-07,raw/api_football/fixture_statistics/2026-04-29/fixture_1208521_statistics.json
1208521,531,Athletic Club,Shots insidebox,2,2026-05-07,raw/api_football/fixture_statistics/2026-04-29/fixture_1208521_statistics.json
1208521,531,Athletic Club,Shots outsidebox,6,2026-05-07,raw/api_football/fixture_statistics/2026-04-29/fixture_1208521_statistics.json
1208521,531,Athletic Club,Fouls,13,2026-05-07,raw/api_football/fixture_statistics/2026-04-29/fixture_1208521_statistics.json
1208521,531,Athletic Club,Corner Kicks,2,2026-05-07,raw/api_football/fixture_statistics/2026-04-29/fixture_1208521_statistics.json
1208521,531,Athletic Club,Offsides,1,2026-05-07,raw/api_football/fixture_statistics/2026-04-29/fixture_1208521_statistics.json
1208521,531,Athletic Club,Ball Possession,53%,2026-05-07,raw/api_football/fixture_statistics/2026-04-29/fixture_1208521_statistics.json
1208521,531,Athletic Club,Yellow Cards,3,2026-05-07,raw/api_football/fixture_statistics/2026-04-29/fixture_1208521_statistics.json
1208521,531,Athletic Club,Red Cards,,2026-05-07,raw/api_football/fixture_statistics/2026-04-29/fixture_1208521_statistics.json
1208521,531,Athletic Club,Goalkeeper Saves,1,2026-05-07,raw/api_football/fixture_statistics/2026-04-29/fixture_1208521_statistics.json
1208521,531,Athletic Club,Total passes,585,2026-05-07,raw/api_football/fixture_statistics/2026-04-29/fixture_1208521_statistics.json
1208521,531,Athletic Club,Passes accurate,508,2026-05-07,raw/api_football/fixture_statistics/2026-04-29/fixture_1208521_statistics.json
1208521,531,Athletic Club,Passes %,87%,2026-05-07,raw/api_football/fixture_statistics/2026-04-29/fixture_1208521_statistics.json
1208521,531,Athletic Club,expected_goals,0.29,2026-05-07,raw/api_football/fixture_statistics/2026-04-29/fixture_1208521_statistics.json
1208521,531,Athletic Club,goals_prevented,0,2026-05-07,raw/api_football/fixture_statistics/2026-04-29/fixture_1208521_statistics.json
1208521,530,Atletico Madrid,Shots on Goal,2,2026-05-07,raw/api_football/fixture_statistics/2026-04-29/fixture_1208521_statistics.json
1208521,530,Atletico Madrid,Shots off Goal,4,2026-05-07,raw/api_football/fixture_statistics/2026-04-29/fixture_1208521_statistics.json
1208521,530,Atletico Madrid,Total Shots,9,2026-05-07,raw/api_football/fixture_statistics/2026-04-29/fixture_1208521_statistics.json
1208521,530,Atletico Madrid,Blocked Shots,3,2026-05-07,raw/api_football/fixture_statistics/2026-04-29/fixture_1208521_statistics.json
1208521,530,Atletico Madrid,Shots insidebox,7,2026-05-07,raw/api_football/fixture_statistics/2026-04-29/fixture_1208521_statistics.json
1208521,530,Atletico Madrid,Shots outsidebox,2,2026-05-07,raw/api_football/fixture_statistics/2026-04-29/fixture_1208521_statistics.json
1208521,530,Atletico Madrid,Fouls,9,2026-05-07,raw/api_football/fixture_statistics/2026-04-29/fixture_1208521_statistics.json
1208521,530,Atletico Madrid,Corner Kicks,2,2026-05-07,raw/api_football/fixture_statistics/2026-04-29/fixture_1208521_statistics.json
1208521,530,Atletico Madrid,Offsides,2,2026-05-07,raw/api_football/fixture_statistics/2026-04-29/fixture_1208521_statistics.json
1208521,530,Atletico Madrid,Ball Possession,47%,2026-05-07,raw/api_football/fixture_statistics/2026-04-29/fixture_1208521_statistics.json
1208521,530,Atletico Madrid,Yellow Cards,1,2026-05-07,raw/api_football/fixture_statistics/2026-04-29/fixture_1208521_statistics.json
1208521,530,Atletico Madrid,Red Cards,,2026-05-07,raw/api_football/fixture_statistics/2026-04-29/fixture_1208521_statistics.json
1208521,530,Atletico Madrid,Goalkeeper Saves,1,2026-05-07,raw/api_football/fixture_statistics/2026-04-29/fixture_1208521_statistics.json
1208521,530,Atletico Madrid,Total passes,524,2026-05-07,raw/api_football/fixture_statistics/2026-04-29/fixture_1208521_statistics.json
1208521,530,Atletico Madrid,Passes accurate,439,2026-05-07,raw/api_football/fixture_statistics/2026-04-29/fixture_1208521_statistics.json
1208521,530,Atletico Madrid,Passes %,84%,2026-05-07,raw/api_football/fixture_statistics/2026-04-29/fixture_1208521_statistics.json
1208521,530,Atletico Madrid,expected_goals,1.73,2026-05-07,raw/api_football/fixture_statistics/2026-04-29/fixture_1208521_statistics.json
1208521,530,Atletico Madrid,goals_prevented,0,2026-05-07,raw/api_football/fixture_statistics/2026-04-29/fixture_1208521_statistics.json
1208522,529,Barcelona,Shots on Goal,11,2026-05-07,raw/api_football/fixture_statistics/2026-04-29/fixture_1208522_statistics.json
1208522,529,Barcelona,Shots off Goal,7,2026-05-07,raw/api_football/fixture_statistics/2026-04-29/fixture_1208522_statistics.json
1208522,529,Barcelona,Total Shots,23,2026-05-07,raw/api_football/fixture_statistics/2026-04-29/fixture_1208522_statistics.json
1208522,529,Barcelona,Blocked Shots,5,2026-05-07,raw/api_football/fixture_statistics/2026-04-29/fixture_1208522_statistics.json
1208522,529,Barcelona,Shots insidebox,17,2026-05-07,raw/api_football/fixture_statistics/2026-04-29/fixture_1208522_statistics.json
1208522,529,Barcelona,Shots outsidebox,6,2026-05-07,raw/api_football/fixture_statistics/2026-04-29/fixture_1208522_statistics.json
1208522,529,Barcelona,Fouls,6,2026-05-07,raw/api_football/fixture_statistics/2026-04-29/fixture_1208522_statistics.json
1208522,529,Barcelona,Corner Kicks,10,2026-05-07,raw/api_football/fixture_statistics/2026-04-29/fixture_1208522_statistics.json
1208522,529,Barcelona,Offsides,4,2026-05-07,raw/api_football/fixture_statistics/2026-04-29/fixture_1208522_statistics.json
1208522,529,Barcelona,Ball Possession,71%,2026-05-07,raw/api_football/fixture_statistics/2026-04-29/fixture_1208522_statistics.json
1208522,529,Barcelona,Yellow Cards,0,2026-05-07,raw/api_football/fixture_statistics/2026-04-29/fixture_1208522_statistics.json
1208522,529,Barcelona,Red Cards,,2026-05-07,raw/api_football/fixture_statistics/2026-04-29/fixture_1208522_statistics.json
1208522,529,Barcelona,Goalkeeper Saves,1,2026-05-07,raw/api_football/fixture_statistics/2026-04-29/fixture_1208522_statistics.json
1208522,529,Barcelona,Total passes,595,2026-05-07,raw/api_football/fixture_statistics/2026-04-29/fixture_1208522_statistics.json
1208522,529,Barcelona,Passes accurate,545,2026-05-07,raw/api_football/fixture_statistics/2026-04-29/fixture_1208522_statistics.json
1208522,529,Barcelona,Passes %,92%,2026-05-07,raw/api_football/fixture_statistics/2026-04-29/fixture_1208522_statistics.json
1208522,529,Barcelona,expected_goals,3.84,2026-05-07,raw/api_football/fixture_statistics/2026-04-29/fixture_1208522_statistics.json
1208522,529,Barcelona,goals_prevented,0,2026-05-07,raw/api_football/fixture_statistics/2026-04-29/fixture_1208522_statistics.json
1208522,720,Valladolid,Shots on Goal,1,2026-05-07,raw/api_football/fixture_statistics/2026-04-29/fixture_1208522_statistics.json
1208522,720,Valladolid,Shots off Goal,2,2026-05-07,raw/api_football/fixture_statistics/2026-04-29/fixture_1208522_statistics.json
1208522,720,Valladolid,Total Shots,4,2026-05-07,raw/api_football/fixture_statistics/2026-04-29/fixture_1208522_statistics.json
1208522,720,Valladolid,Blocked Shots,1,2026-05-07,raw/api_football/fixture_statistics/2026-04-29/fixture_1208522_statistics.json
1208522,720,Valladolid,Shots insidebox,2,2026-05-07,raw/api_football/fixture_statistics/2026-04-29/fixture_1208522_statistics.json
1208522,720,Valladolid,Shots outsidebox,2,2026-05-07,raw/api_football/fixture_statistics/2026-04-29/fixture_1208522_statistics.json
1208522,720,Valladolid,Fouls,12,2026-05-07,raw/api_football/fixture_statistics/2026-04-29/fixture_1208522_statistics.json
1208522,720,Valladolid,Corner Kicks,1,2026-05-07,raw/api_football/fixture_statistics/2026-04-29/fixture_1208522_statistics.json
1208522,720,Valladolid,Offsides,4,2026-05-07,raw/api_football/fixture_statistics/2026-04-29/fixture_1208522_statistics.json
1208522,720,Valladolid,Ball Possession,29%,2026-05-07,raw/api_football/fixture_statistics/2026-04-29/fixture_1208522_statistics.json
1208522,720,Valladolid,Yellow Cards,3,2026-05-07,raw/api_football/fixture_statistics/2026-04-29/fixture_1208522_statistics.json
1208522,720,Valladolid,Red Cards,,2026-05-07,raw/api_football/fixture_statistics/2026-04-29/fixture_1208522_statistics.json
1208522,720,Valladolid,Goalkeeper Saves,4,2026-05-07,raw/api_football/fixture_statistics/2026-04-29/fixture_1208522_statistics.json
1208522,720,Valladolid,Total passes,247,2026-05-07,raw/api_football/fixture_statistics/2026-04-29/fixture_1208522_statistics.json
1208522,720,Valladolid,Passes accurate,197,2026-05-07,raw/api_football/fixture_statistics/2026-04-29/fixture_1208522_statistics.json
1208522,720,Valladolid,Passes %,80%,2026-05-07,raw/api_football/fixture_statistics/2026-04-29/fixture_1208522_statistics.json
1208522,720,Valladolid,expected_goals,0.43,2026-05-07,raw/api_football/fixture_statistics/2026-04-29/fixture_1208522_statistics.json
1208522,720,Valladolid,goals_prevented,0,2026-05-07,raw/api_football/fixture_statistics/2026-04-29/fixture_1208522_statistics.json
1208523,546,Getafe,Shots on Goal,1,2026-05-07,raw/api_football/fixture_statistics/2026-04-29/fixture_1208523_statistics.json
1208523,546,Getafe,Shots off Goal,7,2026-05-07,raw/api_football/fixture_statistics/2026-04-29/fixture_1208523_statistics.json
1208523,546,Getafe,Total Shots,16,2026-05-07,raw/api_football/fixture_statistics/2026-04-29/fixture_1208523_statistics.json
1208523,546,Getafe,Blocked Shots,8,2026-05-07,raw/api_football/fixture_statistics/2026-04-29/fixture_1208523_statistics.json
1208523,546,Getafe,Shots insidebox,4,2026-05-07,raw/api_football/fixture_statistics/2026-04-29/fixture_1208523_statistics.json
1208523,546,Getafe,Shots outsidebox,12,2026-05-07,raw/api_football/fixture_statistics/2026-04-29/fixture_1208523_statistics.json
1208523,546,Getafe,Fouls,14,2026-05-07,raw/api_football/fixture_statistics/2026-04-29/fixture_1208523_statistics.json
1208523,546,Getafe,Corner Kicks,4,2026-05-07,raw/api_football/fixture_statistics/2026-04-29/fixture_1208523_statistics.json
1208523,546,Getafe,Offsides,2,2026-05-07,raw/api_football/fixture_statistics/2026-04-29/fixture_1208523_statistics.json
1208523,546,Getafe,Ball Possession,53%,2026-05-07,raw/api_football/fixture_statistics/2026-04-29/fixture_1208523_statistics.json
1208523,546,Getafe,Yellow Cards,1,2026-05-07,raw/api_football/fixture_statistics/2026-04-29/fixture_1208523_statistics.json
1208523,546,Getafe,Red Cards,,2026-05-07,raw/api_football/fixture_statistics/2026-04-29/fixture_1208523_statistics.json
1208523,546,Getafe,Goalkeeper Saves,0,2026-05-07,raw/api_football/fixture_statistics/2026-04-29/fixture_1208523_statistics.json
1208523,546,Getafe,Total passes,340,2026-05-07,raw/api_football/fixture_statistics/2026-04-29/fixture_1208523_statistics.json
1208523,546,Getafe,Passes accurate,229,2026-05-07,raw/api_football/fixture_statistics/2026-04-29/fixture_1208523_statistics.json
1208523,546,Getafe,Passes %,67%,2026-05-07,raw/api_football/fixture_statistics/2026-04-29/fixture_1208523_statistics.json
1208523,546,Getafe,expected_goals,0.57,2026-05-07,raw/api_football/fixture_statistics/2026-04-29/fixture_1208523_statistics.json
1208523,546,Getafe,goals_prevented,0,2026-05-07,raw/api_football/fixture_statistics/2026-04-29/fixture_1208523_statistics.json
1208523,548,Real Sociedad,Shots on Goal,0,2026-05-07,raw/api_football/fixture_statistics/2026-04-29/fixture_1208523_statistics.json
1208523,548,Real Sociedad,Shots off Goal,0,2026-05-07,raw/api_football/fixture_statistics/2026-04-29/fixture_1208523_statistics.json
1208523,548,Real Sociedad,Total Shots,1,2026-05-07,raw/api_football/fixture_statistics/2026-04-29/fixture_1208523_statistics.json
1208523,548,Real Sociedad,Blocked Shots,1,2026-05-07,raw/api_football/fixture_statistics/2026-04-29/fixture_1208523_statistics.json
1208523,548,Real Sociedad,Shots insidebox,0,2026-05-07,raw/api_football/fixture_statistics/2026-04-29/fixture_1208523_statistics.json
1208523,548,Real Sociedad,Shots outsidebox,1,2026-05-07,raw/api_football/fixture_statistics/2026-04-29/fixture_1208523_statistics.json
1208523,548,Real Sociedad,Fouls,16,2026-05-07,raw/api_football/fixture_statistics/2026-04-29/fixture_1208523_statistics.json
1208523,548,Real Sociedad,Corner Kicks,1,2026-05-07,raw/api_football/fixture_statistics/2026-04-29/fixture_1208523_statistics.json
1208523,548,Real Sociedad,Offsides,1,2026-05-07,raw/api_football/fixture_statistics/2026-04-29/fixture_1208523_statistics.json
1208523,548,Real Sociedad,Ball Possession,47%,2026-05-07,raw/api_football/fixture_statistics/2026-04-29/fixture_1208523_statistics.json
1208523,548,Real Sociedad,Yellow Cards,1,2026-05-07,raw/api_football/fixture_statistics/2026-04-29/fixture_1208523_statistics.json
1208523,548,Real Sociedad,Red Cards,,2026-05-07,raw/api_football/fixture_statistics/2026-04-29/fixture_1208523_statistics.json
1208523,548,Real Sociedad,Goalkeeper Saves,1,2026-05-07,raw/api_football/fixture_statistics/2026-04-29/fixture_1208523_statistics.json
1208523,548,Real Sociedad,Total passes,314,2026-05-07,raw/api_football/fixture_statistics/2026-04-29/fixture_1208523_statistics.json
1208523,548,Real Sociedad,Passes accurate,210,2026-05-07,raw/api_football/fixture_statistics/2026-04-29/fixture_1208523_statistics.json
1208523,548,Real Sociedad,Passes %,67%,2026-05-07,raw/api_football/fixture_statistics/2026-04-29/fixture_1208523_statistics.json
1208523,548,Real Sociedad,expected_goals,0.02,2026-05-07,raw/api_football/fixture_statistics/2026-04-29/fixture_1208523_statistics.json
1208523,548,Real Sociedad,goals_prevented,0,2026-05-07,raw/api_football/fixture_statistics/2026-04-29/fixture_1208523_statistics.json
1208524,532,Valencia,Shots on Goal,5,2026-05-07,raw/api_football/fixture_statistics/2026-04-29/fixture_1208524_statistics.json
1208524,532,Valencia,Shots off Goal,9,2026-05-07,raw/api_football/fixture_statistics/2026-04-29/fixture_1208524_statistics.json
1208524,532,Valencia,Total Shots,22,2026-05-07,raw/api_football/fixture_statistics/2026-04-29/fixture_1208524_statistics.json
1208524,532,Valencia,Blocked Shots,8,2026-05-07,raw/api_football/fixture_statistics/2026-04-29/fixture_1208524_statistics.json
1208524,532,Valencia,Shots insidebox,10,2026-05-07,raw/api_football/fixture_statistics/2026-04-29/fixture_1208524_statistics.json
1208524,532,Valencia,Shots outsidebox,12,2026-05-07,raw/api_football/fixture_statistics/2026-04-29/fixture_1208524_statistics.json
1208524,532,Valencia,Fouls,15,2026-05-07,raw/api_football/fixture_statistics/2026-04-29/fixture_1208524_statistics.json
1208524,532,Valencia,Corner Kicks,14,2026-05-07,raw/api_football/fixture_statistics/2026-04-29/fixture_1208524_statistics.json
1208524,532,Valencia,Offsides,1,2026-05-07,raw/api_football/fixture_statistics/2026-04-29/fixture_1208524_statistics.json
1208524,532,Valencia,Ball Possession,58%,2026-05-07,raw/api_football/fixture_statistics/2026-04-29/fixture_1208524_statistics.json
1208524,532,Valencia,Yellow Cards,3,2026-05-07,raw/api_football/fixture_statistics/2026-04-29/fixture_1208524_statistics.json
1208524,532,Valencia,Red Cards,0,2026-05-07,raw/api_football/fixture_statistics/2026-04-29/fixture_1208524_statistics.json
1208524,532,Valencia,Goalkeeper Saves,1,2026-05-07,raw/api_football/fixture_statistics/2026-04-29/fixture_1208524_statistics.json
1208524,532,Valencia,Total passes,479,2026-05-07,raw/api_football/fixture_statistics/2026-04-29/fixture_1208524_statistics.json
1208524,532,Valencia,Passes accurate,419,2026-05-07,raw/api_football/fixture_statistics/2026-04-29/fixture_1208524_statistics.json
1208524,532,Valencia,Passes %,87%,2026-05-07,raw/api_football/fixture_statistics/2026-04-29/fixture_1208524_statistics.json
1208524,532,Valencia,expected_goals,0.90,2026-05-07,raw/api_football/fixture_statistics/2026-04-29/fixture_1208524_statistics.json
1208524,532,Valencia,goals_prevented,0,2026-05-07,raw/api_football/fixture_statistics/2026-04-29/fixture_1208524_statistics.json
1208524,533,Villarreal,Shots on Goal,2,2026-05-07,raw/api_football/fixture_statistics/2026-04-29/fixture_1208524_statistics.json
1208524,533,Villarreal,Shots off Goal,4,2026-05-07,raw/api_football/fixture_statistics/2026-04-29/fixture_1208524_statistics.json
1208524,533,Villarreal,Total Shots,9,2026-05-07,raw/api_football/fixture_statistics/2026-04-29/fixture_1208524_statistics.json
1208524,533,Villarreal,Blocked Shots,3,2026-05-07,raw/api_football/fixture_statistics/2026-04-29/fixture_1208524_statistics.json
1208524,533,Villarreal,Shots insidebox,5,2026-05-07,raw/api_football/fixture_statistics/2026-04-29/fixture_1208524_statistics.json
1208524,533,Villarreal,Shots outsidebox,4,2026-05-07,raw/api_football/fixture_statistics/2026-04-29/fixture_1208524_statistics.json
1208524,533,Villarreal,Fouls,11,2026-05-07,raw/api_football/fixture_statistics/2026-04-29/fixture_1208524_statistics.json
1208524,533,Villarreal,Corner Kicks,3,2026-05-07,raw/api_football/fixture_statistics/2026-04-29/fixture_1208524_statistics.json
1208524,533,Villarreal,Offsides,1,2026-05-07,raw/api_football/fixture_statistics/2026-04-29/fixture_1208524_statistics.json
1208524,533,Villarreal,Ball Possession,42%,2026-05-07,raw/api_football/fixture_statistics/2026-04-29/fixture_1208524_statistics.json
1208524,533,Villarreal,Yellow Cards,5,2026-05-07,raw/api_football/fixture_statistics/2026-04-29/fixture_1208524_statistics.json
1208524,533,Villarreal,Red Cards,1,2026-05-07,raw/api_football/fixture_statistics/2026-04-29/fixture_1208524_statistics.json
1208524,533,Villarreal,Goalkeeper Saves,4,2026-05-07,raw/api_football/fixture_statistics/2026-04-29/fixture_1208524_statistics.json
1208524,533,Villarreal,Total passes,372,2026-05-07,raw/api_football/fixture_statistics/2026-04-29/fixture_1208524_statistics.json
1208524,533,Villarreal,Passes accurate,306,2026-05-07,raw/api_football/fixture_statistics/2026-04-29/fixture_1208524_statistics.json
1208524,533,Villarreal,Passes %,82%,2026-05-07,raw/api_football/fixture_statistics/2026-04-29/fixture_1208524_statistics.json
1208524,533,Villarreal,expected_goals,0.60,2026-05-07,raw/api_football/fixture_statistics/2026-04-29/fixture_1208524_statistics.json
1208524,533,Villarreal,goals_prevented,0,2026-05-07,raw/api_football/fixture_statistics/2026-04-29/fixture_1208524_statistics.json
1208525,542,Alaves,Shots on Goal,5,2026-05-07,raw/api_football/fixture_statistics/2026-04-29/fixture_1208525_statistics.json
1208525,542,Alaves,Shots off Goal,6,2026-05-07,raw/api_football/fixture_statistics/2026-04-29/fixture_1208525_statistics.json
1208525,542,Alaves,Total Shots,15,2026-05-07,raw/api_football/fixture_statistics/2026-04-29/fixture_1208525_statistics.json
1208525,542,Alaves,Blocked Shots,4,2026-05-07,raw/api_football/fixture_statistics/2026-04-29/fixture_1208525_statistics.json
1208525,542,Alaves,Shots insidebox,9,2026-05-07,raw/api_football/fixture_statistics/2026-04-29/fixture_1208525_statistics.json
1208525,542,Alaves,Shots outsidebox,6,2026-05-07,raw/api_football/fixture_statistics/2026-04-29/fixture_1208525_statistics.json
1208525,542,Alaves,Fouls,13,2026-05-07,raw/api_football/fixture_statistics/2026-04-29/fixture_1208525_statistics.json
1208525,542,Alaves,Corner Kicks,6,2026-05-07,raw/api_football/fixture_statistics/2026-04-29/fixture_1208525_statistics.json
1208525,542,Alaves,Offsides,1,2026-05-07,raw/api_football/fixture_statistics/2026-04-29/fixture_1208525_statistics.json
1208525,542,Alaves,Ball Possession,29%,2026-05-07,raw/api_football/fixture_statistics/2026-04-29/fixture_1208525_statistics.json
1208525,542,Alaves,Yellow Cards,3,2026-05-07,raw/api_football/fixture_statistics/2026-04-29/fixture_1208525_statistics.json
1208525,542,Alaves,Red Cards,,2026-05-07,raw/api_football/fixture_statistics/2026-04-29/fixture_1208525_statistics.json
1208525,542,Alaves,Goalkeeper Saves,6,2026-05-07,raw/api_football/fixture_statistics/2026-04-29/fixture_1208525_statistics.json
1208525,542,Alaves,Total passes,239,2026-05-07,raw/api_football/fixture_statistics/2026-04-29/fixture_1208525_statistics.json
1208525,542,Alaves,Passes accurate,167,2026-05-07,raw/api_football/fixture_statistics/2026-04-29/fixture_1208525_statistics.json
1208525,542,Alaves,Passes %,70%,2026-05-07,raw/api_football/fixture_statistics/2026-04-29/fixture_1208525_statistics.json
1208525,542,Alaves,expected_goals,2.04,2026-05-07,raw/api_football/fixture_statistics/2026-04-29/fixture_1208525_statistics.json
1208525,542,Alaves,goals_prevented,0,2026-05-07,raw/api_football/fixture_statistics/2026-04-29/fixture_1208525_statistics.json
1208525,534,Las Palmas,Shots on Goal,6,2026-05-07,raw/api_football/fixture_statistics/2026-04-29/fixture_1208525_statistics.json
1208525,534,Las Palmas,Shots off Goal,5,2026-05-07,raw/api_football/fixture_statistics/2026-04-29/fixture_1208525_statistics.json
1208525,534,Las Palmas,Total Shots,12,2026-05-07,raw/api_football/fixture_statistics/2026-04-29/fixture_1208525_statistics.json
1208525,534,Las Palmas,Blocked Shots,1,2026-05-07,raw/api_football/fixture_statistics/2026-04-29/fixture_1208525_statistics.json
1208525,534,Las Palmas,Shots insidebox,7,2026-05-07,raw/api_football/fixture_statistics/2026-04-29/fixture_1208525_statistics.json
1208525,534,Las Palmas,Shots outsidebox,5,2026-05-07,raw/api_football/fixture_statistics/2026-04-29/fixture_1208525_statistics.json
1208525,534,Las Palmas,Fouls,9,2026-05-07,raw/api_football/fixture_statistics/2026-04-29/fixture_1208525_statistics.json
1208525,534,Las Palmas,Corner Kicks,5,2026-05-07,raw/api_football/fixture_statistics/2026-04-29/fixture_1208525_statistics.json
1208525,534,Las Palmas,Offsides,0,2026-05-07,raw/api_football/fixture_statistics/2026-04-29/fixture_1208525_statistics.json
1208525,534,Las Palmas,Ball Possession,71%,2026-05-07,raw/api_football/fixture_statistics/2026-04-29/fixture_1208525_statistics.json
1208525,534,Las Palmas,Yellow Cards,0,2026-05-07,raw/api_football/fixture_statistics/2026-04-29/fixture_1208525_statistics.json
1208525,534,Las Palmas,Red Cards,,2026-05-07,raw/api_football/fixture_statistics/2026-04-29/fixture_1208525_statistics.json
1208525,534,Las Palmas,Goalkeeper Saves,3,2026-05-07,raw/api_football/fixture_statistics/2026-04-29/fixture_1208525_statistics.json
1208525,534,Las Palmas,Total passes,603,2026-05-07,raw/api_football/fixture_statistics/2026-04-29/fixture_1208525_statistics.json
1208525,534,Las Palmas,Passes accurate,524,2026-05-07,raw/api_football/fixture_statistics/2026-04-29/fixture_1208525_statistics.json
1208525,534,Las Palmas,Passes %,87%,2026-05-07,raw/api_football/fixture_statistics/2026-04-29/fixture_1208525_statistics.json
1208525,534,Las Palmas,expected_goals,0.62,2026-05-07,raw/api_football/fixture_statistics/2026-04-29/fixture_1208525_statistics.json
1208525,534,Las Palmas,goals_prevented,0,2026-05-07,raw/api_football/fixture_statistics/2026-04-29/fixture_1208525_statistics.json
1208526,537,Leganes,Shots on Goal,2,2026-05-07,raw/api_football/fixture_statistics/2026-04-29/fixture_1208526_statistics.json
1208526,537,Leganes,Shots off Goal,6,2026-05-07,raw/api_football/fixture_statistics/2026-04-29/fixture_1208526_statistics.json
1208526,537,Leganes,Total Shots,9,2026-05-07,raw/api_football/fixture_statistics/2026-04-29/fixture_1208526_statistics.json
1208526,537,Leganes,Blocked Shots,1,2026-05-07,raw/api_football/fixture_statistics/2026-04-29/fixture_1208526_statistics.json
1208526,537,Leganes,Shots insidebox,5,2026-05-07,raw/api_football/fixture_statistics/2026-04-29/fixture_1208526_statistics.json
1208526,537,Leganes,Shots outsidebox,4,2026-05-07,raw/api_football/fixture_statistics/2026-04-29/fixture_1208526_statistics.json
1208526,537,Leganes,Fouls,11,2026-05-07,raw/api_football/fixture_statistics/2026-04-29/fixture_1208526_statistics.json
1208526,537,Leganes,Corner Kicks,1,2026-05-07,raw/api_football/fixture_statistics/2026-04-29/fixture_1208526_statistics.json
1208526,537,Leganes,Offsides,3,2026-05-07,raw/api_football/fixture_statistics/2026-04-29/fixture_1208526_statistics.json
1208526,537,Leganes,Ball Possession,54%,2026-05-07,raw/api_football/fixture_statistics/2026-04-29/fixture_1208526_statistics.json
1208526,537,Leganes,Yellow Cards,1,2026-05-07,raw/api_football/fixture_statistics/2026-04-29/fixture_1208526_statistics.json
1208526,537,Leganes,Red Cards,,2026-05-07,raw/api_football/fixture_statistics/2026-04-29/fixture_1208526_statistics.json
1208526,537,Leganes,Goalkeeper Saves,2,2026-05-07,raw/api_football/fixture_statistics/2026-04-29/fixture_1208526_statistics.json
1208526,537,Leganes,Total passes,473,2026-05-07,raw/api_football/fixture_statistics/2026-04-29/fixture_1208526_statistics.json
1208526,537,Leganes,Passes accurate,391,2026-05-07,raw/api_football/fixture_statistics/2026-04-29/fixture_1208526_statistics.json
1208526,537,Leganes,Passes %,83%,2026-05-07,raw/api_football/fixture_statistics/2026-04-29/fixture_1208526_statistics.json
1208526,537,Leganes,expected_goals,0.34,2026-05-07,raw/api_football/fixture_statistics/2026-04-29/fixture_1208526_statistics.json
1208526,537,Leganes,goals_prevented,0,2026-05-07,raw/api_football/fixture_statistics/2026-04-29/fixture_1208526_statistics.json
1208526,798,Mallorca,Shots on Goal,3,2026-05-07,raw/api_football/fixture_statistics/2026-04-29/fixture_1208526_statistics.json
1208526,798,Mallorca,Shots off Goal,5,2026-05-07,raw/api_football/fixture_statistics/2026-04-29/fixture_1208526_statistics.json
1208526,798,Mallorca,Total Shots,12,2026-05-07,raw/api_football/fixture_statistics/2026-04-29/fixture_1208526_statistics.json
1208526,798,Mallorca,Blocked Shots,4,2026-05-07,raw/api_football/fixture_statistics/2026-04-29/fixture_1208526_statistics.json
1208526,798,Mallorca,Shots insidebox,9,2026-05-07,raw/api_football/fixture_statistics/2026-04-29/fixture_1208526_statistics.json
1208526,798,Mallorca,Shots outsidebox,3,2026-05-07,raw/api_football/fixture_statistics/2026-04-29/fixture_1208526_statistics.json
1208526,798,Mallorca,Fouls,17,2026-05-07,raw/api_football/fixture_statistics/2026-04-29/fixture_1208526_statistics.json
1208526,798,Mallorca,Corner Kicks,3,2026-05-07,raw/api_football/fixture_statistics/2026-04-29/fixture_1208526_statistics.json
1208526,798,Mallorca,Offsides,0,2026-05-07,raw/api_football/fixture_statistics/2026-04-29/fixture_1208526_statistics.json
1208526,798,Mallorca,Ball Possession,46%,2026-05-07,raw/api_football/fixture_statistics/2026-04-29/fixture_1208526_statistics.json
1208526,798,Mallorca,Yellow Cards,3,2026-05-07,raw/api_football/fixture_statistics/2026-04-29/fixture_1208526_statistics.json
1208526,798,Mallorca,Red Cards,,2026-05-07,raw/api_football/fixture_statistics/2026-04-29/fixture_1208526_statistics.json
1208526,798,Mallorca,Goalkeeper Saves,2,2026-05-07,raw/api_football/fixture_statistics/2026-04-29/fixture_1208526_statistics.json
1208526,798,Mallorca,Total passes,400,2026-05-07,raw/api_football/fixture_statistics/2026-04-29/fixture_1208526_statistics.json
1208526,798,Mallorca,Passes accurate,317,2026-05-07,raw/api_football/fixture_statistics/2026-04-29/fixture_1208526_statistics.json
1208526,798,Mallorca,Passes %,79%,2026-05-07,raw/api_football/fixture_statistics/2026-04-29/fixture_1208526_statistics.json
1208526,798,Mallorca,expected_goals,0.98,2026-05-07,raw/api_football/fixture_statistics/2026-04-29/fixture_1208526_statistics.json
1208526,798,Mallorca,goals_prevented,0,2026-05-07,raw/api_football/fixture_statistics/2026-04-29/fixture_1208526_statistics.json
1208527,541,Real Madrid,Shots on Goal,7,2026-05-07,raw/api_football/fixture_statistics/2026-04-29/fixture_1208527_statistics.json
1208527,541,Real Madrid,Shots off Goal,6,2026-05-07,raw/api_football/fixture_statistics/2026-04-29/fixture_1208527_statistics.json
1208527,541,Real Madrid,Total Shots,22,2026-05-07,raw/api_football/fixture_statistics/2026-04-29/fixture_1208527_statistics.json
1208527,541,Real Madrid,Blocked Shots,9,2026-05-07,raw/api_football/fixture_statistics/2026-04-29/fixture_1208527_statistics.json
1208527,541,Real Madrid,Shots insidebox,18,2026-05-07,raw/api_football/fixture_statistics/2026-04-29/fixture_1208527_statistics.json
1208527,541,Real Madrid,Shots outsidebox,4,2026-05-07,raw/api_football/fixture_statistics/2026-04-29/fixture_1208527_statistics.json
1208527,541,Real Madrid,Fouls,9,2026-05-07,raw/api_football/fixture_statistics/2026-04-29/fixture_1208527_statistics.json
1208527,541,Real Madrid,Corner Kicks,7,2026-05-07,raw/api_football/fixture_statistics/2026-04-29/fixture_1208527_statistics.json
1208527,541,Real Madrid,Offsides,1,2026-05-07,raw/api_football/fixture_statistics/2026-04-29/fixture_1208527_statistics.json
1208527,541,Real Madrid,Ball Possession,60%,2026-05-07,raw/api_football/fixture_statistics/2026-04-29/fixture_1208527_statistics.json
1208527,541,Real Madrid,Yellow Cards,2,2026-05-07,raw/api_football/fixture_statistics/2026-04-29/fixture_1208527_statistics.json
1208527,541,Real Madrid,Red Cards,,2026-05-07,raw/api_football/fixture_statistics/2026-04-29/fixture_1208527_statistics.json
1208527,541,Real Madrid,Goalkeeper Saves,2,2026-05-07,raw/api_football/fixture_statistics/2026-04-29/fixture_1208527_statistics.json
1208527,541,Real Madrid,Total passes,608,2026-05-07,raw/api_football/fixture_statistics/2026-04-29/fixture_1208527_statistics.json
1208527,541,Real Madrid,Passes accurate,546,2026-05-07,raw/api_football/fixture_statistics/2026-04-29/fixture_1208527_statistics.json
1208527,541,Real Madrid,Passes %,90%,2026-05-07,raw/api_football/fixture_statistics/2026-04-29/fixture_1208527_statistics.json
1208527,541,Real Madrid,expected_goals,2.45,2026-05-07,raw/api_football/fixture_statistics/2026-04-29/fixture_1208527_statistics.json
1208527,541,Real Madrid,goals_prevented,0,2026-05-07,raw/api_football/fixture_statistics/2026-04-29/fixture_1208527_statistics.json
1208527,543,Real Betis,Shots on Goal,2,2026-05-07,raw/api_football/fixture_statistics/2026-04-29/fixture_1208527_statistics.json
1208527,543,Real Betis,Shots off Goal,3,2026-05-07,raw/api_football/fixture_statistics/2026-04-29/fixture_1208527_statistics.json
1208527,543,Real Betis,Total Shots,11,2026-05-07,raw/api_football/fixture_statistics/2026-04-29/fixture_1208527_statistics.json
1208527,543,Real Betis,Blocked Shots,6,2026-05-07,raw/api_football/fixture_statistics/2026-04-29/fixture_1208527_statistics.json
1208527,543,Real Betis,Shots insidebox,8,2026-05-07,raw/api_football/fixture_statistics/2026-04-29/fixture_1208527_statistics.json
1208527,543,Real Betis,Shots outsidebox,3,2026-05-07,raw/api_football/fixture_statistics/2026-04-29/fixture_1208527_statistics.json
1208527,543,Real Betis,Fouls,17,2026-05-07,raw/api_football/fixture_statistics/2026-04-29/fixture_1208527_statistics.json
1208527,543,Real Betis,Corner Kicks,3,2026-05-07,raw/api_football/fixture_statistics/2026-04-29/fixture_1208527_statistics.json
1208527,543,Real Betis,Offsides,2,2026-05-07,raw/api_football/fixture_statistics/2026-04-29/fixture_1208527_statistics.json
1208527,543,Real Betis,Ball Possession,40%,2026-05-07,raw/api_football/fixture_statistics/2026-04-29/fixture_1208527_statistics.json
1208527,543,Real Betis,Yellow Cards,0,2026-05-07,raw/api_football/fixture_statistics/2026-04-29/fixture_1208527_statistics.json
1208527,543,Real Betis,Red Cards,,2026-05-07,raw/api_football/fixture_statistics/2026-04-29/fixture_1208527_statistics.json
1208527,543,Real Betis,Goalkeeper Saves,5,2026-05-07,raw/api_football/fixture_statistics/2026-04-29/fixture_1208527_statistics.json
1208527,543,Real Betis,Total passes,421,2026-05-07,raw/api_football/fixture_statistics/2026-04-29/fixture_1208527_statistics.json
1208527,543,Real Betis,Passes accurate,353,2026-05-07,raw/api_football/fixture_statistics/2026-04-29/fixture_1208527_statistics.json
1208527,543,Real Betis,Passes %,84%,2026-05-07,raw/api_football/fixture_statistics/2026-04-29/fixture_1208527_statistics.json
1208527,543,Real Betis,expected_goals,0.51,2026-05-07,raw/api_football/fixture_statistics/2026-04-29/fixture_1208527_statistics.json
1208527,543,Real Betis,goals_prevented,0,2026-05-07,raw/api_football/fixture_statistics/2026-04-29/fixture_1208527_statistics.json
1208528,727,Osasuna,Shots on Goal,3,2026-05-07,raw/api_football/fixture_statistics/2026-04-29/fixture_1208528_statistics.json
1208528,727,Osasuna,Shots off Goal,2,2026-05-07,raw/api_football/fixture_statistics/2026-04-29/fixture_1208528_statistics.json
1208528,727,Osasuna,Total Shots,10,2026-05-07,raw/api_football/fixture_statistics/2026-04-29/fixture_1208528_statistics.json
1208528,727,Osasuna,Blocked Shots,5,2026-05-07,raw/api_football/fixture_statistics/2026-04-29/fixture_1208528_statistics.json
1208528,727,Osasuna,Shots insidebox,7,2026-05-07,raw/api_football/fixture_statistics/2026-04-29/fixture_1208528_statistics.json
1208528,727,Osasuna,Shots outsidebox,3,2026-05-07,raw/api_football/fixture_statistics/2026-04-29/fixture_1208528_statistics.json
1208528,727,Osasuna,Fouls,19,2026-05-07,raw/api_football/fixture_statistics/2026-04-29/fixture_1208528_statistics.json
1208528,727,Osasuna,Corner Kicks,6,2026-05-07,raw/api_football/fixture_statistics/2026-04-29/fixture_1208528_statistics.json
1208528,727,Osasuna,Offsides,3,2026-05-07,raw/api_football/fixture_statistics/2026-04-29/fixture_1208528_statistics.json
1208528,727,Osasuna,Ball Possession,50%,2026-05-07,raw/api_football/fixture_statistics/2026-04-29/fixture_1208528_statistics.json
1208528,727,Osasuna,Yellow Cards,2,2026-05-07,raw/api_football/fixture_statistics/2026-04-29/fixture_1208528_statistics.json
1208528,727,Osasuna,Red Cards,0,2026-05-07,raw/api_football/fixture_statistics/2026-04-29/fixture_1208528_statistics.json
1208528,727,Osasuna,Goalkeeper Saves,3,2026-05-07,raw/api_football/fixture_statistics/2026-04-29/fixture_1208528_statistics.json
1208528,727,Osasuna,Total passes,451,2026-05-07,raw/api_football/fixture_statistics/2026-04-29/fixture_1208528_statistics.json
1208528,727,Osasuna,Passes accurate,376,2026-05-07,raw/api_football/fixture_statistics/2026-04-29/fixture_1208528_statistics.json
1208528,727,Osasuna,Passes %,83%,2026-05-07,raw/api_football/fixture_statistics/2026-04-29/fixture_1208528_statistics.json
1208528,727,Osasuna,expected_goals,0.89,2026-05-07,raw/api_football/fixture_statistics/2026-04-29/fixture_1208528_statistics.json
1208528,727,Osasuna,goals_prevented,-1,2026-05-07,raw/api_football/fixture_statistics/2026-04-29/fixture_1208528_statistics.json
1208528,538,Celta Vigo,Shots on Goal,4,2026-05-07,raw/api_football/fixture_statistics/2026-04-29/fixture_1208528_statistics.json
1208528,538,Celta Vigo,Shots off Goal,4,2026-05-07,raw/api_football/fixture_statistics/2026-04-29/fixture_1208528_statistics.json
1208528,538,Celta Vigo,Total Shots,12,2026-05-07,raw/api_football/fixture_statistics/2026-04-29/fixture_1208528_statistics.json
1208528,538,Celta Vigo,Blocked Shots,4,2026-05-07,raw/api_football/fixture_statistics/2026-04-29/fixture_1208528_statistics.json
1208528,538,Celta Vigo,Shots insidebox,5,2026-05-07,raw/api_football/fixture_statistics/2026-04-29/fixture_1208528_statistics.json
1208528,538,Celta Vigo,Shots outsidebox,7,2026-05-07,raw/api_football/fixture_statistics/2026-04-29/fixture_1208528_statistics.json
1208528,538,Celta Vigo,Fouls,10,2026-05-07,raw/api_football/fixture_statistics/2026-04-29/fixture_1208528_statistics.json
1208528,538,Celta Vigo,Corner Kicks,3,2026-05-07,raw/api_football/fixture_statistics/2026-04-29/fixture_1208528_statistics.json
1208528,538,Celta Vigo,Offsides,3,2026-05-07,raw/api_football/fixture_statistics/2026-04-29/fixture_1208528_statistics.json
1208528,538,Celta Vigo,Ball Possession,50%,2026-05-07,raw/api_football/fixture_statistics/2026-04-29/fixture_1208528_statistics.json
1208528,538,Celta Vigo,Yellow Cards,0,2026-05-07,raw/api_football/fixture_statistics/2026-04-29/fixture_1208528_statistics.json
1208528,538,Celta Vigo,Red Cards,1,2026-05-07,raw/api_football/fixture_statistics/2026-04-29/fixture_1208528_statistics.json
1208528,538,Celta Vigo,Goalkeeper Saves,1,2026-05-07,raw/api_football/fixture_statistics/2026-04-29/fixture_1208528_statistics.json
1208528,538,Celta Vigo,Total passes,460,2026-05-07,raw/api_football/fixture_statistics/2026-04-29/fixture_1208528_statistics.json
1208528,538,Celta Vigo,Passes accurate,381,2026-05-07,raw/api_football/fixture_statistics/2026-04-29/fixture_1208528_statistics.json
1208528,538,Celta Vigo,Passes %,83%,2026-05-07,raw/api_football/fixture_statistics/2026-04-29/fixture_1208528_statistics.json
1208528,538,Celta Vigo,expected_goals,1.66,2026-05-07,raw/api_football/fixture_statistics/2026-04-29/fixture_1208528_statistics.json
1208528,538,Celta Vigo,goals_prevented,-1,2026-05-07,raw/api_football/fixture_statistics/2026-04-29/fixture_1208528_statistics.json
1208529,536,Sevilla,Shots on Goal,5,2026-05-07,raw/api_football/fixture_statistics/2026-04-29/fixture_1208529_statistics.json
1208529,536,Sevilla,Shots off Goal,6,2026-05-07,raw/api_football/fixture_statistics/2026-04-29/fixture_1208529_statistics.json
1208529,536,Sevilla,Total Shots,16,2026-05-07,raw/api_football/fixture_statistics/2026-04-29/fixture_1208529_statistics.json
1208529,536,Sevilla,Blocked Shots,5,2026-05-07,raw/api_football/fixture_statistics/2026-04-29/fixture_1208529_statistics.json
1208529,536,Sevilla,Shots insidebox,8,2026-05-07,raw/api_football/fixture_statistics/2026-04-29/fixture_1208529_statistics.json
1208529,536,Sevilla,Shots outsidebox,8,2026-05-07,raw/api_football/fixture_statistics/2026-04-29/fixture_1208529_statistics.json
1208529,536,Sevilla,Fouls,6,2026-05-07,raw/api_football/fixture_statistics/2026-04-29/fixture_1208529_statistics.json
1208529,536,Sevilla,Corner Kicks,7,2026-05-07,raw/api_football/fixture_statistics/2026-04-29/fixture_1208529_statistics.json
1208529,536,Sevilla,Offsides,4,2026-05-07,raw/api_football/fixture_statistics/2026-04-29/fixture_1208529_statistics.json
1208529,536,Sevilla,Ball Possession,49%,2026-05-07,raw/api_football/fixture_statistics/2026-04-29/fixture_1208529_statistics.json
1208529,536,Sevilla,Yellow Cards,3,2026-05-07,raw/api_football/fixture_statistics/2026-04-29/fixture_1208529_statistics.json
1208529,536,Sevilla,Red Cards,,2026-05-07,raw/api_football/fixture_statistics/2026-04-29/fixture_1208529_statistics.json
1208529,536,Sevilla,Goalkeeper Saves,2,2026-05-07,raw/api_football/fixture_statistics/2026-04-29/fixture_1208529_statistics.json
1208529,536,Sevilla,Total passes,433,2026-05-07,raw/api_football/fixture_statistics/2026-04-29/fixture_1208529_statistics.json
1208529,536,Sevilla,Passes accurate,366,2026-05-07,raw/api_football/fixture_statistics/2026-04-29/fixture_1208529_statistics.json
1208529,536,Sevilla,Passes %,85%,2026-05-07,raw/api_football/fixture_statistics/2026-04-29/fixture_1208529_statistics.json
1208529,536,Sevilla,expected_goals,0.97,2026-05-07,raw/api_football/fixture_statistics/2026-04-29/fixture_1208529_statistics.json
1208529,536,Sevilla,goals_prevented,0,2026-05-07,raw/api_football/fixture_statistics/2026-04-29/fixture_1208529_statistics.json
1208529,547,Girona,Shots on Goal,4,2026-05-07,raw/api_football/fixture_statistics/2026-04-29/fixture_1208529_statistics.json
1208529,547,Girona,Shots off Goal,5,2026-05-07,raw/api_football/fixture_statistics/2026-04-29/fixture_1208529_statistics.json
1208529,547,Girona,Total Shots,11,2026-05-07,raw/api_football/fixture_statistics/2026-04-29/fixture_1208529_statistics.json
1208529,547,Girona,Blocked Shots,2,2026-05-07,raw/api_football/fixture_statistics/2026-04-29/fixture_1208529_statistics.json
1208529,547,Girona,Shots insidebox,9,2026-05-07,raw/api_football/fixture_statistics/2026-04-29/fixture_1208529_statistics.json
1208529,547,Girona,Shots outsidebox,2,2026-05-07,raw/api_football/fixture_statistics/2026-04-29/fixture_1208529_statistics.json
1208529,547,Girona,Fouls,14,2026-05-07,raw/api_football/fixture_statistics/2026-04-29/fixture_1208529_statistics.json
1208529,547,Girona,Corner Kicks,5,2026-05-07,raw/api_football/fixture_statistics/2026-04-29/fixture_1208529_statistics.json
1208529,547,Girona,Offsides,0,2026-05-07,raw/api_football/fixture_statistics/2026-04-29/fixture_1208529_statistics.json
1208529,547,Girona,Ball Possession,51%,2026-05-07,raw/api_football/fixture_statistics/2026-04-29/fixture_1208529_statistics.json
1208529,547,Girona,Yellow Cards,2,2026-05-07,raw/api_football/fixture_statistics/2026-04-29/fixture_1208529_statistics.json
1208529,547,Girona,Red Cards,,2026-05-07,raw/api_football/fixture_statistics/2026-04-29/fixture_1208529_statistics.json
1208529,547,Girona,Goalkeeper Saves,5,2026-05-07,raw/api_football/fixture_statistics/2026-04-29/fixture_1208529_statistics.json
1208529,547,Girona,Total passes,433,2026-05-07,raw/api_football/fixture_statistics/2026-04-29/fixture_1208529_statistics.json
1208529,547,Girona,Passes accurate,384,2026-05-07,raw/api_football/fixture_statistics/2026-04-29/fixture_1208529_statistics.json
1208529,547,Girona,Passes %,89%,2026-05-07,raw/api_football/fixture_statistics/2026-04-29/fixture_1208529_statistics.json
1208529,547,Girona,expected_goals,1.94,2026-05-07,raw/api_football/fixture_statistics/2026-04-29/fixture_1208529_statistics.json
1208529,547,Girona,goals_prevented,0,2026-05-07,raw/api_football/fixture_statistics/2026-04-29/fixture_1208529_statistics.json
1208530,530,Atletico Madrid,Shots on Goal,4,2026-05-07,raw/api_football/fixture_statistics/2026-04-29/fixture_1208530_statistics.json
1208530,530,Atletico Madrid,Shots off Goal,9,2026-05-07,raw/api_football/fixture_statistics/2026-04-29/fixture_1208530_statistics.json
1208530,530,Atletico Madrid,Total Shots,14,2026-05-07,raw/api_football/fixture_statistics/2026-04-29/fixture_1208530_statistics.json
1208530,530,Atletico Madrid,Blocked Shots,1,2026-05-07,raw/api_football/fixture_statistics/2026-04-29/fixture_1208530_statistics.json
1208530,530,Atletico Madrid,Shots insidebox,14,2026-05-07,raw/api_football/fixture_statistics/2026-04-29/fixture_1208530_statistics.json
1208530,530,Atletico Madrid,Shots outsidebox,0,2026-05-07,raw/api_football/fixture_statistics/2026-04-29/fixture_1208530_statistics.json
1208530,530,Atletico Madrid,Fouls,10,2026-05-07,raw/api_football/fixture_statistics/2026-04-29/fixture_1208530_statistics.json
1208530,530,Atletico Madrid,Corner Kicks,7,2026-05-07,raw/api_football/fixture_statistics/2026-04-29/fixture_1208530_statistics.json
1208530,530,Atletico Madrid,Offsides,1,2026-05-07,raw/api_football/fixture_statistics/2026-04-29/fixture_1208530_statistics.json
1208530,530,Atletico Madrid,Ball Possession,53%,2026-05-07,raw/api_football/fixture_statistics/2026-04-29/fixture_1208530_statistics.json
1208530,530,Atletico Madrid,Yellow Cards,1,2026-05-07,raw/api_football/fixture_statistics/2026-04-29/fixture_1208530_statistics.json
1208530,530,Atletico Madrid,Red Cards,,2026-05-07,raw/api_football/fixture_statistics/2026-04-29/fixture_1208530_statistics.json
1208530,530,Atletico Madrid,Goalkeeper Saves,1,2026-05-07,raw/api_football/fixture_statistics/2026-04-29/fixture_1208530_statistics.json
1208530,530,Atletico Madrid,Total passes,515,2026-05-07,raw/api_football/fixture_statistics/2026-04-29/fixture_1208530_statistics.json
1208530,530,Atletico Madrid,Passes accurate,438,2026-05-07,raw/api_football/fixture_statistics/2026-04-29/fixture_1208530_statistics.json
1208530,530,Atletico Madrid,Passes %,85%,2026-05-07,raw/api_football/fixture_statistics/2026-04-29/fixture_1208530_statistics.json
1208530,530,Atletico Madrid,expected_goals,3.24,2026-05-07,raw/api_football/fixture_statistics/2026-04-29/fixture_1208530_statistics.json
1208530,530,Atletico Madrid,goals_prevented,0,2026-05-07,raw/api_football/fixture_statistics/2026-04-29/fixture_1208530_statistics.json
1208530,532,Valencia,Shots on Goal,1,2026-05-07,raw/api_football/fixture_statistics/2026-04-29/fixture_1208530_statistics.json
1208530,532,Valencia,Shots off Goal,3,2026-05-07,raw/api_football/fixture_statistics/2026-04-29/fixture_1208530_statistics.json
1208530,532,Valencia,Total Shots,5,2026-05-07,raw/api_football/fixture_statistics/2026-04-29/fixture_1208530_statistics.json
1208530,532,Valencia,Blocked Shots,1,2026-05-07,raw/api_football/fixture_statistics/2026-04-29/fixture_1208530_statistics.json
1208530,532,Valencia,Shots insidebox,2,2026-05-07,raw/api_football/fixture_statistics/2026-04-29/fixture_1208530_statistics.json
1208530,532,Valencia,Shots outsidebox,3,2026-05-07,raw/api_football/fixture_statistics/2026-04-29/fixture_1208530_statistics.json
1208530,532,Valencia,Fouls,8,2026-05-07,raw/api_football/fixture_statistics/2026-04-29/fixture_1208530_statistics.json
1208530,532,Valencia,Corner Kicks,3,2026-05-07,raw/api_football/fixture_statistics/2026-04-29/fixture_1208530_statistics.json
1208530,532,Valencia,Offsides,2,2026-05-07,raw/api_football/fixture_statistics/2026-04-29/fixture_1208530_statistics.json
1208530,532,Valencia,Ball Possession,47%,2026-05-07,raw/api_football/fixture_statistics/2026-04-29/fixture_1208530_statistics.json
1208530,532,Valencia,Yellow Cards,2,2026-05-07,raw/api_football/fixture_statistics/2026-04-29/fixture_1208530_statistics.json
1208530,532,Valencia,Red Cards,,2026-05-07,raw/api_football/fixture_statistics/2026-04-29/fixture_1208530_statistics.json
1208530,532,Valencia,Goalkeeper Saves,1,2026-05-07,raw/api_football/fixture_statistics/2026-04-29/fixture_1208530_statistics.json
1208530,532,Valencia,Total passes,465,2026-05-07,raw/api_football/fixture_statistics/2026-04-29/fixture_1208530_statistics.json
1208530,532,Valencia,Passes accurate,385,2026-05-07,raw/api_football/fixture_statistics/2026-04-29/fixture_1208530_statistics.json
1208530,532,Valencia,Passes %,83%,2026-05-07,raw/api_football/fixture_statistics/2026-04-29/fixture_1208530_statistics.json
1208530,532,Valencia,expected_goals,0.15,2026-05-07,raw/api_football/fixture_statistics/2026-04-29/fixture_1208530_statistics.json
1208530,532,Valencia,goals_prevented,0,2026-05-07,raw/api_football/fixture_statistics/2026-04-29/fixture_1208530_statistics.json
1208531,543,Real Betis,Shots on Goal,5,2026-05-07,raw/api_football/fixture_statistics/2026-04-29/fixture_1208531_statistics.json
1208531,543,Real Betis,Shots off Goal,6,2026-05-07,raw/api_football/fixture_statistics/2026-04-29/fixture_1208531_statistics.json
1208531,543,Real Betis,Total Shots,14,2026-05-07,raw/api_football/fixture_statistics/2026-04-29/fixture_1208531_statistics.json
1208531,543,Real Betis,Blocked Shots,3,2026-05-07,raw/api_football/fixture_statistics/2026-04-29/fixture_1208531_statistics.json
1208531,543,Real Betis,Shots insidebox,10,2026-05-07,raw/api_football/fixture_statistics/2026-04-29/fixture_1208531_statistics.json
1208531,543,Real Betis,Shots outsidebox,4,2026-05-07,raw/api_football/fixture_statistics/2026-04-29/fixture_1208531_statistics.json
1208531,543,Real Betis,Fouls,11,2026-05-07,raw/api_football/fixture_statistics/2026-04-29/fixture_1208531_statistics.json
1208531,543,Real Betis,Corner Kicks,11,2026-05-07,raw/api_football/fixture_statistics/2026-04-29/fixture_1208531_statistics.json
1208531,543,Real Betis,Offsides,2,2026-05-07,raw/api_football/fixture_statistics/2026-04-29/fixture_1208531_statistics.json
1208531,543,Real Betis,Ball Possession,64%,2026-05-07,raw/api_football/fixture_statistics/2026-04-29/fixture_1208531_statistics.json
1208531,543,Real Betis,Yellow Cards,1,2026-05-07,raw/api_football/fixture_statistics/2026-04-29/fixture_1208531_statistics.json
1208531,543,Real Betis,Red Cards,,2026-05-07,raw/api_football/fixture_statistics/2026-04-29/fixture_1208531_statistics.json
1208531,543,Real Betis,Goalkeeper Saves,0,2026-05-07,raw/api_football/fixture_statistics/2026-04-29/fixture_1208531_statistics.json
1208531,543,Real Betis,Total passes,611,2026-05-07,raw/api_football/fixture_statistics/2026-04-29/fixture_1208531_statistics.json
1208531,543,Real Betis,Passes accurate,533,2026-05-07,raw/api_football/fixture_statistics/2026-04-29/fixture_1208531_statistics.json
1208531,543,Real Betis,Passes %,87%,2026-05-07,raw/api_football/fixture_statistics/2026-04-29/fixture_1208531_statistics.json
1208531,543,Real Betis,expected_goals,2.12,2026-05-07,raw/api_football/fixture_statistics/2026-04-29/fixture_1208531_statistics.json
1208531,543,Real Betis,goals_prevented,0,2026-05-07,raw/api_football/fixture_statistics/2026-04-29/fixture_1208531_statistics.json
1208531,537,Leganes,Shots on Goal,0,2026-05-07,raw/api_football/fixture_statistics/2026-04-29/fixture_1208531_statistics.json
1208531,537,Leganes,Shots off Goal,2,2026-05-07,raw/api_football/fixture_statistics/2026-04-29/fixture_1208531_statistics.json
1208531,537,Leganes,Total Shots,3,2026-05-07,raw/api_football/fixture_statistics/2026-04-29/fixture_1208531_statistics.json
1208531,537,Leganes,Blocked Shots,1,2026-05-07,raw/api_football/fixture_statistics/2026-04-29/fixture_1208531_statistics.json
1208531,537,Leganes,Shots insidebox,1,2026-05-07,raw/api_football/fixture_statistics/2026-04-29/fixture_1208531_statistics.json
1208531,537,Leganes,Shots outsidebox,2,2026-05-07,raw/api_football/fixture_statistics/2026-04-29/fixture_1208531_statistics.json
1208531,537,Leganes,Fouls,18,2026-05-07,raw/api_football/fixture_statistics/2026-04-29/fixture_1208531_statistics.json
1208531,537,Leganes,Corner Kicks,1,2026-05-07,raw/api_football/fixture_statistics/2026-04-29/fixture_1208531_statistics.json
1208531,537,Leganes,Offsides,1,2026-05-07,raw/api_football/fixture_statistics/2026-04-29/fixture_1208531_statistics.json
1208531,537,Leganes,Ball Possession,36%,2026-05-07,raw/api_football/fixture_statistics/2026-04-29/fixture_1208531_statistics.json
1208531,537,Leganes,Yellow Cards,2,2026-05-07,raw/api_football/fixture_statistics/2026-04-29/fixture_1208531_statistics.json
1208531,537,Leganes,Red Cards,,2026-05-07,raw/api_football/fixture_statistics/2026-04-29/fixture_1208531_statistics.json
1208531,537,Leganes,Goalkeeper Saves,3,2026-05-07,raw/api_football/fixture_statistics/2026-04-29/fixture_1208531_statistics.json
1208531,537,Leganes,Total passes,352,2026-05-07,raw/api_football/fixture_statistics/2026-04-29/fixture_1208531_statistics.json
1208531,537,Leganes,Passes accurate,263,2026-05-07,raw/api_football/fixture_statistics/2026-04-29/fixture_1208531_statistics.json
1208531,537,Leganes,Passes %,75%,2026-05-07,raw/api_football/fixture_statistics/2026-04-29/fixture_1208531_statistics.json
1208531,537,Leganes,expected_goals,0.10,2026-05-07,raw/api_football/fixture_statistics/2026-04-29/fixture_1208531_statistics.json
1208531,537,Leganes,goals_prevented,0,2026-05-07,raw/api_football/fixture_statistics/2026-04-29/fixture_1208531_statistics.json
1208532,538,Celta Vigo,Shots on Goal,9,2026-05-07,raw/api_football/fixture_statistics/2026-04-29/fixture_1208532_statistics.json
1208532,538,Celta Vigo,Shots off Goal,1,2026-05-07,raw/api_football/fixture_statistics/2026-04-29/fixture_1208532_statistics.json
1208532,538,Celta Vigo,Total Shots,14,2026-05-07,raw/api_football/fixture_statistics/2026-04-29/fixture_1208532_statistics.json
1208532,538,Celta Vigo,Blocked Shots,4,2026-05-07,raw/api_football/fixture_statistics/2026-04-29/fixture_1208532_statistics.json
1208532,538,Celta Vigo,Shots insidebox,12,2026-05-07,raw/api_football/fixture_statistics/2026-04-29/fixture_1208532_statistics.json
1208532,538,Celta Vigo,Shots outsidebox,2,2026-05-07,raw/api_football/fixture_statistics/2026-04-29/fixture_1208532_statistics.json
1208532,538,Celta Vigo,Fouls,14,2026-05-07,raw/api_football/fixture_statistics/2026-04-29/fixture_1208532_statistics.json
1208532,538,Celta Vigo,Corner Kicks,5,2026-05-07,raw/api_football/fixture_statistics/2026-04-29/fixture_1208532_statistics.json
1208532,538,Celta Vigo,Offsides,3,2026-05-07,raw/api_football/fixture_statistics/2026-04-29/fixture_1208532_statistics.json
1208532,538,Celta Vigo,Ball Possession,54%,2026-05-07,raw/api_football/fixture_statistics/2026-04-29/fixture_1208532_statistics.json
1208532,538,Celta Vigo,Yellow Cards,3,2026-05-07,raw/api_football/fixture_statistics/2026-04-29/fixture_1208532_statistics.json
1208532,538,Celta Vigo,Red Cards,0,2026-05-07,raw/api_football/fixture_statistics/2026-04-29/fixture_1208532_statistics.json
1208532,538,Celta Vigo,Goalkeeper Saves,1,2026-05-07,raw/api_football/fixture_statistics/2026-04-29/fixture_1208532_statistics.json
1208532,538,Celta Vigo,Total passes,484,2026-05-07,raw/api_football/fixture_statistics/2026-04-29/fixture_1208532_statistics.json
1208532,538,Celta Vigo,Passes accurate,419,2026-05-07,raw/api_football/fixture_statistics/2026-04-29/fixture_1208532_statistics.json
1208532,538,Celta Vigo,Passes %,87%,2026-05-07,raw/api_football/fixture_statistics/2026-04-29/fixture_1208532_statistics.json
1208532,538,Celta Vigo,expected_goals,1.84,2026-05-07,raw/api_football/fixture_statistics/2026-04-29/fixture_1208532_statistics.json
1208532,538,Celta Vigo,goals_prevented,0,2026-05-07,raw/api_football/fixture_statistics/2026-04-29/fixture_1208532_statistics.json
1208532,720,Valladolid,Shots on Goal,2,2026-05-07,raw/api_football/fixture_statistics/2026-04-29/fixture_1208532_statistics.json
1208532,720,Valladolid,Shots off Goal,2,2026-05-07,raw/api_football/fixture_statistics/2026-04-29/fixture_1208532_statistics.json
1208532,720,Valladolid,Total Shots,6,2026-05-07,raw/api_football/fixture_statistics/2026-04-29/fixture_1208532_statistics.json
1208532,720,Valladolid,Blocked Shots,2,2026-05-07,raw/api_football/fixture_statistics/2026-04-29/fixture_1208532_statistics.json
1208532,720,Valladolid,Shots insidebox,5,2026-05-07,raw/api_football/fixture_statistics/2026-04-29/fixture_1208532_statistics.json
1208532,720,Valladolid,Shots outsidebox,1,2026-05-07,raw/api_football/fixture_statistics/2026-04-29/fixture_1208532_statistics.json
1208532,720,Valladolid,Fouls,15,2026-05-07,raw/api_football/fixture_statistics/2026-04-29/fixture_1208532_statistics.json
1208532,720,Valladolid,Corner Kicks,3,2026-05-07,raw/api_football/fixture_statistics/2026-04-29/fixture_1208532_statistics.json
1208532,720,Valladolid,Offsides,1,2026-05-07,raw/api_football/fixture_statistics/2026-04-29/fixture_1208532_statistics.json
1208532,720,Valladolid,Ball Possession,46%,2026-05-07,raw/api_football/fixture_statistics/2026-04-29/fixture_1208532_statistics.json
1208532,720,Valladolid,Yellow Cards,5,2026-05-07,raw/api_football/fixture_statistics/2026-04-29/fixture_1208532_statistics.json
1208532,720,Valladolid,Red Cards,1,2026-05-07,raw/api_football/fixture_statistics/2026-04-29/fixture_1208532_statistics.json
1208532,720,Valladolid,Goalkeeper Saves,6,2026-05-07,raw/api_football/fixture_statistics/2026-04-29/fixture_1208532_statistics.json
1208532,720,Valladolid,Total passes,406,2026-05-07,raw/api_football/fixture_statistics/2026-04-29/fixture_1208532_statistics.json
1208532,720,Valladolid,Passes accurate,344,2026-05-07,raw/api_football/fixture_statistics/2026-04-29/fixture_1208532_statistics.json
1208532,720,Valladolid,Passes %,85%,2026-05-07,raw/api_football/fixture_statistics/2026-04-29/fixture_1208532_statistics.json
1208532,720,Valladolid,expected_goals,0.51,2026-05-07,raw/api_football/fixture_statistics/2026-04-29/fixture_1208532_statistics.json
1208532,720,Valladolid,goals_prevented,0,2026-05-07,raw/api_football/fixture_statistics/2026-04-29/fixture_1208532_statistics.json
1208533,798,Mallorca,Shots on Goal,4,2026-05-07,raw/api_football/fixture_statistics/2026-04-29/fixture_1208533_statistics.json
1208533,798,Mallorca,Shots off Goal,3,2026-05-07,raw/api_football/fixture_statistics/2026-04-29/fixture_1208533_statistics.json
1208533,798,Mallorca,Total Shots,9,2026-05-07,raw/api_football/fixture_statistics/2026-04-29/fixture_1208533_statistics.json
1208533,798,Mallorca,Blocked Shots,2,2026-05-07,raw/api_football/fixture_statistics/2026-04-29/fixture_1208533_statistics.json
1208533,798,Mallorca,Shots insidebox,7,2026-05-07,raw/api_football/fixture_statistics/2026-04-29/fixture_1208533_statistics.json
1208533,798,Mallorca,Shots outsidebox,2,2026-05-07,raw/api_football/fixture_statistics/2026-04-29/fixture_1208533_statistics.json
1208533,798,Mallorca,Fouls,11,2026-05-07,raw/api_football/fixture_statistics/2026-04-29/fixture_1208533_statistics.json
1208533,798,Mallorca,Corner Kicks,7,2026-05-07,raw/api_football/fixture_statistics/2026-04-29/fixture_1208533_statistics.json
1208533,798,Mallorca,Offsides,2,2026-05-07,raw/api_football/fixture_statistics/2026-04-29/fixture_1208533_statistics.json
1208533,798,Mallorca,Ball Possession,54%,2026-05-07,raw/api_football/fixture_statistics/2026-04-29/fixture_1208533_statistics.json
1208533,798,Mallorca,Yellow Cards,3,2026-05-07,raw/api_football/fixture_statistics/2026-04-29/fixture_1208533_statistics.json
1208533,798,Mallorca,Red Cards,1,2026-05-07,raw/api_football/fixture_statistics/2026-04-29/fixture_1208533_statistics.json
1208533,798,Mallorca,Goalkeeper Saves,2,2026-05-07,raw/api_football/fixture_statistics/2026-04-29/fixture_1208533_statistics.json
1208533,798,Mallorca,Total passes,439,2026-05-07,raw/api_football/fixture_statistics/2026-04-29/fixture_1208533_statistics.json
1208533,798,Mallorca,Passes accurate,356,2026-05-07,raw/api_football/fixture_statistics/2026-04-29/fixture_1208533_statistics.json
1208533,798,Mallorca,Passes %,81%,2026-05-07,raw/api_football/fixture_statistics/2026-04-29/fixture_1208533_statistics.json
1208533,798,Mallorca,expected_goals,0.35,2026-05-07,raw/api_football/fixture_statistics/2026-04-29/fixture_1208533_statistics.json
1208533,798,Mallorca,goals_prevented,0,2026-05-07,raw/api_football/fixture_statistics/2026-04-29/fixture_1208533_statistics.json
1208533,533,Villarreal,Shots on Goal,4,2026-05-07,raw/api_football/fixture_statistics/2026-04-29/fixture_1208533_statistics.json
1208533,533,Villarreal,Shots off Goal,9,2026-05-07,raw/api_football/fixture_statistics/2026-04-29/fixture_1208533_statistics.json
1208533,533,Villarreal,Total Shots,21,2026-05-07,raw/api_football/fixture_statistics/2026-04-29/fixture_1208533_statistics.json
1208533,533,Villarreal,Blocked Shots,8,2026-05-07,raw/api_football/fixture_statistics/2026-04-29/fixture_1208533_statistics.json
1208533,533,Villarreal,Shots insidebox,12,2026-05-07,raw/api_football/fixture_statistics/2026-04-29/fixture_1208533_statistics.json
1208533,533,Villarreal,Shots outsidebox,9,2026-05-07,raw/api_football/fixture_statistics/2026-04-29/fixture_1208533_statistics.json
1208533,533,Villarreal,Fouls,10,2026-05-07,raw/api_football/fixture_statistics/2026-04-29/fixture_1208533_statistics.json
1208533,533,Villarreal,Corner Kicks,6,2026-05-07,raw/api_football/fixture_statistics/2026-04-29/fixture_1208533_statistics.json
1208533,533,Villarreal,Offsides,1,2026-05-07,raw/api_football/fixture_statistics/2026-04-29/fixture_1208533_statistics.json
1208533,533,Villarreal,Ball Possession,46%,2026-05-07,raw/api_football/fixture_statistics/2026-04-29/fixture_1208533_statistics.json
1208533,533,Villarreal,Yellow Cards,3,2026-05-07,raw/api_football/fixture_statistics/2026-04-29/fixture_1208533_statistics.json
1208533,533,Villarreal,Red Cards,0,2026-05-07,raw/api_football/fixture_statistics/2026-04-29/fixture_1208533_statistics.json
1208533,533,Villarreal,Goalkeeper Saves,4,2026-05-07,raw/api_football/fixture_statistics/2026-04-29/fixture_1208533_statistics.json
1208533,533,Villarreal,Total passes,385,2026-05-07,raw/api_football/fixture_statistics/2026-04-29/fixture_1208533_statistics.json
1208533,533,Villarreal,Passes accurate,313,2026-05-07,raw/api_football/fixture_statistics/2026-04-29/fixture_1208533_statistics.json
1208533,533,Villarreal,Passes %,81%,2026-05-07,raw/api_football/fixture_statistics/2026-04-29/fixture_1208533_statistics.json
1208533,533,Villarreal,expected_goals,1.77,2026-05-07,raw/api_football/fixture_statistics/2026-04-29/fixture_1208533_statistics.json
1208533,533,Villarreal,goals_prevented,0,2026-05-07,raw/api_football/fixture_statistics/2026-04-29/fixture_1208533_statistics.json
1208534,534,Las Palmas,Shots on Goal,6,2026-05-07,raw/api_football/fixture_statistics/2026-04-29/fixture_1208534_statistics.json
1208534,534,Las Palmas,Shots off Goal,4,2026-05-07,raw/api_football/fixture_statistics/2026-04-29/fixture_1208534_statistics.json
1208534,534,Las Palmas,Total Shots,15,2026-05-07,raw/api_football/fixture_statistics/2026-04-29/fixture_1208534_statistics.json
1208534,534,Las Palmas,Blocked Shots,5,2026-05-07,raw/api_football/fixture_statistics/2026-04-29/fixture_1208534_statistics.json
1208534,534,Las Palmas,Shots insidebox,9,2026-05-07,raw/api_football/fixture_statistics/2026-04-29/fixture_1208534_statistics.json
1208534,534,Las Palmas,Shots outsidebox,6,2026-05-07,raw/api_football/fixture_statistics/2026-04-29/fixture_1208534_statistics.json
1208534,534,Las Palmas,Fouls,8,2026-05-07,raw/api_football/fixture_statistics/2026-04-29/fixture_1208534_statistics.json
1208534,534,Las Palmas,Corner Kicks,9,2026-05-07,raw/api_football/fixture_statistics/2026-04-29/fixture_1208534_statistics.json
1208534,534,Las Palmas,Offsides,0,2026-05-07,raw/api_football/fixture_statistics/2026-04-29/fixture_1208534_statistics.json
1208534,534,Las Palmas,Ball Possession,65%,2026-05-07,raw/api_football/fixture_statistics/2026-04-29/fixture_1208534_statistics.json
1208534,534,Las Palmas,Yellow Cards,1,2026-05-07,raw/api_football/fixture_statistics/2026-04-29/fixture_1208534_statistics.json
1208534,534,Las Palmas,Red Cards,0,2026-05-07,raw/api_football/fixture_statistics/2026-04-29/fixture_1208534_statistics.json
1208534,534,Las Palmas,Goalkeeper Saves,1,2026-05-07,raw/api_football/fixture_statistics/2026-04-29/fixture_1208534_statistics.json
1208534,534,Las Palmas,Total passes,599,2026-05-07,raw/api_football/fixture_statistics/2026-04-29/fixture_1208534_statistics.json
1208534,534,Las Palmas,Passes accurate,498,2026-05-07,raw/api_football/fixture_statistics/2026-04-29/fixture_1208534_statistics.json
1208534,534,Las Palmas,Passes %,83%,2026-05-07,raw/api_football/fixture_statistics/2026-04-29/fixture_1208534_statistics.json
1208534,534,Las Palmas,expected_goals,1.16,2026-05-07,raw/api_football/fixture_statistics/2026-04-29/fixture_1208534_statistics.json
1208534,534,Las Palmas,goals_prevented,0,2026-05-07,raw/api_football/fixture_statistics/2026-04-29/fixture_1208534_statistics.json
1208534,531,Athletic Club,Shots on Goal,4,2026-05-07,raw/api_football/fixture_statistics/2026-04-29/fixture_1208534_statistics.json
1208534,531,Athletic Club,Shots off Goal,5,2026-05-07,raw/api_football/fixture_statistics/2026-04-29/fixture_1208534_statistics.json
1208534,531,Athletic Club,Total Shots,9,2026-05-07,raw/api_football/fixture_statistics/2026-04-29/fixture_1208534_statistics.json
1208534,531,Athletic Club,Blocked Shots,0,2026-05-07,raw/api_football/fixture_statistics/2026-04-29/fixture_1208534_statistics.json
1208534,531,Athletic Club,Shots insidebox,6,2026-05-07,raw/api_football/fixture_statistics/2026-04-29/fixture_1208534_statistics.json
1208534,531,Athletic Club,Shots outsidebox,3,2026-05-07,raw/api_football/fixture_statistics/2026-04-29/fixture_1208534_statistics.json
1208534,531,Athletic Club,Fouls,12,2026-05-07,raw/api_football/fixture_statistics/2026-04-29/fixture_1208534_statistics.json
1208534,531,Athletic Club,Corner Kicks,3,2026-05-07,raw/api_football/fixture_statistics/2026-04-29/fixture_1208534_statistics.json
1208534,531,Athletic Club,Offsides,1,2026-05-07,raw/api_football/fixture_statistics/2026-04-29/fixture_1208534_statistics.json
1208534,531,Athletic Club,Ball Possession,35%,2026-05-07,raw/api_football/fixture_statistics/2026-04-29/fixture_1208534_statistics.json
1208534,531,Athletic Club,Yellow Cards,2,2026-05-07,raw/api_football/fixture_statistics/2026-04-29/fixture_1208534_statistics.json
1208534,531,Athletic Club,Red Cards,1,2026-05-07,raw/api_football/fixture_statistics/2026-04-29/fixture_1208534_statistics.json
1208534,531,Athletic Club,Goalkeeper Saves,3,2026-05-07,raw/api_football/fixture_statistics/2026-04-29/fixture_1208534_statistics.json
1208534,531,Athletic Club,Total passes,334,2026-05-07,raw/api_football/fixture_statistics/2026-04-29/fixture_1208534_statistics.json
1208534,531,Athletic Club,Passes accurate,231,2026-05-07,raw/api_football/fixture_statistics/2026-04-29/fixture_1208534_statistics.json
1208534,531,Athletic Club,Passes %,69%,2026-05-07,raw/api_football/fixture_statistics/2026-04-29/fixture_1208534_statistics.json
1208534,531,Athletic Club,expected_goals,2.24,2026-05-07,raw/api_football/fixture_statistics/2026-04-29/fixture_1208534_statistics.json
1208534,531,Athletic Club,goals_prevented,0,2026-05-07,raw/api_football/fixture_statistics/2026-04-29/fixture_1208534_statistics.json
1208535,547,Girona,Shots on Goal,4,2026-05-07,raw/api_football/fixture_statistics/2026-04-29/fixture_1208535_statistics.json
1208535,547,Girona,Shots off Goal,3,2026-05-07,raw/api_football/fixture_statistics/2026-04-29/fixture_1208535_statistics.json
1208535,547,Girona,Total Shots,9,2026-05-07,raw/api_football/fixture_statistics/2026-04-29/fixture_1208535_statistics.json
1208535,547,Girona,Blocked Shots,2,2026-05-07,raw/api_football/fixture_statistics/2026-04-29/fixture_1208535_statistics.json
1208535,547,Girona,Shots insidebox,7,2026-05-07,raw/api_football/fixture_statistics/2026-04-29/fixture_1208535_statistics.json
1208535,547,Girona,Shots outsidebox,2,2026-05-07,raw/api_football/fixture_statistics/2026-04-29/fixture_1208535_statistics.json
1208535,547,Girona,Fouls,13,2026-05-07,raw/api_football/fixture_statistics/2026-04-29/fixture_1208535_statistics.json
1208535,547,Girona,Corner Kicks,1,2026-05-07,raw/api_football/fixture_statistics/2026-04-29/fixture_1208535_statistics.json
1208535,547,Girona,Offsides,7,2026-05-07,raw/api_football/fixture_statistics/2026-04-29/fixture_1208535_statistics.json
1208535,547,Girona,Ball Possession,45%,2026-05-07,raw/api_football/fixture_statistics/2026-04-29/fixture_1208535_statistics.json
1208535,547,Girona,Yellow Cards,3,2026-05-07,raw/api_football/fixture_statistics/2026-04-29/fixture_1208535_statistics.json
1208535,547,Girona,Red Cards,0,2026-05-07,raw/api_football/fixture_statistics/2026-04-29/fixture_1208535_statistics.json
1208535,547,Girona,Goalkeeper Saves,5,2026-05-07,raw/api_football/fixture_statistics/2026-04-29/fixture_1208535_statistics.json
1208535,547,Girona,Total passes,392,2026-05-07,raw/api_football/fixture_statistics/2026-04-29/fixture_1208535_statistics.json
1208535,547,Girona,Passes accurate,343,2026-05-07,raw/api_football/fixture_statistics/2026-04-29/fixture_1208535_statistics.json
1208535,547,Girona,Passes %,88%,2026-05-07,raw/api_football/fixture_statistics/2026-04-29/fixture_1208535_statistics.json
1208535,547,Girona,expected_goals,1.35,2026-05-07,raw/api_football/fixture_statistics/2026-04-29/fixture_1208535_statistics.json
1208535,547,Girona,goals_prevented,0,2026-05-07,raw/api_football/fixture_statistics/2026-04-29/fixture_1208535_statistics.json
1208535,529,Barcelona,Shots on Goal,9,2026-05-07,raw/api_football/fixture_statistics/2026-04-29/fixture_1208535_statistics.json
1208535,529,Barcelona,Shots off Goal,9,2026-05-07,raw/api_football/fixture_statistics/2026-04-29/fixture_1208535_statistics.json
1208535,529,Barcelona,Total Shots,20,2026-05-07,raw/api_football/fixture_statistics/2026-04-29/fixture_1208535_statistics.json
1208535,529,Barcelona,Blocked Shots,2,2026-05-07,raw/api_football/fixture_statistics/2026-04-29/fixture_1208535_statistics.json
1208535,529,Barcelona,Shots insidebox,13,2026-05-07,raw/api_football/fixture_statistics/2026-04-29/fixture_1208535_statistics.json
1208535,529,Barcelona,Shots outsidebox,7,2026-05-07,raw/api_football/fixture_statistics/2026-04-29/fixture_1208535_statistics.json
1208535,529,Barcelona,Fouls,4,2026-05-07,raw/api_football/fixture_statistics/2026-04-29/fixture_1208535_statistics.json
1208535,529,Barcelona,Corner Kicks,6,2026-05-07,raw/api_football/fixture_statistics/2026-04-29/fixture_1208535_statistics.json
1208535,529,Barcelona,Offsides,0,2026-05-07,raw/api_football/fixture_statistics/2026-04-29/fixture_1208535_statistics.json
1208535,529,Barcelona,Ball Possession,55%,2026-05-07,raw/api_football/fixture_statistics/2026-04-29/fixture_1208535_statistics.json
1208535,529,Barcelona,Yellow Cards,2,2026-05-07,raw/api_football/fixture_statistics/2026-04-29/fixture_1208535_statistics.json
1208535,529,Barcelona,Red Cards,1,2026-05-07,raw/api_football/fixture_statistics/2026-04-29/fixture_1208535_statistics.json
1208535,529,Barcelona,Goalkeeper Saves,3,2026-05-07,raw/api_football/fixture_statistics/2026-04-29/fixture_1208535_statistics.json
1208535,529,Barcelona,Total passes,476,2026-05-07,raw/api_football/fixture_statistics/2026-04-29/fixture_1208535_statistics.json
1208535,529,Barcelona,Passes accurate,414,2026-05-07,raw/api_football/fixture_statistics/2026-04-29/fixture_1208535_statistics.json
1208535,529,Barcelona,Passes %,87%,2026-05-07,raw/api_football/fixture_statistics/2026-04-29/fixture_1208535_statistics.json
1208535,529,Barcelona,expected_goals,1.82,2026-05-07,raw/api_football/fixture_statistics/2026-04-29/fixture_1208535_statistics.json
1208535,529,Barcelona,goals_prevented,0,2026-05-07,raw/api_football/fixture_statistics/2026-04-29/fixture_1208535_statistics.json
1208536,536,Sevilla,Shots on Goal,4,2026-05-07,raw/api_football/fixture_statistics/2026-04-29/fixture_1208536_statistics.json
1208536,536,Sevilla,Shots off Goal,4,2026-05-07,raw/api_football/fixture_statistics/2026-04-29/fixture_1208536_statistics.json
1208536,536,Sevilla,Total Shots,10,2026-05-07,raw/api_football/fixture_statistics/2026-04-29/fixture_1208536_statistics.json
1208536,536,Sevilla,Blocked Shots,2,2026-05-07,raw/api_football/fixture_statistics/2026-04-29/fixture_1208536_statistics.json
1208536,536,Sevilla,Shots insidebox,8,2026-05-07,raw/api_football/fixture_statistics/2026-04-29/fixture_1208536_statistics.json
1208536,536,Sevilla,Shots outsidebox,2,2026-05-07,raw/api_football/fixture_statistics/2026-04-29/fixture_1208536_statistics.json
1208536,536,Sevilla,Fouls,19,2026-05-07,raw/api_football/fixture_statistics/2026-04-29/fixture_1208536_statistics.json
1208536,536,Sevilla,Corner Kicks,3,2026-05-07,raw/api_football/fixture_statistics/2026-04-29/fixture_1208536_statistics.json
1208536,536,Sevilla,Offsides,1,2026-05-07,raw/api_football/fixture_statistics/2026-04-29/fixture_1208536_statistics.json
1208536,536,Sevilla,Ball Possession,61%,2026-05-07,raw/api_football/fixture_statistics/2026-04-29/fixture_1208536_statistics.json
1208536,536,Sevilla,Yellow Cards,3,2026-05-07,raw/api_football/fixture_statistics/2026-04-29/fixture_1208536_statistics.json
1208536,536,Sevilla,Red Cards,1,2026-05-07,raw/api_football/fixture_statistics/2026-04-29/fixture_1208536_statistics.json
1208536,536,Sevilla,Goalkeeper Saves,4,2026-05-07,raw/api_football/fixture_statistics/2026-04-29/fixture_1208536_statistics.json
1208536,536,Sevilla,Total passes,442,2026-05-07,raw/api_football/fixture_statistics/2026-04-29/fixture_1208536_statistics.json
1208536,536,Sevilla,Passes accurate,351,2026-05-07,raw/api_football/fixture_statistics/2026-04-29/fixture_1208536_statistics.json
1208536,536,Sevilla,Passes %,79%,2026-05-07,raw/api_football/fixture_statistics/2026-04-29/fixture_1208536_statistics.json
1208536,536,Sevilla,expected_goals,1.41,2026-05-07,raw/api_football/fixture_statistics/2026-04-29/fixture_1208536_statistics.json
1208536,536,Sevilla,goals_prevented,0,2026-05-07,raw/api_football/fixture_statistics/2026-04-29/fixture_1208536_statistics.json
1208536,546,Getafe,Shots on Goal,4,2026-05-07,raw/api_football/fixture_statistics/2026-04-29/fixture_1208536_statistics.json
1208536,546,Getafe,Shots off Goal,6,2026-05-07,raw/api_football/fixture_statistics/2026-04-29/fixture_1208536_statistics.json
1208536,546,Getafe,Total Shots,15,2026-05-07,raw/api_football/fixture_statistics/2026-04-29/fixture_1208536_statistics.json
1208536,546,Getafe,Blocked Shots,5,2026-05-07,raw/api_football/fixture_statistics/2026-04-29/fixture_1208536_statistics.json
1208536,546,Getafe,Shots insidebox,6,2026-05-07,raw/api_football/fixture_statistics/2026-04-29/fixture_1208536_statistics.json
1208536,546,Getafe,Shots outsidebox,9,2026-05-07,raw/api_football/fixture_statistics/2026-04-29/fixture_1208536_statistics.json
1208536,546,Getafe,Fouls,15,2026-05-07,raw/api_football/fixture_statistics/2026-04-29/fixture_1208536_statistics.json
1208536,546,Getafe,Corner Kicks,4,2026-05-07,raw/api_football/fixture_statistics/2026-04-29/fixture_1208536_statistics.json
1208536,546,Getafe,Offsides,2,2026-05-07,raw/api_football/fixture_statistics/2026-04-29/fixture_1208536_statistics.json
1208536,546,Getafe,Ball Possession,39%,2026-05-07,raw/api_football/fixture_statistics/2026-04-29/fixture_1208536_statistics.json
1208536,546,Getafe,Yellow Cards,4,2026-05-07,raw/api_football/fixture_statistics/2026-04-29/fixture_1208536_statistics.json
1208536,546,Getafe,Red Cards,0,2026-05-07,raw/api_football/fixture_statistics/2026-04-29/fixture_1208536_statistics.json
1208536,546,Getafe,Goalkeeper Saves,3,2026-05-07,raw/api_football/fixture_statistics/2026-04-29/fixture_1208536_statistics.json
1208536,546,Getafe,Total passes,266,2026-05-07,raw/api_football/fixture_statistics/2026-04-29/fixture_1208536_statistics.json
1208536,546,Getafe,Passes accurate,186,2026-05-07,raw/api_football/fixture_statistics/2026-04-29/fixture_1208536_statistics.json
1208536,546,Getafe,Passes %,70%,2026-05-07,raw/api_football/fixture_statistics/2026-04-29/fixture_1208536_statistics.json
1208536,546,Getafe,expected_goals,0.99,2026-05-07,raw/api_football/fixture_statistics/2026-04-29/fixture_1208536_statistics.json
1208536,546,Getafe,goals_prevented,0,2026-05-07,raw/api_football/fixture_statistics/2026-04-29/fixture_1208536_statistics.json
1208537,728,Rayo Vallecano,Shots on Goal,6,2026-05-07,raw/api_football/fixture_statistics/2026-04-29/fixture_1208537_statistics.json
1208537,728,Rayo Vallecano,Shots off Goal,8,2026-05-07,raw/api_football/fixture_statistics/2026-04-29/fixture_1208537_statistics.json
1208537,728,Rayo Vallecano,Total Shots,17,2026-05-07,raw/api_football/fixture_statistics/2026-04-29/fixture_1208537_statistics.json
1208537,728,Rayo Vallecano,Blocked Shots,3,2026-05-07,raw/api_football/fixture_statistics/2026-04-29/fixture_1208537_statistics.json
1208537,728,Rayo Vallecano,Shots insidebox,11,2026-05-07,raw/api_football/fixture_statistics/2026-04-29/fixture_1208537_statistics.json
1208537,728,Rayo Vallecano,Shots outsidebox,6,2026-05-07,raw/api_football/fixture_statistics/2026-04-29/fixture_1208537_statistics.json
1208537,728,Rayo Vallecano,Fouls,12,2026-05-07,raw/api_football/fixture_statistics/2026-04-29/fixture_1208537_statistics.json
1208537,728,Rayo Vallecano,Corner Kicks,7,2026-05-07,raw/api_football/fixture_statistics/2026-04-29/fixture_1208537_statistics.json
1208537,728,Rayo Vallecano,Offsides,3,2026-05-07,raw/api_football/fixture_statistics/2026-04-29/fixture_1208537_statistics.json
1208537,728,Rayo Vallecano,Ball Possession,66%,2026-05-07,raw/api_football/fixture_statistics/2026-04-29/fixture_1208537_statistics.json
1208537,728,Rayo Vallecano,Yellow Cards,3,2026-05-07,raw/api_football/fixture_statistics/2026-04-29/fixture_1208537_statistics.json
1208537,728,Rayo Vallecano,Red Cards,,2026-05-07,raw/api_football/fixture_statistics/2026-04-29/fixture_1208537_statistics.json
1208537,728,Rayo Vallecano,Goalkeeper Saves,1,2026-05-07,raw/api_football/fixture_statistics/2026-04-29/fixture_1208537_statistics.json
1208537,728,Rayo Vallecano,Total passes,485,2026-05-07,raw/api_football/fixture_statistics/2026-04-29/fixture_1208537_statistics.json
1208537,728,Rayo Vallecano,Passes accurate,386,2026-05-07,raw/api_football/fixture_statistics/2026-04-29/fixture_1208537_statistics.json
1208537,728,Rayo Vallecano,Passes %,80%,2026-05-07,raw/api_football/fixture_statistics/2026-04-29/fixture_1208537_statistics.json
1208537,728,Rayo Vallecano,expected_goals,1.68,2026-05-07,raw/api_football/fixture_statistics/2026-04-29/fixture_1208537_statistics.json
1208537,728,Rayo Vallecano,goals_prevented,-1,2026-05-07,raw/api_football/fixture_statistics/2026-04-29/fixture_1208537_statistics.json
1208537,727,Osasuna,Shots on Goal,2,2026-05-07,raw/api_football/fixture_statistics/2026-04-29/fixture_1208537_statistics.json
1208537,727,Osasuna,Shots off Goal,3,2026-05-07,raw/api_football/fixture_statistics/2026-04-29/fixture_1208537_statistics.json
1208537,727,Osasuna,Total Shots,5,2026-05-07,raw/api_football/fixture_statistics/2026-04-29/fixture_1208537_statistics.json
1208537,727,Osasuna,Blocked Shots,0,2026-05-07,raw/api_football/fixture_statistics/2026-04-29/fixture_1208537_statistics.json
1208537,727,Osasuna,Shots insidebox,4,2026-05-07,raw/api_football/fixture_statistics/2026-04-29/fixture_1208537_statistics.json
1208537,727,Osasuna,Shots outsidebox,1,2026-05-07,raw/api_football/fixture_statistics/2026-04-29/fixture_1208537_statistics.json
1208537,727,Osasuna,Fouls,15,2026-05-07,raw/api_football/fixture_statistics/2026-04-29/fixture_1208537_statistics.json
1208537,727,Osasuna,Corner Kicks,4,2026-05-07,raw/api_football/fixture_statistics/2026-04-29/fixture_1208537_statistics.json
1208537,727,Osasuna,Offsides,0,2026-05-07,raw/api_football/fixture_statistics/2026-04-29/fixture_1208537_statistics.json
1208537,727,Osasuna,Ball Possession,34%,2026-05-07,raw/api_football/fixture_statistics/2026-04-29/fixture_1208537_statistics.json
1208537,727,Osasuna,Yellow Cards,2,2026-05-07,raw/api_football/fixture_statistics/2026-04-29/fixture_1208537_statistics.json
1208537,727,Osasuna,Red Cards,,2026-05-07,raw/api_football/fixture_statistics/2026-04-29/fixture_1208537_statistics.json
1208537,727,Osasuna,Goalkeeper Saves,3,2026-05-07,raw/api_football/fixture_statistics/2026-04-29/fixture_1208537_statistics.json
1208537,727,Osasuna,Total passes,250,2026-05-07,raw/api_football/fixture_statistics/2026-04-29/fixture_1208537_statistics.json
1208537,727,Osasuna,Passes accurate,146,2026-05-07,raw/api_football/fixture_statistics/2026-04-29/fixture_1208537_statistics.json
1208537,727,Osasuna,Passes %,58%,2026-05-07,raw/api_football/fixture_statistics/2026-04-29/fixture_1208537_statistics.json
1208537,727,Osasuna,expected_goals,0.33,2026-05-07,raw/api_football/fixture_statistics/2026-04-29/fixture_1208537_statistics.json
1208537,727,Osasuna,goals_prevented,-1,2026-05-07,raw/api_football/fixture_statistics/2026-04-29/fixture_1208537_statistics.json
1208538,548,Real Sociedad,Shots on Goal,2,2026-05-07,raw/api_football/fixture_statistics/2026-04-29/fixture_1208538_statistics.json
1208538,548,Real Sociedad,Shots off Goal,5,2026-05-07,raw/api_football/fixture_statistics/2026-04-29/fixture_1208538_statistics.json
1208538,548,Real Sociedad,Total Shots,11,2026-05-07,raw/api_football/fixture_statistics/2026-04-29/fixture_1208538_statistics.json
1208538,548,Real Sociedad,Blocked Shots,4,2026-05-07,raw/api_football/fixture_statistics/2026-04-29/fixture_1208538_statistics.json
1208538,548,Real Sociedad,Shots insidebox,7,2026-05-07,raw/api_football/fixture_statistics/2026-04-29/fixture_1208538_statistics.json
1208538,548,Real Sociedad,Shots outsidebox,4,2026-05-07,raw/api_football/fixture_statistics/2026-04-29/fixture_1208538_statistics.json
1208538,548,Real Sociedad,Fouls,12,2026-05-07,raw/api_football/fixture_statistics/2026-04-29/fixture_1208538_statistics.json
1208538,548,Real Sociedad,Corner Kicks,6,2026-05-07,raw/api_football/fixture_statistics/2026-04-29/fixture_1208538_statistics.json
1208538,548,Real Sociedad,Offsides,2,2026-05-07,raw/api_football/fixture_statistics/2026-04-29/fixture_1208538_statistics.json
1208538,548,Real Sociedad,Ball Possession,48%,2026-05-07,raw/api_football/fixture_statistics/2026-04-29/fixture_1208538_statistics.json
1208538,548,Real Sociedad,Yellow Cards,4,2026-05-07,raw/api_football/fixture_statistics/2026-04-29/fixture_1208538_statistics.json
1208538,548,Real Sociedad,Red Cards,,2026-05-07,raw/api_football/fixture_statistics/2026-04-29/fixture_1208538_statistics.json
1208538,548,Real Sociedad,Goalkeeper Saves,4,2026-05-07,raw/api_football/fixture_statistics/2026-04-29/fixture_1208538_statistics.json
1208538,548,Real Sociedad,Total passes,453,2026-05-07,raw/api_football/fixture_statistics/2026-04-29/fixture_1208538_statistics.json
1208538,548,Real Sociedad,Passes accurate,393,2026-05-07,raw/api_football/fixture_statistics/2026-04-29/fixture_1208538_statistics.json
1208538,548,Real Sociedad,Passes %,87%,2026-05-07,raw/api_football/fixture_statistics/2026-04-29/fixture_1208538_statistics.json
1208538,548,Real Sociedad,expected_goals,1.07,2026-05-07,raw/api_football/fixture_statistics/2026-04-29/fixture_1208538_statistics.json
1208538,548,Real Sociedad,goals_prevented,0,2026-05-07,raw/api_football/fixture_statistics/2026-04-29/fixture_1208538_statistics.json
1208538,541,Real Madrid,Shots on Goal,6,2026-05-07,raw/api_football/fixture_statistics/2026-04-29/fixture_1208538_statistics.json
1208538,541,Real Madrid,Shots off Goal,2,2026-05-07,raw/api_football/fixture_statistics/2026-04-29/fixture_1208538_statistics.json
1208538,541,Real Madrid,Total Shots,16,2026-05-07,raw/api_football/fixture_statistics/2026-04-29/fixture_1208538_statistics.json
1208538,541,Real Madrid,Blocked Shots,8,2026-05-07,raw/api_football/fixture_statistics/2026-04-29/fixture_1208538_statistics.json
1208538,541,Real Madrid,Shots insidebox,10,2026-05-07,raw/api_football/fixture_statistics/2026-04-29/fixture_1208538_statistics.json
1208538,541,Real Madrid,Shots outsidebox,6,2026-05-07,raw/api_football/fixture_statistics/2026-04-29/fixture_1208538_statistics.json
1208538,541,Real Madrid,Fouls,9,2026-05-07,raw/api_football/fixture_statistics/2026-04-29/fixture_1208538_statistics.json
1208538,541,Real Madrid,Corner Kicks,6,2026-05-07,raw/api_football/fixture_statistics/2026-04-29/fixture_1208538_statistics.json
1208538,541,Real Madrid,Offsides,1,2026-05-07,raw/api_football/fixture_statistics/2026-04-29/fixture_1208538_statistics.json
1208538,541,Real Madrid,Ball Possession,52%,2026-05-07,raw/api_football/fixture_statistics/2026-04-29/fixture_1208538_statistics.json
1208538,541,Real Madrid,Yellow Cards,1,2026-05-07,raw/api_football/fixture_statistics/2026-04-29/fixture_1208538_statistics.json
1208538,541,Real Madrid,Red Cards,,2026-05-07,raw/api_football/fixture_statistics/2026-04-29/fixture_1208538_statistics.json
1208538,541,Real Madrid,Goalkeeper Saves,2,2026-05-07,raw/api_football/fixture_statistics/2026-04-29/fixture_1208538_statistics.json
1208538,541,Real Madrid,Total passes,494,2026-05-07,raw/api_football/fixture_statistics/2026-04-29/fixture_1208538_statistics.json
1208538,541,Real Madrid,Passes accurate,437,2026-05-07,raw/api_football/fixture_statistics/2026-04-29/fixture_1208538_statistics.json
1208538,541,Real Madrid,Passes %,88%,2026-05-07,raw/api_football/fixture_statistics/2026-04-29/fixture_1208538_statistics.json
1208538,541,Real Madrid,expected_goals,2.38,2026-05-07,raw/api_football/fixture_statistics/2026-04-29/fixture_1208538_statistics.json
1208538,541,Real Madrid,goals_prevented,0,2026-05-07,raw/api_football/fixture_statistics/2026-04-29/fixture_1208538_statistics.json
1208550,798,Mallorca,Shots on Goal,4,2026-05-07,raw/api_football/fixture_statistics/2026-04-29/fixture_1208550_statistics.json
1208550,798,Mallorca,Shots off Goal,5,2026-05-07,raw/api_football/fixture_statistics/2026-04-29/fixture_1208550_statistics.json
1208550,798,Mallorca,Total Shots,10,2026-05-07,raw/api_football/fixture_statistics/2026-04-29/fixture_1208550_statistics.json
1208550,798,Mallorca,Blocked Shots,1,2026-05-07,raw/api_football/fixture_statistics/2026-04-29/fixture_1208550_statistics.json
1208550,798,Mallorca,Shots insidebox,8,2026-05-07,raw/api_football/fixture_statistics/2026-04-29/fixture_1208550_statistics.json
1208550,798,Mallorca,Shots outsidebox,2,2026-05-07,raw/api_football/fixture_statistics/2026-04-29/fixture_1208550_statistics.json
1208550,798,Mallorca,Fouls,5,2026-05-07,raw/api_football/fixture_statistics/2026-04-29/fixture_1208550_statistics.json
1208550,798,Mallorca,Corner Kicks,5,2026-05-07,raw/api_football/fixture_statistics/2026-04-29/fixture_1208550_statistics.json
1208550,798,Mallorca,Offsides,3,2026-05-07,raw/api_football/fixture_statistics/2026-04-29/fixture_1208550_statistics.json
1208550,798,Mallorca,Ball Possession,40%,2026-05-07,raw/api_football/fixture_statistics/2026-04-29/fixture_1208550_statistics.json
1208550,798,Mallorca,Yellow Cards,1,2026-05-07,raw/api_football/fixture_statistics/2026-04-29/fixture_1208550_statistics.json
1208550,798,Mallorca,Red Cards,,2026-05-07,raw/api_football/fixture_statistics/2026-04-29/fixture_1208550_statistics.json
1208550,798,Mallorca,Goalkeeper Saves,5,2026-05-07,raw/api_football/fixture_statistics/2026-04-29/fixture_1208550_statistics.json
1208550,798,Mallorca,Total passes,364,2026-05-07,raw/api_football/fixture_statistics/2026-04-29/fixture_1208550_statistics.json
1208550,798,Mallorca,Passes accurate,280,2026-05-07,raw/api_football/fixture_statistics/2026-04-29/fixture_1208550_statistics.json
1208550,798,Mallorca,Passes %,77%,2026-05-07,raw/api_football/fixture_statistics/2026-04-29/fixture_1208550_statistics.json
1208550,798,Mallorca,expected_goals,1.19,2026-05-07,raw/api_football/fixture_statistics/2026-04-29/fixture_1208550_statistics.json
1208550,798,Mallorca,goals_prevented,0,2026-05-07,raw/api_football/fixture_statistics/2026-04-29/fixture_1208550_statistics.json
1208550,548,Real Sociedad,Shots on Goal,5,2026-05-07,raw/api_football/fixture_statistics/2026-04-29/fixture_1208550_statistics.json
1208550,548,Real Sociedad,Shots off Goal,6,2026-05-07,raw/api_football/fixture_statistics/2026-04-29/fixture_1208550_statistics.json
1208550,548,Real Sociedad,Total Shots,13,2026-05-07,raw/api_football/fixture_statistics/2026-04-29/fixture_1208550_statistics.json
1208550,548,Real Sociedad,Blocked Shots,2,2026-05-07,raw/api_football/fixture_statistics/2026-04-29/fixture_1208550_statistics.json
1208550,548,Real Sociedad,Shots insidebox,6,2026-05-07,raw/api_football/fixture_statistics/2026-04-29/fixture_1208550_statistics.json
1208550,548,Real Sociedad,Shots outsidebox,7,2026-05-07,raw/api_football/fixture_statistics/2026-04-29/fixture_1208550_statistics.json
1208550,548,Real Sociedad,Fouls,10,2026-05-07,raw/api_football/fixture_statistics/2026-04-29/fixture_1208550_statistics.json
1208550,548,Real Sociedad,Corner Kicks,5,2026-05-07,raw/api_football/fixture_statistics/2026-04-29/fixture_1208550_statistics.json
1208550,548,Real Sociedad,Offsides,1,2026-05-07,raw/api_football/fixture_statistics/2026-04-29/fixture_1208550_statistics.json
1208550,548,Real Sociedad,Ball Possession,60%,2026-05-07,raw/api_football/fixture_statistics/2026-04-29/fixture_1208550_statistics.json
1208550,548,Real Sociedad,Yellow Cards,1,2026-05-07,raw/api_football/fixture_statistics/2026-04-29/fixture_1208550_statistics.json
1208550,548,Real Sociedad,Red Cards,,2026-05-07,raw/api_football/fixture_statistics/2026-04-29/fixture_1208550_statistics.json
1208550,548,Real Sociedad,Goalkeeper Saves,3,2026-05-07,raw/api_football/fixture_statistics/2026-04-29/fixture_1208550_statistics.json
1208550,548,Real Sociedad,Total passes,537,2026-05-07,raw/api_football/fixture_statistics/2026-04-29/fixture_1208550_statistics.json
1208550,548,Real Sociedad,Passes accurate,448,2026-05-07,raw/api_football/fixture_statistics/2026-04-29/fixture_1208550_statistics.json
1208550,548,Real Sociedad,Passes %,83%,2026-05-07,raw/api_football/fixture_statistics/2026-04-29/fixture_1208550_statistics.json
1208550,548,Real Sociedad,expected_goals,0.59,2026-05-07,raw/api_football/fixture_statistics/2026-04-29/fixture_1208550_statistics.json
1208550,548,Real Sociedad,goals_prevented,0,2026-05-07,raw/api_football/fixture_statistics/2026-04-29/fixture_1208550_statistics.json
1212912,530,Atletico Madrid,Shots on Goal,7,2026-05-07,raw/api_football/fixture_statistics/2026-04-29/fixture_1212912_statistics.json
1212912,530,Atletico Madrid,Shots off Goal,10,2026-05-07,raw/api_football/fixture_statistics/2026-04-29/fixture_1212912_statistics.json
1212912,530,Atletico Madrid,Total Shots,25,2026-05-07,raw/api_football/fixture_statistics/2026-04-29/fixture_1212912_statistics.json
1212912,530,Atletico Madrid,Blocked Shots,8,2026-05-07,raw/api_football/fixture_statistics/2026-04-29/fixture_1212912_statistics.json
1212912,530,Atletico Madrid,Shots insidebox,18,2026-05-07,raw/api_football/fixture_statistics/2026-04-29/fixture_1212912_statistics.json
1212912,530,Atletico Madrid,Shots outsidebox,7,2026-05-07,raw/api_football/fixture_statistics/2026-04-29/fixture_1212912_statistics.json
1212912,530,Atletico Madrid,Fouls,6,2026-05-07,raw/api_football/fixture_statistics/2026-04-29/fixture_1212912_statistics.json
1212912,530,Atletico Madrid,Corner Kicks,9,2026-05-07,raw/api_football/fixture_statistics/2026-04-29/fixture_1212912_statistics.json
1212912,530,Atletico Madrid,Offsides,6,2026-05-07,raw/api_football/fixture_statistics/2026-04-29/fixture_1212912_statistics.json
1212912,530,Atletico Madrid,Ball Possession,62%,2026-05-07,raw/api_football/fixture_statistics/2026-04-29/fixture_1212912_statistics.json
1212912,530,Atletico Madrid,Yellow Cards,0,2026-05-07,raw/api_football/fixture_statistics/2026-04-29/fixture_1212912_statistics.json
1212912,530,Atletico Madrid,Red Cards,,2026-05-07,raw/api_football/fixture_statistics/2026-04-29/fixture_1212912_statistics.json
1212912,530,Atletico Madrid,Goalkeeper Saves,1,2026-05-07,raw/api_football/fixture_statistics/2026-04-29/fixture_1212912_statistics.json
1212912,530,Atletico Madrid,Total passes,595,2026-05-07,raw/api_football/fixture_statistics/2026-04-29/fixture_1212912_statistics.json
1212912,530,Atletico Madrid,Passes accurate,523,2026-05-07,raw/api_football/fixture_statistics/2026-04-29/fixture_1212912_statistics.json
1212912,530,Atletico Madrid,Passes %,88%,2026-05-07,raw/api_football/fixture_statistics/2026-04-29/fixture_1212912_statistics.json
1212912,530,Atletico Madrid,expected_goals,2.47,2026-05-07,raw/api_football/fixture_statistics/2026-04-29/fixture_1212912_statistics.json
1212912,530,Atletico Madrid,goals_prevented,1,2026-05-07,raw/api_football/fixture_statistics/2026-04-29/fixture_1212912_statistics.json
1212912,540,Espanyol,Shots on Goal,1,2026-05-07,raw/api_football/fixture_statistics/2026-04-29/fixture_1212912_statistics.json
1212912,540,Espanyol,Shots off Goal,7,2026-05-07,raw/api_football/fixture_statistics/2026-04-29/fixture_1212912_statistics.json
1212912,540,Espanyol,Total Shots,8,2026-05-07,raw/api_football/fixture_statistics/2026-04-29/fixture_1212912_statistics.json
1212912,540,Espanyol,Blocked Shots,0,2026-05-07,raw/api_football/fixture_statistics/2026-04-29/fixture_1212912_statistics.json
1212912,540,Espanyol,Shots insidebox,4,2026-05-07,raw/api_football/fixture_statistics/2026-04-29/fixture_1212912_statistics.json
1212912,540,Espanyol,Shots outsidebox,4,2026-05-07,raw/api_football/fixture_statistics/2026-04-29/fixture_1212912_statistics.json
1212912,540,Espanyol,Fouls,9,2026-05-07,raw/api_football/fixture_statistics/2026-04-29/fixture_1212912_statistics.json
1212912,540,Espanyol,Corner Kicks,3,2026-05-07,raw/api_football/fixture_statistics/2026-04-29/fixture_1212912_statistics.json
1212912,540,Espanyol,Offsides,0,2026-05-07,raw/api_football/fixture_statistics/2026-04-29/fixture_1212912_statistics.json
1212912,540,Espanyol,Ball Possession,38%,2026-05-07,raw/api_football/fixture_statistics/2026-04-29/fixture_1212912_statistics.json
1212912,540,Espanyol,Yellow Cards,2,2026-05-07,raw/api_football/fixture_statistics/2026-04-29/fixture_1212912_statistics.json
1212912,540,Espanyol,Red Cards,,2026-05-07,raw/api_football/fixture_statistics/2026-04-29/fixture_1212912_statistics.json
1212912,540,Espanyol,Goalkeeper Saves,7,2026-05-07,raw/api_football/fixture_statistics/2026-04-29/fixture_1212912_statistics.json
1212912,540,Espanyol,Total passes,362,2026-05-07,raw/api_football/fixture_statistics/2026-04-29/fixture_1212912_statistics.json
1212912,540,Espanyol,Passes accurate,289,2026-05-07,raw/api_football/fixture_statistics/2026-04-29/fixture_1212912_statistics.json
1212912,540,Espanyol,Passes %,80%,2026-05-07,raw/api_football/fixture_statistics/2026-04-29/fixture_1212912_statistics.json
1212912,540,Espanyol,expected_goals,0.61,2026-05-07,raw/api_football/fixture_statistics/2026-04-29/fixture_1212912_statistics.json
1212912,540,Espanyol,goals_prevented,1,2026-05-07,raw/api_football/fixture_statistics/2026-04-29/fixture_1212912_statistics.json
1212913,540,Espanyol,Shots on Goal,3,2026-05-07,raw/api_football/fixture_statistics/2026-04-29/fixture_1212913_statistics.json
1212913,540,Espanyol,Shots off Goal,4,2026-05-07,raw/api_football/fixture_statistics/2026-04-29/fixture_1212913_statistics.json
1212913,540,Espanyol,Total Shots,10,2026-05-07,raw/api_football/fixture_statistics/2026-04-29/fixture_1212913_statistics.json
1212913,540,Espanyol,Blocked Shots,3,2026-05-07,raw/api_football/fixture_statistics/2026-04-29/fixture_1212913_statistics.json
1212913,540,Espanyol,Shots insidebox,7,2026-05-07,raw/api_football/fixture_statistics/2026-04-29/fixture_1212913_statistics.json
1212913,540,Espanyol,Shots outsidebox,3,2026-05-07,raw/api_football/fixture_statistics/2026-04-29/fixture_1212913_statistics.json
1212913,540,Espanyol,Fouls,14,2026-05-07,raw/api_football/fixture_statistics/2026-04-29/fixture_1212913_statistics.json
1212913,540,Espanyol,Corner Kicks,3,2026-05-07,raw/api_football/fixture_statistics/2026-04-29/fixture_1212913_statistics.json
1212913,540,Espanyol,Offsides,0,2026-05-07,raw/api_football/fixture_statistics/2026-04-29/fixture_1212913_statistics.json
1212913,540,Espanyol,Ball Possession,47%,2026-05-07,raw/api_football/fixture_statistics/2026-04-29/fixture_1212913_statistics.json
1212913,540,Espanyol,Yellow Cards,3,2026-05-07,raw/api_football/fixture_statistics/2026-04-29/fixture_1212913_statistics.json
1212913,540,Espanyol,Red Cards,,2026-05-07,raw/api_football/fixture_statistics/2026-04-29/fixture_1212913_statistics.json
1212913,540,Espanyol,Goalkeeper Saves,4,2026-05-07,raw/api_football/fixture_statistics/2026-04-29/fixture_1212913_statistics.json
1212913,540,Espanyol,Total passes,355,2026-05-07,raw/api_football/fixture_statistics/2026-04-29/fixture_1212913_statistics.json
1212913,540,Espanyol,Passes accurate,276,2026-05-07,raw/api_football/fixture_statistics/2026-04-29/fixture_1212913_statistics.json
1212913,540,Espanyol,Passes %,78%,2026-05-07,raw/api_football/fixture_statistics/2026-04-29/fixture_1212913_statistics.json
1212913,540,Espanyol,expected_goals,1.73,2026-05-07,raw/api_football/fixture_statistics/2026-04-29/fixture_1212913_statistics.json
1212913,540,Espanyol,goals_prevented,0,2026-05-07,raw/api_football/fixture_statistics/2026-04-29/fixture_1212913_statistics.json
1212913,728,Rayo Vallecano,Shots on Goal,5,2026-05-07,raw/api_football/fixture_statistics/2026-04-29/fixture_1212913_statistics.json
1212913,728,Rayo Vallecano,Shots off Goal,7,2026-05-07,raw/api_football/fixture_statistics/2026-04-29/fixture_1212913_statistics.json
1212913,728,Rayo Vallecano,Total Shots,17,2026-05-07,raw/api_football/fixture_statistics/2026-04-29/fixture_1212913_statistics.json
1212913,728,Rayo Vallecano,Blocked Shots,5,2026-05-07,raw/api_football/fixture_statistics/2026-04-29/fixture_1212913_statistics.json
1212913,728,Rayo Vallecano,Shots insidebox,9,2026-05-07,raw/api_football/fixture_statistics/2026-04-29/fixture_1212913_statistics.json
1212913,728,Rayo Vallecano,Shots outsidebox,8,2026-05-07,raw/api_football/fixture_statistics/2026-04-29/fixture_1212913_statistics.json
1212913,728,Rayo Vallecano,Fouls,16,2026-05-07,raw/api_football/fixture_statistics/2026-04-29/fixture_1212913_statistics.json
1212913,728,Rayo Vallecano,Corner Kicks,7,2026-05-07,raw/api_football/fixture_statistics/2026-04-29/fixture_1212913_statistics.json
1212913,728,Rayo Vallecano,Offsides,2,2026-05-07,raw/api_football/fixture_statistics/2026-04-29/fixture_1212913_statistics.json
1212913,728,Rayo Vallecano,Ball Possession,53%,2026-05-07,raw/api_football/fixture_statistics/2026-04-29/fixture_1212913_statistics.json
1212913,728,Rayo Vallecano,Yellow Cards,2,2026-05-07,raw/api_football/fixture_statistics/2026-04-29/fixture_1212913_statistics.json
1212913,728,Rayo Vallecano,Red Cards,,2026-05-07,raw/api_football/fixture_statistics/2026-04-29/fixture_1212913_statistics.json
1212913,728,Rayo Vallecano,Goalkeeper Saves,1,2026-05-07,raw/api_football/fixture_statistics/2026-04-29/fixture_1212913_statistics.json
1212913,728,Rayo Vallecano,Total passes,390,2026-05-07,raw/api_football/fixture_statistics/2026-04-29/fixture_1212913_statistics.json
1212913,728,Rayo Vallecano,Passes accurate,318,2026-05-07,raw/api_football/fixture_statistics/2026-04-29/fixture_1212913_statistics.json
1212913,728,Rayo Vallecano,Passes %,82%,2026-05-07,raw/api_football/fixture_statistics/2026-04-29/fixture_1212913_statistics.json
1212913,728,Rayo Vallecano,expected_goals,1.35,2026-05-07,raw/api_football/fixture_statistics/2026-04-29/fixture_1212913_statistics.json
1212913,728,Rayo Vallecano,goals_prevented,0,2026-05-07,raw/api_football/fixture_statistics/2026-04-29/fixture_1212913_statistics.json
1212914,540,Espanyol,Shots on Goal,4,2026-05-07,raw/api_football/fixture_statistics/2026-04-29/fixture_1212914_statistics.json
1212914,540,Espanyol,Shots off Goal,4,2026-05-07,raw/api_football/fixture_statistics/2026-04-29/fixture_1212914_statistics.json
1212914,540,Espanyol,Total Shots,9,2026-05-07,raw/api_football/fixture_statistics/2026-04-29/fixture_1212914_statistics.json
1212914,540,Espanyol,Blocked Shots,1,2026-05-07,raw/api_football/fixture_statistics/2026-04-29/fixture_1212914_statistics.json
1212914,540,Espanyol,Shots insidebox,7,2026-05-07,raw/api_football/fixture_statistics/2026-04-29/fixture_1212914_statistics.json
1212914,540,Espanyol,Shots outsidebox,2,2026-05-07,raw/api_football/fixture_statistics/2026-04-29/fixture_1212914_statistics.json
1212914,540,Espanyol,Fouls,17,2026-05-07,raw/api_football/fixture_statistics/2026-04-29/fixture_1212914_statistics.json
1212914,540,Espanyol,Corner Kicks,0,2026-05-07,raw/api_football/fixture_statistics/2026-04-29/fixture_1212914_statistics.json
1212914,540,Espanyol,Offsides,3,2026-05-07,raw/api_football/fixture_statistics/2026-04-29/fixture_1212914_statistics.json
1212914,540,Espanyol,Ball Possession,38%,2026-05-07,raw/api_football/fixture_statistics/2026-04-29/fixture_1212914_statistics.json
1212914,540,Espanyol,Yellow Cards,2,2026-05-07,raw/api_football/fixture_statistics/2026-04-29/fixture_1212914_statistics.json
1212914,540,Espanyol,Red Cards,,2026-05-07,raw/api_football/fixture_statistics/2026-04-29/fixture_1212914_statistics.json
1212914,540,Espanyol,Goalkeeper Saves,4,2026-05-07,raw/api_football/fixture_statistics/2026-04-29/fixture_1212914_statistics.json
1212914,540,Espanyol,Total passes,266,2026-05-07,raw/api_football/fixture_statistics/2026-04-29/fixture_1212914_statistics.json
1212914,540,Espanyol,Passes accurate,202,2026-05-07,raw/api_football/fixture_statistics/2026-04-29/fixture_1212914_statistics.json
1212914,540,Espanyol,Passes %,76%,2026-05-07,raw/api_football/fixture_statistics/2026-04-29/fixture_1212914_statistics.json
1212914,540,Espanyol,expected_goals,1.56,2026-05-07,raw/api_football/fixture_statistics/2026-04-29/fixture_1212914_statistics.json
1212914,540,Espanyol,goals_prevented,0,2026-05-07,raw/api_football/fixture_statistics/2026-04-29/fixture_1212914_statistics.json
1212914,542,Alaves,Shots on Goal,6,2026-05-07,raw/api_football/fixture_statistics/2026-04-29/fixture_1212914_statistics.json
1212914,542,Alaves,Shots off Goal,7,2026-05-07,raw/api_football/fixture_statistics/2026-04-29/fixture_1212914_statistics.json
1212914,542,Alaves,Total Shots,19,2026-05-07,raw/api_football/fixture_statistics/2026-04-29/fixture_1212914_statistics.json
1212914,542,Alaves,Blocked Shots,6,2026-05-07,raw/api_football/fixture_statistics/2026-04-29/fixture_1212914_statistics.json
1212914,542,Alaves,Shots insidebox,16,2026-05-07,raw/api_football/fixture_statistics/2026-04-29/fixture_1212914_statistics.json
1212914,542,Alaves,Shots outsidebox,3,2026-05-07,raw/api_football/fixture_statistics/2026-04-29/fixture_1212914_statistics.json
1212914,542,Alaves,Fouls,14,2026-05-07,raw/api_football/fixture_statistics/2026-04-29/fixture_1212914_statistics.json
1212914,542,Alaves,Corner Kicks,5,2026-05-07,raw/api_football/fixture_statistics/2026-04-29/fixture_1212914_statistics.json
1212914,542,Alaves,Offsides,0,2026-05-07,raw/api_football/fixture_statistics/2026-04-29/fixture_1212914_statistics.json
1212914,542,Alaves,Ball Possession,62%,2026-05-07,raw/api_football/fixture_statistics/2026-04-29/fixture_1212914_statistics.json
1212914,542,Alaves,Yellow Cards,3,2026-05-07,raw/api_football/fixture_statistics/2026-04-29/fixture_1212914_statistics.json
1212914,542,Alaves,Red Cards,,2026-05-07,raw/api_football/fixture_statistics/2026-04-29/fixture_1212914_statistics.json
1212914,542,Alaves,Goalkeeper Saves,1,2026-05-07,raw/api_football/fixture_statistics/2026-04-29/fixture_1212914_statistics.json
1212914,542,Alaves,Total passes,429,2026-05-07,raw/api_football/fixture_statistics/2026-04-29/fixture_1212914_statistics.json
1212914,542,Alaves,Passes accurate,335,2026-05-07,raw/api_football/fixture_statistics/2026-04-29/fixture_1212914_statistics.json
1212914,542,Alaves,Passes %,78%,2026-05-07,raw/api_football/fixture_statistics/2026-04-29/fixture_1212914_statistics.json
1212914,542,Alaves,expected_goals,2.26,2026-05-07,raw/api_football/fixture_statistics/2026-04-29/fixture_1212914_statistics.json
1212914,542,Alaves,goals_prevented,0,2026-05-07,raw/api_football/fixture_statistics/2026-04-29/fixture_1212914_statistics.json
1208494,531,Athletic Club,Shots on Goal,4,2026-05-07,raw/api_football/fixture_statistics/2026-04-30/fixture_1208494_statistics.json
1208494,531,Athletic Club,Shots off Goal,1,2026-05-07,raw/api_football/fixture_statistics/2026-04-30/fixture_1208494_statistics.json
1208494,531,Athletic Club,Total Shots,7,2026-05-07,raw/api_football/fixture_statistics/2026-04-30/fixture_1208494_statistics.json
1208494,531,Athletic Club,Blocked Shots,2,2026-05-07,raw/api_football/fixture_statistics/2026-04-30/fixture_1208494_statistics.json
1208494,531,Athletic Club,Shots insidebox,1,2026-05-07,raw/api_football/fixture_statistics/2026-04-30/fixture_1208494_statistics.json
1208494,531,Athletic Club,Shots outsidebox,6,2026-05-07,raw/api_football/fixture_statistics/2026-04-30/fixture_1208494_statistics.json
1208494,531,Athletic Club,Fouls,15,2026-05-07,raw/api_football/fixture_statistics/2026-04-30/fixture_1208494_statistics.json
1208494,531,Athletic Club,Corner Kicks,5,2026-05-07,raw/api_football/fixture_statistics/2026-04-30/fixture_1208494_statistics.json
1208494,531,Athletic Club,Offsides,2,2026-05-07,raw/api_football/fixture_statistics/2026-04-30/fixture_1208494_statistics.json
1208494,531,Athletic Club,Ball Possession,69%,2026-05-07,raw/api_football/fixture_statistics/2026-04-30/fixture_1208494_statistics.json
1208494,531,Athletic Club,Yellow Cards,4,2026-05-07,raw/api_football/fixture_statistics/2026-04-30/fixture_1208494_statistics.json
1208494,531,Athletic Club,Red Cards,,2026-05-07,raw/api_football/fixture_statistics/2026-04-30/fixture_1208494_statistics.json
1208494,531,Athletic Club,Goalkeeper Saves,1,2026-05-07,raw/api_football/fixture_statistics/2026-04-30/fixture_1208494_statistics.json
1208494,531,Athletic Club,Total passes,444,2026-05-07,raw/api_football/fixture_statistics/2026-04-30/fixture_1208494_statistics.json
1208494,531,Athletic Club,Passes accurate,352,2026-05-07,raw/api_football/fixture_statistics/2026-04-30/fixture_1208494_statistics.json
1208494,531,Athletic Club,Passes %,79%,2026-05-07,raw/api_football/fixture_statistics/2026-04-30/fixture_1208494_statistics.json
1208494,531,Athletic Club,expected_goals,0.33,2026-05-07,raw/api_football/fixture_statistics/2026-04-30/fixture_1208494_statistics.json
1208494,531,Athletic Club,goals_prevented,-0.08,2026-05-07,raw/api_football/fixture_statistics/2026-04-30/fixture_1208494_statistics.json
1208494,546,Getafe,Shots on Goal,2,2026-05-07,raw/api_football/fixture_statistics/2026-04-30/fixture_1208494_statistics.json
1208494,546,Getafe,Shots off Goal,5,2026-05-07,raw/api_football/fixture_statistics/2026-04-30/fixture_1208494_statistics.json
1208494,546,Getafe,Total Shots,9,2026-05-07,raw/api_football/fixture_statistics/2026-04-30/fixture_1208494_statistics.json
1208494,546,Getafe,Blocked Shots,2,2026-05-07,raw/api_football/fixture_statistics/2026-04-30/fixture_1208494_statistics.json
1208494,546,Getafe,Shots insidebox,5,2026-05-07,raw/api_football/fixture_statistics/2026-04-30/fixture_1208494_statistics.json
1208494,546,Getafe,Shots outsidebox,4,2026-05-07,raw/api_football/fixture_statistics/2026-04-30/fixture_1208494_statistics.json
1208494,546,Getafe,Fouls,12,2026-05-07,raw/api_football/fixture_statistics/2026-04-30/fixture_1208494_statistics.json
1208494,546,Getafe,Corner Kicks,6,2026-05-07,raw/api_football/fixture_statistics/2026-04-30/fixture_1208494_statistics.json
1208494,546,Getafe,Offsides,6,2026-05-07,raw/api_football/fixture_statistics/2026-04-30/fixture_1208494_statistics.json
1208494,546,Getafe,Ball Possession,31%,2026-05-07,raw/api_football/fixture_statistics/2026-04-30/fixture_1208494_statistics.json
1208494,546,Getafe,Yellow Cards,1,2026-05-07,raw/api_football/fixture_statistics/2026-04-30/fixture_1208494_statistics.json
1208494,546,Getafe,Red Cards,,2026-05-07,raw/api_football/fixture_statistics/2026-04-30/fixture_1208494_statistics.json
1208494,546,Getafe,Goalkeeper Saves,3,2026-05-07,raw/api_football/fixture_statistics/2026-04-30/fixture_1208494_statistics.json
1208494,546,Getafe,Total passes,194,2026-05-07,raw/api_football/fixture_statistics/2026-04-30/fixture_1208494_statistics.json
1208494,546,Getafe,Passes accurate,116,2026-05-07,raw/api_football/fixture_statistics/2026-04-30/fixture_1208494_statistics.json
1208494,546,Getafe,Passes %,60%,2026-05-07,raw/api_football/fixture_statistics/2026-04-30/fixture_1208494_statistics.json
1208494,546,Getafe,expected_goals,0.84,2026-05-07,raw/api_football/fixture_statistics/2026-04-30/fixture_1208494_statistics.json
1208494,546,Getafe,goals_prevented,-0.08,2026-05-07,raw/api_football/fixture_statistics/2026-04-30/fixture_1208494_statistics.json
1208495,543,Real Betis,Shots on Goal,4,2026-05-07,raw/api_football/fixture_statistics/2026-04-30/fixture_1208495_statistics.json
1208495,543,Real Betis,Shots off Goal,10,2026-05-07,raw/api_football/fixture_statistics/2026-04-30/fixture_1208495_statistics.json
1208495,543,Real Betis,Total Shots,19,2026-05-07,raw/api_football/fixture_statistics/2026-04-30/fixture_1208495_statistics.json
1208495,543,Real Betis,Blocked Shots,5,2026-05-07,raw/api_football/fixture_statistics/2026-04-30/fixture_1208495_statistics.json
1208495,543,Real Betis,Shots insidebox,10,2026-05-07,raw/api_football/fixture_statistics/2026-04-30/fixture_1208495_statistics.json
1208495,543,Real Betis,Shots outsidebox,9,2026-05-07,raw/api_football/fixture_statistics/2026-04-30/fixture_1208495_statistics.json
1208495,543,Real Betis,Fouls,11,2026-05-07,raw/api_football/fixture_statistics/2026-04-30/fixture_1208495_statistics.json
1208495,543,Real Betis,Corner Kicks,4,2026-05-07,raw/api_football/fixture_statistics/2026-04-30/fixture_1208495_statistics.json
1208495,543,Real Betis,Offsides,1,2026-05-07,raw/api_football/fixture_statistics/2026-04-30/fixture_1208495_statistics.json
1208495,543,Real Betis,Ball Possession,39%,2026-05-07,raw/api_football/fixture_statistics/2026-04-30/fixture_1208495_statistics.json
1208495,543,Real Betis,Yellow Cards,2,2026-05-07,raw/api_football/fixture_statistics/2026-04-30/fixture_1208495_statistics.json
1208495,543,Real Betis,Red Cards,,2026-05-07,raw/api_football/fixture_statistics/2026-04-30/fixture_1208495_statistics.json
1208495,543,Real Betis,Goalkeeper Saves,1,2026-05-07,raw/api_football/fixture_statistics/2026-04-30/fixture_1208495_statistics.json
1208495,543,Real Betis,Total passes,370,2026-05-07,raw/api_football/fixture_statistics/2026-04-30/fixture_1208495_statistics.json
1208495,543,Real Betis,Passes accurate,305,2026-05-07,raw/api_football/fixture_statistics/2026-04-30/fixture_1208495_statistics.json
1208495,543,Real Betis,Passes %,82%,2026-05-07,raw/api_football/fixture_statistics/2026-04-30/fixture_1208495_statistics.json
1208495,543,Real Betis,expected_goals,1.38,2026-05-07,raw/api_football/fixture_statistics/2026-04-30/fixture_1208495_statistics.json
1208495,543,Real Betis,goals_prevented,0.35,2026-05-07,raw/api_football/fixture_statistics/2026-04-30/fixture_1208495_statistics.json
1208495,547,Girona,Shots on Goal,2,2026-05-07,raw/api_football/fixture_statistics/2026-04-30/fixture_1208495_statistics.json
1208495,547,Girona,Shots off Goal,6,2026-05-07,raw/api_football/fixture_statistics/2026-04-30/fixture_1208495_statistics.json
1208495,547,Girona,Total Shots,13,2026-05-07,raw/api_football/fixture_statistics/2026-04-30/fixture_1208495_statistics.json
1208495,547,Girona,Blocked Shots,5,2026-05-07,raw/api_football/fixture_statistics/2026-04-30/fixture_1208495_statistics.json
1208495,547,Girona,Shots insidebox,7,2026-05-07,raw/api_football/fixture_statistics/2026-04-30/fixture_1208495_statistics.json
1208495,547,Girona,Shots outsidebox,6,2026-05-07,raw/api_football/fixture_statistics/2026-04-30/fixture_1208495_statistics.json
1208495,547,Girona,Fouls,7,2026-05-07,raw/api_football/fixture_statistics/2026-04-30/fixture_1208495_statistics.json
1208495,547,Girona,Corner Kicks,4,2026-05-07,raw/api_football/fixture_statistics/2026-04-30/fixture_1208495_statistics.json
1208495,547,Girona,Offsides,3,2026-05-07,raw/api_football/fixture_statistics/2026-04-30/fixture_1208495_statistics.json
1208495,547,Girona,Ball Possession,61%,2026-05-07,raw/api_football/fixture_statistics/2026-04-30/fixture_1208495_statistics.json
1208495,547,Girona,Yellow Cards,0,2026-05-07,raw/api_football/fixture_statistics/2026-04-30/fixture_1208495_statistics.json
1208495,547,Girona,Red Cards,,2026-05-07,raw/api_football/fixture_statistics/2026-04-30/fixture_1208495_statistics.json
1208495,547,Girona,Goalkeeper Saves,3,2026-05-07,raw/api_football/fixture_statistics/2026-04-30/fixture_1208495_statistics.json
1208495,547,Girona,Total passes,577,2026-05-07,raw/api_football/fixture_statistics/2026-04-30/fixture_1208495_statistics.json
1208495,547,Girona,Passes accurate,507,2026-05-07,raw/api_football/fixture_statistics/2026-04-30/fixture_1208495_statistics.json
1208495,547,Girona,Passes %,88%,2026-05-07,raw/api_football/fixture_statistics/2026-04-30/fixture_1208495_statistics.json
1208495,547,Girona,expected_goals,1.58,2026-05-07,raw/api_football/fixture_statistics/2026-04-30/fixture_1208495_statistics.json
1208495,547,Girona,goals_prevented,0.35,2026-05-07,raw/api_football/fixture_statistics/2026-04-30/fixture_1208495_statistics.json
1208496,798,Mallorca,Shots on Goal,5,2026-05-07,raw/api_football/fixture_statistics/2026-04-30/fixture_1208496_statistics.json
1208496,798,Mallorca,Shots off Goal,6,2026-05-07,raw/api_football/fixture_statistics/2026-04-30/fixture_1208496_statistics.json
1208496,798,Mallorca,Total Shots,12,2026-05-07,raw/api_football/fixture_statistics/2026-04-30/fixture_1208496_statistics.json
1208496,798,Mallorca,Blocked Shots,1,2026-05-07,raw/api_football/fixture_statistics/2026-04-30/fixture_1208496_statistics.json
1208496,798,Mallorca,Shots insidebox,8,2026-05-07,raw/api_football/fixture_statistics/2026-04-30/fixture_1208496_statistics.json
1208496,798,Mallorca,Shots outsidebox,4,2026-05-07,raw/api_football/fixture_statistics/2026-04-30/fixture_1208496_statistics.json
1208496,798,Mallorca,Fouls,11,2026-05-07,raw/api_football/fixture_statistics/2026-04-30/fixture_1208496_statistics.json
1208496,798,Mallorca,Corner Kicks,8,2026-05-07,raw/api_football/fixture_statistics/2026-04-30/fixture_1208496_statistics.json
1208496,798,Mallorca,Offsides,,2026-05-07,raw/api_football/fixture_statistics/2026-04-30/fixture_1208496_statistics.json
1208496,798,Mallorca,Ball Possession,34%,2026-05-07,raw/api_football/fixture_statistics/2026-04-30/fixture_1208496_statistics.json
1208496,798,Mallorca,Yellow Cards,1,2026-05-07,raw/api_football/fixture_statistics/2026-04-30/fixture_1208496_statistics.json
1208496,798,Mallorca,Red Cards,0,2026-05-07,raw/api_football/fixture_statistics/2026-04-30/fixture_1208496_statistics.json
1208496,798,Mallorca,Goalkeeper Saves,5,2026-05-07,raw/api_football/fixture_statistics/2026-04-30/fixture_1208496_statistics.json
1208496,798,Mallorca,Total passes,322,2026-05-07,raw/api_football/fixture_statistics/2026-04-30/fixture_1208496_statistics.json
1208496,798,Mallorca,Passes accurate,267,2026-05-07,raw/api_football/fixture_statistics/2026-04-30/fixture_1208496_statistics.json
1208496,798,Mallorca,Passes %,83%,2026-05-07,raw/api_football/fixture_statistics/2026-04-30/fixture_1208496_statistics.json
1208496,798,Mallorca,expected_goals,1.03,2026-05-07,raw/api_football/fixture_statistics/2026-04-30/fixture_1208496_statistics.json
1208496,798,Mallorca,goals_prevented,-0.39,2026-05-07,raw/api_football/fixture_statistics/2026-04-30/fixture_1208496_statistics.json
1208496,541,Real Madrid,Shots on Goal,5,2026-05-07,raw/api_football/fixture_statistics/2026-04-30/fixture_1208496_statistics.json
1208496,541,Real Madrid,Shots off Goal,5,2026-05-07,raw/api_football/fixture_statistics/2026-04-30/fixture_1208496_statistics.json
1208496,541,Real Madrid,Total Shots,13,2026-05-07,raw/api_football/fixture_statistics/2026-04-30/fixture_1208496_statistics.json
1208496,541,Real Madrid,Blocked Shots,3,2026-05-07,raw/api_football/fixture_statistics/2026-04-30/fixture_1208496_statistics.json
1208496,541,Real Madrid,Shots insidebox,6,2026-05-07,raw/api_football/fixture_statistics/2026-04-30/fixture_1208496_statistics.json
1208496,541,Real Madrid,Shots outsidebox,7,2026-05-07,raw/api_football/fixture_statistics/2026-04-30/fixture_1208496_statistics.json
1208496,541,Real Madrid,Fouls,6,2026-05-07,raw/api_football/fixture_statistics/2026-04-30/fixture_1208496_statistics.json
1208496,541,Real Madrid,Corner Kicks,7,2026-05-07,raw/api_football/fixture_statistics/2026-04-30/fixture_1208496_statistics.json
1208496,541,Real Madrid,Offsides,,2026-05-07,raw/api_football/fixture_statistics/2026-04-30/fixture_1208496_statistics.json
1208496,541,Real Madrid,Ball Possession,66%,2026-05-07,raw/api_football/fixture_statistics/2026-04-30/fixture_1208496_statistics.json
1208496,541,Real Madrid,Yellow Cards,0,2026-05-07,raw/api_football/fixture_statistics/2026-04-30/fixture_1208496_statistics.json
1208496,541,Real Madrid,Red Cards,1,2026-05-07,raw/api_football/fixture_statistics/2026-04-30/fixture_1208496_statistics.json
1208496,541,Real Madrid,Goalkeeper Saves,4,2026-05-07,raw/api_football/fixture_statistics/2026-04-30/fixture_1208496_statistics.json
1208496,541,Real Madrid,Total passes,667,2026-05-07,raw/api_football/fixture_statistics/2026-04-30/fixture_1208496_statistics.json
1208496,541,Real Madrid,Passes accurate,598,2026-05-07,raw/api_football/fixture_statistics/2026-04-30/fixture_1208496_statistics.json
1208496,541,Real Madrid,Passes %,90%,2026-05-07,raw/api_football/fixture_statistics/2026-04-30/fixture_1208496_statistics.json
1208496,541,Real Madrid,expected_goals,0.60,2026-05-07,raw/api_football/fixture_statistics/2026-04-30/fixture_1208496_statistics.json
1208496,541,Real Madrid,goals_prevented,-0.39,2026-05-07,raw/api_football/fixture_statistics/2026-04-30/fixture_1208496_statistics.json
1208497,534,Las Palmas,Shots on Goal,5,2026-05-07,raw/api_football/fixture_statistics/2026-04-30/fixture_1208497_statistics.json
1208497,534,Las Palmas,Shots off Goal,6,2026-05-07,raw/api_football/fixture_statistics/2026-04-30/fixture_1208497_statistics.json
1208497,534,Las Palmas,Total Shots,15,2026-05-07,raw/api_football/fixture_statistics/2026-04-30/fixture_1208497_statistics.json
1208497,534,Las Palmas,Blocked Shots,4,2026-05-07,raw/api_football/fixture_statistics/2026-04-30/fixture_1208497_statistics.json
1208497,534,Las Palmas,Shots insidebox,10,2026-05-07,raw/api_football/fixture_statistics/2026-04-30/fixture_1208497_statistics.json
1208497,534,Las Palmas,Shots outsidebox,5,2026-05-07,raw/api_football/fixture_statistics/2026-04-30/fixture_1208497_statistics.json
1208497,534,Las Palmas,Fouls,14,2026-05-07,raw/api_football/fixture_statistics/2026-04-30/fixture_1208497_statistics.json
1208497,534,Las Palmas,Corner Kicks,6,2026-05-07,raw/api_football/fixture_statistics/2026-04-30/fixture_1208497_statistics.json
1208497,534,Las Palmas,Offsides,1,2026-05-07,raw/api_football/fixture_statistics/2026-04-30/fixture_1208497_statistics.json
1208497,534,Las Palmas,Ball Possession,48%,2026-05-07,raw/api_football/fixture_statistics/2026-04-30/fixture_1208497_statistics.json
1208497,534,Las Palmas,Yellow Cards,2,2026-05-07,raw/api_football/fixture_statistics/2026-04-30/fixture_1208497_statistics.json
1208497,534,Las Palmas,Red Cards,,2026-05-07,raw/api_football/fixture_statistics/2026-04-30/fixture_1208497_statistics.json
1208497,534,Las Palmas,Goalkeeper Saves,4,2026-05-07,raw/api_football/fixture_statistics/2026-04-30/fixture_1208497_statistics.json
1208497,534,Las Palmas,Total passes,430,2026-05-07,raw/api_football/fixture_statistics/2026-04-30/fixture_1208497_statistics.json
1208497,534,Las Palmas,Passes accurate,345,2026-05-07,raw/api_football/fixture_statistics/2026-04-30/fixture_1208497_statistics.json
1208497,534,Las Palmas,Passes %,80%,2026-05-07,raw/api_football/fixture_statistics/2026-04-30/fixture_1208497_statistics.json
1208497,534,Las Palmas,expected_goals,1.41,2026-05-07,raw/api_football/fixture_statistics/2026-04-30/fixture_1208497_statistics.json
1208497,534,Las Palmas,goals_prevented,-0.87,2026-05-07,raw/api_football/fixture_statistics/2026-04-30/fixture_1208497_statistics.json
1208497,536,Sevilla,Shots on Goal,5,2026-05-07,raw/api_football/fixture_statistics/2026-04-30/fixture_1208497_statistics.json
1208497,536,Sevilla,Shots off Goal,10,2026-05-07,raw/api_football/fixture_statistics/2026-04-30/fixture_1208497_statistics.json
1208497,536,Sevilla,Total Shots,18,2026-05-07,raw/api_football/fixture_statistics/2026-04-30/fixture_1208497_statistics.json
1208497,536,Sevilla,Blocked Shots,3,2026-05-07,raw/api_football/fixture_statistics/2026-04-30/fixture_1208497_statistics.json
1208497,536,Sevilla,Shots insidebox,12,2026-05-07,raw/api_football/fixture_statistics/2026-04-30/fixture_1208497_statistics.json
1208497,536,Sevilla,Shots outsidebox,6,2026-05-07,raw/api_football/fixture_statistics/2026-04-30/fixture_1208497_statistics.json
1208497,536,Sevilla,Fouls,15,2026-05-07,raw/api_football/fixture_statistics/2026-04-30/fixture_1208497_statistics.json
1208497,536,Sevilla,Corner Kicks,3,2026-05-07,raw/api_football/fixture_statistics/2026-04-30/fixture_1208497_statistics.json
1208497,536,Sevilla,Offsides,2,2026-05-07,raw/api_football/fixture_statistics/2026-04-30/fixture_1208497_statistics.json
1208497,536,Sevilla,Ball Possession,52%,2026-05-07,raw/api_football/fixture_statistics/2026-04-30/fixture_1208497_statistics.json
1208497,536,Sevilla,Yellow Cards,2,2026-05-07,raw/api_football/fixture_statistics/2026-04-30/fixture_1208497_statistics.json
1208497,536,Sevilla,Red Cards,,2026-05-07,raw/api_football/fixture_statistics/2026-04-30/fixture_1208497_statistics.json
1208497,536,Sevilla,Goalkeeper Saves,4,2026-05-07,raw/api_football/fixture_statistics/2026-04-30/fixture_1208497_statistics.json
1208497,536,Sevilla,Total passes,481,2026-05-07,raw/api_football/fixture_statistics/2026-04-30/fixture_1208497_statistics.json
1208497,536,Sevilla,Passes accurate,393,2026-05-07,raw/api_football/fixture_statistics/2026-04-30/fixture_1208497_statistics.json
1208497,536,Sevilla,Passes %,82%,2026-05-07,raw/api_football/fixture_statistics/2026-04-30/fixture_1208497_statistics.json
1208497,536,Sevilla,expected_goals,1.85,2026-05-07,raw/api_football/fixture_statistics/2026-04-30/fixture_1208497_statistics.json
1208497,536,Sevilla,goals_prevented,-0.87,2026-05-07,raw/api_football/fixture_statistics/2026-04-30/fixture_1208497_statistics.json
1208498,533,Villarreal,Shots on Goal,3,2026-05-07,raw/api_football/fixture_statistics/2026-04-30/fixture_1208498_statistics.json
1208498,533,Villarreal,Shots off Goal,4,2026-05-07,raw/api_football/fixture_statistics/2026-04-30/fixture_1208498_statistics.json
1208498,533,Villarreal,Total Shots,9,2026-05-07,raw/api_football/fixture_statistics/2026-04-30/fixture_1208498_statistics.json
1208498,533,Villarreal,Blocked Shots,2,2026-05-07,raw/api_football/fixture_statistics/2026-04-30/fixture_1208498_statistics.json
1208498,533,Villarreal,Shots insidebox,6,2026-05-07,raw/api_football/fixture_statistics/2026-04-30/fixture_1208498_statistics.json
1208498,533,Villarreal,Shots outsidebox,3,2026-05-07,raw/api_football/fixture_statistics/2026-04-30/fixture_1208498_statistics.json
1208498,533,Villarreal,Fouls,7,2026-05-07,raw/api_football/fixture_statistics/2026-04-30/fixture_1208498_statistics.json
1208498,533,Villarreal,Corner Kicks,2,2026-05-07,raw/api_football/fixture_statistics/2026-04-30/fixture_1208498_statistics.json
1208498,533,Villarreal,Offsides,2,2026-05-07,raw/api_football/fixture_statistics/2026-04-30/fixture_1208498_statistics.json
1208498,533,Villarreal,Ball Possession,45%,2026-05-07,raw/api_football/fixture_statistics/2026-04-30/fixture_1208498_statistics.json
1208498,533,Villarreal,Yellow Cards,1,2026-05-07,raw/api_football/fixture_statistics/2026-04-30/fixture_1208498_statistics.json
1208498,533,Villarreal,Red Cards,,2026-05-07,raw/api_football/fixture_statistics/2026-04-30/fixture_1208498_statistics.json
1208498,533,Villarreal,Goalkeeper Saves,2,2026-05-07,raw/api_football/fixture_statistics/2026-04-30/fixture_1208498_statistics.json
1208498,533,Villarreal,Total passes,477,2026-05-07,raw/api_football/fixture_statistics/2026-04-30/fixture_1208498_statistics.json
1208498,533,Villarreal,Passes accurate,420,2026-05-07,raw/api_football/fixture_statistics/2026-04-30/fixture_1208498_statistics.json
1208498,533,Villarreal,Passes %,88%,2026-05-07,raw/api_football/fixture_statistics/2026-04-30/fixture_1208498_statistics.json
1208498,533,Villarreal,expected_goals,0.79,2026-05-07,raw/api_football/fixture_statistics/2026-04-30/fixture_1208498_statistics.json
1208498,533,Villarreal,goals_prevented,-1.24,2026-05-07,raw/api_football/fixture_statistics/2026-04-30/fixture_1208498_statistics.json
1208498,530,Atletico Madrid,Shots on Goal,4,2026-05-07,raw/api_football/fixture_statistics/2026-04-30/fixture_1208498_statistics.json
1208498,530,Atletico Madrid,Shots off Goal,4,2026-05-07,raw/api_football/fixture_statistics/2026-04-30/fixture_1208498_statistics.json
1208498,530,Atletico Madrid,Total Shots,9,2026-05-07,raw/api_football/fixture_statistics/2026-04-30/fixture_1208498_statistics.json
1208498,530,Atletico Madrid,Blocked Shots,1,2026-05-07,raw/api_football/fixture_statistics/2026-04-30/fixture_1208498_statistics.json
1208498,530,Atletico Madrid,Shots insidebox,7,2026-05-07,raw/api_football/fixture_statistics/2026-04-30/fixture_1208498_statistics.json
1208498,530,Atletico Madrid,Shots outsidebox,2,2026-05-07,raw/api_football/fixture_statistics/2026-04-30/fixture_1208498_statistics.json
1208498,530,Atletico Madrid,Fouls,12,2026-05-07,raw/api_football/fixture_statistics/2026-04-30/fixture_1208498_statistics.json
1208498,530,Atletico Madrid,Corner Kicks,3,2026-05-07,raw/api_football/fixture_statistics/2026-04-30/fixture_1208498_statistics.json
1208498,530,Atletico Madrid,Offsides,2,2026-05-07,raw/api_football/fixture_statistics/2026-04-30/fixture_1208498_statistics.json
1208498,530,Atletico Madrid,Ball Possession,55%,2026-05-07,raw/api_football/fixture_statistics/2026-04-30/fixture_1208498_statistics.json
1208498,530,Atletico Madrid,Yellow Cards,3,2026-05-07,raw/api_football/fixture_statistics/2026-04-30/fixture_1208498_statistics.json
1208498,530,Atletico Madrid,Red Cards,,2026-05-07,raw/api_football/fixture_statistics/2026-04-30/fixture_1208498_statistics.json
1208498,530,Atletico Madrid,Goalkeeper Saves,2,2026-05-07,raw/api_football/fixture_statistics/2026-04-30/fixture_1208498_statistics.json
1208498,530,Atletico Madrid,Total passes,592,2026-05-07,raw/api_football/fixture_statistics/2026-04-30/fixture_1208498_statistics.json
1208498,530,Atletico Madrid,Passes accurate,519,2026-05-07,raw/api_football/fixture_statistics/2026-04-30/fixture_1208498_statistics.json
1208498,530,Atletico Madrid,Passes %,88%,2026-05-07,raw/api_football/fixture_statistics/2026-04-30/fixture_1208498_statistics.json
1208498,530,Atletico Madrid,expected_goals,1.11,2026-05-07,raw/api_football/fixture_statistics/2026-04-30/fixture_1208498_statistics.json
1208498,530,Atletico Madrid,goals_prevented,-1.24,2026-05-07,raw/api_football/fixture_statistics/2026-04-30/fixture_1208498_statistics.json
1208499,532,Valencia,Shots on Goal,2,2026-05-07,raw/api_football/fixture_statistics/2026-04-30/fixture_1208499_statistics.json
1208499,532,Valencia,Shots off Goal,3,2026-05-07,raw/api_football/fixture_statistics/2026-04-30/fixture_1208499_statistics.json
1208499,532,Valencia,Total Shots,6,2026-05-07,raw/api_football/fixture_statistics/2026-04-30/fixture_1208499_statistics.json
1208499,532,Valencia,Blocked Shots,1,2026-05-07,raw/api_football/fixture_statistics/2026-04-30/fixture_1208499_statistics.json
1208499,532,Valencia,Shots insidebox,4,2026-05-07,raw/api_football/fixture_statistics/2026-04-30/fixture_1208499_statistics.json
1208499,532,Valencia,Shots outsidebox,2,2026-05-07,raw/api_football/fixture_statistics/2026-04-30/fixture_1208499_statistics.json
1208499,532,Valencia,Fouls,11,2026-05-07,raw/api_football/fixture_statistics/2026-04-30/fixture_1208499_statistics.json
1208499,532,Valencia,Corner Kicks,3,2026-05-07,raw/api_football/fixture_statistics/2026-04-30/fixture_1208499_statistics.json
1208499,532,Valencia,Offsides,7,2026-05-07,raw/api_football/fixture_statistics/2026-04-30/fixture_1208499_statistics.json
1208499,532,Valencia,Ball Possession,36%,2026-05-07,raw/api_football/fixture_statistics/2026-04-30/fixture_1208499_statistics.json
1208499,532,Valencia,Yellow Cards,2,2026-05-07,raw/api_football/fixture_statistics/2026-04-30/fixture_1208499_statistics.json
1208499,532,Valencia,Red Cards,,2026-05-07,raw/api_football/fixture_statistics/2026-04-30/fixture_1208499_statistics.json
1208499,532,Valencia,Goalkeeper Saves,4,2026-05-07,raw/api_football/fixture_statistics/2026-04-30/fixture_1208499_statistics.json
1208499,532,Valencia,Total passes,315,2026-05-07,raw/api_football/fixture_statistics/2026-04-30/fixture_1208499_statistics.json
1208499,532,Valencia,Passes accurate,243,2026-05-07,raw/api_football/fixture_statistics/2026-04-30/fixture_1208499_statistics.json
1208499,532,Valencia,Passes %,77%,2026-05-07,raw/api_football/fixture_statistics/2026-04-30/fixture_1208499_statistics.json
1208499,532,Valencia,expected_goals,1.01,2026-05-07,raw/api_football/fixture_statistics/2026-04-30/fixture_1208499_statistics.json
1208499,532,Valencia,goals_prevented,-0.09,2026-05-07,raw/api_football/fixture_statistics/2026-04-30/fixture_1208499_statistics.json
1208499,529,Barcelona,Shots on Goal,6,2026-05-07,raw/api_football/fixture_statistics/2026-04-30/fixture_1208499_statistics.json
1208499,529,Barcelona,Shots off Goal,6,2026-05-07,raw/api_football/fixture_statistics/2026-04-30/fixture_1208499_statistics.json
1208499,529,Barcelona,Total Shots,18,2026-05-07,raw/api_football/fixture_statistics/2026-04-30/fixture_1208499_statistics.json
1208499,529,Barcelona,Blocked Shots,6,2026-05-07,raw/api_football/fixture_statistics/2026-04-30/fixture_1208499_statistics.json
1208499,529,Barcelona,Shots insidebox,12,2026-05-07,raw/api_football/fixture_statistics/2026-04-30/fixture_1208499_statistics.json
1208499,529,Barcelona,Shots outsidebox,6,2026-05-07,raw/api_football/fixture_statistics/2026-04-30/fixture_1208499_statistics.json
1208499,529,Barcelona,Fouls,13,2026-05-07,raw/api_football/fixture_statistics/2026-04-30/fixture_1208499_statistics.json
1208499,529,Barcelona,Corner Kicks,8,2026-05-07,raw/api_football/fixture_statistics/2026-04-30/fixture_1208499_statistics.json
1208499,529,Barcelona,Offsides,1,2026-05-07,raw/api_football/fixture_statistics/2026-04-30/fixture_1208499_statistics.json
1208499,529,Barcelona,Ball Possession,64%,2026-05-07,raw/api_football/fixture_statistics/2026-04-30/fixture_1208499_statistics.json
1208499,529,Barcelona,Yellow Cards,3,2026-05-07,raw/api_football/fixture_statistics/2026-04-30/fixture_1208499_statistics.json
1208499,529,Barcelona,Red Cards,,2026-05-07,raw/api_football/fixture_statistics/2026-04-30/fixture_1208499_statistics.json
1208499,529,Barcelona,Goalkeeper Saves,1,2026-05-07,raw/api_football/fixture_statistics/2026-04-30/fixture_1208499_statistics.json
1208499,529,Barcelona,Total passes,578,2026-05-07,raw/api_football/fixture_statistics/2026-04-30/fixture_1208499_statistics.json
1208499,529,Barcelona,Passes accurate,499,2026-05-07,raw/api_football/fixture_statistics/2026-04-30/fixture_1208499_statistics.json
1208499,529,Barcelona,Passes %,86%,2026-05-07,raw/api_football/fixture_statistics/2026-04-30/fixture_1208499_statistics.json
1208499,529,Barcelona,expected_goals,3.22,2026-05-07,raw/api_football/fixture_statistics/2026-04-30/fixture_1208499_statistics.json
1208499,529,Barcelona,goals_prevented,-0.09,2026-05-07,raw/api_football/fixture_statistics/2026-04-30/fixture_1208499_statistics.json
1208500,548,Real Sociedad,Shots on Goal,4,2026-05-07,raw/api_football/fixture_statistics/2026-04-30/fixture_1208500_statistics.json
1208500,548,Real Sociedad,Shots off Goal,5,2026-05-07,raw/api_football/fixture_statistics/2026-04-30/fixture_1208500_statistics.json
1208500,548,Real Sociedad,Total Shots,11,2026-05-07,raw/api_football/fixture_statistics/2026-04-30/fixture_1208500_statistics.json
1208500,548,Real Sociedad,Blocked Shots,2,2026-05-07,raw/api_football/fixture_statistics/2026-04-30/fixture_1208500_statistics.json
1208500,548,Real Sociedad,Shots insidebox,7,2026-05-07,raw/api_football/fixture_statistics/2026-04-30/fixture_1208500_statistics.json
1208500,548,Real Sociedad,Shots outsidebox,4,2026-05-07,raw/api_football/fixture_statistics/2026-04-30/fixture_1208500_statistics.json
1208500,548,Real Sociedad,Fouls,14,2026-05-07,raw/api_football/fixture_statistics/2026-04-30/fixture_1208500_statistics.json
1208500,548,Real Sociedad,Corner Kicks,10,2026-05-07,raw/api_football/fixture_statistics/2026-04-30/fixture_1208500_statistics.json
1208500,548,Real Sociedad,Offsides,0,2026-05-07,raw/api_football/fixture_statistics/2026-04-30/fixture_1208500_statistics.json
1208500,548,Real Sociedad,Ball Possession,66%,2026-05-07,raw/api_football/fixture_statistics/2026-04-30/fixture_1208500_statistics.json
1208500,548,Real Sociedad,Yellow Cards,2,2026-05-07,raw/api_football/fixture_statistics/2026-04-30/fixture_1208500_statistics.json
1208500,548,Real Sociedad,Red Cards,,2026-05-07,raw/api_football/fixture_statistics/2026-04-30/fixture_1208500_statistics.json
1208500,548,Real Sociedad,Goalkeeper Saves,2,2026-05-07,raw/api_football/fixture_statistics/2026-04-30/fixture_1208500_statistics.json
1208500,548,Real Sociedad,Total passes,445,2026-05-07,raw/api_football/fixture_statistics/2026-04-30/fixture_1208500_statistics.json
1208500,548,Real Sociedad,Passes accurate,359,2026-05-07,raw/api_football/fixture_statistics/2026-04-30/fixture_1208500_statistics.json
1208500,548,Real Sociedad,Passes %,81%,2026-05-07,raw/api_football/fixture_statistics/2026-04-30/fixture_1208500_statistics.json
1208500,548,Real Sociedad,expected_goals,1.08,2026-05-07,raw/api_football/fixture_statistics/2026-04-30/fixture_1208500_statistics.json
1208500,548,Real Sociedad,goals_prevented,-0.39,2026-05-07,raw/api_football/fixture_statistics/2026-04-30/fixture_1208500_statistics.json
1208500,728,Rayo Vallecano,Shots on Goal,5,2026-05-07,raw/api_football/fixture_statistics/2026-04-30/fixture_1208500_statistics.json
1208500,728,Rayo Vallecano,Shots off Goal,4,2026-05-07,raw/api_football/fixture_statistics/2026-04-30/fixture_1208500_statistics.json
1208500,728,Rayo Vallecano,Total Shots,12,2026-05-07,raw/api_football/fixture_statistics/2026-04-30/fixture_1208500_statistics.json
1208500,728,Rayo Vallecano,Blocked Shots,3,2026-05-07,raw/api_football/fixture_statistics/2026-04-30/fixture_1208500_statistics.json
1208500,728,Rayo Vallecano,Shots insidebox,7,2026-05-07,raw/api_football/fixture_statistics/2026-04-30/fixture_1208500_statistics.json
1208500,728,Rayo Vallecano,Shots outsidebox,5,2026-05-07,raw/api_football/fixture_statistics/2026-04-30/fixture_1208500_statistics.json
1208500,728,Rayo Vallecano,Fouls,21,2026-05-07,raw/api_football/fixture_statistics/2026-04-30/fixture_1208500_statistics.json
1208500,728,Rayo Vallecano,Corner Kicks,5,2026-05-07,raw/api_football/fixture_statistics/2026-04-30/fixture_1208500_statistics.json
1208500,728,Rayo Vallecano,Offsides,3,2026-05-07,raw/api_football/fixture_statistics/2026-04-30/fixture_1208500_statistics.json
1208500,728,Rayo Vallecano,Ball Possession,34%,2026-05-07,raw/api_football/fixture_statistics/2026-04-30/fixture_1208500_statistics.json
1208500,728,Rayo Vallecano,Yellow Cards,4,2026-05-07,raw/api_football/fixture_statistics/2026-04-30/fixture_1208500_statistics.json
1208500,728,Rayo Vallecano,Red Cards,,2026-05-07,raw/api_football/fixture_statistics/2026-04-30/fixture_1208500_statistics.json
1208500,728,Rayo Vallecano,Goalkeeper Saves,3,2026-05-07,raw/api_football/fixture_statistics/2026-04-30/fixture_1208500_statistics.json
1208500,728,Rayo Vallecano,Total passes,236,2026-05-07,raw/api_football/fixture_statistics/2026-04-30/fixture_1208500_statistics.json
1208500,728,Rayo Vallecano,Passes accurate,151,2026-05-07,raw/api_football/fixture_statistics/2026-04-30/fixture_1208500_statistics.json
1208500,728,Rayo Vallecano,Passes %,64%,2026-05-07,raw/api_football/fixture_statistics/2026-04-30/fixture_1208500_statistics.json
1208500,728,Rayo Vallecano,expected_goals,1.11,2026-05-07,raw/api_football/fixture_statistics/2026-04-30/fixture_1208500_statistics.json
1208500,728,Rayo Vallecano,goals_prevented,-0.39,2026-05-07,raw/api_football/fixture_statistics/2026-04-30/fixture_1208500_statistics.json
1208501,538,Celta Vigo,Shots on Goal,4,2026-05-07,raw/api_football/fixture_statistics/2026-04-30/fixture_1208501_statistics.json
1208501,538,Celta Vigo,Shots off Goal,2,2026-05-07,raw/api_football/fixture_statistics/2026-04-30/fixture_1208501_statistics.json
1208501,538,Celta Vigo,Total Shots,6,2026-05-07,raw/api_football/fixture_statistics/2026-04-30/fixture_1208501_statistics.json
1208501,538,Celta Vigo,Blocked Shots,0,2026-05-07,raw/api_football/fixture_statistics/2026-04-30/fixture_1208501_statistics.json
1208501,538,Celta Vigo,Shots insidebox,3,2026-05-07,raw/api_football/fixture_statistics/2026-04-30/fixture_1208501_statistics.json
1208501,538,Celta Vigo,Shots outsidebox,3,2026-05-07,raw/api_football/fixture_statistics/2026-04-30/fixture_1208501_statistics.json
1208501,538,Celta Vigo,Fouls,8,2026-05-07,raw/api_football/fixture_statistics/2026-04-30/fixture_1208501_statistics.json
1208501,538,Celta Vigo,Corner Kicks,3,2026-05-07,raw/api_football/fixture_statistics/2026-04-30/fixture_1208501_statistics.json
1208501,538,Celta Vigo,Offsides,4,2026-05-07,raw/api_football/fixture_statistics/2026-04-30/fixture_1208501_statistics.json
1208501,538,Celta Vigo,Ball Possession,64%,2026-05-07,raw/api_football/fixture_statistics/2026-04-30/fixture_1208501_statistics.json
1208501,538,Celta Vigo,Yellow Cards,2,2026-05-07,raw/api_football/fixture_statistics/2026-04-30/fixture_1208501_statistics.json
1208501,538,Celta Vigo,Red Cards,,2026-05-07,raw/api_football/fixture_statistics/2026-04-30/fixture_1208501_statistics.json
1208501,538,Celta Vigo,Goalkeeper Saves,1,2026-05-07,raw/api_football/fixture_statistics/2026-04-30/fixture_1208501_statistics.json
1208501,538,Celta Vigo,Total passes,551,2026-05-07,raw/api_football/fixture_statistics/2026-04-30/fixture_1208501_statistics.json
1208501,538,Celta Vigo,Passes accurate,471,2026-05-07,raw/api_football/fixture_statistics/2026-04-30/fixture_1208501_statistics.json
1208501,538,Celta Vigo,Passes %,85%,2026-05-07,raw/api_football/fixture_statistics/2026-04-30/fixture_1208501_statistics.json
1208501,538,Celta Vigo,expected_goals,0.83,2026-05-07,raw/api_football/fixture_statistics/2026-04-30/fixture_1208501_statistics.json
1208501,538,Celta Vigo,goals_prevented,-0.26,2026-05-07,raw/api_football/fixture_statistics/2026-04-30/fixture_1208501_statistics.json
1208501,542,Alaves,Shots on Goal,2,2026-05-07,raw/api_football/fixture_statistics/2026-04-30/fixture_1208501_statistics.json
1208501,542,Alaves,Shots off Goal,5,2026-05-07,raw/api_football/fixture_statistics/2026-04-30/fixture_1208501_statistics.json
1208501,542,Alaves,Total Shots,10,2026-05-07,raw/api_football/fixture_statistics/2026-04-30/fixture_1208501_statistics.json
1208501,542,Alaves,Blocked Shots,3,2026-05-07,raw/api_football/fixture_statistics/2026-04-30/fixture_1208501_statistics.json
1208501,542,Alaves,Shots insidebox,8,2026-05-07,raw/api_football/fixture_statistics/2026-04-30/fixture_1208501_statistics.json
1208501,542,Alaves,Shots outsidebox,2,2026-05-07,raw/api_football/fixture_statistics/2026-04-30/fixture_1208501_statistics.json
1208501,542,Alaves,Fouls,23,2026-05-07,raw/api_football/fixture_statistics/2026-04-30/fixture_1208501_statistics.json
1208501,542,Alaves,Corner Kicks,3,2026-05-07,raw/api_football/fixture_statistics/2026-04-30/fixture_1208501_statistics.json
1208501,542,Alaves,Offsides,3,2026-05-07,raw/api_football/fixture_statistics/2026-04-30/fixture_1208501_statistics.json
1208501,542,Alaves,Ball Possession,36%,2026-05-07,raw/api_football/fixture_statistics/2026-04-30/fixture_1208501_statistics.json
1208501,542,Alaves,Yellow Cards,2,2026-05-07,raw/api_football/fixture_statistics/2026-04-30/fixture_1208501_statistics.json
1208501,542,Alaves,Red Cards,,2026-05-07,raw/api_football/fixture_statistics/2026-04-30/fixture_1208501_statistics.json
1208501,542,Alaves,Goalkeeper Saves,2,2026-05-07,raw/api_football/fixture_statistics/2026-04-30/fixture_1208501_statistics.json
1208501,542,Alaves,Total passes,299,2026-05-07,raw/api_football/fixture_statistics/2026-04-30/fixture_1208501_statistics.json
1208501,542,Alaves,Passes accurate,218,2026-05-07,raw/api_football/fixture_statistics/2026-04-30/fixture_1208501_statistics.json
1208501,542,Alaves,Passes %,73%,2026-05-07,raw/api_football/fixture_statistics/2026-04-30/fixture_1208501_statistics.json
1208501,542,Alaves,expected_goals,1.60,2026-05-07,raw/api_football/fixture_statistics/2026-04-30/fixture_1208501_statistics.json
1208501,542,Alaves,goals_prevented,-0.26,2026-05-07,raw/api_football/fixture_statistics/2026-04-30/fixture_1208501_statistics.json
1208502,727,Osasuna,Shots on Goal,6,2026-05-07,raw/api_football/fixture_statistics/2026-04-30/fixture_1208502_statistics.json
1208502,727,Osasuna,Shots off Goal,5,2026-05-07,raw/api_football/fixture_statistics/2026-04-30/fixture_1208502_statistics.json
1208502,727,Osasuna,Total Shots,16,2026-05-07,raw/api_football/fixture_statistics/2026-04-30/fixture_1208502_statistics.json
1208502,727,Osasuna,Blocked Shots,5,2026-05-07,raw/api_football/fixture_statistics/2026-04-30/fixture_1208502_statistics.json
1208502,727,Osasuna,Shots insidebox,13,2026-05-07,raw/api_football/fixture_statistics/2026-04-30/fixture_1208502_statistics.json
1208502,727,Osasuna,Shots outsidebox,3,2026-05-07,raw/api_football/fixture_statistics/2026-04-30/fixture_1208502_statistics.json
1208502,727,Osasuna,Fouls,14,2026-05-07,raw/api_football/fixture_statistics/2026-04-30/fixture_1208502_statistics.json
1208502,727,Osasuna,Corner Kicks,6,2026-05-07,raw/api_football/fixture_statistics/2026-04-30/fixture_1208502_statistics.json
1208502,727,Osasuna,Offsides,1,2026-05-07,raw/api_football/fixture_statistics/2026-04-30/fixture_1208502_statistics.json
1208502,727,Osasuna,Ball Possession,61%,2026-05-07,raw/api_football/fixture_statistics/2026-04-30/fixture_1208502_statistics.json
1208502,727,Osasuna,Yellow Cards,3,2026-05-07,raw/api_football/fixture_statistics/2026-04-30/fixture_1208502_statistics.json
1208502,727,Osasuna,Red Cards,,2026-05-07,raw/api_football/fixture_statistics/2026-04-30/fixture_1208502_statistics.json
1208502,727,Osasuna,Goalkeeper Saves,3,2026-05-07,raw/api_football/fixture_statistics/2026-04-30/fixture_1208502_statistics.json
1208502,727,Osasuna,Total passes,456,2026-05-07,raw/api_football/fixture_statistics/2026-04-30/fixture_1208502_statistics.json
1208502,727,Osasuna,Passes accurate,347,2026-05-07,raw/api_football/fixture_statistics/2026-04-30/fixture_1208502_statistics.json
1208502,727,Osasuna,Passes %,76%,2026-05-07,raw/api_football/fixture_statistics/2026-04-30/fixture_1208502_statistics.json
1208502,727,Osasuna,expected_goals,1.74,2026-05-07,raw/api_football/fixture_statistics/2026-04-30/fixture_1208502_statistics.json
1208502,727,Osasuna,goals_prevented,0.26,2026-05-07,raw/api_football/fixture_statistics/2026-04-30/fixture_1208502_statistics.json
1208502,537,Leganes,Shots on Goal,4,2026-05-07,raw/api_football/fixture_statistics/2026-04-30/fixture_1208502_statistics.json
1208502,537,Leganes,Shots off Goal,2,2026-05-07,raw/api_football/fixture_statistics/2026-04-30/fixture_1208502_statistics.json
1208502,537,Leganes,Total Shots,10,2026-05-07,raw/api_football/fixture_statistics/2026-04-30/fixture_1208502_statistics.json
1208502,537,Leganes,Blocked Shots,4,2026-05-07,raw/api_football/fixture_statistics/2026-04-30/fixture_1208502_statistics.json
1208502,537,Leganes,Shots insidebox,6,2026-05-07,raw/api_football/fixture_statistics/2026-04-30/fixture_1208502_statistics.json
1208502,537,Leganes,Shots outsidebox,4,2026-05-07,raw/api_football/fixture_statistics/2026-04-30/fixture_1208502_statistics.json
1208502,537,Leganes,Fouls,12,2026-05-07,raw/api_football/fixture_statistics/2026-04-30/fixture_1208502_statistics.json
1208502,537,Leganes,Corner Kicks,4,2026-05-07,raw/api_football/fixture_statistics/2026-04-30/fixture_1208502_statistics.json
1208502,537,Leganes,Offsides,2,2026-05-07,raw/api_football/fixture_statistics/2026-04-30/fixture_1208502_statistics.json
1208502,537,Leganes,Ball Possession,39%,2026-05-07,raw/api_football/fixture_statistics/2026-04-30/fixture_1208502_statistics.json
1208502,537,Leganes,Yellow Cards,2,2026-05-07,raw/api_football/fixture_statistics/2026-04-30/fixture_1208502_statistics.json
1208502,537,Leganes,Red Cards,,2026-05-07,raw/api_football/fixture_statistics/2026-04-30/fixture_1208502_statistics.json
1208502,537,Leganes,Goalkeeper Saves,6,2026-05-07,raw/api_football/fixture_statistics/2026-04-30/fixture_1208502_statistics.json
1208502,537,Leganes,Total passes,303,2026-05-07,raw/api_football/fixture_statistics/2026-04-30/fixture_1208502_statistics.json
1208502,537,Leganes,Passes accurate,193,2026-05-07,raw/api_football/fixture_statistics/2026-04-30/fixture_1208502_statistics.json
1208502,537,Leganes,Passes %,64%,2026-05-07,raw/api_football/fixture_statistics/2026-04-30/fixture_1208502_statistics.json
1208502,537,Leganes,expected_goals,0.98,2026-05-07,raw/api_football/fixture_statistics/2026-04-30/fixture_1208502_statistics.json
1208502,537,Leganes,goals_prevented,0.26,2026-05-07,raw/api_football/fixture_statistics/2026-04-30/fixture_1208502_statistics.json
1208503,530,Atletico Madrid,Shots on Goal,6,2026-05-07,raw/api_football/fixture_statistics/2026-04-30/fixture_1208503_statistics.json
1208503,530,Atletico Madrid,Shots off Goal,2,2026-05-07,raw/api_football/fixture_statistics/2026-04-30/fixture_1208503_statistics.json
1208503,530,Atletico Madrid,Total Shots,11,2026-05-07,raw/api_football/fixture_statistics/2026-04-30/fixture_1208503_statistics.json
1208503,530,Atletico Madrid,Blocked Shots,3,2026-05-07,raw/api_football/fixture_statistics/2026-04-30/fixture_1208503_statistics.json
1208503,530,Atletico Madrid,Shots insidebox,6,2026-05-07,raw/api_football/fixture_statistics/2026-04-30/fixture_1208503_statistics.json
1208503,530,Atletico Madrid,Shots outsidebox,5,2026-05-07,raw/api_football/fixture_statistics/2026-04-30/fixture_1208503_statistics.json
1208503,530,Atletico Madrid,Fouls,11,2026-05-07,raw/api_football/fixture_statistics/2026-04-30/fixture_1208503_statistics.json
1208503,530,Atletico Madrid,Corner Kicks,1,2026-05-07,raw/api_football/fixture_statistics/2026-04-30/fixture_1208503_statistics.json
1208503,530,Atletico Madrid,Offsides,2,2026-05-07,raw/api_football/fixture_statistics/2026-04-30/fixture_1208503_statistics.json
1208503,530,Atletico Madrid,Ball Possession,42%,2026-05-07,raw/api_football/fixture_statistics/2026-04-30/fixture_1208503_statistics.json
1208503,530,Atletico Madrid,Yellow Cards,1,2026-05-07,raw/api_football/fixture_statistics/2026-04-30/fixture_1208503_statistics.json
1208503,530,Atletico Madrid,Red Cards,,2026-05-07,raw/api_football/fixture_statistics/2026-04-30/fixture_1208503_statistics.json
1208503,530,Atletico Madrid,Goalkeeper Saves,4,2026-05-07,raw/api_football/fixture_statistics/2026-04-30/fixture_1208503_statistics.json
1208503,530,Atletico Madrid,Total passes,462,2026-05-07,raw/api_football/fixture_statistics/2026-04-30/fixture_1208503_statistics.json
1208503,530,Atletico Madrid,Passes accurate,404,2026-05-07,raw/api_football/fixture_statistics/2026-04-30/fixture_1208503_statistics.json
1208503,530,Atletico Madrid,Passes %,87%,2026-05-07,raw/api_football/fixture_statistics/2026-04-30/fixture_1208503_statistics.json
1208503,530,Atletico Madrid,expected_goals,1.22,2026-05-07,raw/api_football/fixture_statistics/2026-04-30/fixture_1208503_statistics.json
1208503,530,Atletico Madrid,goals_prevented,-1.57,2026-05-07,raw/api_football/fixture_statistics/2026-04-30/fixture_1208503_statistics.json
1208503,547,Girona,Shots on Goal,4,2026-05-07,raw/api_football/fixture_statistics/2026-04-30/fixture_1208503_statistics.json
1208503,547,Girona,Shots off Goal,3,2026-05-07,raw/api_football/fixture_statistics/2026-04-30/fixture_1208503_statistics.json
1208503,547,Girona,Total Shots,13,2026-05-07,raw/api_football/fixture_statistics/2026-04-30/fixture_1208503_statistics.json
1208503,547,Girona,Blocked Shots,6,2026-05-07,raw/api_football/fixture_statistics/2026-04-30/fixture_1208503_statistics.json
1208503,547,Girona,Shots insidebox,7,2026-05-07,raw/api_football/fixture_statistics/2026-04-30/fixture_1208503_statistics.json
1208503,547,Girona,Shots outsidebox,6,2026-05-07,raw/api_football/fixture_statistics/2026-04-30/fixture_1208503_statistics.json
1208503,547,Girona,Fouls,11,2026-05-07,raw/api_football/fixture_statistics/2026-04-30/fixture_1208503_statistics.json
1208503,547,Girona,Corner Kicks,9,2026-05-07,raw/api_football/fixture_statistics/2026-04-30/fixture_1208503_statistics.json
1208503,547,Girona,Offsides,2,2026-05-07,raw/api_football/fixture_statistics/2026-04-30/fixture_1208503_statistics.json
1208503,547,Girona,Ball Possession,58%,2026-05-07,raw/api_football/fixture_statistics/2026-04-30/fixture_1208503_statistics.json
1208503,547,Girona,Yellow Cards,3,2026-05-07,raw/api_football/fixture_statistics/2026-04-30/fixture_1208503_statistics.json
1208503,547,Girona,Red Cards,,2026-05-07,raw/api_football/fixture_statistics/2026-04-30/fixture_1208503_statistics.json
1208503,547,Girona,Goalkeeper Saves,3,2026-05-07,raw/api_football/fixture_statistics/2026-04-30/fixture_1208503_statistics.json
1208503,547,Girona,Total passes,610,2026-05-07,raw/api_football/fixture_statistics/2026-04-30/fixture_1208503_statistics.json
1208503,547,Girona,Passes accurate,561,2026-05-07,raw/api_football/fixture_statistics/2026-04-30/fixture_1208503_statistics.json
1208503,547,Girona,Passes %,92%,2026-05-07,raw/api_football/fixture_statistics/2026-04-30/fixture_1208503_statistics.json
1208503,547,Girona,expected_goals,0.68,2026-05-07,raw/api_football/fixture_statistics/2026-04-30/fixture_1208503_statistics.json
1208503,547,Girona,goals_prevented,-1.57,2026-05-07,raw/api_football/fixture_statistics/2026-04-30/fixture_1208503_statistics.json
1208504,538,Celta Vigo,Shots on Goal,5,2026-05-07,raw/api_football/fixture_statistics/2026-04-30/fixture_1208504_statistics.json
1208504,538,Celta Vigo,Shots off Goal,2,2026-05-07,raw/api_football/fixture_statistics/2026-04-30/fixture_1208504_statistics.json
1208504,538,Celta Vigo,Total Shots,7,2026-05-07,raw/api_football/fixture_statistics/2026-04-30/fixture_1208504_statistics.json
1208504,538,Celta Vigo,Blocked Shots,0,2026-05-07,raw/api_football/fixture_statistics/2026-04-30/fixture_1208504_statistics.json
1208504,538,Celta Vigo,Shots insidebox,4,2026-05-07,raw/api_football/fixture_statistics/2026-04-30/fixture_1208504_statistics.json
1208504,538,Celta Vigo,Shots outsidebox,3,2026-05-07,raw/api_football/fixture_statistics/2026-04-30/fixture_1208504_statistics.json
1208504,538,Celta Vigo,Fouls,9,2026-05-07,raw/api_football/fixture_statistics/2026-04-30/fixture_1208504_statistics.json
1208504,538,Celta Vigo,Corner Kicks,4,2026-05-07,raw/api_football/fixture_statistics/2026-04-30/fixture_1208504_statistics.json
1208504,538,Celta Vigo,Offsides,2,2026-05-07,raw/api_football/fixture_statistics/2026-04-30/fixture_1208504_statistics.json
1208504,538,Celta Vigo,Ball Possession,49%,2026-05-07,raw/api_football/fixture_statistics/2026-04-30/fixture_1208504_statistics.json
1208504,538,Celta Vigo,Yellow Cards,3,2026-05-07,raw/api_football/fixture_statistics/2026-04-30/fixture_1208504_statistics.json
1208504,538,Celta Vigo,Red Cards,,2026-05-07,raw/api_football/fixture_statistics/2026-04-30/fixture_1208504_statistics.json
1208504,538,Celta Vigo,Goalkeeper Saves,3,2026-05-07,raw/api_football/fixture_statistics/2026-04-30/fixture_1208504_statistics.json
1208504,538,Celta Vigo,Total passes,486,2026-05-07,raw/api_football/fixture_statistics/2026-04-30/fixture_1208504_statistics.json
1208504,538,Celta Vigo,Passes accurate,418,2026-05-07,raw/api_football/fixture_statistics/2026-04-30/fixture_1208504_statistics.json
1208504,538,Celta Vigo,Passes %,86%,2026-05-07,raw/api_football/fixture_statistics/2026-04-30/fixture_1208504_statistics.json
1208504,538,Celta Vigo,expected_goals,1.32,2026-05-07,raw/api_football/fixture_statistics/2026-04-30/fixture_1208504_statistics.json
1208504,538,Celta Vigo,goals_prevented,-1.10,2026-05-07,raw/api_football/fixture_statistics/2026-04-30/fixture_1208504_statistics.json
1208504,532,Valencia,Shots on Goal,5,2026-05-07,raw/api_football/fixture_statistics/2026-04-30/fixture_1208504_statistics.json
1208504,532,Valencia,Shots off Goal,6,2026-05-07,raw/api_football/fixture_statistics/2026-04-30/fixture_1208504_statistics.json
1208504,532,Valencia,Total Shots,13,2026-05-07,raw/api_football/fixture_statistics/2026-04-30/fixture_1208504_statistics.json
1208504,532,Valencia,Blocked Shots,2,2026-05-07,raw/api_football/fixture_statistics/2026-04-30/fixture_1208504_statistics.json
1208504,532,Valencia,Shots insidebox,10,2026-05-07,raw/api_football/fixture_statistics/2026-04-30/fixture_1208504_statistics.json
1208504,532,Valencia,Shots outsidebox,3,2026-05-07,raw/api_football/fixture_statistics/2026-04-30/fixture_1208504_statistics.json
1208504,532,Valencia,Fouls,11,2026-05-07,raw/api_football/fixture_statistics/2026-04-30/fixture_1208504_statistics.json
1208504,532,Valencia,Corner Kicks,7,2026-05-07,raw/api_football/fixture_statistics/2026-04-30/fixture_1208504_statistics.json
1208504,532,Valencia,Offsides,1,2026-05-07,raw/api_football/fixture_statistics/2026-04-30/fixture_1208504_statistics.json
1208504,532,Valencia,Ball Possession,51%,2026-05-07,raw/api_football/fixture_statistics/2026-04-30/fixture_1208504_statistics.json
1208504,532,Valencia,Yellow Cards,0,2026-05-07,raw/api_football/fixture_statistics/2026-04-30/fixture_1208504_statistics.json
1208504,532,Valencia,Red Cards,,2026-05-07,raw/api_football/fixture_statistics/2026-04-30/fixture_1208504_statistics.json
1208504,532,Valencia,Goalkeeper Saves,2,2026-05-07,raw/api_football/fixture_statistics/2026-04-30/fixture_1208504_statistics.json
1208504,532,Valencia,Total passes,492,2026-05-07,raw/api_football/fixture_statistics/2026-04-30/fixture_1208504_statistics.json
1208504,532,Valencia,Passes accurate,417,2026-05-07,raw/api_football/fixture_statistics/2026-04-30/fixture_1208504_statistics.json
1208504,532,Valencia,Passes %,85%,2026-05-07,raw/api_football/fixture_statistics/2026-04-30/fixture_1208504_statistics.json
1208504,532,Valencia,expected_goals,0.93,2026-05-07,raw/api_football/fixture_statistics/2026-04-30/fixture_1208504_statistics.json
1208504,532,Valencia,goals_prevented,-1.10,2026-05-07,raw/api_football/fixture_statistics/2026-04-30/fixture_1208504_statistics.json
1208505,546,Getafe,Shots on Goal,0,2026-05-07,raw/api_football/fixture_statistics/2026-04-30/fixture_1208505_statistics.json
1208505,546,Getafe,Shots off Goal,8,2026-05-07,raw/api_football/fixture_statistics/2026-04-30/fixture_1208505_statistics.json
1208505,546,Getafe,Total Shots,12,2026-05-07,raw/api_football/fixture_statistics/2026-04-30/fixture_1208505_statistics.json
1208505,546,Getafe,Blocked Shots,4,2026-05-07,raw/api_football/fixture_statistics/2026-04-30/fixture_1208505_statistics.json
1208505,546,Getafe,Shots insidebox,9,2026-05-07,raw/api_football/fixture_statistics/2026-04-30/fixture_1208505_statistics.json
1208505,546,Getafe,Shots outsidebox,3,2026-05-07,raw/api_football/fixture_statistics/2026-04-30/fixture_1208505_statistics.json
1208505,546,Getafe,Fouls,16,2026-05-07,raw/api_football/fixture_statistics/2026-04-30/fixture_1208505_statistics.json
1208505,546,Getafe,Corner Kicks,3,2026-05-07,raw/api_football/fixture_statistics/2026-04-30/fixture_1208505_statistics.json
1208505,546,Getafe,Offsides,0,2026-05-07,raw/api_football/fixture_statistics/2026-04-30/fixture_1208505_statistics.json
1208505,546,Getafe,Ball Possession,48%,2026-05-07,raw/api_football/fixture_statistics/2026-04-30/fixture_1208505_statistics.json
1208505,546,Getafe,Yellow Cards,1,2026-05-07,raw/api_football/fixture_statistics/2026-04-30/fixture_1208505_statistics.json
1208505,546,Getafe,Red Cards,,2026-05-07,raw/api_football/fixture_statistics/2026-04-30/fixture_1208505_statistics.json
1208505,546,Getafe,Goalkeeper Saves,,2026-05-07,raw/api_football/fixture_statistics/2026-04-30/fixture_1208505_statistics.json
1208505,546,Getafe,Total passes,284,2026-05-07,raw/api_football/fixture_statistics/2026-04-30/fixture_1208505_statistics.json
1208505,546,Getafe,Passes accurate,173,2026-05-07,raw/api_football/fixture_statistics/2026-04-30/fixture_1208505_statistics.json
1208505,546,Getafe,Passes %,61%,2026-05-07,raw/api_football/fixture_statistics/2026-04-30/fixture_1208505_statistics.json
1208505,546,Getafe,expected_goals,0.48,2026-05-07,raw/api_football/fixture_statistics/2026-04-30/fixture_1208505_statistics.json
1208505,546,Getafe,goals_prevented,,2026-05-07,raw/api_football/fixture_statistics/2026-04-30/fixture_1208505_statistics.json
1208505,728,Rayo Vallecano,Shots on Goal,0,2026-05-07,raw/api_football/fixture_statistics/2026-04-30/fixture_1208505_statistics.json
1208505,728,Rayo Vallecano,Shots off Goal,2,2026-05-07,raw/api_football/fixture_statistics/2026-04-30/fixture_1208505_statistics.json
1208505,728,Rayo Vallecano,Total Shots,3,2026-05-07,raw/api_football/fixture_statistics/2026-04-30/fixture_1208505_statistics.json
1208505,728,Rayo Vallecano,Blocked Shots,1,2026-05-07,raw/api_football/fixture_statistics/2026-04-30/fixture_1208505_statistics.json
1208505,728,Rayo Vallecano,Shots insidebox,1,2026-05-07,raw/api_football/fixture_statistics/2026-04-30/fixture_1208505_statistics.json
1208505,728,Rayo Vallecano,Shots outsidebox,2,2026-05-07,raw/api_football/fixture_statistics/2026-04-30/fixture_1208505_statistics.json
1208505,728,Rayo Vallecano,Fouls,18,2026-05-07,raw/api_football/fixture_statistics/2026-04-30/fixture_1208505_statistics.json
1208505,728,Rayo Vallecano,Corner Kicks,2,2026-05-07,raw/api_football/fixture_statistics/2026-04-30/fixture_1208505_statistics.json
1208505,728,Rayo Vallecano,Offsides,4,2026-05-07,raw/api_football/fixture_statistics/2026-04-30/fixture_1208505_statistics.json
1208505,728,Rayo Vallecano,Ball Possession,52%,2026-05-07,raw/api_football/fixture_statistics/2026-04-30/fixture_1208505_statistics.json
1208505,728,Rayo Vallecano,Yellow Cards,2,2026-05-07,raw/api_football/fixture_statistics/2026-04-30/fixture_1208505_statistics.json
1208505,728,Rayo Vallecano,Red Cards,,2026-05-07,raw/api_football/fixture_statistics/2026-04-30/fixture_1208505_statistics.json
1208505,728,Rayo Vallecano,Goalkeeper Saves,,2026-05-07,raw/api_football/fixture_statistics/2026-04-30/fixture_1208505_statistics.json
1208505,728,Rayo Vallecano,Total passes,307,2026-05-07,raw/api_football/fixture_statistics/2026-04-30/fixture_1208505_statistics.json
1208505,728,Rayo Vallecano,Passes accurate,198,2026-05-07,raw/api_football/fixture_statistics/2026-04-30/fixture_1208505_statistics.json
1208505,728,Rayo Vallecano,Passes %,64%,2026-05-07,raw/api_football/fixture_statistics/2026-04-30/fixture_1208505_statistics.json
1208505,728,Rayo Vallecano,expected_goals,0.24,2026-05-07,raw/api_football/fixture_statistics/2026-04-30/fixture_1208505_statistics.json
1208505,728,Rayo Vallecano,goals_prevented,,2026-05-07,raw/api_football/fixture_statistics/2026-04-30/fixture_1208505_statistics.json
1208506,541,Real Madrid,Shots on Goal,9,2026-05-07,raw/api_football/fixture_statistics/2026-04-30/fixture_1208506_statistics.json
1208506,541,Real Madrid,Shots off Goal,3,2026-05-07,raw/api_football/fixture_statistics/2026-04-30/fixture_1208506_statistics.json
1208506,541,Real Madrid,Total Shots,17,2026-05-07,raw/api_football/fixture_statistics/2026-04-30/fixture_1208506_statistics.json
1208506,541,Real Madrid,Blocked Shots,5,2026-05-07,raw/api_football/fixture_statistics/2026-04-30/fixture_1208506_statistics.json
1208506,541,Real Madrid,Shots insidebox,13,2026-05-07,raw/api_football/fixture_statistics/2026-04-30/fixture_1208506_statistics.json
1208506,541,Real Madrid,Shots outsidebox,4,2026-05-07,raw/api_football/fixture_statistics/2026-04-30/fixture_1208506_statistics.json
1208506,541,Real Madrid,Fouls,10,2026-05-07,raw/api_football/fixture_statistics/2026-04-30/fixture_1208506_statistics.json
1208506,541,Real Madrid,Corner Kicks,5,2026-05-07,raw/api_football/fixture_statistics/2026-04-30/fixture_1208506_statistics.json
1208506,541,Real Madrid,Offsides,4,2026-05-07,raw/api_football/fixture_statistics/2026-04-30/fixture_1208506_statistics.json
1208506,541,Real Madrid,Ball Possession,64%,2026-05-07,raw/api_football/fixture_statistics/2026-04-30/fixture_1208506_statistics.json
1208506,541,Real Madrid,Yellow Cards,1,2026-05-07,raw/api_football/fixture_statistics/2026-04-30/fixture_1208506_statistics.json
1208506,541,Real Madrid,Red Cards,,2026-05-07,raw/api_football/fixture_statistics/2026-04-30/fixture_1208506_statistics.json
1208506,541,Real Madrid,Goalkeeper Saves,0,2026-05-07,raw/api_football/fixture_statistics/2026-04-30/fixture_1208506_statistics.json
1208506,541,Real Madrid,Total passes,648,2026-05-07,raw/api_football/fixture_statistics/2026-04-30/fixture_1208506_statistics.json
1208506,541,Real Madrid,Passes accurate,594,2026-05-07,raw/api_football/fixture_statistics/2026-04-30/fixture_1208506_statistics.json
1208506,541,Real Madrid,Passes %,92%,2026-05-07,raw/api_football/fixture_statistics/2026-04-30/fixture_1208506_statistics.json
1208506,541,Real Madrid,expected_goals,2.14,2026-05-07,raw/api_football/fixture_statistics/2026-04-30/fixture_1208506_statistics.json
1208506,541,Real Madrid,goals_prevented,-1.14,2026-05-07,raw/api_football/fixture_statistics/2026-04-30/fixture_1208506_statistics.json
1208506,720,Valladolid,Shots on Goal,0,2026-05-07,raw/api_football/fixture_statistics/2026-04-30/fixture_1208506_statistics.json
1208506,720,Valladolid,Shots off Goal,5,2026-05-07,raw/api_football/fixture_statistics/2026-04-30/fixture_1208506_statistics.json
1208506,720,Valladolid,Total Shots,8,2026-05-07,raw/api_football/fixture_statistics/2026-04-30/fixture_1208506_statistics.json
1208506,720,Valladolid,Blocked Shots,3,2026-05-07,raw/api_football/fixture_statistics/2026-04-30/fixture_1208506_statistics.json
1208506,720,Valladolid,Shots insidebox,6,2026-05-07,raw/api_football/fixture_statistics/2026-04-30/fixture_1208506_statistics.json
1208506,720,Valladolid,Shots outsidebox,2,2026-05-07,raw/api_football/fixture_statistics/2026-04-30/fixture_1208506_statistics.json
1208506,720,Valladolid,Fouls,15,2026-05-07,raw/api_football/fixture_statistics/2026-04-30/fixture_1208506_statistics.json
1208506,720,Valladolid,Corner Kicks,5,2026-05-07,raw/api_football/fixture_statistics/2026-04-30/fixture_1208506_statistics.json
1208506,720,Valladolid,Offsides,0,2026-05-07,raw/api_football/fixture_statistics/2026-04-30/fixture_1208506_statistics.json
1208506,720,Valladolid,Ball Possession,36%,2026-05-07,raw/api_football/fixture_statistics/2026-04-30/fixture_1208506_statistics.json
1208506,720,Valladolid,Yellow Cards,1,2026-05-07,raw/api_football/fixture_statistics/2026-04-30/fixture_1208506_statistics.json
1208506,720,Valladolid,Red Cards,,2026-05-07,raw/api_football/fixture_statistics/2026-04-30/fixture_1208506_statistics.json
1208506,720,Valladolid,Goalkeeper Saves,6,2026-05-07,raw/api_football/fixture_statistics/2026-04-30/fixture_1208506_statistics.json
1208506,720,Valladolid,Total passes,359,2026-05-07,raw/api_football/fixture_statistics/2026-04-30/fixture_1208506_statistics.json
1208506,720,Valladolid,Passes accurate,293,2026-05-07,raw/api_football/fixture_statistics/2026-04-30/fixture_1208506_statistics.json
1208506,720,Valladolid,Passes %,82%,2026-05-07,raw/api_football/fixture_statistics/2026-04-30/fixture_1208506_statistics.json
1208506,720,Valladolid,expected_goals,0.42,2026-05-07,raw/api_football/fixture_statistics/2026-04-30/fixture_1208506_statistics.json
1208506,720,Valladolid,goals_prevented,-1.14,2026-05-07,raw/api_football/fixture_statistics/2026-04-30/fixture_1208506_statistics.json
1208507,536,Sevilla,Shots on Goal,7,2026-05-07,raw/api_football/fixture_statistics/2026-04-30/fixture_1208507_statistics.json
1208507,536,Sevilla,Shots off Goal,7,2026-05-07,raw/api_football/fixture_statistics/2026-04-30/fixture_1208507_statistics.json
1208507,536,Sevilla,Total Shots,16,2026-05-07,raw/api_football/fixture_statistics/2026-04-30/fixture_1208507_statistics.json
1208507,536,Sevilla,Blocked Shots,2,2026-05-07,raw/api_football/fixture_statistics/2026-04-30/fixture_1208507_statistics.json
1208507,536,Sevilla,Shots insidebox,9,2026-05-07,raw/api_football/fixture_statistics/2026-04-30/fixture_1208507_statistics.json
1208507,536,Sevilla,Shots outsidebox,7,2026-05-07,raw/api_football/fixture_statistics/2026-04-30/fixture_1208507_statistics.json
1208507,536,Sevilla,Fouls,16,2026-05-07,raw/api_football/fixture_statistics/2026-04-30/fixture_1208507_statistics.json
1208507,536,Sevilla,Corner Kicks,7,2026-05-07,raw/api_football/fixture_statistics/2026-04-30/fixture_1208507_statistics.json
1208507,536,Sevilla,Offsides,4,2026-05-07,raw/api_football/fixture_statistics/2026-04-30/fixture_1208507_statistics.json
1208507,536,Sevilla,Ball Possession,60%,2026-05-07,raw/api_football/fixture_statistics/2026-04-30/fixture_1208507_statistics.json
1208507,536,Sevilla,Yellow Cards,3,2026-05-07,raw/api_football/fixture_statistics/2026-04-30/fixture_1208507_statistics.json
1208507,536,Sevilla,Red Cards,,2026-05-07,raw/api_football/fixture_statistics/2026-04-30/fixture_1208507_statistics.json
1208507,536,Sevilla,Goalkeeper Saves,4,2026-05-07,raw/api_football/fixture_statistics/2026-04-30/fixture_1208507_statistics.json
1208507,536,Sevilla,Total passes,529,2026-05-07,raw/api_football/fixture_statistics/2026-04-30/fixture_1208507_statistics.json
1208507,536,Sevilla,Passes accurate,444,2026-05-07,raw/api_football/fixture_statistics/2026-04-30/fixture_1208507_statistics.json
1208507,536,Sevilla,Passes %,84%,2026-05-07,raw/api_football/fixture_statistics/2026-04-30/fixture_1208507_statistics.json
1208507,536,Sevilla,expected_goals,1.09,2026-05-07,raw/api_football/fixture_statistics/2026-04-30/fixture_1208507_statistics.json
1208507,536,Sevilla,goals_prevented,-0.12,2026-05-07,raw/api_football/fixture_statistics/2026-04-30/fixture_1208507_statistics.json
1208507,533,Villarreal,Shots on Goal,6,2026-05-07,raw/api_football/fixture_statistics/2026-04-30/fixture_1208507_statistics.json
1208507,533,Villarreal,Shots off Goal,2,2026-05-07,raw/api_football/fixture_statistics/2026-04-30/fixture_1208507_statistics.json
1208507,533,Villarreal,Total Shots,8,2026-05-07,raw/api_football/fixture_statistics/2026-04-30/fixture_1208507_statistics.json
1208507,533,Villarreal,Blocked Shots,0,2026-05-07,raw/api_football/fixture_statistics/2026-04-30/fixture_1208507_statistics.json
1208507,533,Villarreal,Shots insidebox,7,2026-05-07,raw/api_football/fixture_statistics/2026-04-30/fixture_1208507_statistics.json
1208507,533,Villarreal,Shots outsidebox,1,2026-05-07,raw/api_football/fixture_statistics/2026-04-30/fixture_1208507_statistics.json
1208507,533,Villarreal,Fouls,8,2026-05-07,raw/api_football/fixture_statistics/2026-04-30/fixture_1208507_statistics.json
1208507,533,Villarreal,Corner Kicks,2,2026-05-07,raw/api_football/fixture_statistics/2026-04-30/fixture_1208507_statistics.json
1208507,533,Villarreal,Offsides,4,2026-05-07,raw/api_football/fixture_statistics/2026-04-30/fixture_1208507_statistics.json
1208507,533,Villarreal,Ball Possession,40%,2026-05-07,raw/api_football/fixture_statistics/2026-04-30/fixture_1208507_statistics.json
1208507,533,Villarreal,Yellow Cards,5,2026-05-07,raw/api_football/fixture_statistics/2026-04-30/fixture_1208507_statistics.json
1208507,533,Villarreal,Red Cards,,2026-05-07,raw/api_football/fixture_statistics/2026-04-30/fixture_1208507_statistics.json
1208507,533,Villarreal,Goalkeeper Saves,6,2026-05-07,raw/api_football/fixture_statistics/2026-04-30/fixture_1208507_statistics.json
1208507,533,Villarreal,Total passes,354,2026-05-07,raw/api_football/fixture_statistics/2026-04-30/fixture_1208507_statistics.json
1208507,533,Villarreal,Passes accurate,263,2026-05-07,raw/api_football/fixture_statistics/2026-04-30/fixture_1208507_statistics.json
1208507,533,Villarreal,Passes %,74%,2026-05-07,raw/api_football/fixture_statistics/2026-04-30/fixture_1208507_statistics.json
1208507,533,Villarreal,expected_goals,0.89,2026-05-07,raw/api_football/fixture_statistics/2026-04-30/fixture_1208507_statistics.json
1208507,533,Villarreal,goals_prevented,-0.12,2026-05-07,raw/api_football/fixture_statistics/2026-04-30/fixture_1208507_statistics.json
1208508,542,Alaves,Shots on Goal,1,2026-05-07,raw/api_football/fixture_statistics/2026-04-30/fixture_1208508_statistics.json
1208508,542,Alaves,Shots off Goal,1,2026-05-07,raw/api_football/fixture_statistics/2026-04-30/fixture_1208508_statistics.json
1208508,542,Alaves,Total Shots,5,2026-05-07,raw/api_football/fixture_statistics/2026-04-30/fixture_1208508_statistics.json
1208508,542,Alaves,Blocked Shots,3,2026-05-07,raw/api_football/fixture_statistics/2026-04-30/fixture_1208508_statistics.json
1208508,542,Alaves,Shots insidebox,3,2026-05-07,raw/api_football/fixture_statistics/2026-04-30/fixture_1208508_statistics.json
1208508,542,Alaves,Shots outsidebox,2,2026-05-07,raw/api_football/fixture_statistics/2026-04-30/fixture_1208508_statistics.json
1208508,542,Alaves,Fouls,17,2026-05-07,raw/api_football/fixture_statistics/2026-04-30/fixture_1208508_statistics.json
1208508,542,Alaves,Corner Kicks,3,2026-05-07,raw/api_football/fixture_statistics/2026-04-30/fixture_1208508_statistics.json
1208508,542,Alaves,Offsides,1,2026-05-07,raw/api_football/fixture_statistics/2026-04-30/fixture_1208508_statistics.json
1208508,542,Alaves,Ball Possession,37%,2026-05-07,raw/api_football/fixture_statistics/2026-04-30/fixture_1208508_statistics.json
1208508,542,Alaves,Yellow Cards,1,2026-05-07,raw/api_football/fixture_statistics/2026-04-30/fixture_1208508_statistics.json
1208508,542,Alaves,Red Cards,1,2026-05-07,raw/api_football/fixture_statistics/2026-04-30/fixture_1208508_statistics.json
1208508,542,Alaves,Goalkeeper Saves,3,2026-05-07,raw/api_football/fixture_statistics/2026-04-30/fixture_1208508_statistics.json
1208508,542,Alaves,Total passes,301,2026-05-07,raw/api_football/fixture_statistics/2026-04-30/fixture_1208508_statistics.json
1208508,542,Alaves,Passes accurate,201,2026-05-07,raw/api_football/fixture_statistics/2026-04-30/fixture_1208508_statistics.json
1208508,542,Alaves,Passes %,67%,2026-05-07,raw/api_football/fixture_statistics/2026-04-30/fixture_1208508_statistics.json
1208508,542,Alaves,expected_goals,0.21,2026-05-07,raw/api_football/fixture_statistics/2026-04-30/fixture_1208508_statistics.json
1208508,542,Alaves,goals_prevented,0.09,2026-05-07,raw/api_football/fixture_statistics/2026-04-30/fixture_1208508_statistics.json
1208508,543,Real Betis,Shots on Goal,3,2026-05-07,raw/api_football/fixture_statistics/2026-04-30/fixture_1208508_statistics.json
1208508,543,Real Betis,Shots off Goal,9,2026-05-07,raw/api_football/fixture_statistics/2026-04-30/fixture_1208508_statistics.json
1208508,543,Real Betis,Total Shots,15,2026-05-07,raw/api_football/fixture_statistics/2026-04-30/fixture_1208508_statistics.json
1208508,543,Real Betis,Blocked Shots,3,2026-05-07,raw/api_football/fixture_statistics/2026-04-30/fixture_1208508_statistics.json
1208508,543,Real Betis,Shots insidebox,10,2026-05-07,raw/api_football/fixture_statistics/2026-04-30/fixture_1208508_statistics.json
1208508,543,Real Betis,Shots outsidebox,5,2026-05-07,raw/api_football/fixture_statistics/2026-04-30/fixture_1208508_statistics.json
1208508,543,Real Betis,Fouls,16,2026-05-07,raw/api_football/fixture_statistics/2026-04-30/fixture_1208508_statistics.json
1208508,543,Real Betis,Corner Kicks,8,2026-05-07,raw/api_football/fixture_statistics/2026-04-30/fixture_1208508_statistics.json
1208508,543,Real Betis,Offsides,1,2026-05-07,raw/api_football/fixture_statistics/2026-04-30/fixture_1208508_statistics.json
1208508,543,Real Betis,Ball Possession,63%,2026-05-07,raw/api_football/fixture_statistics/2026-04-30/fixture_1208508_statistics.json
1208508,543,Real Betis,Yellow Cards,4,2026-05-07,raw/api_football/fixture_statistics/2026-04-30/fixture_1208508_statistics.json
1208508,543,Real Betis,Red Cards,0,2026-05-07,raw/api_football/fixture_statistics/2026-04-30/fixture_1208508_statistics.json
1208508,543,Real Betis,Goalkeeper Saves,1,2026-05-07,raw/api_football/fixture_statistics/2026-04-30/fixture_1208508_statistics.json
1208508,543,Real Betis,Total passes,530,2026-05-07,raw/api_football/fixture_statistics/2026-04-30/fixture_1208508_statistics.json
1208508,543,Real Betis,Passes accurate,438,2026-05-07,raw/api_football/fixture_statistics/2026-04-30/fixture_1208508_statistics.json
1208508,543,Real Betis,Passes %,83%,2026-05-07,raw/api_football/fixture_statistics/2026-04-30/fixture_1208508_statistics.json
1208508,543,Real Betis,expected_goals,1.49,2026-05-07,raw/api_football/fixture_statistics/2026-04-30/fixture_1208508_statistics.json
1208508,543,Real Betis,goals_prevented,0.09,2026-05-07,raw/api_football/fixture_statistics/2026-04-30/fixture_1208508_statistics.json
1208509,537,Leganes,Shots on Goal,5,2026-05-07,raw/api_football/fixture_statistics/2026-04-30/fixture_1208509_statistics.json
1208509,537,Leganes,Shots off Goal,4,2026-05-07,raw/api_football/fixture_statistics/2026-04-30/fixture_1208509_statistics.json
1208509,537,Leganes,Total Shots,10,2026-05-07,raw/api_football/fixture_statistics/2026-04-30/fixture_1208509_statistics.json
1208509,537,Leganes,Blocked Shots,1,2026-05-07,raw/api_football/fixture_statistics/2026-04-30/fixture_1208509_statistics.json
1208509,537,Leganes,Shots insidebox,6,2026-05-07,raw/api_football/fixture_statistics/2026-04-30/fixture_1208509_statistics.json
1208509,537,Leganes,Shots outsidebox,4,2026-05-07,raw/api_football/fixture_statistics/2026-04-30/fixture_1208509_statistics.json
1208509,537,Leganes,Fouls,11,2026-05-07,raw/api_football/fixture_statistics/2026-04-30/fixture_1208509_statistics.json
1208509,537,Leganes,Corner Kicks,3,2026-05-07,raw/api_football/fixture_statistics/2026-04-30/fixture_1208509_statistics.json
1208509,537,Leganes,Offsides,1,2026-05-07,raw/api_football/fixture_statistics/2026-04-30/fixture_1208509_statistics.json
1208509,537,Leganes,Ball Possession,40%,2026-05-07,raw/api_football/fixture_statistics/2026-04-30/fixture_1208509_statistics.json
1208509,537,Leganes,Yellow Cards,1,2026-05-07,raw/api_football/fixture_statistics/2026-04-30/fixture_1208509_statistics.json
1208509,537,Leganes,Red Cards,,2026-05-07,raw/api_football/fixture_statistics/2026-04-30/fixture_1208509_statistics.json
1208509,537,Leganes,Goalkeeper Saves,4,2026-05-07,raw/api_football/fixture_statistics/2026-04-30/fixture_1208509_statistics.json
1208509,537,Leganes,Total passes,342,2026-05-07,raw/api_football/fixture_statistics/2026-04-30/fixture_1208509_statistics.json
1208509,537,Leganes,Passes accurate,255,2026-05-07,raw/api_football/fixture_statistics/2026-04-30/fixture_1208509_statistics.json
1208509,537,Leganes,Passes %,75%,2026-05-07,raw/api_football/fixture_statistics/2026-04-30/fixture_1208509_statistics.json
1208509,537,Leganes,expected_goals,1.48,2026-05-07,raw/api_football/fixture_statistics/2026-04-30/fixture_1208509_statistics.json
1208509,537,Leganes,goals_prevented,-0.18,2026-05-07,raw/api_football/fixture_statistics/2026-04-30/fixture_1208509_statistics.json
1208509,534,Las Palmas,Shots on Goal,5,2026-05-07,raw/api_football/fixture_statistics/2026-04-30/fixture_1208509_statistics.json
1208509,534,Las Palmas,Shots off Goal,3,2026-05-07,raw/api_football/fixture_statistics/2026-04-30/fixture_1208509_statistics.json
1208509,534,Las Palmas,Total Shots,10,2026-05-07,raw/api_football/fixture_statistics/2026-04-30/fixture_1208509_statistics.json
1208509,534,Las Palmas,Blocked Shots,2,2026-05-07,raw/api_football/fixture_statistics/2026-04-30/fixture_1208509_statistics.json
1208509,534,Las Palmas,Shots insidebox,7,2026-05-07,raw/api_football/fixture_statistics/2026-04-30/fixture_1208509_statistics.json
1208509,534,Las Palmas,Shots outsidebox,3,2026-05-07,raw/api_football/fixture_statistics/2026-04-30/fixture_1208509_statistics.json
1208509,534,Las Palmas,Fouls,10,2026-05-07,raw/api_football/fixture_statistics/2026-04-30/fixture_1208509_statistics.json
1208509,534,Las Palmas,Corner Kicks,7,2026-05-07,raw/api_football/fixture_statistics/2026-04-30/fixture_1208509_statistics.json
1208509,534,Las Palmas,Offsides,0,2026-05-07,raw/api_football/fixture_statistics/2026-04-30/fixture_1208509_statistics.json
1208509,534,Las Palmas,Ball Possession,60%,2026-05-07,raw/api_football/fixture_statistics/2026-04-30/fixture_1208509_statistics.json
1208509,534,Las Palmas,Yellow Cards,1,2026-05-07,raw/api_football/fixture_statistics/2026-04-30/fixture_1208509_statistics.json
1208509,534,Las Palmas,Red Cards,,2026-05-07,raw/api_football/fixture_statistics/2026-04-30/fixture_1208509_statistics.json
1208509,534,Las Palmas,Goalkeeper Saves,3,2026-05-07,raw/api_football/fixture_statistics/2026-04-30/fixture_1208509_statistics.json
1208509,534,Las Palmas,Total passes,519,2026-05-07,raw/api_football/fixture_statistics/2026-04-30/fixture_1208509_statistics.json
1208509,534,Las Palmas,Passes accurate,417,2026-05-07,raw/api_football/fixture_statistics/2026-04-30/fixture_1208509_statistics.json
1208509,534,Las Palmas,Passes %,80%,2026-05-07,raw/api_football/fixture_statistics/2026-04-30/fixture_1208509_statistics.json
1208509,534,Las Palmas,expected_goals,0.87,2026-05-07,raw/api_football/fixture_statistics/2026-04-30/fixture_1208509_statistics.json
1208509,534,Las Palmas,goals_prevented,-0.18,2026-05-07,raw/api_football/fixture_statistics/2026-04-30/fixture_1208509_statistics.json
1208510,529,Barcelona,Shots on Goal,5,2026-05-07,raw/api_football/fixture_statistics/2026-04-30/fixture_1208510_statistics.json
1208510,529,Barcelona,Shots off Goal,5,2026-05-07,raw/api_football/fixture_statistics/2026-04-30/fixture_1208510_statistics.json
1208510,529,Barcelona,Total Shots,13,2026-05-07,raw/api_football/fixture_statistics/2026-04-30/fixture_1208510_statistics.json
1208510,529,Barcelona,Blocked Shots,3,2026-05-07,raw/api_football/fixture_statistics/2026-04-30/fixture_1208510_statistics.json
1208510,529,Barcelona,Shots insidebox,9,2026-05-07,raw/api_football/fixture_statistics/2026-04-30/fixture_1208510_statistics.json
1208510,529,Barcelona,Shots outsidebox,4,2026-05-07,raw/api_football/fixture_statistics/2026-04-30/fixture_1208510_statistics.json
1208510,529,Barcelona,Fouls,11,2026-05-07,raw/api_football/fixture_statistics/2026-04-30/fixture_1208510_statistics.json
1208510,529,Barcelona,Corner Kicks,5,2026-05-07,raw/api_football/fixture_statistics/2026-04-30/fixture_1208510_statistics.json
1208510,529,Barcelona,Offsides,2,2026-05-07,raw/api_football/fixture_statistics/2026-04-30/fixture_1208510_statistics.json
1208510,529,Barcelona,Ball Possession,65%,2026-05-07,raw/api_football/fixture_statistics/2026-04-30/fixture_1208510_statistics.json
1208510,529,Barcelona,Yellow Cards,4,2026-05-07,raw/api_football/fixture_statistics/2026-04-30/fixture_1208510_statistics.json
1208510,529,Barcelona,Red Cards,,2026-05-07,raw/api_football/fixture_statistics/2026-04-30/fixture_1208510_statistics.json
1208510,529,Barcelona,Goalkeeper Saves,1,2026-05-07,raw/api_football/fixture_statistics/2026-04-30/fixture_1208510_statistics.json
1208510,529,Barcelona,Total passes,568,2026-05-07,raw/api_football/fixture_statistics/2026-04-30/fixture_1208510_statistics.json
1208510,529,Barcelona,Passes accurate,497,2026-05-07,raw/api_football/fixture_statistics/2026-04-30/fixture_1208510_statistics.json
1208510,529,Barcelona,Passes %,88%,2026-05-07,raw/api_football/fixture_statistics/2026-04-30/fixture_1208510_statistics.json
1208510,529,Barcelona,expected_goals,1.83,2026-05-07,raw/api_football/fixture_statistics/2026-04-30/fixture_1208510_statistics.json
1208510,529,Barcelona,goals_prevented,-0.34,2026-05-07,raw/api_football/fixture_statistics/2026-04-30/fixture_1208510_statistics.json
1208510,531,Athletic Club,Shots on Goal,2,2026-05-07,raw/api_football/fixture_statistics/2026-04-30/fixture_1208510_statistics.json
1208510,531,Athletic Club,Shots off Goal,3,2026-05-07,raw/api_football/fixture_statistics/2026-04-30/fixture_1208510_statistics.json
1208510,531,Athletic Club,Total Shots,8,2026-05-07,raw/api_football/fixture_statistics/2026-04-30/fixture_1208510_statistics.json
1208510,531,Athletic Club,Blocked Shots,3,2026-05-07,raw/api_football/fixture_statistics/2026-04-30/fixture_1208510_statistics.json
1208510,531,Athletic Club,Shots insidebox,6,2026-05-07,raw/api_football/fixture_statistics/2026-04-30/fixture_1208510_statistics.json
1208510,531,Athletic Club,Shots outsidebox,2,2026-05-07,raw/api_football/fixture_statistics/2026-04-30/fixture_1208510_statistics.json
1208510,531,Athletic Club,Fouls,16,2026-05-07,raw/api_football/fixture_statistics/2026-04-30/fixture_1208510_statistics.json
1208510,531,Athletic Club,Corner Kicks,6,2026-05-07,raw/api_football/fixture_statistics/2026-04-30/fixture_1208510_statistics.json
1208510,531,Athletic Club,Offsides,5,2026-05-07,raw/api_football/fixture_statistics/2026-04-30/fixture_1208510_statistics.json
1208510,531,Athletic Club,Ball Possession,35%,2026-05-07,raw/api_football/fixture_statistics/2026-04-30/fixture_1208510_statistics.json
1208510,531,Athletic Club,Yellow Cards,5,2026-05-07,raw/api_football/fixture_statistics/2026-04-30/fixture_1208510_statistics.json
1208510,531,Athletic Club,Red Cards,,2026-05-07,raw/api_football/fixture_statistics/2026-04-30/fixture_1208510_statistics.json
1208510,531,Athletic Club,Goalkeeper Saves,3,2026-05-07,raw/api_football/fixture_statistics/2026-04-30/fixture_1208510_statistics.json
1208510,531,Athletic Club,Total passes,293,2026-05-07,raw/api_football/fixture_statistics/2026-04-30/fixture_1208510_statistics.json
1208510,531,Athletic Club,Passes accurate,232,2026-05-07,raw/api_football/fixture_statistics/2026-04-30/fixture_1208510_statistics.json
1208510,531,Athletic Club,Passes %,79%,2026-05-07,raw/api_football/fixture_statistics/2026-04-30/fixture_1208510_statistics.json
1208510,531,Athletic Club,expected_goals,1.03,2026-05-07,raw/api_football/fixture_statistics/2026-04-30/fixture_1208510_statistics.json
1208510,531,Athletic Club,goals_prevented,-0.34,2026-05-07,raw/api_football/fixture_statistics/2026-04-30/fixture_1208510_statistics.json
1208511,727,Osasuna,Shots on Goal,5,2026-05-07,raw/api_football/fixture_statistics/2026-04-30/fixture_1208511_statistics.json
1208511,727,Osasuna,Shots off Goal,7,2026-05-07,raw/api_football/fixture_statistics/2026-04-30/fixture_1208511_statistics.json
1208511,727,Osasuna,Total Shots,15,2026-05-07,raw/api_football/fixture_statistics/2026-04-30/fixture_1208511_statistics.json
1208511,727,Osasuna,Blocked Shots,3,2026-05-07,raw/api_football/fixture_statistics/2026-04-30/fixture_1208511_statistics.json
1208511,727,Osasuna,Shots insidebox,5,2026-05-07,raw/api_football/fixture_statistics/2026-04-30/fixture_1208511_statistics.json
1208511,727,Osasuna,Shots outsidebox,10,2026-05-07,raw/api_football/fixture_statistics/2026-04-30/fixture_1208511_statistics.json
1208511,727,Osasuna,Fouls,10,2026-05-07,raw/api_football/fixture_statistics/2026-04-30/fixture_1208511_statistics.json
1208511,727,Osasuna,Corner Kicks,5,2026-05-07,raw/api_football/fixture_statistics/2026-04-30/fixture_1208511_statistics.json
1208511,727,Osasuna,Offsides,1,2026-05-07,raw/api_football/fixture_statistics/2026-04-30/fixture_1208511_statistics.json
1208511,727,Osasuna,Ball Possession,45%,2026-05-07,raw/api_football/fixture_statistics/2026-04-30/fixture_1208511_statistics.json
1208511,727,Osasuna,Yellow Cards,2,2026-05-07,raw/api_football/fixture_statistics/2026-04-30/fixture_1208511_statistics.json
1208511,727,Osasuna,Red Cards,,2026-05-07,raw/api_football/fixture_statistics/2026-04-30/fixture_1208511_statistics.json
1208511,727,Osasuna,Goalkeeper Saves,1,2026-05-07,raw/api_football/fixture_statistics/2026-04-30/fixture_1208511_statistics.json
1208511,727,Osasuna,Total passes,314,2026-05-07,raw/api_football/fixture_statistics/2026-04-30/fixture_1208511_statistics.json
1208511,727,Osasuna,Passes accurate,233,2026-05-07,raw/api_football/fixture_statistics/2026-04-30/fixture_1208511_statistics.json
1208511,727,Osasuna,Passes %,74%,2026-05-07,raw/api_football/fixture_statistics/2026-04-30/fixture_1208511_statistics.json
1208511,727,Osasuna,expected_goals,0.54,2026-05-07,raw/api_football/fixture_statistics/2026-04-30/fixture_1208511_statistics.json
1208511,727,Osasuna,goals_prevented,-0.53,2026-05-07,raw/api_football/fixture_statistics/2026-04-30/fixture_1208511_statistics.json
1208511,798,Mallorca,Shots on Goal,1,2026-05-07,raw/api_football/fixture_statistics/2026-04-30/fixture_1208511_statistics.json
1208511,798,Mallorca,Shots off Goal,4,2026-05-07,raw/api_football/fixture_statistics/2026-04-30/fixture_1208511_statistics.json
1208511,798,Mallorca,Total Shots,10,2026-05-07,raw/api_football/fixture_statistics/2026-04-30/fixture_1208511_statistics.json
1208511,798,Mallorca,Blocked Shots,5,2026-05-07,raw/api_football/fixture_statistics/2026-04-30/fixture_1208511_statistics.json
1208511,798,Mallorca,Shots insidebox,6,2026-05-07,raw/api_football/fixture_statistics/2026-04-30/fixture_1208511_statistics.json
1208511,798,Mallorca,Shots outsidebox,4,2026-05-07,raw/api_football/fixture_statistics/2026-04-30/fixture_1208511_statistics.json
1208511,798,Mallorca,Fouls,8,2026-05-07,raw/api_football/fixture_statistics/2026-04-30/fixture_1208511_statistics.json
1208511,798,Mallorca,Corner Kicks,4,2026-05-07,raw/api_football/fixture_statistics/2026-04-30/fixture_1208511_statistics.json
1208511,798,Mallorca,Offsides,0,2026-05-07,raw/api_football/fixture_statistics/2026-04-30/fixture_1208511_statistics.json
1208511,798,Mallorca,Ball Possession,55%,2026-05-07,raw/api_football/fixture_statistics/2026-04-30/fixture_1208511_statistics.json
1208511,798,Mallorca,Yellow Cards,1,2026-05-07,raw/api_football/fixture_statistics/2026-04-30/fixture_1208511_statistics.json
1208511,798,Mallorca,Red Cards,,2026-05-07,raw/api_football/fixture_statistics/2026-04-30/fixture_1208511_statistics.json
1208511,798,Mallorca,Goalkeeper Saves,4,2026-05-07,raw/api_football/fixture_statistics/2026-04-30/fixture_1208511_statistics.json
1208511,798,Mallorca,Total passes,379,2026-05-07,raw/api_football/fixture_statistics/2026-04-30/fixture_1208511_statistics.json
1208511,798,Mallorca,Passes accurate,306,2026-05-07,raw/api_football/fixture_statistics/2026-04-30/fixture_1208511_statistics.json
1208511,798,Mallorca,Passes %,81%,2026-05-07,raw/api_football/fixture_statistics/2026-04-30/fixture_1208511_statistics.json
1208511,798,Mallorca,expected_goals,0.58,2026-05-07,raw/api_football/fixture_statistics/2026-04-30/fixture_1208511_statistics.json
1208511,798,Mallorca,goals_prevented,-0.53,2026-05-07,raw/api_football/fixture_statistics/2026-04-30/fixture_1208511_statistics.json
1208512,531,Athletic Club,Shots on Goal,4,2026-05-07,raw/api_football/fixture_statistics/2026-04-30/fixture_1208512_statistics.json
1208512,531,Athletic Club,Shots off Goal,4,2026-05-07,raw/api_football/fixture_statistics/2026-04-30/fixture_1208512_statistics.json
1208512,531,Athletic Club,Total Shots,13,2026-05-07,raw/api_football/fixture_statistics/2026-04-30/fixture_1208512_statistics.json
1208512,531,Athletic Club,Blocked Shots,5,2026-05-07,raw/api_football/fixture_statistics/2026-04-30/fixture_1208512_statistics.json
1208512,531,Athletic Club,Shots insidebox,12,2026-05-07,raw/api_football/fixture_statistics/2026-04-30/fixture_1208512_statistics.json
1208512,531,Athletic Club,Shots outsidebox,1,2026-05-07,raw/api_football/fixture_statistics/2026-04-30/fixture_1208512_statistics.json
1208512,531,Athletic Club,Fouls,14,2026-05-07,raw/api_football/fixture_statistics/2026-04-30/fixture_1208512_statistics.json
1208512,531,Athletic Club,Corner Kicks,5,2026-05-07,raw/api_football/fixture_statistics/2026-04-30/fixture_1208512_statistics.json
1208512,531,Athletic Club,Offsides,1,2026-05-07,raw/api_football/fixture_statistics/2026-04-30/fixture_1208512_statistics.json
1208512,531,Athletic Club,Ball Possession,51%,2026-05-07,raw/api_football/fixture_statistics/2026-04-30/fixture_1208512_statistics.json
1208512,531,Athletic Club,Yellow Cards,1,2026-05-07,raw/api_football/fixture_statistics/2026-04-30/fixture_1208512_statistics.json
1208512,531,Athletic Club,Red Cards,,2026-05-07,raw/api_football/fixture_statistics/2026-04-30/fixture_1208512_statistics.json
1208512,531,Athletic Club,Goalkeeper Saves,0,2026-05-07,raw/api_football/fixture_statistics/2026-04-30/fixture_1208512_statistics.json
1208512,531,Athletic Club,Total passes,418,2026-05-07,raw/api_football/fixture_statistics/2026-04-30/fixture_1208512_statistics.json
1208512,531,Athletic Club,Passes accurate,331,2026-05-07,raw/api_football/fixture_statistics/2026-04-30/fixture_1208512_statistics.json
1208512,531,Athletic Club,Passes %,79%,2026-05-07,raw/api_football/fixture_statistics/2026-04-30/fixture_1208512_statistics.json
1208512,531,Athletic Club,expected_goals,1.38,2026-05-07,raw/api_football/fixture_statistics/2026-04-30/fixture_1208512_statistics.json
1208512,531,Athletic Club,goals_prevented,-0.18,2026-05-07,raw/api_football/fixture_statistics/2026-04-30/fixture_1208512_statistics.json
1208512,532,Valencia,Shots on Goal,0,2026-05-07,raw/api_football/fixture_statistics/2026-04-30/fixture_1208512_statistics.json
1208512,532,Valencia,Shots off Goal,1,2026-05-07,raw/api_football/fixture_statistics/2026-04-30/fixture_1208512_statistics.json
1208512,532,Valencia,Total Shots,2,2026-05-07,raw/api_football/fixture_statistics/2026-04-30/fixture_1208512_statistics.json
1208512,532,Valencia,Blocked Shots,1,2026-05-07,raw/api_football/fixture_statistics/2026-04-30/fixture_1208512_statistics.json
1208512,532,Valencia,Shots insidebox,1,2026-05-07,raw/api_football/fixture_statistics/2026-04-30/fixture_1208512_statistics.json
1208512,532,Valencia,Shots outsidebox,1,2026-05-07,raw/api_football/fixture_statistics/2026-04-30/fixture_1208512_statistics.json
1208512,532,Valencia,Fouls,9,2026-05-07,raw/api_football/fixture_statistics/2026-04-30/fixture_1208512_statistics.json
1208512,532,Valencia,Corner Kicks,3,2026-05-07,raw/api_football/fixture_statistics/2026-04-30/fixture_1208512_statistics.json
1208512,532,Valencia,Offsides,3,2026-05-07,raw/api_football/fixture_statistics/2026-04-30/fixture_1208512_statistics.json
1208512,532,Valencia,Ball Possession,49%,2026-05-07,raw/api_football/fixture_statistics/2026-04-30/fixture_1208512_statistics.json
1208512,532,Valencia,Yellow Cards,3,2026-05-07,raw/api_football/fixture_statistics/2026-04-30/fixture_1208512_statistics.json
1208512,532,Valencia,Red Cards,,2026-05-07,raw/api_football/fixture_statistics/2026-04-30/fixture_1208512_statistics.json
1208512,532,Valencia,Goalkeeper Saves,3,2026-05-07,raw/api_football/fixture_statistics/2026-04-30/fixture_1208512_statistics.json
1208512,532,Valencia,Total passes,415,2026-05-07,raw/api_football/fixture_statistics/2026-04-30/fixture_1208512_statistics.json
1208512,532,Valencia,Passes accurate,314,2026-05-07,raw/api_football/fixture_statistics/2026-04-30/fixture_1208512_statistics.json
1208512,532,Valencia,Passes %,76%,2026-05-07,raw/api_football/fixture_statistics/2026-04-30/fixture_1208512_statistics.json
1208512,532,Valencia,expected_goals,0.08,2026-05-07,raw/api_football/fixture_statistics/2026-04-30/fixture_1208512_statistics.json
1208512,532,Valencia,goals_prevented,-0.18,2026-05-07,raw/api_football/fixture_statistics/2026-04-30/fixture_1208512_statistics.json
1208515,798,Mallorca,Shots on Goal,4,2026-05-07,raw/api_football/fixture_statistics/2026-04-30/fixture_1208515_statistics.json
1208515,798,Mallorca,Shots off Goal,6,2026-05-07,raw/api_football/fixture_statistics/2026-04-30/fixture_1208515_statistics.json
1208515,798,Mallorca,Total Shots,12,2026-05-07,raw/api_football/fixture_statistics/2026-04-30/fixture_1208515_statistics.json
1208515,798,Mallorca,Blocked Shots,2,2026-05-07,raw/api_football/fixture_statistics/2026-04-30/fixture_1208515_statistics.json
1208515,798,Mallorca,Shots insidebox,8,2026-05-07,raw/api_football/fixture_statistics/2026-04-30/fixture_1208515_statistics.json
1208515,798,Mallorca,Shots outsidebox,4,2026-05-07,raw/api_football/fixture_statistics/2026-04-30/fixture_1208515_statistics.json
1208515,798,Mallorca,Fouls,15,2026-05-07,raw/api_football/fixture_statistics/2026-04-30/fixture_1208515_statistics.json
1208515,798,Mallorca,Corner Kicks,5,2026-05-07,raw/api_football/fixture_statistics/2026-04-30/fixture_1208515_statistics.json
1208515,798,Mallorca,Offsides,3,2026-05-07,raw/api_football/fixture_statistics/2026-04-30/fixture_1208515_statistics.json
1208515,798,Mallorca,Ball Possession,45%,2026-05-07,raw/api_football/fixture_statistics/2026-04-30/fixture_1208515_statistics.json
1208515,798,Mallorca,Yellow Cards,0,2026-05-07,raw/api_football/fixture_statistics/2026-04-30/fixture_1208515_statistics.json
1208515,798,Mallorca,Red Cards,0,2026-05-07,raw/api_football/fixture_statistics/2026-04-30/fixture_1208515_statistics.json
1208515,798,Mallorca,Goalkeeper Saves,7,2026-05-07,raw/api_football/fixture_statistics/2026-04-30/fixture_1208515_statistics.json
1208515,798,Mallorca,Total passes,385,2026-05-07,raw/api_football/fixture_statistics/2026-04-30/fixture_1208515_statistics.json
1208515,798,Mallorca,Passes accurate,314,2026-05-07,raw/api_football/fixture_statistics/2026-04-30/fixture_1208515_statistics.json
1208515,798,Mallorca,Passes %,82%,2026-05-07,raw/api_football/fixture_statistics/2026-04-30/fixture_1208515_statistics.json
1208515,798,Mallorca,expected_goals,0.90,2026-05-07,raw/api_football/fixture_statistics/2026-04-30/fixture_1208515_statistics.json
1208515,798,Mallorca,goals_prevented,0.88,2026-05-07,raw/api_football/fixture_statistics/2026-04-30/fixture_1208515_statistics.json
1208515,536,Sevilla,Shots on Goal,7,2026-05-07,raw/api_football/fixture_statistics/2026-04-30/fixture_1208515_statistics.json
1208515,536,Sevilla,Shots off Goal,6,2026-05-07,raw/api_football/fixture_statistics/2026-04-30/fixture_1208515_statistics.json
1208515,536,Sevilla,Total Shots,16,2026-05-07,raw/api_football/fixture_statistics/2026-04-30/fixture_1208515_statistics.json
1208515,536,Sevilla,Blocked Shots,3,2026-05-07,raw/api_football/fixture_statistics/2026-04-30/fixture_1208515_statistics.json
1208515,536,Sevilla,Shots insidebox,6,2026-05-07,raw/api_football/fixture_statistics/2026-04-30/fixture_1208515_statistics.json
1208515,536,Sevilla,Shots outsidebox,10,2026-05-07,raw/api_football/fixture_statistics/2026-04-30/fixture_1208515_statistics.json
1208515,536,Sevilla,Fouls,10,2026-05-07,raw/api_football/fixture_statistics/2026-04-30/fixture_1208515_statistics.json
1208515,536,Sevilla,Corner Kicks,9,2026-05-07,raw/api_football/fixture_statistics/2026-04-30/fixture_1208515_statistics.json
1208515,536,Sevilla,Offsides,1,2026-05-07,raw/api_football/fixture_statistics/2026-04-30/fixture_1208515_statistics.json
1208515,536,Sevilla,Ball Possession,55%,2026-05-07,raw/api_football/fixture_statistics/2026-04-30/fixture_1208515_statistics.json
1208515,536,Sevilla,Yellow Cards,1,2026-05-07,raw/api_football/fixture_statistics/2026-04-30/fixture_1208515_statistics.json
1208515,536,Sevilla,Red Cards,1,2026-05-07,raw/api_football/fixture_statistics/2026-04-30/fixture_1208515_statistics.json
1208515,536,Sevilla,Goalkeeper Saves,4,2026-05-07,raw/api_football/fixture_statistics/2026-04-30/fixture_1208515_statistics.json
1208515,536,Sevilla,Total passes,485,2026-05-07,raw/api_football/fixture_statistics/2026-04-30/fixture_1208515_statistics.json
1208515,536,Sevilla,Passes accurate,414,2026-05-07,raw/api_football/fixture_statistics/2026-04-30/fixture_1208515_statistics.json
1208515,536,Sevilla,Passes %,85%,2026-05-07,raw/api_football/fixture_statistics/2026-04-30/fixture_1208515_statistics.json
1208515,536,Sevilla,expected_goals,0.74,2026-05-07,raw/api_football/fixture_statistics/2026-04-30/fixture_1208515_statistics.json
1208515,536,Sevilla,goals_prevented,0.88,2026-05-07,raw/api_football/fixture_statistics/2026-04-30/fixture_1208515_statistics.json
1208517,728,Rayo Vallecano,Shots on Goal,4,2026-05-07,raw/api_football/fixture_statistics/2026-04-30/fixture_1208517_statistics.json
1208517,728,Rayo Vallecano,Shots off Goal,3,2026-05-07,raw/api_football/fixture_statistics/2026-04-30/fixture_1208517_statistics.json
1208517,728,Rayo Vallecano,Total Shots,8,2026-05-07,raw/api_football/fixture_statistics/2026-04-30/fixture_1208517_statistics.json
1208517,728,Rayo Vallecano,Blocked Shots,1,2026-05-07,raw/api_football/fixture_statistics/2026-04-30/fixture_1208517_statistics.json
1208517,728,Rayo Vallecano,Shots insidebox,6,2026-05-07,raw/api_football/fixture_statistics/2026-04-30/fixture_1208517_statistics.json
1208517,728,Rayo Vallecano,Shots outsidebox,2,2026-05-07,raw/api_football/fixture_statistics/2026-04-30/fixture_1208517_statistics.json
1208517,728,Rayo Vallecano,Fouls,17,2026-05-07,raw/api_football/fixture_statistics/2026-04-30/fixture_1208517_statistics.json
1208517,728,Rayo Vallecano,Corner Kicks,6,2026-05-07,raw/api_football/fixture_statistics/2026-04-30/fixture_1208517_statistics.json
1208517,728,Rayo Vallecano,Offsides,4,2026-05-07,raw/api_football/fixture_statistics/2026-04-30/fixture_1208517_statistics.json
1208517,728,Rayo Vallecano,Ball Possession,35%,2026-05-07,raw/api_football/fixture_statistics/2026-04-30/fixture_1208517_statistics.json
1208517,728,Rayo Vallecano,Yellow Cards,3,2026-05-07,raw/api_football/fixture_statistics/2026-04-30/fixture_1208517_statistics.json
1208517,728,Rayo Vallecano,Red Cards,,2026-05-07,raw/api_football/fixture_statistics/2026-04-30/fixture_1208517_statistics.json
1208517,728,Rayo Vallecano,Goalkeeper Saves,3,2026-05-07,raw/api_football/fixture_statistics/2026-04-30/fixture_1208517_statistics.json
1208517,728,Rayo Vallecano,Total passes,270,2026-05-07,raw/api_football/fixture_statistics/2026-04-30/fixture_1208517_statistics.json
1208517,728,Rayo Vallecano,Passes accurate,201,2026-05-07,raw/api_football/fixture_statistics/2026-04-30/fixture_1208517_statistics.json
1208517,728,Rayo Vallecano,Passes %,74%,2026-05-07,raw/api_football/fixture_statistics/2026-04-30/fixture_1208517_statistics.json
1208517,728,Rayo Vallecano,expected_goals,0.43,2026-05-07,raw/api_football/fixture_statistics/2026-04-30/fixture_1208517_statistics.json
1208517,728,Rayo Vallecano,goals_prevented,-0.64,2026-05-07,raw/api_football/fixture_statistics/2026-04-30/fixture_1208517_statistics.json
1208517,529,Barcelona,Shots on Goal,5,2026-05-07,raw/api_football/fixture_statistics/2026-04-30/fixture_1208517_statistics.json
1208517,529,Barcelona,Shots off Goal,6,2026-05-07,raw/api_football/fixture_statistics/2026-04-30/fixture_1208517_statistics.json
1208517,529,Barcelona,Total Shots,22,2026-05-07,raw/api_football/fixture_statistics/2026-04-30/fixture_1208517_statistics.json
1208517,529,Barcelona,Blocked Shots,11,2026-05-07,raw/api_football/fixture_statistics/2026-04-30/fixture_1208517_statistics.json
1208517,529,Barcelona,Shots insidebox,11,2026-05-07,raw/api_football/fixture_statistics/2026-04-30/fixture_1208517_statistics.json
1208517,529,Barcelona,Shots outsidebox,11,2026-05-07,raw/api_football/fixture_statistics/2026-04-30/fixture_1208517_statistics.json
1208517,529,Barcelona,Fouls,11,2026-05-07,raw/api_football/fixture_statistics/2026-04-30/fixture_1208517_statistics.json
1208517,529,Barcelona,Corner Kicks,6,2026-05-07,raw/api_football/fixture_statistics/2026-04-30/fixture_1208517_statistics.json
1208517,529,Barcelona,Offsides,1,2026-05-07,raw/api_football/fixture_statistics/2026-04-30/fixture_1208517_statistics.json
1208517,529,Barcelona,Ball Possession,65%,2026-05-07,raw/api_football/fixture_statistics/2026-04-30/fixture_1208517_statistics.json
1208517,529,Barcelona,Yellow Cards,1,2026-05-07,raw/api_football/fixture_statistics/2026-04-30/fixture_1208517_statistics.json
1208517,529,Barcelona,Red Cards,,2026-05-07,raw/api_football/fixture_statistics/2026-04-30/fixture_1208517_statistics.json
1208517,529,Barcelona,Goalkeeper Saves,3,2026-05-07,raw/api_football/fixture_statistics/2026-04-30/fixture_1208517_statistics.json
1208517,529,Barcelona,Total passes,529,2026-05-07,raw/api_football/fixture_statistics/2026-04-30/fixture_1208517_statistics.json
1208517,529,Barcelona,Passes accurate,444,2026-05-07,raw/api_football/fixture_statistics/2026-04-30/fixture_1208517_statistics.json
1208517,529,Barcelona,Passes %,84%,2026-05-07,raw/api_football/fixture_statistics/2026-04-30/fixture_1208517_statistics.json
1208517,529,Barcelona,expected_goals,1.40,2026-05-07,raw/api_football/fixture_statistics/2026-04-30/fixture_1208517_statistics.json
1208517,529,Barcelona,goals_prevented,-0.64,2026-05-07,raw/api_football/fixture_statistics/2026-04-30/fixture_1208517_statistics.json
1208518,533,Villarreal,Shots on Goal,9,2026-05-07,raw/api_football/fixture_statistics/2026-04-30/fixture_1208518_statistics.json
1208518,533,Villarreal,Shots off Goal,11,2026-05-07,raw/api_football/fixture_statistics/2026-04-30/fixture_1208518_statistics.json
1208518,533,Villarreal,Total Shots,24,2026-05-07,raw/api_football/fixture_statistics/2026-04-30/fixture_1208518_statistics.json
1208518,533,Villarreal,Blocked Shots,4,2026-05-07,raw/api_football/fixture_statistics/2026-04-30/fixture_1208518_statistics.json
1208518,533,Villarreal,Shots insidebox,16,2026-05-07,raw/api_football/fixture_statistics/2026-04-30/fixture_1208518_statistics.json
1208518,533,Villarreal,Shots outsidebox,8,2026-05-07,raw/api_football/fixture_statistics/2026-04-30/fixture_1208518_statistics.json
1208518,533,Villarreal,Fouls,8,2026-05-07,raw/api_football/fixture_statistics/2026-04-30/fixture_1208518_statistics.json
1208518,533,Villarreal,Corner Kicks,7,2026-05-07,raw/api_football/fixture_statistics/2026-04-30/fixture_1208518_statistics.json
1208518,533,Villarreal,Offsides,2,2026-05-07,raw/api_football/fixture_statistics/2026-04-30/fixture_1208518_statistics.json
1208518,533,Villarreal,Ball Possession,45%,2026-05-07,raw/api_football/fixture_statistics/2026-04-30/fixture_1208518_statistics.json
1208518,533,Villarreal,Yellow Cards,4,2026-05-07,raw/api_football/fixture_statistics/2026-04-30/fixture_1208518_statistics.json
1208518,533,Villarreal,Red Cards,,2026-05-07,raw/api_football/fixture_statistics/2026-04-30/fixture_1208518_statistics.json
1208518,533,Villarreal,Goalkeeper Saves,4,2026-05-07,raw/api_football/fixture_statistics/2026-04-30/fixture_1208518_statistics.json
1208518,533,Villarreal,Total passes,450,2026-05-07,raw/api_football/fixture_statistics/2026-04-30/fixture_1208518_statistics.json
1208518,533,Villarreal,Passes accurate,402,2026-05-07,raw/api_football/fixture_statistics/2026-04-30/fixture_1208518_statistics.json
1208518,533,Villarreal,Passes %,89%,2026-05-07,raw/api_football/fixture_statistics/2026-04-30/fixture_1208518_statistics.json
1208518,533,Villarreal,expected_goals,3.64,2026-05-07,raw/api_football/fixture_statistics/2026-04-30/fixture_1208518_statistics.json
1208518,533,Villarreal,goals_prevented,1.25,2026-05-07,raw/api_football/fixture_statistics/2026-04-30/fixture_1208518_statistics.json
1208518,538,Celta Vigo,Shots on Goal,9,2026-05-07,raw/api_football/fixture_statistics/2026-04-30/fixture_1208518_statistics.json
1208518,538,Celta Vigo,Shots off Goal,5,2026-05-07,raw/api_football/fixture_statistics/2026-04-30/fixture_1208518_statistics.json
1208518,538,Celta Vigo,Total Shots,20,2026-05-07,raw/api_football/fixture_statistics/2026-04-30/fixture_1208518_statistics.json
1208518,538,Celta Vigo,Blocked Shots,6,2026-05-07,raw/api_football/fixture_statistics/2026-04-30/fixture_1208518_statistics.json
1208518,538,Celta Vigo,Shots insidebox,15,2026-05-07,raw/api_football/fixture_statistics/2026-04-30/fixture_1208518_statistics.json
1208518,538,Celta Vigo,Shots outsidebox,5,2026-05-07,raw/api_football/fixture_statistics/2026-04-30/fixture_1208518_statistics.json
1208518,538,Celta Vigo,Fouls,7,2026-05-07,raw/api_football/fixture_statistics/2026-04-30/fixture_1208518_statistics.json
1208518,538,Celta Vigo,Corner Kicks,4,2026-05-07,raw/api_football/fixture_statistics/2026-04-30/fixture_1208518_statistics.json
1208518,538,Celta Vigo,Offsides,1,2026-05-07,raw/api_football/fixture_statistics/2026-04-30/fixture_1208518_statistics.json
1208518,538,Celta Vigo,Ball Possession,55%,2026-05-07,raw/api_football/fixture_statistics/2026-04-30/fixture_1208518_statistics.json
1208518,538,Celta Vigo,Yellow Cards,3,2026-05-07,raw/api_football/fixture_statistics/2026-04-30/fixture_1208518_statistics.json
1208518,538,Celta Vigo,Red Cards,,2026-05-07,raw/api_football/fixture_statistics/2026-04-30/fixture_1208518_statistics.json
1208518,538,Celta Vigo,Goalkeeper Saves,6,2026-05-07,raw/api_football/fixture_statistics/2026-04-30/fixture_1208518_statistics.json
1208518,538,Celta Vigo,Total passes,565,2026-05-07,raw/api_football/fixture_statistics/2026-04-30/fixture_1208518_statistics.json
1208518,538,Celta Vigo,Passes accurate,504,2026-05-07,raw/api_football/fixture_statistics/2026-04-30/fixture_1208518_statistics.json
1208518,538,Celta Vigo,Passes %,89%,2026-05-07,raw/api_football/fixture_statistics/2026-04-30/fixture_1208518_statistics.json
1208518,538,Celta Vigo,expected_goals,2.72,2026-05-07,raw/api_football/fixture_statistics/2026-04-30/fixture_1208518_statistics.json
1208518,538,Celta Vigo,goals_prevented,1.25,2026-05-07,raw/api_football/fixture_statistics/2026-04-30/fixture_1208518_statistics.json
1208520,720,Valladolid,Shots on Goal,2,2026-05-07,raw/api_football/fixture_statistics/2026-04-30/fixture_1208520_statistics.json
1208520,720,Valladolid,Shots off Goal,9,2026-05-07,raw/api_football/fixture_statistics/2026-04-30/fixture_1208520_statistics.json
1208520,720,Valladolid,Total Shots,12,2026-05-07,raw/api_football/fixture_statistics/2026-04-30/fixture_1208520_statistics.json
1208520,720,Valladolid,Blocked Shots,1,2026-05-07,raw/api_football/fixture_statistics/2026-04-30/fixture_1208520_statistics.json
1208520,720,Valladolid,Shots insidebox,11,2026-05-07,raw/api_football/fixture_statistics/2026-04-30/fixture_1208520_statistics.json
1208520,720,Valladolid,Shots outsidebox,1,2026-05-07,raw/api_football/fixture_statistics/2026-04-30/fixture_1208520_statistics.json
1208520,720,Valladolid,Fouls,13,2026-05-07,raw/api_football/fixture_statistics/2026-04-30/fixture_1208520_statistics.json
1208520,720,Valladolid,Corner Kicks,4,2026-05-07,raw/api_football/fixture_statistics/2026-04-30/fixture_1208520_statistics.json
1208520,720,Valladolid,Offsides,0,2026-05-07,raw/api_football/fixture_statistics/2026-04-30/fixture_1208520_statistics.json
1208520,720,Valladolid,Ball Possession,59%,2026-05-07,raw/api_football/fixture_statistics/2026-04-30/fixture_1208520_statistics.json
1208520,720,Valladolid,Yellow Cards,1,2026-05-07,raw/api_football/fixture_statistics/2026-04-30/fixture_1208520_statistics.json
1208520,720,Valladolid,Red Cards,,2026-05-07,raw/api_football/fixture_statistics/2026-04-30/fixture_1208520_statistics.json
1208520,720,Valladolid,Goalkeeper Saves,1,2026-05-07,raw/api_football/fixture_statistics/2026-04-30/fixture_1208520_statistics.json
1208520,720,Valladolid,Total passes,493,2026-05-07,raw/api_football/fixture_statistics/2026-04-30/fixture_1208520_statistics.json
1208520,720,Valladolid,Passes accurate,432,2026-05-07,raw/api_football/fixture_statistics/2026-04-30/fixture_1208520_statistics.json
1208520,720,Valladolid,Passes %,88%,2026-05-07,raw/api_football/fixture_statistics/2026-04-30/fixture_1208520_statistics.json
1208520,720,Valladolid,expected_goals,1.00,2026-05-07,raw/api_football/fixture_statistics/2026-04-30/fixture_1208520_statistics.json
1208520,720,Valladolid,goals_prevented,0.35,2026-05-07,raw/api_football/fixture_statistics/2026-04-30/fixture_1208520_statistics.json
1208520,537,Leganes,Shots on Goal,1,2026-05-07,raw/api_football/fixture_statistics/2026-04-30/fixture_1208520_statistics.json
1208520,537,Leganes,Shots off Goal,4,2026-05-07,raw/api_football/fixture_statistics/2026-04-30/fixture_1208520_statistics.json
1208520,537,Leganes,Total Shots,7,2026-05-07,raw/api_football/fixture_statistics/2026-04-30/fixture_1208520_statistics.json
1208520,537,Leganes,Blocked Shots,2,2026-05-07,raw/api_football/fixture_statistics/2026-04-30/fixture_1208520_statistics.json
1208520,537,Leganes,Shots insidebox,2,2026-05-07,raw/api_football/fixture_statistics/2026-04-30/fixture_1208520_statistics.json
1208520,537,Leganes,Shots outsidebox,5,2026-05-07,raw/api_football/fixture_statistics/2026-04-30/fixture_1208520_statistics.json
1208520,537,Leganes,Fouls,19,2026-05-07,raw/api_football/fixture_statistics/2026-04-30/fixture_1208520_statistics.json
1208520,537,Leganes,Corner Kicks,4,2026-05-07,raw/api_football/fixture_statistics/2026-04-30/fixture_1208520_statistics.json
1208520,537,Leganes,Offsides,2,2026-05-07,raw/api_football/fixture_statistics/2026-04-30/fixture_1208520_statistics.json
1208520,537,Leganes,Ball Possession,41%,2026-05-07,raw/api_football/fixture_statistics/2026-04-30/fixture_1208520_statistics.json
1208520,537,Leganes,Yellow Cards,5,2026-05-07,raw/api_football/fixture_statistics/2026-04-30/fixture_1208520_statistics.json
1208520,537,Leganes,Red Cards,,2026-05-07,raw/api_football/fixture_statistics/2026-04-30/fixture_1208520_statistics.json
1208520,537,Leganes,Goalkeeper Saves,2,2026-05-07,raw/api_football/fixture_statistics/2026-04-30/fixture_1208520_statistics.json
1208520,537,Leganes,Total passes,360,2026-05-07,raw/api_football/fixture_statistics/2026-04-30/fixture_1208520_statistics.json
1208520,537,Leganes,Passes accurate,295,2026-05-07,raw/api_football/fixture_statistics/2026-04-30/fixture_1208520_statistics.json
1208520,537,Leganes,Passes %,82%,2026-05-07,raw/api_football/fixture_statistics/2026-04-30/fixture_1208520_statistics.json
1208520,537,Leganes,expected_goals,0.18,2026-05-07,raw/api_football/fixture_statistics/2026-04-30/fixture_1208520_statistics.json
1208520,537,Leganes,goals_prevented,0.35,2026-05-07,raw/api_football/fixture_statistics/2026-04-30/fixture_1208520_statistics.json
1212910,720,Valladolid,Shots on Goal,1,2026-05-07,raw/api_football/fixture_statistics/2026-04-30/fixture_1212910_statistics.json
1212910,720,Valladolid,Shots off Goal,6,2026-05-07,raw/api_football/fixture_statistics/2026-04-30/fixture_1212910_statistics.json
1212910,720,Valladolid,Total Shots,12,2026-05-07,raw/api_football/fixture_statistics/2026-04-30/fixture_1212910_statistics.json
1212910,720,Valladolid,Blocked Shots,5,2026-05-07,raw/api_football/fixture_statistics/2026-04-30/fixture_1212910_statistics.json
1212910,720,Valladolid,Shots insidebox,7,2026-05-07,raw/api_football/fixture_statistics/2026-04-30/fixture_1212910_statistics.json
1212910,720,Valladolid,Shots outsidebox,5,2026-05-07,raw/api_football/fixture_statistics/2026-04-30/fixture_1212910_statistics.json
1212910,720,Valladolid,Fouls,15,2026-05-07,raw/api_football/fixture_statistics/2026-04-30/fixture_1212910_statistics.json
1212910,720,Valladolid,Corner Kicks,3,2026-05-07,raw/api_football/fixture_statistics/2026-04-30/fixture_1212910_statistics.json
1212910,720,Valladolid,Offsides,6,2026-05-07,raw/api_football/fixture_statistics/2026-04-30/fixture_1212910_statistics.json
1212910,720,Valladolid,Ball Possession,45%,2026-05-07,raw/api_football/fixture_statistics/2026-04-30/fixture_1212910_statistics.json
1212910,720,Valladolid,Yellow Cards,2,2026-05-07,raw/api_football/fixture_statistics/2026-04-30/fixture_1212910_statistics.json
1212910,720,Valladolid,Red Cards,,2026-05-07,raw/api_football/fixture_statistics/2026-04-30/fixture_1212910_statistics.json
1212910,720,Valladolid,Goalkeeper Saves,2,2026-05-07,raw/api_football/fixture_statistics/2026-04-30/fixture_1212910_statistics.json
1212910,720,Valladolid,Total passes,387,2026-05-07,raw/api_football/fixture_statistics/2026-04-30/fixture_1212910_statistics.json
1212910,720,Valladolid,Passes accurate,319,2026-05-07,raw/api_football/fixture_statistics/2026-04-30/fixture_1212910_statistics.json
1212910,720,Valladolid,Passes %,82%,2026-05-07,raw/api_football/fixture_statistics/2026-04-30/fixture_1212910_statistics.json
1212910,720,Valladolid,expected_goals,0.80,2026-05-07,raw/api_football/fixture_statistics/2026-04-30/fixture_1212910_statistics.json
1212910,720,Valladolid,goals_prevented,-0.86,2026-05-07,raw/api_football/fixture_statistics/2026-04-30/fixture_1212910_statistics.json
1212910,540,Espanyol,Shots on Goal,2,2026-05-07,raw/api_football/fixture_statistics/2026-04-30/fixture_1212910_statistics.json
1212910,540,Espanyol,Shots off Goal,5,2026-05-07,raw/api_football/fixture_statistics/2026-04-30/fixture_1212910_statistics.json
1212910,540,Espanyol,Total Shots,10,2026-05-07,raw/api_football/fixture_statistics/2026-04-30/fixture_1212910_statistics.json
1212910,540,Espanyol,Blocked Shots,3,2026-05-07,raw/api_football/fixture_statistics/2026-04-30/fixture_1212910_statistics.json
1212910,540,Espanyol,Shots insidebox,5,2026-05-07,raw/api_football/fixture_statistics/2026-04-30/fixture_1212910_statistics.json
1212910,540,Espanyol,Shots outsidebox,5,2026-05-07,raw/api_football/fixture_statistics/2026-04-30/fixture_1212910_statistics.json
1212910,540,Espanyol,Fouls,8,2026-05-07,raw/api_football/fixture_statistics/2026-04-30/fixture_1212910_statistics.json
1212910,540,Espanyol,Corner Kicks,2,2026-05-07,raw/api_football/fixture_statistics/2026-04-30/fixture_1212910_statistics.json
1212910,540,Espanyol,Offsides,1,2026-05-07,raw/api_football/fixture_statistics/2026-04-30/fixture_1212910_statistics.json
1212910,540,Espanyol,Ball Possession,55%,2026-05-07,raw/api_football/fixture_statistics/2026-04-30/fixture_1212910_statistics.json
1212910,540,Espanyol,Yellow Cards,2,2026-05-07,raw/api_football/fixture_statistics/2026-04-30/fixture_1212910_statistics.json
1212910,540,Espanyol,Red Cards,,2026-05-07,raw/api_football/fixture_statistics/2026-04-30/fixture_1212910_statistics.json
1212910,540,Espanyol,Goalkeeper Saves,0,2026-05-07,raw/api_football/fixture_statistics/2026-04-30/fixture_1212910_statistics.json
1212910,540,Espanyol,Total passes,479,2026-05-07,raw/api_football/fixture_statistics/2026-04-30/fixture_1212910_statistics.json
1212910,540,Espanyol,Passes accurate,390,2026-05-07,raw/api_football/fixture_statistics/2026-04-30/fixture_1212910_statistics.json
1212910,540,Espanyol,Passes %,81%,2026-05-07,raw/api_football/fixture_statistics/2026-04-30/fixture_1212910_statistics.json
1212910,540,Espanyol,expected_goals,0.66,2026-05-07,raw/api_football/fixture_statistics/2026-04-30/fixture_1212910_statistics.json
1212910,540,Espanyol,goals_prevented,-0.86,2026-05-07,raw/api_football/fixture_statistics/2026-04-30/fixture_1212910_statistics.json
1212911,540,Espanyol,Shots on Goal,4,2026-05-07,raw/api_football/fixture_statistics/2026-04-30/fixture_1212911_statistics.json
1212911,540,Espanyol,Shots off Goal,5,2026-05-07,raw/api_football/fixture_statistics/2026-04-30/fixture_1212911_statistics.json
1212911,540,Espanyol,Total Shots,13,2026-05-07,raw/api_football/fixture_statistics/2026-04-30/fixture_1212911_statistics.json
1212911,540,Espanyol,Blocked Shots,4,2026-05-07,raw/api_football/fixture_statistics/2026-04-30/fixture_1212911_statistics.json
1212911,540,Espanyol,Shots insidebox,11,2026-05-07,raw/api_football/fixture_statistics/2026-04-30/fixture_1212911_statistics.json
1212911,540,Espanyol,Shots outsidebox,2,2026-05-07,raw/api_football/fixture_statistics/2026-04-30/fixture_1212911_statistics.json
1212911,540,Espanyol,Fouls,14,2026-05-07,raw/api_football/fixture_statistics/2026-04-30/fixture_1212911_statistics.json
1212911,540,Espanyol,Corner Kicks,7,2026-05-07,raw/api_football/fixture_statistics/2026-04-30/fixture_1212911_statistics.json
1212911,540,Espanyol,Offsides,1,2026-05-07,raw/api_football/fixture_statistics/2026-04-30/fixture_1212911_statistics.json
1212911,540,Espanyol,Ball Possession,34%,2026-05-07,raw/api_football/fixture_statistics/2026-04-30/fixture_1212911_statistics.json
1212911,540,Espanyol,Yellow Cards,2,2026-05-07,raw/api_football/fixture_statistics/2026-04-30/fixture_1212911_statistics.json
1212911,540,Espanyol,Red Cards,,2026-05-07,raw/api_football/fixture_statistics/2026-04-30/fixture_1212911_statistics.json
1212911,540,Espanyol,Goalkeeper Saves,2,2026-05-07,raw/api_football/fixture_statistics/2026-04-30/fixture_1212911_statistics.json
1212911,540,Espanyol,Total passes,259,2026-05-07,raw/api_football/fixture_statistics/2026-04-30/fixture_1212911_statistics.json
1212911,540,Espanyol,Passes accurate,192,2026-05-07,raw/api_football/fixture_statistics/2026-04-30/fixture_1212911_statistics.json
1212911,540,Espanyol,Passes %,74%,2026-05-07,raw/api_football/fixture_statistics/2026-04-30/fixture_1212911_statistics.json
1212911,540,Espanyol,expected_goals,1.30,2026-05-07,raw/api_football/fixture_statistics/2026-04-30/fixture_1212911_statistics.json
1212911,540,Espanyol,goals_prevented,0.20,2026-05-07,raw/api_football/fixture_statistics/2026-04-30/fixture_1212911_statistics.json
1212911,548,Real Sociedad,Shots on Goal,3,2026-05-07,raw/api_football/fixture_statistics/2026-04-30/fixture_1212911_statistics.json
1212911,548,Real Sociedad,Shots off Goal,3,2026-05-07,raw/api_football/fixture_statistics/2026-04-30/fixture_1212911_statistics.json
1212911,548,Real Sociedad,Total Shots,8,2026-05-07,raw/api_football/fixture_statistics/2026-04-30/fixture_1212911_statistics.json
1212911,548,Real Sociedad,Blocked Shots,2,2026-05-07,raw/api_football/fixture_statistics/2026-04-30/fixture_1212911_statistics.json
1212911,548,Real Sociedad,Shots insidebox,4,2026-05-07,raw/api_football/fixture_statistics/2026-04-30/fixture_1212911_statistics.json
1212911,548,Real Sociedad,Shots outsidebox,4,2026-05-07,raw/api_football/fixture_statistics/2026-04-30/fixture_1212911_statistics.json
1212911,548,Real Sociedad,Fouls,18,2026-05-07,raw/api_football/fixture_statistics/2026-04-30/fixture_1212911_statistics.json
1212911,548,Real Sociedad,Corner Kicks,4,2026-05-07,raw/api_football/fixture_statistics/2026-04-30/fixture_1212911_statistics.json
1212911,548,Real Sociedad,Offsides,2,2026-05-07,raw/api_football/fixture_statistics/2026-04-30/fixture_1212911_statistics.json
1212911,548,Real Sociedad,Ball Possession,66%,2026-05-07,raw/api_football/fixture_statistics/2026-04-30/fixture_1212911_statistics.json
1212911,548,Real Sociedad,Yellow Cards,2,2026-05-07,raw/api_football/fixture_statistics/2026-04-30/fixture_1212911_statistics.json
1212911,548,Real Sociedad,Red Cards,,2026-05-07,raw/api_football/fixture_statistics/2026-04-30/fixture_1212911_statistics.json
1212911,548,Real Sociedad,Goalkeeper Saves,3,2026-05-07,raw/api_football/fixture_statistics/2026-04-30/fixture_1212911_statistics.json
1212911,548,Real Sociedad,Total passes,522,2026-05-07,raw/api_football/fixture_statistics/2026-04-30/fixture_1212911_statistics.json
1212911,548,Real Sociedad,Passes accurate,461,2026-05-07,raw/api_football/fixture_statistics/2026-04-30/fixture_1212911_statistics.json
1212911,548,Real Sociedad,Passes %,88%,2026-05-07,raw/api_football/fixture_statistics/2026-04-30/fixture_1212911_statistics.json
1212911,548,Real Sociedad,expected_goals,0.63,2026-05-07,raw/api_football/fixture_statistics/2026-04-30/fixture_1212911_statistics.json
1212911,548,Real Sociedad,goals_prevented,0.20,2026-05-07,raw/api_football/fixture_statistics/2026-04-30/fixture_1212911_statistics.json
