fixture_id,team_id,team_name,player_id,player_name,minutes,number,position,rating,captain,substitute,offsides,shots_total,shots_on,goals_total,goals_conceded,goals_assists,goals_saves,passes_total,passes_key,passes_accuracy,tackles_total,tackles_blocks,tackles_interceptions,duels_total,duels_won,dribbles_attempts,dribbles_success,dribbles_past,fouls_drawn,fouls_committed,cards_yellow,cards_red,penalty_won,penalty_committed,penalty_scored,penalty_missed,penalty_saved,ingestion_date,source_file
1208514,547,Girona,158,Paulo Gazzaniga,90.0,13,G,6.9,False,False,,,,,0,0.0,,23.0,,22,,,,,,,,,,,0,0,,,0,0,0.0,2026-05-07,raw/api_football/fixture_players/2026-04-29/fixture_1208514_players.json
1208514,547,Girona,162434,Alejandro Francés,90.0,16,D,7.2,False,False,,,,,0,0.0,,69.0,,62,3.0,,3.0,8.0,4.0,,,,1.0,4.0,0,0,,,0,0,,2026-05-07,raw/api_football/fixture_players/2026-04-29/fixture_1208514_players.json
1208514,547,Girona,47334,David López,90.0,5,D,7.2,False,False,,,,,0,0.0,,95.0,,85,,,,4.0,2.0,1.0,1.0,,,,0,0,,,0,0,,2026-05-07,raw/api_football/fixture_players/2026-04-29/fixture_1208514_players.json
1208514,547,Girona,531,Daley Blind,90.0,17,D,7.7,False,False,,,,,0,0.0,,92.0,1.0,90,,,,5.0,3.0,1.0,,,3.0,,0,0,,,0,0,,2026-05-07,raw/api_football/fixture_players/2026-04-29/fixture_1208514_players.json
1208514,547,Girona,162032,Miguel Gutiérrez,90.0,3,D,6.9,False,False,1.0,,,,0,0.0,,38.0,1.0,36,3.0,,1.0,12.0,4.0,4.0,1.0,1.0,,,0,0,,,0,0,,2026-05-07,raw/api_football/fixture_players/2026-04-29/fixture_1208514_players.json
1208514,547,Girona,2182,Viktor Tsygankov,81.0,8,M,8.3,False,False,,2.0,1.0,1.0,0,1.0,,47.0,1.0,35,,,,2.0,1.0,1.0,,,1.0,,0,0,,,0,0,,2026-05-07,raw/api_football/fixture_players/2026-04-29/fixture_1208514_players.json
1208514,547,Girona,2449,Yangel Herrera,64.0,21,M,7.2,False,False,,,,,0,1.0,,50.0,1.0,47,2.0,,2.0,10.0,4.0,,,,1.0,4.0,0,0,,,0,0,,2026-05-07,raw/api_football/fixture_players/2026-04-29/fixture_1208514_players.json
1208514,547,Girona,1700,Iván Martín,90.0,23,M,6.9,True,False,,,,,0,0.0,,63.0,,58,1.0,,1.0,5.0,2.0,1.0,1.0,2.0,,,0,0,,,0,0,,2026-05-07,raw/api_football/fixture_players/2026-04-29/fixture_1208514_players.json
1208514,547,Girona,2061,Bryan Gil,81.0,20,M,7.9,False,False,,2.0,2.0,1.0,0,0.0,,24.0,1.0,22,,,,5.0,2.0,2.0,1.0,,1.0,,0,0,,,0,0,,2026-05-07,raw/api_football/fixture_players/2026-04-29/fixture_1208514_players.json
1208514,547,Girona,155,Abel Ruíz,74.0,9,F,6.7,False,False,,3.0,1.0,1.0,0,0.0,,22.0,,18,,,,6.0,1.0,1.0,1.0,1.0,,1.0,0,0,,,0,0,,2026-05-07,raw/api_football/fixture_players/2026-04-29/fixture_1208514_players.json
1208514,547,Girona,109564,Bojan Miovski,64.0,19,F,6.9,False,False,3.0,,,,0,0.0,,7.0,,7,1.0,,,5.0,1.0,,,3.0,,1.0,0,0,,,0,0,,2026-05-07,raw/api_football/fixture_players/2026-04-29/fixture_1208514_players.json
1208514,547,Girona,18949,Oriol Romeu,26.0,14,M,6.6,False,True,,,,,0,0.0,,25.0,,24,,,,3.0,2.0,,,,1.0,,0,0,,,0,0,,2026-05-07,raw/api_football/fixture_players/2026-04-29/fixture_1208514_players.json
1208514,547,Girona,2617,Cristhian Stuani,26.0,7,F,7.3,False,True,1.0,1.0,1.0,1.0,0,0.0,,5.0,,3,,,,,,,,,,,0,0,,,0,0,,2026-05-07,raw/api_football/fixture_players/2026-04-29/fixture_1208514_players.json
1208514,547,Girona,281795,Yáser Asprilla,16.0,10,M,6.9,False,True,,,,,0,0.0,,9.0,,9,1.0,,,3.0,3.0,1.0,1.0,,1.0,,0,0,,,0,0,,2026-05-07,raw/api_football/fixture_players/2026-04-29/fixture_1208514_players.json
1208514,547,Girona,547,Donny van de Beek,9.0,6,M,7.2,False,True,,,,,0,1.0,,3.0,1.0,1,,,,2.0,1.0,2.0,1.0,,,,0,0,,,0,0,,2026-05-07,raw/api_football/fixture_players/2026-04-29/fixture_1208514_players.json
1208514,547,Girona,47520,Portu,9.0,24,F,6.3,False,True,,,,,0,0.0,,,,,,,,,,,,,,,0,0,,,0,0,,2026-05-07,raw/api_football/fixture_players/2026-04-29/fixture_1208514_players.json
1208514,547,Girona,1557,Pau López,,25,G,,False,True,,,,,0,,,,,,,,,,,,,,,,0,0,,,0,0,,2026-05-07,raw/api_football/fixture_players/2026-04-29/fixture_1208514_players.json
1208514,547,Girona,47153,Juan Carlos,,1,G,,False,True,,,,,0,,,,,,,,,,,,,,,,0,0,,,0,0,,2026-05-07,raw/api_football/fixture_players/2026-04-29/fixture_1208514_players.json
1208514,547,Girona,283668,Arnau Martínez,,4,D,,False,True,,,,,0,,,,,,,,,,,,,,,,0,0,,,0,0,,2026-05-07,raw/api_football/fixture_players/2026-04-29/fixture_1208514_players.json
1208514,547,Girona,47511,Juanpe,,15,D,,False,True,,,,,0,,,,,,,,,,,,,,,,0,0,,,0,0,,2026-05-07,raw/api_football/fixture_players/2026-04-29/fixture_1208514_players.json
1208514,547,Girona,66407,Ladislav Krejčí,,18,D,,False,True,,,,,0,,,,,,,,,,,,,,,,0,0,,,0,0,,2026-05-07,raw/api_football/fixture_players/2026-04-29/fixture_1208514_players.json
1208514,547,Girona,306727,Jhon Solís,,22,M,,False,True,,,,,0,,,,,,,,,,,,,,,,0,0,,,0,0,,2026-05-07,raw/api_football/fixture_players/2026-04-29/fixture_1208514_players.json
1208514,547,Girona,336674,Gabriel Misehouy,,27,M,,False,True,,,,,0,,,,,,,,,,,,,,,,0,0,,,0,0,,2026-05-07,raw/api_football/fixture_players/2026-04-29/fixture_1208514_players.json
1208514,727,Osasuna,46646,Sergio Herrera,90.0,1,G,6.5,True,False,,,,,4,0.0,1.0,48.0,,40,,,,,,,,,,,0,0,,,0,0,0.0,2026-05-07,raw/api_football/fixture_players/2026-04-29/fixture_1208514_players.json
1208514,727,Osasuna,46657,Nacho Vidal,90.0,2,D,6,False,False,,,,,0,0.0,,29.0,,24,1.0,,,7.0,4.0,1.0,1.0,1.0,,,0,0,,,0,0,,2026-05-07,raw/api_football/fixture_players/2026-04-29/fixture_1208514_players.json
1208514,727,Osasuna,47533,Alejandro Catena,90.0,24,D,6.2,False,False,,,,,0,0.0,,42.0,,40,1.0,1.0,,1.0,1.0,,,,,,0,0,,,0,0,,2026-05-07,raw/api_football/fixture_players/2026-04-29/fixture_1208514_players.json
1208514,727,Osasuna,182592,Jorge Herrando,90.0,5,D,5.9,False,False,,,,,0,0.0,,61.0,,48,1.0,,1.0,2.0,1.0,,,1.0,,,0,0,,,0,0,,2026-05-07,raw/api_football/fixture_players/2026-04-29/fixture_1208514_players.json
1208514,727,Osasuna,46967,Juan Cruz,90.0,3,D,6,False,False,,,,,0,0.0,,31.0,,26,,,,1.0,1.0,,,,1.0,,0,0,,,0,0,,2026-05-07,raw/api_football/fixture_players/2026-04-29/fixture_1208514_players.json
1208514,727,Osasuna,1825,Lucas Torró,85.0,6,M,6.5,False,False,,,,,0,0.0,,35.0,,32,2.0,1.0,2.0,7.0,6.0,1.0,1.0,,2.0,,0,0,,,0,0,,2026-05-07,raw/api_football/fixture_players/2026-04-29/fixture_1208514_players.json
1208514,727,Osasuna,47574,Moi Gómez,90.0,16,M,6.9,False,False,,,,,0,0.0,,49.0,,41,3.0,,4.0,10.0,7.0,3.0,3.0,1.0,1.0,1.0,0,0,,,0,0,,2026-05-07,raw/api_football/fixture_players/2026-04-29/fixture_1208514_players.json
1208514,727,Osasuna,46662,Jon Moncayola,59.0,7,M,6.3,False,False,,,,,0,0.0,,12.0,,7,3.0,,,4.0,3.0,,,,,,0,0,,,0,0,,2026-05-07,raw/api_football/fixture_players/2026-04-29/fixture_1208514_players.json
1208514,727,Osasuna,67939,Aimar Oroz,59.0,10,M,6.3,False,False,,,,,0,0.0,,16.0,,15,1.0,,1.0,9.0,5.0,1.0,1.0,,3.0,1.0,0,0,,,0,0,,2026-05-07,raw/api_football/fixture_players/2026-04-29/fixture_1208514_players.json
1208514,727,Osasuna,286639,Bryan Zaragoza,68.0,19,M,6,False,False,1.0,,,,0,0.0,,10.0,,9,,,,5.0,2.0,3.0,,,2.0,,0,0,,,0,0,,2026-05-07,raw/api_football/fixture_players/2026-04-29/fixture_1208514_players.json
1208514,727,Osasuna,46746,Ante Budimir,58.0,17,F,6.5,False,False,,,,,0,0.0,,4.0,,1,,,,8.0,3.0,,,1.0,,3.0,0,0,,,0,0,,2026-05-07,raw/api_football/fixture_players/2026-04-29/fixture_1208514_players.json
1208514,727,Osasuna,146751,Raúl García de Haro,32.0,9,F,6.7,False,True,1.0,1.0,,,0,0.0,,6.0,,4,,,,3.0,1.0,1.0,1.0,,,2.0,0,0,,,0,0,,2026-05-07,raw/api_football/fixture_players/2026-04-29/fixture_1208514_players.json
1208514,727,Osasuna,46658,Rubén García,31.0,14,M,6.6,False,True,,,,,0,0.0,,18.0,,14,3.0,,,4.0,3.0,,,1.0,,,0,0,,,0,0,,2026-05-07,raw/api_football/fixture_players/2026-04-29/fixture_1208514_players.json
1208514,727,Osasuna,139001,Pablo Ibáñez Lumbreras,31.0,8,M,6.3,False,True,,,,,0,0.0,,18.0,,16,,,,5.0,2.0,,,1.0,,1.0,0,0,,,0,0,,2026-05-07,raw/api_football/fixture_players/2026-04-29/fixture_1208514_players.json
1208514,727,Osasuna,288800,Iker Benito,22.0,27,F,6.3,False,True,,,,,0,0.0,,8.0,1.0,6,,,1.0,4.0,1.0,1.0,,1.0,1.0,1.0,0,0,,,0,0,,2026-05-07,raw/api_football/fixture_players/2026-04-29/fixture_1208514_players.json
1208514,727,Osasuna,46660,Javi Martínez,11.0,21,M,6.5,False,True,,,,,0,0.0,,9.0,,9,,,,,,,,,,,0,0,,,0,0,,2026-05-07,raw/api_football/fixture_players/2026-04-29/fixture_1208514_players.json
1208514,727,Osasuna,47448,Aitor Fernández,,13,G,,False,True,,,,,0,,,,,,,,,,,,,,,,0,0,,,0,0,,2026-05-07,raw/api_football/fixture_players/2026-04-29/fixture_1208514_players.json
1208514,727,Osasuna,348029,Dimitrios Stamatakis,,32,G,,False,True,,,,,0,,,,,,,,,,,,,,,,0,0,,,0,0,,2026-05-07,raw/api_football/fixture_players/2026-04-29/fixture_1208514_players.json
1208514,727,Osasuna,181259,Abel Bretones,,23,M,,False,True,,,,,0,,,,,,,,,,,,,,,,0,0,,,0,0,,2026-05-07,raw/api_football/fixture_players/2026-04-29/fixture_1208514_players.json
1208514,727,Osasuna,46652,Unai García,,4,D,,False,True,,,,,0,,,,,,,,,,,,,,,,0,0,,,0,0,,2026-05-07,raw/api_football/fixture_players/2026-04-29/fixture_1208514_players.json
1208514,727,Osasuna,182181,Jesús Areso,,12,D,,False,True,,,,,0,,,,,,,,,,,,,,,,0,0,,,0,0,,2026-05-07,raw/api_football/fixture_players/2026-04-29/fixture_1208514_players.json
1208514,727,Osasuna,47419,José Manuel Arnáiz,,20,F,,False,True,,,,,0,,,,,,,,,,,,,,,,0,0,,,0,0,,2026-05-07,raw/api_football/fixture_players/2026-04-29/fixture_1208514_players.json
1208516,534,Las Palmas,124,Jasper Cillessen,90.0,1,G,7.9,False,False,,,,,1,0.0,7.0,33.0,,20,,,,,,,,,,,0,0,,,0,0,0.0,2026-05-07,raw/api_football/fixture_players/2026-04-29/fixture_1208516_players.json
1208516,534,Las Palmas,162026,Marvin Park,90.0,2,D,7,False,False,,,,,0,0.0,,31.0,,27,6.0,,1.0,12.0,7.0,,,3.0,1.0,,0,0,,,0,0,,2026-05-07,raw/api_football/fixture_players/2026-04-29/fixture_1208516_players.json
1208516,534,Las Palmas,131535,Alex Suárez,90.0,4,D,6.3,False,False,,,,,0,0.0,,37.0,,32,3.0,1.0,1.0,6.0,3.0,,,1.0,,3.0,0,0,,1.0,0,0,,2026-05-07,raw/api_football/fixture_players/2026-04-29/fixture_1208516_players.json
1208516,534,Las Palmas,44811,Scott McKenna,90.0,15,D,7,False,False,,,,,0,0.0,,31.0,,26,2.0,3.0,,4.0,2.0,,,1.0,,,0,0,,,0,0,,2026-05-07,raw/api_football/fixture_players/2026-04-29/fixture_1208516_players.json
1208516,534,Las Palmas,162475,Mika Mármol,90.0,3,D,6.9,False,False,,1.0,,,0,0.0,,37.0,,33,3.0,1.0,4.0,7.0,3.0,,,2.0,,1.0,0,0,,,0,0,,2026-05-07,raw/api_football/fixture_players/2026-04-29/fixture_1208516_players.json
1208516,534,Las Palmas,47464,José Campaña,81.0,8,M,7.3,False,False,,,,,0,0.0,,56.0,1.0,52,1.0,,2.0,4.0,4.0,,,,3.0,,0,0,,,0,0,,2026-05-07,raw/api_football/fixture_players/2026-04-29/fixture_1208516_players.json
1208516,534,Las Palmas,47324,Sandro Ramírez,78.0,19,M,6.9,False,False,,1.0,,,0,0.0,,20.0,,17,1.0,,3.0,8.0,6.0,2.0,2.0,,3.0,1.0,0,0,,,0,0,,2026-05-07,raw/api_football/fixture_players/2026-04-29/fixture_1208516_players.json
1208516,534,Las Palmas,46860,Javier Muñoz,90.0,5,M,6.7,False,False,,1.0,,,0,0.0,,51.0,1.0,44,,,1.0,5.0,1.0,,,2.0,1.0,1.0,0,0,,,0,0,,2026-05-07,raw/api_football/fixture_players/2026-04-29/fixture_1208516_players.json
1208516,534,Las Palmas,70315,Kirian Rodríguez,81.0,20,M,7.3,True,False,,1.0,1.0,,0,0.0,,62.0,1.0,56,1.0,,,9.0,3.0,3.0,2.0,2.0,,2.0,0,0,,,0,0,,2026-05-07,raw/api_football/fixture_players/2026-04-29/fixture_1208516_players.json
1208516,534,Las Palmas,182519,Alberto Moleiro,61.0,10,M,7.3,False,False,,1.0,1.0,1.0,0,0.0,,24.0,1.0,23,4.0,,,15.0,8.0,7.0,4.0,1.0,,1.0,0,0,,,0,0,,2026-05-07,raw/api_football/fixture_players/2026-04-29/fixture_1208516_players.json
1208516,534,Las Palmas,19337,Oliver McBurnie,78.0,16,F,7.3,False,False,,1.0,,,0,1.0,,26.0,2.0,20,3.0,1.0,,15.0,6.0,1.0,1.0,,,3.0,0,0,,,0,0,,2026-05-07,raw/api_football/fixture_players/2026-04-29/fixture_1208516_players.json
1208516,534,Las Palmas,47111,Benito Ramírez,29.0,11,M,6.3,False,True,,,,,0,0.0,,3.0,1.0,2,,,,7.0,2.0,1.0,,2.0,2.0,,0,0,,,0,0,,2026-05-07,raw/api_football/fixture_players/2026-04-29/fixture_1208516_players.json
1208516,534,Las Palmas,46854,Viti Rozada,12.0,18,M,6.5,False,True,,,,,0,0.0,,1.0,,1,,,1.0,1.0,,,,,,1.0,0,0,,,0,0,,2026-05-07,raw/api_football/fixture_players/2026-04-29/fixture_1208516_players.json
1208516,534,Las Palmas,2671,Jaime Mata,12.0,17,F,6.3,False,True,1.0,,,,0,0.0,,4.0,,4,,,,6.0,2.0,2.0,1.0,,1.0,1.0,0,0,,,0,0,,2026-05-07,raw/api_football/fixture_players/2026-04-29/fixture_1208516_players.json
1208516,534,Las Palmas,21709,Enzo Loiodice,9.0,12,M,6.5,False,True,,,,,0,0.0,,2.0,,,,,,,,,,,,,0,0,,,0,0,,2026-05-07,raw/api_football/fixture_players/2026-04-29/fixture_1208516_players.json
1208516,534,Las Palmas,122230,Manuel Fuster,9.0,14,M,6.7,False,True,,,,,0,0.0,,4.0,,3,,,,3.0,1.0,,,,1.0,2.0,0,0,,,0,0,,2026-05-07,raw/api_football/fixture_players/2026-04-29/fixture_1208516_players.json
1208516,534,Las Palmas,440748,Alvaro Killane,,30,G,,False,True,,,,,0,,,,,,,,,,,,,,,,0,0,,,0,0,,2026-05-07,raw/api_football/fixture_players/2026-04-29/fixture_1208516_players.json
1208516,534,Las Palmas,47052,Álex Muñoz,,23,D,,False,True,,,,,0,,,,,,,,,,,,,,,,0,0,,,0,0,,2026-05-07,raw/api_football/fixture_players/2026-04-29/fixture_1208516_players.json
1208516,534,Las Palmas,431890,Juanma Herzog,,28,D,,False,True,,,,,0,,,,,,,,,,,,,,,,0,0,,,0,0,,2026-05-07,raw/api_football/fixture_players/2026-04-29/fixture_1208516_players.json
1208516,534,Las Palmas,453885,Aboubacar Bassinga,,26,M,,False,True,,,,,0,,,,,,,,,,,,,,,,0,0,,,0,0,,2026-05-07,raw/api_football/fixture_players/2026-04-29/fixture_1208516_players.json
1208516,534,Las Palmas,182694,Iván Gil,,21,M,,False,True,,,,,0,,,,,,,,,,,,,,,,0,0,,,0,0,,2026-05-07,raw/api_football/fixture_players/2026-04-29/fixture_1208516_players.json
1208516,534,Las Palmas,47004,Fabio González,,6,M,,False,True,,,,,0,,,,,,,,,,,,,,,,0,0,,,0,0,,2026-05-07,raw/api_football/fixture_players/2026-04-29/fixture_1208516_players.json
1208516,534,Las Palmas,47393,Marc Cardona,,9,F,,False,True,,,,,0,,,,,,,,,,,,,,,,0,0,,,0,0,,2026-05-07,raw/api_football/fixture_players/2026-04-29/fixture_1208516_players.json
1208516,541,Real Madrid,730,Thibaut Courtois,90.0,1,G,7.2,False,False,,,,,1,0.0,1.0,27.0,,24,,,,3.0,3.0,,,,,,0,0,,,0,0,0.0,2026-05-07,raw/api_football/fixture_players/2026-04-29/fixture_1208516_players.json
1208516,541,Real Madrid,757,Lucas Vázquez,76.0,17,D,7.5,False,False,,,,,0,0.0,,43.0,2.0,39,2.0,,,13.0,8.0,5.0,4.0,2.0,2.0,2.0,0,0,,,0,0,,2026-05-07,raw/api_football/fixture_players/2026-04-29/fixture_1208516_players.json
1208516,541,Real Madrid,372,Éder Militão,90.0,3,D,7,False,False,,,,,0,0.0,,62.0,1.0,55,2.0,,1.0,9.0,5.0,,,,1.0,2.0,1,0,,,0,0,,2026-05-07,raw/api_football/fixture_players/2026-04-29/fixture_1208516_players.json
1208516,541,Real Madrid,2285,Antonio Rüdiger,90.0,22,D,7.2,False,False,,1.0,1.0,,0,0.0,,61.0,,58,1.0,1.0,,4.0,3.0,,,,1.0,,0,0,,,0,0,,2026-05-07,raw/api_football/fixture_players/2026-04-29/fixture_1208516_players.json
1208516,541,Real Madrid,653,Ferland Mendy,45.0,23,D,6.7,False,False,,,,,0,0.0,,23.0,,21,1.0,,2.0,5.0,2.0,,,,1.0,2.0,1,0,,,0,0,,2026-05-07,raw/api_football/fixture_players/2026-04-29/fixture_1208516_players.json
1208516,541,Real Madrid,756,Federico Valverde,90.0,8,M,8.2,False,False,,2.0,1.0,,0,0.0,,60.0,4.0,54,2.0,,1.0,9.0,7.0,3.0,2.0,1.0,3.0,,0,0,,,0,0,,2026-05-07,raw/api_football/fixture_players/2026-04-29/fixture_1208516_players.json
1208516,541,Real Madrid,1271,Aurélien Tchouaméni,90.0,14,M,6.9,False,False,,1.0,,,0,0.0,,78.0,,69,2.0,,4.0,11.0,5.0,1.0,,3.0,,,0,0,,,0,0,,2026-05-07,raw/api_football/fixture_players/2026-04-29/fixture_1208516_players.json
1208516,541,Real Madrid,744,Brahim Díaz,45.0,21,M,6.5,False,False,,,,,0,0.0,,24.0,1.0,17,,,,7.0,2.0,,,1.0,2.0,1.0,0,0,,,0,0,,2026-05-07,raw/api_football/fixture_players/2026-04-29/fixture_1208516_players.json
1208516,541,Real Madrid,754,Luka Modrić,64.0,10,M,7.2,True,False,,,,,0,0.0,,47.0,4.0,41,1.0,,1.0,5.0,2.0,,,1.0,1.0,2.0,0,0,,,0,0,,2026-05-07,raw/api_football/fixture_players/2026-04-29/fixture_1208516_players.json
1208516,541,Real Madrid,762,Vinícius Júnior,86.0,7,M,7.3,False,False,,6.0,2.0,1.0,0,0.0,,18.0,2.0,12,1.0,,,14.0,6.0,6.0,2.0,,3.0,3.0,0,0,,,1,0,,2026-05-07,raw/api_football/fixture_players/2026-04-29/fixture_1208516_players.json
1208516,541,Real Madrid,278,Kylian Mbappé,90.0,9,F,6.9,False,False,,4.0,2.0,,0,0.0,,20.0,,17,,,,13.0,6.0,10.0,5.0,,1.0,,0,0,,,0,0,,2026-05-07,raw/api_football/fixture_players/2026-04-29/fixture_1208516_players.json
1208516,541,Real Madrid,736,Fran García,45.0,20,D,6.9,False,True,,1.0,1.0,,0,0.0,,32.0,,29,1.0,,,3.0,1.0,,,1.0,,1.0,0,0,,,0,0,,2026-05-07,raw/api_football/fixture_players/2026-04-29/fixture_1208516_players.json
1208516,541,Real Madrid,10009,Rodrygo,45.0,11,F,7.3,False,True,,1.0,1.0,,0,0.0,,23.0,2.0,20,,,,3.0,2.0,2.0,1.0,,,,0,0,,,0,0,,2026-05-07,raw/api_football/fixture_players/2026-04-29/fixture_1208516_players.json
1208516,541,Real Madrid,291964,Arda Güler,26.0,15,M,7.3,False,True,,,,,0,0.0,,10.0,3.0,8,,,,,,,,,,,0,0,,,0,0,,2026-05-07,raw/api_football/fixture_players/2026-04-29/fixture_1208516_players.json
1208516,541,Real Madrid,733,Daniel Carvajal,14.0,2,D,6.6,False,True,,,,,0,0.0,,18.0,,13,,,,3.0,2.0,,,1.0,,,0,0,,,0,0,,2026-05-07,raw/api_football/fixture_players/2026-04-29/fixture_1208516_players.json
1208516,541,Real Madrid,377122,Endrick,9.0,16,F,6.2,False,True,,2.0,,,0,0.0,,1.0,,,,,,,,,,,,,0,0,,,0,0,,2026-05-07,raw/api_football/fixture_players/2026-04-29/fixture_1208516_players.json
1208516,541,Real Madrid,396475,Fran Gonzalez,,26,G,,False,True,,,,,0,,,,,,,,,,,,,,,,0,0,,,0,0,,2026-05-07,raw/api_football/fixture_players/2026-04-29/fixture_1208516_players.json
1208516,541,Real Madrid,47400,Andriy Lunin,,13,G,,False,True,,,,,0,,,,,,,,,,,,,,,,0,0,,,0,0,,2026-05-07,raw/api_football/fixture_players/2026-04-29/fixture_1208516_players.json
1208516,541,Real Madrid,386305,Jacobo Naveros,,31,D,,False,True,,,,,0,,,,,,,,,,,,,,,,0,0,,,0,0,,2026-05-07,raw/api_football/fixture_players/2026-04-29/fixture_1208516_players.json
1208516,541,Real Madrid,748,Dani Ceballos,,19,M,,False,True,,,,,0,,,,,,,,,,,,,,,,0,0,,,0,0,,2026-05-07,raw/api_football/fixture_players/2026-04-29/fixture_1208516_players.json
1208519,548,Real Sociedad,47269,Álex Remiro,90.0,1,G,7.3,False,False,,,,,2,0.0,3.0,33.0,,18,,,,,,,,,,,0,0,,,0,0,0.0,2026-05-07,raw/api_football/fixture_players/2026-04-29/fixture_1208519_players.json
1208519,548,Real Sociedad,2202,Hamari Traoré,90.0,18,D,6.9,False,False,,,,,0,0.0,,39.0,,29,2.0,1.0,1.0,11.0,6.0,,,1.0,2.0,3.0,0,0,,,0,0,,2026-05-07,raw/api_football/fixture_players/2026-04-29/fixture_1208519_players.json
1208519,548,Real Sociedad,47314,Igor Zubeldia,81.0,5,D,5.6,False,False,,,,,0,0.0,,39.0,,36,,,1.0,5.0,1.0,,,,1.0,2.0,1,0,,1.0,0,0,,2026-05-07,raw/api_football/fixture_players/2026-04-29/fixture_1208519_players.json
1208519,548,Real Sociedad,182546,Jon Pacheco,45.0,20,D,6.3,False,False,,,,,0,0.0,,24.0,,20,,,,4.0,2.0,,,,1.0,1.0,1,0,,,0,0,,2026-05-07,raw/api_football/fixture_players/2026-04-29/fixture_1208519_players.json
1208519,548,Real Sociedad,182636,Javi López,90.0,12,D,7,False,False,,1.0,,,0,0.0,,22.0,,21,4.0,,1.0,13.0,9.0,2.0,1.0,2.0,2.0,,0,0,,,0,0,,2026-05-07,raw/api_football/fixture_players/2026-04-29/fixture_1208519_players.json
1208519,548,Real Sociedad,32862,Takefusa Kubo,90.0,14,M,6.6,False,False,,1.0,,,0,0.0,,32.0,1.0,22,2.0,,,13.0,7.0,3.0,,1.0,5.0,,1,0,,,0,0,,2026-05-07,raw/api_football/fixture_players/2026-04-29/fixture_1208519_players.json
1208519,548,Real Sociedad,47315,Martín Zubimendi,90.0,4,M,7.2,False,False,,1.0,,,0,0.0,,50.0,1.0,39,1.0,,1.0,9.0,7.0,2.0,1.0,,,1.0,0,0,,,0,0,,2026-05-07,raw/api_football/fixture_players/2026-04-29/fixture_1208519_players.json
1208519,548,Real Sociedad,47440,Brais Méndez,81.0,23,M,7.3,False,False,1.0,2.0,1.0,1.0,0,0.0,,30.0,1.0,23,1.0,,,12.0,5.0,3.0,1.0,1.0,2.0,,0,0,,,0,0,,2026-05-07,raw/api_football/fixture_players/2026-04-29/fixture_1208519_players.json
1208519,548,Real Sociedad,23,Sergio Gómez,81.0,17,M,7.7,False,False,,,,,0,1.0,,19.0,4.0,16,1.0,,,9.0,5.0,1.0,,,,1.0,0,0,,,0,0,,2026-05-07,raw/api_football/fixture_players/2026-04-29/fixture_1208519_players.json
1208519,548,Real Sociedad,37938,Sheraldo Becker,66.0,11,F,6.7,False,False,1.0,,,,0,0.0,,15.0,,11,,,,3.0,2.0,,,,,1.0,0,0,,,0,0,,2026-05-07,raw/api_football/fixture_players/2026-04-29/fixture_1208519_players.json
1208519,548,Real Sociedad,47323,Mikel Oyarzabal,29.0,10,F,4.9,True,False,,,,,0,0.0,,1.0,,1,,,,4.0,,,,,,2.0,0,1,,,0,0,,2026-05-07,raw/api_football/fixture_players/2026-04-29/fixture_1208519_players.json
1208519,548,Real Sociedad,405073,Jon Martin,45.0,31,D,6.5,False,True,,1.0,,,0,0.0,,16.0,,13,,,1.0,10.0,3.0,,,,,4.0,1,0,,,0,0,,2026-05-07,raw/api_football/fixture_players/2026-04-29/fixture_1208519_players.json
1208519,548,Real Sociedad,31406,Umar Sadiq,24.0,19,F,6.9,False,True,1.0,1.0,,,0,0.0,,7.0,,3,1.0,,,5.0,5.0,3.0,3.0,,,,0,0,,,0,0,,2026-05-07,raw/api_football/fixture_players/2026-04-29/fixture_1208519_players.json
1208519,548,Real Sociedad,183744,Beñat Turrientes,9.0,22,M,6.9,False,True,,,,,0,0.0,,13.0,,13,1.0,,,2.0,2.0,,,,,,0,0,,,0,0,,2026-05-07,raw/api_football/fixture_players/2026-04-29/fixture_1208519_players.json
1208519,548,Real Sociedad,290106,Pablo Marín,9.0,28,M,6.7,False,True,,,,,0,0.0,,6.0,,2,,,,3.0,2.0,1.0,1.0,,,1.0,0,0,,,0,0,,2026-05-07,raw/api_football/fixture_players/2026-04-29/fixture_1208519_players.json
1208519,548,Real Sociedad,182603,Jon Ander Olasagasti,9.0,16,M,6.3,False,True,,,,,0,0.0,,4.0,,3,,,,,,,,,,,0,0,,,0,0,,2026-05-07,raw/api_football/fixture_players/2026-04-29/fixture_1208519_players.json
1208519,548,Real Sociedad,189832,Unai Marrero,,13,G,,False,True,,,,,0,,,,,,,,,,,,,,,,0,0,,,0,0,,2026-05-07,raw/api_football/fixture_players/2026-04-29/fixture_1208519_players.json
1208519,548,Real Sociedad,337843,Aitor Fraga,,32,G,,False,True,,,,,0,,,,,,,,,,,,,,,,0,0,,,0,0,,2026-05-07,raw/api_football/fixture_players/2026-04-29/fixture_1208519_players.json
1208519,548,Real Sociedad,199044,Jon Aramburu,,27,D,,False,True,,,,,0,,,,,,,,,,,,,,,,0,0,,,0,0,,2026-05-07,raw/api_football/fixture_players/2026-04-29/fixture_1208519_players.json
1208519,548,Real Sociedad,47303,Aihen Muñoz,,3,D,,False,True,,,,,0,,,,,,,,,,,,,,,,0,0,,,0,0,,2026-05-07,raw/api_football/fixture_players/2026-04-29/fixture_1208519_players.json
1208519,548,Real Sociedad,183699,Urko González,,15,M,,False,True,,,,,0,,,,,,,,,,,,,,,,0,0,,,0,0,,2026-05-07,raw/api_football/fixture_players/2026-04-29/fixture_1208519_players.json
1208519,548,Real Sociedad,287652,Jon Magunazelaia,,25,M,,False,True,,,,,0,,,,,,,,,,,,,,,,0,0,,,0,0,,2026-05-07,raw/api_football/fixture_players/2026-04-29/fixture_1208519_players.json
1208519,548,Real Sociedad,7332,Luka Sučić,,24,M,,False,True,,,,,0,,,,,,,,,,,,,,,,0,0,,,0,0,,2026-05-07,raw/api_football/fixture_players/2026-04-29/fixture_1208519_players.json
1208519,542,Alaves,47353,Antonio Sivera,90.0,1,G,6.7,False,False,,,,,1,0.0,,21.0,,11,,,,,,,,,,,1,0,,,0,0,0.0,2026-05-07,raw/api_football/fixture_players/2026-04-29/fixture_1208519_players.json
1208519,542,Alaves,162170,Hugo Novoa Ramos,90.0,16,D,6.2,False,False,,,,,0,0.0,,18.0,,14,1.0,,,10.0,2.0,3.0,1.0,,,,0,0,,,0,0,,2026-05-07,raw/api_football/fixture_players/2026-04-29/fixture_1208519_players.json
1208519,542,Alaves,46813,Abdelkabir Abqar,90.0,5,D,7.3,False,False,1.0,,,,0,0.0,,40.0,1.0,31,1.0,,3.0,5.0,4.0,,,1.0,2.0,,0,0,1.0,,0,0,,2026-05-07,raw/api_football/fixture_players/2026-04-29/fixture_1208519_players.json
1208519,542,Alaves,295383,Adrián,90.0,36,D,6.9,False,False,,1.0,1.0,,0,0.0,,38.0,1.0,31,1.0,2.0,1.0,12.0,5.0,,,2.0,1.0,1.0,0,0,,,0,0,,2026-05-07,raw/api_football/fixture_players/2026-04-29/fixture_1208519_players.json
1208519,542,Alaves,70476,Moussa Diarra,63.0,22,D,6.3,False,False,1.0,,,,0,0.0,,17.0,,14,1.0,,,3.0,2.0,1.0,,,1.0,,0,0,,,0,0,,2026-05-07,raw/api_football/fixture_players/2026-04-29/fixture_1208519_players.json
1208519,542,Alaves,47309,Ander Guevara,90.0,6,M,6.3,True,False,,,,,0,0.0,,41.0,,33,2.0,,,10.0,2.0,,,3.0,,1.0,0,0,,,0,0,,2026-05-07,raw/api_football/fixture_players/2026-04-29/fixture_1208519_players.json
1208519,542,Alaves,6085,Carlos Benavídez,45.0,23,M,7,False,False,,1.0,,,0,0.0,,17.0,,13,2.0,1.0,1.0,8.0,5.0,,,,2.0,2.0,0,0,,,0,0,,2026-05-07,raw/api_football/fixture_players/2026-04-29/fixture_1208519_players.json
1208519,542,Alaves,187214,Carlos Vicente,89.0,7,M,7.3,False,False,,1.0,,,0,0.0,,18.0,3.0,10,1.0,,,7.0,3.0,1.0,1.0,,1.0,,0,0,,,0,0,,2026-05-07,raw/api_football/fixture_players/2026-04-29/fixture_1208519_players.json
1208519,542,Alaves,104821,Jon Guridi,90.0,18,M,7.5,False,False,,1.0,,,0,0.0,,40.0,2.0,34,3.0,,,12.0,8.0,,,1.0,3.0,1.0,0,0,,,0,0,,2026-05-07,raw/api_football/fixture_players/2026-04-29/fixture_1208519_players.json
1208519,542,Alaves,183751,Abderrahman Rebbach,70.0,21,M,6.5,False,False,,,,,0,0.0,,10.0,1.0,9,,,,11.0,4.0,4.0,2.0,,2.0,2.0,1,0,,,0,0,,2026-05-07,raw/api_football/fixture_players/2026-04-29/fixture_1208519_players.json
1208519,542,Alaves,104853,Asier Villalibre,63.0,9,F,7.3,False,False,,2.0,1.0,1.0,0,0.0,,3.0,,2,,,,6.0,4.0,,,,2.0,2.0,0,0,,,1,0,,2026-05-07,raw/api_football/fixture_players/2026-04-29/fixture_1208519_players.json
1208519,542,Alaves,46740,Stoichkov,45.0,19,F,6.9,False,True,1.0,1.0,1.0,,0,0.0,,15.0,1.0,10,,,,1.0,,,,,,1.0,1,0,,,0,0,,2026-05-07,raw/api_football/fixture_players/2026-04-29/fixture_1208519_players.json
1208519,542,Alaves,64309,Manuel Sánchez,27.0,3,D,6.9,False,True,,,,,0,0.0,,12.0,1.0,7,1.0,,1.0,5.0,1.0,1.0,,,,2.0,1,0,,,0,0,,2026-05-07,raw/api_football/fixture_players/2026-04-29/fixture_1208519_players.json
1208519,542,Alaves,47396,Kike García,27.0,17,F,6.7,False,True,,3.0,,,0,0.0,,5.0,,4,,,,9.0,4.0,1.0,1.0,,2.0,1.0,0,0,,,0,0,,2026-05-07,raw/api_football/fixture_players/2026-04-29/fixture_1208519_players.json
1208519,542,Alaves,47181,Toni Martínez,20.0,11,F,7.3,False,True,,3.0,2.0,1.0,0,0.0,,7.0,,2,,,,4.0,3.0,,,,,,0,0,,,0,0,,2026-05-07,raw/api_football/fixture_players/2026-04-29/fixture_1208519_players.json
1208519,542,Alaves,162686,Antonio Blanco,1.0,8,M,,False,True,,,,,0,0.0,,2.0,,2,,,,,,,,,,,0,0,,,0,0,,2026-05-07,raw/api_football/fixture_players/2026-04-29/fixture_1208519_players.json
1208519,542,Alaves,122471,Jesús Owono,,13,G,,False,True,,,,,0,,,,,,,,,,,,,,,,0,0,,,0,0,,2026-05-07,raw/api_football/fixture_players/2026-04-29/fixture_1208519_players.json
1208519,542,Alaves,163060,Adrián Rodríguez,,31,G,,False,True,,,,,0,,,,,,,,,,,,,,,,0,0,,,0,0,,2026-05-07,raw/api_football/fixture_players/2026-04-29/fixture_1208519_players.json
1208519,542,Alaves,311773,Santiago Mouriño,,12,D,,False,True,,,,,0,,,,,,,,,,,,,,,,0,0,,,0,0,,2026-05-07,raw/api_football/fixture_players/2026-04-29/fixture_1208519_players.json
1208519,542,Alaves,6233,Nahuel Tenaglia,,14,D,,False,True,,,,,0,,,,,,,,,,,,,,,,0,0,,,0,0,,2026-05-07,raw/api_football/fixture_players/2026-04-29/fixture_1208519_players.json
1208519,542,Alaves,263812,Luka Romero,,20,F,,False,True,,,,,0,,,,,,,,,,,,,,,,0,0,,,0,0,,2026-05-07,raw/api_football/fixture_players/2026-04-29/fixture_1208519_players.json
1208519,542,Alaves,51241,Tomás Conechny,,10,F,,False,True,,,,,0,,,,,,,,,,,,,,,,0,0,,,0,0,,2026-05-07,raw/api_football/fixture_players/2026-04-29/fixture_1208519_players.json
1208519,542,Alaves,324750,Carlos Martín,,15,F,,False,True,,,,,0,,,,,,,,,,,,,,,,0,0,,,0,0,,2026-05-07,raw/api_football/fixture_players/2026-04-29/fixture_1208519_players.json
1208521,531,Athletic Club,183848,Julen Agirrezabala,90.0,13,G,6.7,False,False,,,,,1,0.0,1.0,20.0,,16,,,,1.0,,,,1.0,,,0,0,,,0,0,0.0,2026-05-07,raw/api_football/fixture_players/2026-04-29/fixture_1208521_players.json
1208521,531,Athletic Club,47276,Íñigo Lekue,90.0,15,D,6.2,False,False,,,,,0,0.0,,54.0,1.0,46,2.0,1.0,1.0,3.0,2.0,1.0,,,,,0,0,,,0,0,,2026-05-07,raw/api_football/fixture_players/2026-04-29/fixture_1208521_players.json
1208521,531,Athletic Club,47278,Daniel Vivian,90.0,3,D,6.6,False,False,,,,,0,0.0,,86.0,,76,1.0,,1.0,6.0,3.0,,,1.0,,2.0,0,0,,,0,0,,2026-05-07,raw/api_football/fixture_players/2026-04-29/fixture_1208521_players.json
1208521,531,Athletic Club,47271,Yeray Álvarez,90.0,5,D,6.2,False,False,,,,,0,0.0,,77.0,,70,1.0,,1.0,4.0,1.0,,,2.0,,1.0,1,0,,,0,0,,2026-05-07,raw/api_football/fixture_players/2026-04-29/fixture_1208521_players.json
1208521,531,Athletic Club,47273,Yuri Berchiche,90.0,17,D,7.3,False,False,,1.0,,,0,0.0,,56.0,,52,1.0,1.0,1.0,3.0,3.0,,,,2.0,,0,0,,,0,0,,2026-05-07,raw/api_football/fixture_players/2026-04-29/fixture_1208521_players.json
1208521,531,Athletic Club,898,Ander Herrera,64.0,21,M,6.9,False,False,,1.0,,,0,0.0,,58.0,,53,1.0,,,5.0,1.0,,,2.0,,2.0,0,0,,,0,0,,2026-05-07,raw/api_football/fixture_players/2026-04-29/fixture_1208521_players.json
1208521,531,Athletic Club,182617,Beñat Prados,64.0,24,M,6.7,False,False,,,,,0,0.0,,50.0,,44,,,1.0,8.0,2.0,,,3.0,1.0,1.0,0,0,,,0,0,,2026-05-07,raw/api_football/fixture_players/2026-04-29/fixture_1208521_players.json
1208521,531,Athletic Club,47294,Iñaki Williams,71.0,9,M,6.6,True,False,,,,,0,0.0,,25.0,,16,,1.0,,14.0,6.0,9.0,5.0,,,2.0,0,0,,,0,0,,2026-05-07,raw/api_football/fixture_players/2026-04-29/fixture_1208521_players.json
1208521,531,Athletic Club,128398,Oihan Sancet,81.0,8,M,6.9,False,False,,1.0,1.0,,0,0.0,,46.0,1.0,40,,,,3.0,,1.0,,1.0,,,1,0,,,0,0,,2026-05-07,raw/api_football/fixture_players/2026-04-29/fixture_1208521_players.json
1208521,531,Athletic Club,183799,Nico Williams,90.0,10,M,5.9,False,False,1.0,,,,0,0.0,,25.0,,21,2.0,,,17.0,4.0,8.0,1.0,1.0,,2.0,1,0,,,0,0,,2026-05-07,raw/api_football/fixture_players/2026-04-29/fixture_1208521_players.json
1208521,531,Athletic Club,47291,Gorka Guruzeta,64.0,12,F,6.9,False,False,,1.0,,,0,0.0,,19.0,,15,1.0,,,9.0,3.0,,,,2.0,2.0,0,0,,,0,0,,2026-05-07,raw/api_football/fixture_players/2026-04-29/fixture_1208521_players.json
1208521,531,Athletic Club,47418,Mikel Vesga,26.0,6,M,6.3,False,True,,,,,0,0.0,,24.0,,19,,,,2.0,1.0,,,,,,0,0,,,0,0,,2026-05-07,raw/api_football/fixture_players/2026-04-29/fixture_1208521_players.json
1208521,531,Athletic Club,190489,Álvaro Djaló,26.0,11,F,6.3,False,True,,,,,0,0.0,,7.0,,5,,,,2.0,,,,,,1.0,0,0,,,0,0,,2026-05-07,raw/api_football/fixture_players/2026-04-29/fixture_1208521_players.json
1208521,531,Athletic Club,383780,Mikel Jauregizar,26.0,23,M,6.6,False,True,,2.0,,,0,0.0,,18.0,,18,1.0,,1.0,2.0,2.0,,,,1.0,,0,0,,,0,0,,2026-05-07,raw/api_football/fixture_players/2026-04-29/fixture_1208521_players.json
1208521,531,Athletic Club,30510,Álex Berenguer,19.0,7,F,6.7,False,True,,,,,0,0.0,,14.0,,12,1.0,,,3.0,1.0,1.0,,,,,0,0,,,0,0,,2026-05-07,raw/api_football/fixture_players/2026-04-29/fixture_1208521_players.json
1208521,531,Athletic Club,332308,Unai Gómez,9.0,20,M,6.9,False,True,,,,,0,0.0,,6.0,,5,,,,4.0,3.0,2.0,2.0,,1.0,,0,0,,,0,0,,2026-05-07,raw/api_football/fixture_players/2026-04-29/fixture_1208521_players.json
1208521,531,Athletic Club,312468,Alex Padilla,,26,G,,False,True,,,,,0,,,,,,,,,,,,,,,,0,0,,,0,0,,2026-05-07,raw/api_football/fixture_players/2026-04-29/fixture_1208521_players.json
1208521,531,Athletic Club,47275,Óscar de Marcos,,18,D,,False,True,,,,,0,,,,,,,,,,,,,,,,0,0,,,0,0,,2026-05-07,raw/api_football/fixture_players/2026-04-29/fixture_1208521_players.json
1208521,531,Athletic Club,336998,Adama Boiro,,32,D,,False,True,,,,,0,,,,,,,,,,,,,,,,0,0,,,0,0,,2026-05-07,raw/api_football/fixture_players/2026-04-29/fixture_1208521_players.json
1208521,531,Athletic Club,47299,Andoni Gorosabel,,2,D,,False,True,,,,,0,,,,,,,,,,,,,,,,0,0,,,0,0,,2026-05-07,raw/api_football/fixture_players/2026-04-29/fixture_1208521_players.json
1208521,531,Athletic Club,47277,Unai Núñez,,14,D,,False,True,,,,,0,,,,,,,,,,,,,,,,0,0,,,0,0,,2026-05-07,raw/api_football/fixture_players/2026-04-29/fixture_1208521_players.json
1208521,531,Athletic Club,183849,Aitor Paredes,,4,D,,False,True,,,,,0,,,,,,,,,,,,,,,,0,0,,,0,0,,2026-05-07,raw/api_football/fixture_players/2026-04-29/fixture_1208521_players.json
1208521,531,Athletic Club,179153,Javier Martón Ansó,,19,F,,False,True,,,,,0,,,,,,,,,,,,,,,,0,0,,,0,0,,2026-05-07,raw/api_football/fixture_players/2026-04-29/fixture_1208521_players.json
1208521,530,Atletico Madrid,2465,Juan Musso,90.0,1,G,7.2,False,False,,,,,0,0.0,1.0,23.0,,18,,,,1.0,1.0,,,,1.0,,0,0,,,0,0,0.0,2026-05-07,raw/api_football/fixture_players/2026-04-29/fixture_1208521_players.json
1208521,530,Atletico Madrid,47301,Robin Le Normand,90.0,24,D,7,False,False,,,,,0,0.0,,67.0,,60,1.0,1.0,,8.0,5.0,,,,2.0,2.0,0,0,,,0,0,,2026-05-07,raw/api_football/fixture_players/2026-04-29/fixture_1208521_players.json
1208521,530,Atletico Madrid,31,José María Giménez,90.0,2,D,7.9,False,False,,1.0,,,0,0.0,,71.0,,70,1.0,1.0,2.0,4.0,3.0,,,1.0,1.0,,0,0,,,0,0,,2026-05-07,raw/api_football/fixture_players/2026-04-29/fixture_1208521_players.json
1208521,530,Atletico Madrid,22225,Reinildo Mandava,90.0,23,D,7,False,False,,,,,0,0.0,,61.0,1.0,49,2.0,,1.0,5.0,4.0,1.0,1.0,1.0,1.0,,0,0,,,0,0,,2026-05-07,raw/api_football/fixture_players/2026-04-29/fixture_1208521_players.json
1208521,530,Atletico Madrid,753,Marcos Llorente,90.0,14,M,7.2,False,False,,,,,0,0.0,,45.0,1.0,37,4.0,,1.0,9.0,8.0,1.0,1.0,1.0,1.0,,0,0,,,0,0,,2026-05-07,raw/api_football/fixture_players/2026-04-29/fixture_1208521_players.json
1208521,530,Atletico Madrid,336594,Pablo Barrios,90.0,8,M,6.6,False,False,,,,,0,0.0,,62.0,,52,2.0,,3.0,9.0,6.0,1.0,1.0,,,1.0,0,0,,,0,0,,2026-05-07,raw/api_football/fixture_players/2026-04-29/fixture_1208521_players.json
1208521,530,Atletico Madrid,50,Koke,88.0,6,M,6.6,True,False,,,,,0,0.0,,53.0,,47,3.0,,1.0,9.0,5.0,3.0,1.0,,1.0,2.0,1,0,,,0,0,,2026-05-07,raw/api_football/fixture_players/2026-04-29/fixture_1208521_players.json
1208521,530,Atletico Madrid,126936,Samuel Lino,70.0,12,M,7,False,False,,,,,0,0.0,,38.0,1.0,34,3.0,,1.0,7.0,4.0,,,3.0,,,0,0,,,0,0,,2026-05-07,raw/api_football/fixture_players/2026-04-29/fixture_1208521_players.json
1208521,530,Atletico Madrid,56,Antoine Griezmann,84.0,7,F,7.2,False,False,,1.0,,,0,0.0,,42.0,3.0,32,1.0,,1.0,7.0,4.0,,,,2.0,1.0,0,0,,,0,0,,2026-05-07,raw/api_football/fixture_players/2026-04-29/fixture_1208521_players.json
1208521,530,Atletico Madrid,67972,Conor Gallagher,70.0,4,F,6.9,False,False,,1.0,,,0,0.0,,23.0,,17,,,1.0,9.0,5.0,4.0,3.0,2.0,2.0,1.0,0,0,,,0,0,,2026-05-07,raw/api_football/fixture_players/2026-04-29/fixture_1208521_players.json
1208521,530,Atletico Madrid,6009,Julián Álvarez,70.0,19,F,6.7,False,False,1.0,,,,0,0.0,,17.0,,10,1.0,,,2.0,1.0,,,,,,0,0,,,0,0,,2026-05-07,raw/api_football/fixture_players/2026-04-29/fixture_1208521_players.json
1208521,530,Atletico Madrid,136117,Rodrigo Riquelme,20.0,17,M,6.7,False,True,,,,,0,0.0,,8.0,,6,1.0,,,4.0,2.0,1.0,,,,,0,0,,,0,0,,2026-05-07,raw/api_football/fixture_players/2026-04-29/fixture_1208521_players.json
1208521,530,Atletico Madrid,2472,Rodrigo de Paul,20.0,5,M,6.3,False,True,,,,,0,0.0,,2.0,1.0,1,,,,2.0,1.0,1.0,,,1.0,1.0,0,0,,,0,0,,2026-05-07,raw/api_football/fixture_players/2026-04-29/fixture_1208521_players.json
1208521,530,Atletico Madrid,8492,Alexander Sørloth,20.0,9,F,7,False,True,1.0,2.0,1.0,,0,1.0,,9.0,1.0,4,,,,4.0,2.0,1.0,1.0,,,,0,0,,,0,0,,2026-05-07,raw/api_football/fixture_players/2026-04-29/fixture_1208521_players.json
1208521,530,Atletico Madrid,323935,Giuliano Simeone,13.0,22,F,6.6,False,True,,,,,0,0.0,,2.0,,1,,,,3.0,2.0,3.0,2.0,,,,0,0,,,0,0,,2026-05-07,raw/api_football/fixture_players/2026-04-29/fixture_1208521_players.json
1208521,530,Atletico Madrid,53,Ángel Correa,9.0,10,F,7.5,False,True,,1.0,1.0,1.0,0,0.0,,1.0,,1,,,1.0,3.0,1.0,2.0,1.0,,,1.0,0,0,,,0,0,,2026-05-07,raw/api_football/fixture_players/2026-04-29/fixture_1208521_players.json
1208521,530,Atletico Madrid,333379,Antonio Gomis,,31,G,,False,True,,,,,0,,,,,,,,,,,,,,,,0,0,,,0,0,,2026-05-07,raw/api_football/fixture_players/2026-04-29/fixture_1208521_players.json
1208521,530,Atletico Madrid,20,Axel Witsel,,20,D,,False,True,,,,,0,,,,,,,,,,,,,,,,0,0,,,0,0,,2026-05-07,raw/api_football/fixture_players/2026-04-29/fixture_1208521_players.json
1208521,530,Atletico Madrid,2280,César Azpilicueta,,3,D,,False,True,,,,,0,,,,,,,,,,,,,,,,0,0,,,0,0,,2026-05-07,raw/api_football/fixture_players/2026-04-29/fixture_1208521_players.json
1208521,530,Atletico Madrid,133,Clément Lenglet,,15,D,,False,True,,,,,0,,,,,,,,,,,,,,,,0,0,,,0,0,,2026-05-07,raw/api_football/fixture_players/2026-04-29/fixture_1208521_players.json
1208521,530,Atletico Madrid,47566,Javi Galán,,21,D,,False,True,,,,,0,,,,,,,,,,,,,,,,0,0,,,0,0,,2026-05-07,raw/api_football/fixture_players/2026-04-29/fixture_1208521_players.json
1208521,530,Atletico Madrid,6503,Nahuel Molina,,16,D,,False,True,,,,,0,,,,,,,,,,,,,,,,0,0,,,0,0,,2026-05-07,raw/api_football/fixture_players/2026-04-29/fixture_1208521_players.json
1208522,529,Barcelona,127,Marc-André ter Stegen,90.0,1,G,7,True,False,,,,,0,0.0,1.0,25.0,,24,,,,,,,,,,,0,0,,,0,0,0.0,2026-05-07,raw/api_football/fixture_players/2026-04-29/fixture_1208522_players.json
1208522,529,Barcelona,1257,Jules Koundé,90.0,23,D,7.9,False,False,,1.0,1.0,1.0,0,0.0,,50.0,,46,3.0,,,5.0,4.0,,,,,,0,0,,,0,0,,2026-05-07,raw/api_football/fixture_players/2026-04-29/fixture_1208522_players.json
1208522,529,Barcelona,396623,Pau Cubarsí,61.0,2,D,7.7,False,False,,1.0,,,0,1.0,,72.0,1.0,68,1.0,,,2.0,2.0,,,,,,0,0,,,0,0,,2026-05-07,raw/api_football/fixture_players/2026-04-29/fixture_1208522_players.json
1208522,529,Barcelona,2670,Iñigo Martínez,90.0,5,D,7.3,False,False,,,,,0,0.0,,105.0,,95,1.0,,1.0,7.0,4.0,,,,1.0,2.0,0,0,,,0,0,,2026-05-07,raw/api_football/fixture_players/2026-04-29/fixture_1208522_players.json
1208522,529,Barcelona,161928,Alejandro Balde,90.0,3,D,7.3,False,False,,,,,0,0.0,,39.0,,37,,,,6.0,4.0,2.0,2.0,,2.0,,0,0,,,0,0,,2026-05-07,raw/api_football/fixture_players/2026-04-29/fixture_1208522_players.json
1208522,529,Barcelona,1323,Dani Olmo,83.0,20,M,8.3,False,False,1.0,5.0,2.0,1.0,0,0.0,,33.0,1.0,31,1.0,,,12.0,7.0,5.0,4.0,2.0,1.0,1.0,0,0,,,0,0,,2026-05-07,raw/api_football/fixture_players/2026-04-29/fixture_1208522_players.json
1208522,529,Barcelona,329728,Marc Casadó,61.0,17,M,6.7,False,False,,,,,0,0.0,,64.0,,63,,,,5.0,1.0,,,2.0,1.0,2.0,0,0,,,0,0,,2026-05-07,raw/api_football/fixture_players/2026-04-29/fixture_1208522_players.json
1208522,529,Barcelona,133609,Pedri,61.0,8,M,7.2,False,False,,,,,0,0.0,,47.0,2.0,43,,,1.0,3.0,1.0,,,1.0,1.0,,0,0,,,0,0,,2026-05-07,raw/api_football/fixture_players/2026-04-29/fixture_1208522_players.json
1208522,529,Barcelona,386828,Lamine Yamal,90.0,19,F,8.3,False,False,2.0,,,,0,2.0,,41.0,3.0,34,4.0,,,17.0,9.0,9.0,2.0,1.0,3.0,,0,0,,,0,0,,2026-05-07,raw/api_football/fixture_players/2026-04-29/fixture_1208522_players.json
1208522,529,Barcelona,521,Robert Lewandowski,73.0,9,F,8.7,False,False,1.0,4.0,2.0,1.0,0,1.0,,16.0,4.0,11,,,1.0,5.0,1.0,1.0,1.0,,,,0,0,,,0,0,,2026-05-07,raw/api_football/fixture_players/2026-04-29/fixture_1208522_players.json
1208522,529,Barcelona,1496,Raphinha,90.0,11,F,10,False,False,,5.0,5.0,3.0,0,1.0,,35.0,3.0,29,1.0,,,3.0,2.0,2.0,1.0,,,,0,0,,,0,0,,2026-05-07,raw/api_football/fixture_players/2026-04-29/fixture_1208522_players.json
1208522,529,Barcelona,396624,Sergi Domínguez,29.0,36,D,6.6,False,True,,,,,0,0.0,,34.0,,32,,,,,,,,,,,0,0,,,0,0,,2026-05-07,raw/api_football/fixture_players/2026-04-29/fixture_1208522_players.json
1208522,529,Barcelona,619,Eric García,29.0,24,D,6.9,False,True,,,,,0,0.0,,16.0,,15,2.0,1.0,1.0,7.0,4.0,1.0,,,1.0,,0,0,,,0,0,,2026-05-07,raw/api_football/fixture_players/2026-04-29/fixture_1208522_players.json
1208522,529,Barcelona,340626,Fermín López,29.0,16,M,6.6,False,True,,1.0,,,0,0.0,,11.0,,11,1.0,,1.0,6.0,2.0,1.0,,1.0,1.0,1.0,0,0,,,0,0,,2026-05-07,raw/api_football/fixture_players/2026-04-29/fixture_1208522_players.json
1208522,529,Barcelona,931,Ferran Torres,17.0,7,F,8.2,False,True,,1.0,1.0,1.0,0,1.0,,4.0,1.0,3,,,,,,,,,,,0,0,,,0,0,,2026-05-07,raw/api_football/fixture_players/2026-04-29/fixture_1208522_players.json
1208522,529,Barcelona,285909,Pablo Torre,9.0,14,M,6.3,False,True,,,,,0,0.0,,3.0,,3,,,,,,,,,,,0,0,,,0,0,,2026-05-07,raw/api_football/fixture_players/2026-04-29/fixture_1208522_players.json
1208522,529,Barcelona,126,Iñaki Peña,,13,G,,False,True,,,,,0,,,,,,,,,,,,,,,,0,0,,,0,0,,2026-05-07,raw/api_football/fixture_players/2026-04-29/fixture_1208522_players.json
1208522,529,Barcelona,336653,Ander Astralaga,,26,G,,False,True,,,,,0,,,,,,,,,,,,,,,,0,0,,,0,0,,2026-05-07,raw/api_football/fixture_players/2026-04-29/fixture_1208522_players.json
1208522,529,Barcelona,386859,Hector Fort,,32,D,,False,True,,,,,0,,,,,,,,,,,,,,,,0,0,,,0,0,,2026-05-07,raw/api_football/fixture_players/2026-04-29/fixture_1208522_players.json
1208522,529,Barcelona,181701,Gerard Martín,,35,D,,False,True,,,,,0,,,,,,,,,,,,,,,,0,0,,,0,0,,2026-05-07,raw/api_football/fixture_players/2026-04-29/fixture_1208522_players.json
1208522,529,Barcelona,263530,Pau Víctor,,18,F,,False,True,,,,,0,,,,,,,,,,,,,,,,0,0,,,0,0,,2026-05-07,raw/api_football/fixture_players/2026-04-29/fixture_1208522_players.json
1208522,720,Valladolid,169295,Karl Hein,90.0,13,G,6,False,False,,,,,7,0.0,4.0,31.0,,17,,,,,,,,,,,0,0,,,0,0,0.0,2026-05-07,raw/api_football/fixture_players/2026-04-29/fixture_1208522_players.json
1208522,720,Valladolid,47078,Luis Pérez,90.0,2,D,5.7,False,False,2.0,,,,0,0.0,,23.0,,18,1.0,1.0,,1.0,1.0,,,,,,0,0,,,0,0,,2026-05-07,raw/api_football/fixture_players/2026-04-29/fixture_1208522_players.json
1208522,720,Valladolid,48372,Eray Cömert,90.0,15,D,5.7,False,False,,,,,0,0.0,,31.0,,27,2.0,,1.0,6.0,3.0,,,2.0,1.0,,0,0,,,0,0,,2026-05-07,raw/api_football/fixture_players/2026-04-29/fixture_1208522_players.json
1208522,720,Valladolid,740,Javi Sánchez,90.0,5,D,6.2,True,False,,,,,0,0.0,,29.0,,22,2.0,3.0,1.0,4.0,4.0,,,,,1.0,1,0,,,0,0,,2026-05-07,raw/api_football/fixture_players/2026-04-29/fixture_1208522_players.json
1208522,720,Valladolid,56283,Lucas Rosa,90.0,22,D,5.9,False,False,,,,,0,0.0,,19.0,,16,7.0,,1.0,11.0,8.0,2.0,1.0,1.0,,1.0,0,0,,,0,0,,2026-05-07,raw/api_football/fixture_players/2026-04-29/fixture_1208522_players.json
1208522,720,Valladolid,14341,Stanko Jurić,90.0,20,M,6,False,False,,,,,0,0.0,,21.0,,20,1.0,,1.0,8.0,3.0,1.0,1.0,2.0,,3.0,0,0,,,0,0,,2026-05-07,raw/api_football/fixture_players/2026-04-29/fixture_1208522_players.json
1208522,720,Valladolid,46979,Iván Sánchez,62.0,10,M,7.3,False,False,,,,,0,0.0,,22.0,1.0,20,2.0,,2.0,8.0,5.0,2.0,2.0,2.0,1.0,,0,0,,,0,0,,2026-05-07,raw/api_football/fixture_players/2026-04-29/fixture_1208522_players.json
1208522,720,Valladolid,107153,Kike Pérez,88.0,8,M,6.2,False,False,,1.0,,,0,0.0,,22.0,,19,1.0,,,6.0,2.0,,,,,2.0,1,0,,,0,0,,2026-05-07,raw/api_football/fixture_players/2026-04-29/fixture_1208522_players.json
1208522,720,Valladolid,8587,Selim Amallah,57.0,21,M,6.2,False,False,,,,,0,0.0,,14.0,,12,,,,7.0,3.0,2.0,2.0,1.0,1.0,,0,0,,,0,0,,2026-05-07,raw/api_football/fixture_players/2026-04-29/fixture_1208522_players.json
1208522,720,Valladolid,264470,Raúl Moro,88.0,11,M,5.9,False,False,1.0,2.0,1.0,,0,0.0,,18.0,1.0,14,1.0,,,7.0,2.0,3.0,1.0,1.0,,,0,0,,,0,0,,2026-05-07,raw/api_football/fixture_players/2026-04-29/fixture_1208522_players.json
1208522,720,Valladolid,122233,Marcos André,56.0,9,F,6.3,False,False,,,,,0,0.0,,6.0,,5,,1.0,,4.0,2.0,,,,2.0,,0,0,,,0,0,,2026-05-07,raw/api_football/fixture_players/2026-04-29/fixture_1208522_players.json
1208522,720,Valladolid,162028,Juanmi Latasa,34.0,14,F,6.2,False,True,,,,,0,0.0,,4.0,,1,,,,7.0,2.0,,,1.0,,1.0,0,0,,,0,0,,2026-05-07,raw/api_football/fixture_players/2026-04-29/fixture_1208522_players.json
1208522,720,Valladolid,331004,Ivan Cantalejo,33.0,28,M,6.3,False,True,1.0,,,,0,0.0,,,,,1.0,,,2.0,2.0,,,,1.0,,0,0,,,0,0,,2026-05-07,raw/api_football/fixture_players/2026-04-29/fixture_1208522_players.json
1208522,720,Valladolid,343205,Mario Martin,28.0,12,M,5.9,False,True,,,,,0,0.0,,5.0,,5,,,,6.0,,,,,,4.0,1,0,,,0,0,,2026-05-07,raw/api_football/fixture_players/2026-04-29/fixture_1208522_players.json
1208522,720,Valladolid,72048,Cenk Özkaçar,2.0,6,D,,False,True,,,,,0,0.0,,2.0,,1,,,,,,,,,,,0,0,,,0,0,,2026-05-07,raw/api_football/fixture_players/2026-04-29/fixture_1208522_players.json
1208522,720,Valladolid,181463,Víctor Meseguer,2.0,4,M,,False,True,,,,,0,0.0,,,,,,,,1.0,,1.0,,,,,0,0,,,0,0,,2026-05-07,raw/api_football/fixture_players/2026-04-29/fixture_1208522_players.json
1208522,720,Valladolid,41320,André Ferreira,,1,G,,False,True,,,,,0,,,,,,,,,,,,,,,,0,0,,,0,0,,2026-05-07,raw/api_football/fixture_players/2026-04-29/fixture_1208522_players.json
1208522,720,Valladolid,361386,Koke,,32,D,,False,True,,,,,0,,,,,,,,,,,,,,,,0,0,,,0,0,,2026-05-07,raw/api_football/fixture_players/2026-04-29/fixture_1208522_players.json
1208522,720,Valladolid,332304,Raúl Chasco,,30,M,,False,True,,,,,0,,,,,,,,,,,,,,,,0,0,,,0,0,,2026-05-07,raw/api_football/fixture_players/2026-04-29/fixture_1208522_players.json
1208522,720,Valladolid,298064,David Torres,,3,D,,False,True,,,,,0,,,,,,,,,,,,,,,,0,0,,,0,0,,2026-05-07,raw/api_football/fixture_players/2026-04-29/fixture_1208522_players.json
1208522,720,Valladolid,2459,Darwin Machís,,18,F,,False,True,,,,,0,,,,,,,,,,,,,,,,0,0,,,0,0,,2026-05-07,raw/api_football/fixture_players/2026-04-29/fixture_1208522_players.json
1208522,720,Valladolid,104793,Amath Ndiaye,,19,F,,False,True,,,,,0,,,,,,,,,,,,,,,,0,0,,,0,0,,2026-05-07,raw/api_football/fixture_players/2026-04-29/fixture_1208522_players.json
1208522,720,Valladolid,8518,Mamadou Sylla,,7,F,,False,True,,,,,0,,,,,,,,,,,,,,,,0,0,,,0,0,,2026-05-07,raw/api_football/fixture_players/2026-04-29/fixture_1208522_players.json
1208523,546,Getafe,47247,David Soria,90.0,13,G,6.9,False,False,,,,,0,0.0,,11.0,,7,,,,,,,,,,,0,0,,,0,0,0.0,2026-05-07,raw/api_football/fixture_players/2026-04-29/fixture_1208523_players.json
1208523,546,Getafe,119742,Juan Iglesias,90.0,21,D,7.3,False,False,,1.0,,,0,0.0,,40.0,2.0,23,3.0,,,15.0,9.0,,,2.0,3.0,2.0,1,0,,,0,0,,2026-05-07,raw/api_football/fixture_players/2026-04-29/fixture_1208523_players.json
1208523,546,Getafe,47250,Djené,90.0,2,D,7,True,False,,,,,0,0.0,,34.0,,25,,,1.0,8.0,6.0,1.0,1.0,1.0,,,0,0,,,0,0,,2026-05-07,raw/api_football/fixture_players/2026-04-29/fixture_1208523_players.json
1208523,546,Getafe,6168,Omar Alderete,90.0,15,D,7.9,False,False,1.0,2.0,1.0,,0,0.0,,48.0,1.0,36,1.0,1.0,,9.0,5.0,1.0,1.0,,1.0,1.0,0,0,,,0,0,,2026-05-07,raw/api_football/fixture_players/2026-04-29/fixture_1208523_players.json
1208523,546,Getafe,18867,Diego Rico,90.0,16,D,7.2,False,False,,,,,0,0.0,,42.0,,27,5.0,,3.0,8.0,7.0,2.0,1.0,,1.0,,0,0,,,0,0,,2026-05-07,raw/api_football/fixture_players/2026-04-29/fixture_1208523_players.json
1208523,546,Getafe,47085,Luis Milla,90.0,5,M,7.5,False,False,,1.0,,,0,0.0,,46.0,4.0,35,2.0,,1.0,18.0,9.0,3.0,2.0,,2.0,3.0,0,0,,,0,0,,2026-05-07,raw/api_football/fixture_players/2026-04-29/fixture_1208523_players.json
1208523,546,Getafe,325415,Nabil Aberdin,67.0,27,M,6.9,False,False,,,,,0,0.0,,15.0,,10,1.0,,,10.0,7.0,1.0,1.0,,1.0,1.0,0,0,,,0,0,,2026-05-07,raw/api_football/fixture_players/2026-04-29/fixture_1208523_players.json
1208523,546,Getafe,67955,Carles Pérez,67.0,17,M,6.5,False,False,,2.0,,,0,0.0,,17.0,,9,2.0,,,11.0,3.0,2.0,,,1.0,1.0,0,0,,,0,0,,2026-05-07,raw/api_football/fixture_players/2026-04-29/fixture_1208523_players.json
1208523,546,Getafe,403554,Christantus Uche,89.0,6,M,7.5,False,False,,,,,0,0.0,,20.0,3.0,13,1.0,,,12.0,9.0,4.0,3.0,,4.0,,0,0,,,0,0,,2026-05-07,raw/api_football/fixture_players/2026-04-29/fixture_1208523_players.json
1208523,546,Getafe,47306,Álex Sola,85.0,7,M,5.9,False,False,1.0,1.0,,,0,0.0,,17.0,,9,,,,18.0,6.0,8.0,1.0,1.0,,3.0,0,0,,,0,0,,2026-05-07,raw/api_football/fixture_players/2026-04-29/fixture_1208523_players.json
1208523,546,Getafe,68483,Bertuğ Özgür Yıldırım,78.0,10,F,6.9,False,False,,,,,0,0.0,,9.0,,6,1.0,,,9.0,5.0,,,,1.0,3.0,0,0,,,0,0,,2026-05-07,raw/api_football/fixture_players/2026-04-29/fixture_1208523_players.json
1208523,546,Getafe,47258,Mauro Arambarri,23.0,8,M,6.9,False,True,,1.0,,,0,0.0,,16.0,1.0,12,,,,3.0,2.0,,,,1.0,,0,0,,,0,0,,2026-05-07,raw/api_football/fixture_players/2026-04-29/fixture_1208523_players.json
1208523,546,Getafe,143,Carles Aleñá,23.0,11,M,6.9,False,True,,,,,0,0.0,,9.0,1.0,7,1.0,,,3.0,3.0,,,,,,0,0,,,0,0,,2026-05-07,raw/api_football/fixture_players/2026-04-29/fixture_1208523_players.json
1208523,546,Getafe,270516,Peter González,12.0,19,F,6.2,False,True,,,,,0,0.0,,7.0,,4,,,,3.0,1.0,1.0,,,,,0,0,,,0,0,,2026-05-07,raw/api_football/fixture_players/2026-04-29/fixture_1208523_players.json
1208523,546,Getafe,293297,John Finn,13.0,31,M,6.6,False,True,,,,,0,0.0,,5.0,,4,,,,3.0,3.0,1.0,1.0,,1.0,,0,0,,,0,0,,2026-05-07,raw/api_football/fixture_players/2026-04-29/fixture_1208523_players.json
1208523,546,Getafe,364415,Yellu Santiago,8.0,20,M,6.3,False,True,,,,,0,0.0,,4.0,,2,,,,,,,,,,,0,0,,,0,0,,2026-05-07,raw/api_football/fixture_players/2026-04-29/fixture_1208523_players.json
1208523,546,Getafe,66491,Jiří Letáček,,1,G,,False,True,,,,,0,,,,,,,,,,,,,,,,0,0,,,0,0,,2026-05-07,raw/api_football/fixture_players/2026-04-29/fixture_1208523_players.json
1208523,546,Getafe,333373,Gorka Rivera,,30,D,,False,True,,,,,0,,,,,,,,,,,,,,,,0,0,,,0,0,,2026-05-07,raw/api_football/fixture_players/2026-04-29/fixture_1208523_players.json
1208523,546,Getafe,46795,Domingos Duarte,,22,D,,False,True,,,,,0,,,,,,,,,,,,,,,,0,0,,,0,0,,2026-05-07,raw/api_football/fixture_players/2026-04-29/fixture_1208523_players.json
1208523,546,Getafe,2039,Juan Berrocal,,4,D,,False,True,,,,,0,,,,,,,,,,,,,,,,0,0,,,0,0,,2026-05-07,raw/api_football/fixture_players/2026-04-29/fixture_1208523_players.json
1208523,546,Getafe,465838,Alberto Risco,,26,M,,False,True,,,,,0,,,,,,,,,,,,,,,,0,0,,,0,0,,2026-05-07,raw/api_football/fixture_players/2026-04-29/fixture_1208523_players.json
1208523,546,Getafe,309364,Coba Gomes Da Costa,,29,F,,False,True,,,,,0,,,,,,,,,,,,,,,,0,0,,,0,0,,2026-05-07,raw/api_football/fixture_players/2026-04-29/fixture_1208523_players.json
1208523,548,Real Sociedad,47269,Álex Remiro,90.0,1,G,7.2,False,False,,,,,0,0.0,1.0,44.0,1.0,27,,,,1.0,1.0,,,,1.0,,0,0,,,0,0,0.0,2026-05-07,raw/api_football/fixture_players/2026-04-29/fixture_1208523_players.json
1208523,548,Real Sociedad,2202,Hamari Traoré,66.0,18,D,7,False,False,,,,,0,0.0,,24.0,,18,6.0,,1.0,12.0,7.0,,,1.0,1.0,,0,0,,,0,0,,2026-05-07,raw/api_football/fixture_players/2026-04-29/fixture_1208523_players.json
1208523,548,Real Sociedad,47314,Igor Zubeldia,45.0,5,D,6.9,True,False,,,,,0,0.0,,37.0,,29,1.0,,,6.0,4.0,,,,1.0,1.0,0,0,,,0,0,,2026-05-07,raw/api_football/fixture_players/2026-04-29/fixture_1208523_players.json
1208523,548,Real Sociedad,182546,Jon Pacheco,90.0,20,D,7.3,False,False,,,,,0,0.0,,42.0,,33,2.0,2.0,1.0,5.0,2.0,,,1.0,,,0,0,,,0,0,,2026-05-07,raw/api_football/fixture_players/2026-04-29/fixture_1208523_players.json
1208523,548,Real Sociedad,199044,Jon Aramburu,59.0,27,D,6.6,False,False,,,,,0,0.0,,18.0,,10,2.0,,,10.0,6.0,1.0,,1.0,,1.0,0,0,,,0,0,,2026-05-07,raw/api_football/fixture_players/2026-04-29/fixture_1208523_players.json
1208523,548,Real Sociedad,32862,Takefusa Kubo,60.0,14,M,6.6,False,False,,,,,0,0.0,,12.0,,7,,,,6.0,3.0,4.0,1.0,,2.0,,0,0,,,0,0,,2026-05-07,raw/api_football/fixture_players/2026-04-29/fixture_1208523_players.json
1208523,548,Real Sociedad,47315,Martín Zubimendi,90.0,4,M,6.9,False,False,,,,,0,0.0,,36.0,,28,,3.0,2.0,7.0,2.0,,,1.0,1.0,1.0,0,0,,,0,0,,2026-05-07,raw/api_football/fixture_players/2026-04-29/fixture_1208523_players.json
1208523,548,Real Sociedad,183744,Beñat Turrientes,90.0,22,M,6.9,False,False,,,,,0,0.0,,22.0,,16,,1.0,,11.0,6.0,2.0,1.0,,2.0,2.0,0,0,,,0,0,,2026-05-07,raw/api_football/fixture_players/2026-04-29/fixture_1208523_players.json
1208523,548,Real Sociedad,23,Sergio Gómez,90.0,17,M,6.9,False,False,,,,,0,0.0,,21.0,,14,5.0,,3.0,16.0,7.0,,,1.0,2.0,1.0,0,0,,,0,0,,2026-05-07,raw/api_football/fixture_players/2026-04-29/fixture_1208523_players.json
1208523,548,Real Sociedad,47440,Brais Méndez,28.0,23,F,6.2,False,False,,,,,0,0.0,,6.0,,5,,,2.0,4.0,,1.0,,2.0,,1.0,0,0,,,0,0,,2026-05-07,raw/api_football/fixture_players/2026-04-29/fixture_1208523_players.json
1208523,548,Real Sociedad,31406,Umar Sadiq,66.0,19,F,6.6,False,False,1.0,,,,0,0.0,,12.0,,5,1.0,1.0,,15.0,7.0,1.0,1.0,1.0,,2.0,0,0,,,0,0,,2026-05-07,raw/api_football/fixture_players/2026-04-29/fixture_1208523_players.json
1208523,548,Real Sociedad,47317,Ander Barrenetxea,62.0,7,F,6.5,False,True,,,,,0,0.0,,9.0,,5,,,1.0,12.0,2.0,2.0,1.0,1.0,1.0,3.0,0,0,,,0,0,,2026-05-07,raw/api_football/fixture_players/2026-04-29/fixture_1208523_players.json
1208523,548,Real Sociedad,405073,Jon Martin,45.0,31,D,6.9,False,True,,,,,0,0.0,,14.0,,7,,1.0,,6.0,4.0,,,,,2.0,0,0,,,0,0,,2026-05-07,raw/api_football/fixture_players/2026-04-29/fixture_1208523_players.json
1208523,548,Real Sociedad,182636,Javi López,31.0,12,D,6.3,False,True,,,,,0,0.0,,2.0,,1,1.0,,,4.0,1.0,2.0,,,,1.0,0,0,,,0,0,,2026-05-07,raw/api_football/fixture_players/2026-04-29/fixture_1208523_players.json
1208523,548,Real Sociedad,37938,Sheraldo Becker,30.0,11,F,6.3,False,True,,,,,0,0.0,,4.0,,2,,,,1.0,,,,1.0,,,0,0,,,0,0,,2026-05-07,raw/api_football/fixture_players/2026-04-29/fixture_1208523_players.json
1208523,548,Real Sociedad,47303,Aihen Muñoz,24.0,3,D,6.6,False,True,,,,,0,0.0,,1.0,,1,1.0,,,6.0,2.0,,,1.0,1.0,1.0,1,0,,,0,0,,2026-05-07,raw/api_football/fixture_players/2026-04-29/fixture_1208523_players.json
1208523,548,Real Sociedad,61774,Orri Steinn Óskarsson,24.0,9,F,6.5,False,True,,,,,0,0.0,,10.0,,2,,,,8.0,1.0,,,,,,0,0,,,0,0,,2026-05-07,raw/api_football/fixture_players/2026-04-29/fixture_1208523_players.json
1208523,548,Real Sociedad,189832,Unai Marrero,,13,G,,False,True,,,,,0,,,,,,,,,,,,,,,,0,0,,,0,0,,2026-05-07,raw/api_football/fixture_players/2026-04-29/fixture_1208523_players.json
1208523,548,Real Sociedad,189831,Egoitz Arana,,35,G,,False,True,,,,,0,,,,,,,,,,,,,,,,0,0,,,0,0,,2026-05-07,raw/api_football/fixture_players/2026-04-29/fixture_1208523_players.json
1208523,548,Real Sociedad,290106,Pablo Marín,,28,M,,False,True,,,,,0,,,,,,,,,,,,,,,,0,0,,,0,0,,2026-05-07,raw/api_football/fixture_players/2026-04-29/fixture_1208523_players.json
1208523,548,Real Sociedad,182603,Jon Ander Olasagasti,,16,M,,False,True,,,,,0,,,,,,,,,,,,,,,,0,0,,,0,0,,2026-05-07,raw/api_football/fixture_players/2026-04-29/fixture_1208523_players.json
1208523,548,Real Sociedad,287652,Jon Magunazelaia,,25,M,,False,True,,,,,0,,,,,,,,,,,,,,,,0,0,,,0,0,,2026-05-07,raw/api_football/fixture_players/2026-04-29/fixture_1208523_players.json
1208524,532,Valencia,24760,Giorgi Mamardashvili,90.0,25,G,6.3,False,False,,,,,1,0.0,1.0,26.0,,22,,,,1.0,1.0,,,,1.0,,0,0,,,0,0,0.0,2026-05-07,raw/api_football/fixture_players/2026-04-29/fixture_1208524_players.json
1208524,532,Valencia,1482,Thierry Correia,90.0,12,D,7.2,False,False,,2.0,,,0,0.0,,57.0,3.0,50,5.0,,,11.0,7.0,1.0,,1.0,2.0,1.0,0,0,,,0,0,,2026-05-07,raw/api_football/fixture_players/2026-04-29/fixture_1208524_players.json
1208524,532,Valencia,333672,César Tárrega,90.0,15,D,6.6,False,False,,1.0,,,0,0.0,,49.0,,46,1.0,,2.0,13.0,4.0,1.0,1.0,,,3.0,0,0,,,0,0,,2026-05-07,raw/api_football/fixture_players/2026-04-29/fixture_1208524_players.json
1208524,532,Valencia,333682,Cristhian Mosquera,90.0,3,D,7.2,False,False,,,,,0,0.0,,54.0,,53,,2.0,2.0,2.0,1.0,1.0,1.0,1.0,,,0,0,,,0,0,,2026-05-07,raw/api_football/fixture_players/2026-04-29/fixture_1208524_players.json
1208524,532,Valencia,162175,Jesús Vázquez,70.0,21,D,6.9,False,False,,,,,0,0.0,,31.0,1.0,28,1.0,,,14.0,5.0,4.0,1.0,1.0,2.0,2.0,0,0,,,0,0,,2026-05-07,raw/api_football/fixture_players/2026-04-29/fixture_1208524_players.json
1208524,532,Valencia,162127,Diego López,90.0,16,M,6.3,False,False,,,,,0,0.0,,29.0,1.0,22,1.0,,,7.0,3.0,3.0,2.0,,,,0,0,,,0,0,,2026-05-07,raw/api_football/fixture_players/2026-04-29/fixture_1208524_players.json
1208524,532,Valencia,919,Hugo Guillamón,69.0,6,M,6.7,False,False,,,,,0,0.0,,36.0,,28,1.0,1.0,1.0,5.0,1.0,,,,,3.0,1,0,,,0,0,,2026-05-07,raw/api_football/fixture_players/2026-04-29/fixture_1208524_players.json
1208524,532,Valencia,47463,Pepelu,90.0,18,M,8,True,False,,2.0,1.0,,0,0.0,,77.0,2.0,70,1.0,,1.0,7.0,3.0,,,1.0,,2.0,1,0,,,0,0,,2026-05-07,raw/api_football/fixture_players/2026-04-29/fixture_1208524_players.json
1208524,532,Valencia,46933,Luis Rioja,82.0,22,M,6.7,False,False,1.0,2.0,,,0,0.0,,29.0,1.0,22,1.0,,1.0,12.0,4.0,4.0,1.0,2.0,2.0,1.0,0,0,,,0,0,,2026-05-07,raw/api_football/fixture_players/2026-04-29/fixture_1208524_players.json
1208524,532,Valencia,41157,André Almeida,82.0,10,F,7,False,False,,,,,0,0.0,,40.0,1.0,36,2.0,,,9.0,4.0,2.0,1.0,1.0,1.0,1.0,0,0,,,0,0,,2026-05-07,raw/api_football/fixture_players/2026-04-29/fixture_1208524_players.json
1208524,532,Valencia,47264,Hugo Duro,90.0,9,F,7.7,False,False,,3.0,2.0,1.0,0,0.0,,12.0,1.0,10,,,1.0,14.0,5.0,,,,2.0,1.0,1,0,,,0,0,,2026-05-07,raw/api_football/fixture_players/2026-04-29/fixture_1208524_players.json
1208524,532,Valencia,47013,Rafa Mir,21.0,11,F,6.7,False,True,,1.0,,,0,0.0,,,,,,,,1.0,,,,,,,0,0,,,0,0,,2026-05-07,raw/api_football/fixture_players/2026-04-29/fixture_1208524_players.json
1208524,532,Valencia,47251,Dimitri Foulquier,20.0,20,D,6.9,False,True,,,,,0,0.0,,15.0,,10,1.0,,,2.0,2.0,1.0,1.0,,,,0,0,,,0,0,,2026-05-07,raw/api_football/fixture_players/2026-04-29/fixture_1208524_players.json
1208524,532,Valencia,315699,Javier Guerra,8.0,8,M,6.6,False,True,,,,,0,0.0,,14.0,1.0,14,,,,,,,,,,,0,0,,,0,0,,2026-05-07,raw/api_football/fixture_players/2026-04-29/fixture_1208524_players.json
1208524,532,Valencia,19352,Sergi Canós,8.0,7,M,7.5,False,True,,3.0,2.0,,0,0.0,,10.0,1.0,8,,,,2.0,,,,,,1.0,0,0,,,0,0,,2026-05-07,raw/api_football/fixture_players/2026-04-29/fixture_1208524_players.json
1208524,532,Valencia,47527,Stole Dimitrievski,,13,G,,False,True,,,,,0,,,,,,,,,,,,,,,,0,0,,,0,0,,2026-05-07,raw/api_football/fixture_players/2026-04-29/fixture_1208524_players.json
1208524,532,Valencia,412737,Raúl Jiménez Latorre,,34,G,,False,True,,,,,0,,,,,,,,,,,,,,,,0,0,,,0,0,,2026-05-07,raw/api_football/fixture_players/2026-04-29/fixture_1208524_players.json
1208524,532,Valencia,361385,Yarek Gasiorowski,,24,D,,False,True,,,,,0,,,,,,,,,,,,,,,,0,0,,,0,0,,2026-05-07,raw/api_football/fixture_players/2026-04-29/fixture_1208524_players.json
1208524,532,Valencia,327496,Rodrigo Abajas,,39,D,,False,True,,,,,0,,,,,,,,,,,,,,,,0,0,,,0,0,,2026-05-07,raw/api_football/fixture_players/2026-04-29/fixture_1208524_players.json
1208524,532,Valencia,442188,Iker Cordoba,,38,D,,False,True,,,,,0,,,,,,,,,,,,,,,,0,0,,,0,0,,2026-05-07,raw/api_football/fixture_players/2026-04-29/fixture_1208524_players.json
1208524,532,Valencia,158378,Enzo Barrenechea,,5,M,,False,True,,,,,0,,,,,,,,,,,,,,,,0,0,,,0,0,,2026-05-07,raw/api_football/fixture_players/2026-04-29/fixture_1208524_players.json
1208524,532,Valencia,348326,Martín Tejón,,32,M,,False,True,,,,,0,,,,,,,,,,,,,,,,0,0,,,0,0,,2026-05-07,raw/api_football/fixture_players/2026-04-29/fixture_1208524_players.json
1208524,532,Valencia,119232,Dani Gómez,,17,F,,False,True,,,,,0,,,,,,,,,,,,,,,,0,0,,,0,0,,2026-05-07,raw/api_football/fixture_players/2026-04-29/fixture_1208524_players.json
1208524,533,Villarreal,122956,Diego Conde,90.0,13,G,7.2,False,False,,,,,1,0.0,4.0,32.0,,24,,,,,,,,,,,0,0,,,0,0,0.0,2026-05-07,raw/api_football/fixture_players/2026-04-29/fixture_1208524_players.json
1208524,533,Villarreal,18794,Kiko Femenía,90.0,17,D,6.9,False,False,,,,,0,0.0,,52.0,1.0,47,,,1.0,3.0,2.0,1.0,1.0,1.0,,,1,0,,,0,0,,2026-05-07,raw/api_football/fixture_players/2026-04-29/fixture_1208524_players.json
1208524,533,Villarreal,314,Raúl Albiol,90.0,3,D,7.2,True,False,,,,,0,0.0,,63.0,,54,,3.0,,7.0,5.0,,,,,,1,0,,,0,0,,2026-05-07,raw/api_football/fixture_players/2026-04-29/fixture_1208524_players.json
1208524,533,Villarreal,21997,Logan Costa,90.0,2,D,6.9,False,False,,,,,0,0.0,,50.0,,44,,,,3.0,3.0,,,,,,0,0,,,0,0,,2026-05-07,raw/api_football/fixture_players/2026-04-29/fixture_1208524_players.json
1208524,533,Villarreal,70500,Sergi Cardona,90.0,23,D,7.2,False,False,,,,,0,0.0,,32.0,1.0,28,2.0,1.0,,10.0,6.0,2.0,1.0,1.0,,2.0,0,0,,,0,0,,2026-05-07,raw/api_football/fixture_players/2026-04-29/fixture_1208524_players.json
1208524,533,Villarreal,184226,Yéremy Pino,69.0,21,M,6.6,False,False,1.0,,,,0,0.0,,20.0,2.0,13,3.0,1.0,,13.0,6.0,1.0,1.0,2.0,1.0,2.0,1,0,,,0,0,,2026-05-07,raw/api_football/fixture_players/2026-04-29/fixture_1208524_players.json
1208524,533,Villarreal,928,Dani Parejo,45.0,10,M,6.9,False,False,,,,,0,0.0,,20.0,,16,3.0,,,5.0,5.0,,,,,,0,0,,,0,0,,2026-05-07,raw/api_football/fixture_players/2026-04-29/fixture_1208524_players.json
1208524,533,Villarreal,20696,Pape Gueye,68.0,18,M,6.3,False,False,,2.0,,,0,0.0,,30.0,,27,,,,6.0,3.0,,,,2.0,3.0,2,1,,,0,0,,2026-05-07,raw/api_football/fixture_players/2026-04-29/fixture_1208524_players.json
1208524,533,Villarreal,47541,Santi Comesaña,90.0,14,M,6.6,False,False,,,,,0,1.0,,27.0,1.0,25,,,,8.0,3.0,,,1.0,2.0,,0,0,,,0,0,,2026-05-07,raw/api_football/fixture_players/2026-04-29/fixture_1208524_players.json
1208524,533,Villarreal,343684,Thierno Barry,90.0,15,F,6.3,False,False,,1.0,1.0,,0,0.0,,10.0,1.0,4,,,,16.0,9.0,2.0,,,4.0,3.0,0,0,,,0,0,,2026-05-07,raw/api_football/fixture_players/2026-04-29/fixture_1208524_players.json
1208524,533,Villarreal,18906,Ayoze Pérez,77.0,22,F,7.9,False,False,,3.0,1.0,1.0,0,0.0,,20.0,,13,2.0,,1.0,11.0,8.0,2.0,2.0,2.0,3.0,,0,0,,,0,0,,2026-05-07,raw/api_football/fixture_players/2026-04-29/fixture_1208524_players.json
1208524,533,Villarreal,290740,Ilias Akhomach,45.0,11,F,7.2,False,True,,,,,0,0.0,,6.0,1.0,6,2.0,,,11.0,7.0,3.0,2.0,,3.0,1.0,0,0,,,0,0,,2026-05-07,raw/api_football/fixture_players/2026-04-29/fixture_1208524_players.json
1208524,533,Villarreal,187987,Ramón Terrats,21.0,20,M,6.3,False,True,,,,,0,0.0,,7.0,,3,1.0,1.0,,3.0,1.0,1.0,,,,,0,0,,,0,0,,2026-05-07,raw/api_football/fixture_players/2026-04-29/fixture_1208524_players.json
1208524,533,Villarreal,258,Juan Bernat,13.0,12,D,6.3,False,True,,,,,0,0.0,,3.0,,2,1.0,,,2.0,1.0,,,1.0,,,0,0,,,0,0,,2026-05-07,raw/api_football/fixture_players/2026-04-29/fixture_1208524_players.json
1208524,533,Villarreal,278619,Luiz Júnior,,1,G,,False,True,,,,,0,,,,,,,,,,,,,,,,0,0,,,0,0,,2026-05-07,raw/api_football/fixture_players/2026-04-29/fixture_1208524_players.json
1208524,533,Villarreal,161931,Arnau Solà,,27,D,,False,True,,,,,0,,,,,,,,,,,,,,,,0,0,,,0,0,,2026-05-07,raw/api_football/fixture_players/2026-04-29/fixture_1208524_players.json
1208524,533,Villarreal,435552,Pau Navarro,,26,D,,False,True,,,,,0,,,,,,,,,,,,,,,,0,0,,,0,0,,2026-05-07,raw/api_football/fixture_players/2026-04-29/fixture_1208524_players.json
1208524,533,Villarreal,336637,Antonio Espigares,,28,D,,False,True,,,,,0,,,,,,,,,,,,,,,,0,0,,,0,0,,2026-05-07,raw/api_football/fixture_players/2026-04-29/fixture_1208524_players.json
1208524,533,Villarreal,391131,Jose Requena,,30,M,,False,True,,,,,0,,,,,,,,,,,,,,,,0,0,,,0,0,,2026-05-07,raw/api_football/fixture_players/2026-04-29/fixture_1208524_players.json
1208524,533,Villarreal,411702,Pau Cabanes De La Torre,,33,F,,False,True,,,,,0,,,,,,,,,,,,,,,,0,0,,,0,0,,2026-05-07,raw/api_football/fixture_players/2026-04-29/fixture_1208524_players.json
1208524,533,Villarreal,378284,Etta Eyong,,36,F,,False,True,,,,,0,,,,,,,,,,,,,,,,0,0,,,0,0,,2026-05-07,raw/api_football/fixture_players/2026-04-29/fixture_1208524_players.json
1208525,542,Alaves,47353,Antonio Sivera,90.0,1,G,8.5,False,False,,,,,0,0.0,6.0,35.0,,19,,,,,,,,,,,0,0,,,0,0,0.0,2026-05-07,raw/api_football/fixture_players/2026-04-29/fixture_1208525_players.json
1208525,542,Alaves,6233,Nahuel Tenaglia,90.0,14,D,7.5,True,False,,,,,0,0.0,,19.0,,12,1.0,,1.0,12.0,7.0,2.0,2.0,2.0,3.0,1.0,0,0,,,0,0,,2026-05-07,raw/api_football/fixture_players/2026-04-29/fixture_1208525_players.json
1208525,542,Alaves,46813,Abdelkabir Abqar,90.0,5,D,6.9,False,False,,,,,0,0.0,,24.0,,17,1.0,,2.0,4.0,1.0,,,1.0,,1.0,1,0,,,0,0,,2026-05-07,raw/api_football/fixture_players/2026-04-29/fixture_1208525_players.json
1208525,542,Alaves,40419,Aleksandar Sedlar,90.0,4,D,7.2,False,False,,1.0,,,0,0.0,,21.0,,13,4.0,,2.0,8.0,5.0,,,,,2.0,0,0,,,0,0,,2026-05-07,raw/api_football/fixture_players/2026-04-29/fixture_1208525_players.json
1208525,542,Alaves,64309,Manuel Sánchez,90.0,3,D,7.2,False,False,,,,,0,0.0,,25.0,1.0,20,1.0,,,2.0,1.0,,,,,,0,0,,,0,0,,2026-05-07,raw/api_football/fixture_players/2026-04-29/fixture_1208525_players.json
1208525,542,Alaves,187214,Carlos Vicente,82.0,7,M,8,False,False,,3.0,2.0,1.0,0,0.0,,10.0,5.0,8,1.0,,,5.0,2.0,2.0,,,1.0,,0,0,,,0,0,,2026-05-07,raw/api_football/fixture_players/2026-04-29/fixture_1208525_players.json
1208525,542,Alaves,104821,Jon Guridi,82.0,18,M,6.9,False,False,,,,,0,0.0,,19.0,,17,2.0,,1.0,8.0,4.0,2.0,1.0,1.0,1.0,1.0,1,0,,,0,0,,2026-05-07,raw/api_football/fixture_players/2026-04-29/fixture_1208525_players.json
1208525,542,Alaves,162686,Antonio Blanco,90.0,8,M,7,False,False,,1.0,,,0,0.0,,29.0,1.0,22,1.0,1.0,,8.0,4.0,2.0,2.0,,1.0,2.0,0,0,,,0,0,,2026-05-07,raw/api_football/fixture_players/2026-04-29/fixture_1208525_players.json
1208525,542,Alaves,51241,Tomás Conechny,64.0,10,M,7.2,False,False,1.0,3.0,2.0,,0,0.0,,14.0,1.0,9,,,1.0,7.0,1.0,,,,,2.0,1,0,,,0,0,,2026-05-07,raw/api_football/fixture_players/2026-04-29/fixture_1208525_players.json
1208525,542,Alaves,46740,Stoichkov,70.0,19,F,7.2,False,False,,1.0,,,0,1.0,,14.0,1.0,8,1.0,,1.0,8.0,4.0,2.0,1.0,1.0,,1.0,0,0,,,0,0,,2026-05-07,raw/api_football/fixture_players/2026-04-29/fixture_1208525_players.json
1208525,542,Alaves,47396,Kike García,64.0,17,F,6.9,False,False,,,,,0,0.0,,11.0,1.0,9,,,,10.0,4.0,1.0,,1.0,1.0,2.0,0,0,,,0,0,,2026-05-07,raw/api_football/fixture_players/2026-04-29/fixture_1208525_players.json
1208525,542,Alaves,47181,Toni Martínez,26.0,11,F,7.5,False,True,,1.0,1.0,1.0,0,0.0,,7.0,,4,2.0,,,9.0,5.0,,,,,1.0,0,0,,,0,0,,2026-05-07,raw/api_football/fixture_players/2026-04-29/fixture_1208525_players.json
1208525,542,Alaves,324750,Carlos Martín,26.0,15,F,6.3,False,True,,,,,0,0.0,,3.0,,3,1.0,,,3.0,1.0,,,1.0,,,0,0,,,0,0,,2026-05-07,raw/api_football/fixture_players/2026-04-29/fixture_1208525_players.json
1208525,542,Alaves,47309,Ander Guevara,20.0,6,M,6.2,False,True,,,,,0,0.0,,4.0,,3,,,,4.0,1.0,,,2.0,1.0,,0,0,,,0,0,,2026-05-07,raw/api_football/fixture_players/2026-04-29/fixture_1208525_players.json
1208525,542,Alaves,162170,Hugo Novoa Ramos,8.0,16,F,6.7,False,True,,,,,0,0.0,,2.0,,1,,,,2.0,1.0,,,,,,0,0,,,0,0,,2026-05-07,raw/api_football/fixture_players/2026-04-29/fixture_1208525_players.json
1208525,542,Alaves,263812,Luka Romero,8.0,20,F,6.7,False,True,,1.0,,,0,0.0,,2.0,,2,1.0,,,4.0,3.0,1.0,1.0,,1.0,,0,0,1.0,,0,1,,2026-05-07,raw/api_football/fixture_players/2026-04-29/fixture_1208525_players.json
1208525,542,Alaves,122471,Jesús Owono,,13,G,,False,True,,,,,0,,,,,,,,,,,,,,,,0,0,,,0,0,,2026-05-07,raw/api_football/fixture_players/2026-04-29/fixture_1208525_players.json
1208525,542,Alaves,70476,Moussa Diarra,,22,D,,False,True,,,,,0,,,,,,,,,,,,,,,,0,0,,,0,0,,2026-05-07,raw/api_football/fixture_players/2026-04-29/fixture_1208525_players.json
1208525,542,Alaves,295383,Adrián,,36,D,,False,True,,,,,0,,,,,,,,,,,,,,,,0,0,,,0,0,,2026-05-07,raw/api_football/fixture_players/2026-04-29/fixture_1208525_players.json
1208525,542,Alaves,311773,Santiago Mouriño,,12,D,,False,True,,,,,0,,,,,,,,,,,,,,,,0,0,,,0,0,,2026-05-07,raw/api_football/fixture_players/2026-04-29/fixture_1208525_players.json
1208525,542,Alaves,6085,Carlos Benavídez,,23,M,,False,True,,,,,0,,,,,,,,,,,,,,,,0,0,,,0,0,,2026-05-07,raw/api_football/fixture_players/2026-04-29/fixture_1208525_players.json
1208525,542,Alaves,183751,Abderrahman Rebbach,,21,F,,False,True,,,,,0,,,,,,,,,,,,,,,,0,0,,,0,0,,2026-05-07,raw/api_football/fixture_players/2026-04-29/fixture_1208525_players.json
1208525,542,Alaves,104853,Asier Villalibre,,9,F,,False,True,,,,,0,,,,,,,,,,,,,,,,0,0,,,0,0,,2026-05-07,raw/api_football/fixture_players/2026-04-29/fixture_1208525_players.json
1208525,534,Las Palmas,124,Jasper Cillessen,90.0,1,G,6.9,False,False,,,,,2,0.0,3.0,25.0,,24,,,,,,,,,,,0,0,,,0,0,0.0,2026-05-07,raw/api_football/fixture_players/2026-04-29/fixture_1208525_players.json
1208525,534,Las Palmas,46854,Viti Rozada,58.0,18,D,6.7,False,False,,,,,0,0.0,,20.0,1.0,16,2.0,,,8.0,6.0,,,,1.0,1.0,0,0,,,0,0,,2026-05-07,raw/api_football/fixture_players/2026-04-29/fixture_1208525_players.json
1208525,534,Las Palmas,131535,Alex Suárez,90.0,4,D,7,False,False,,,,,0,0.0,,92.0,,81,2.0,3.0,,12.0,5.0,,,,2.0,,0,0,,,0,0,,2026-05-07,raw/api_football/fixture_players/2026-04-29/fixture_1208525_players.json
1208525,534,Las Palmas,44811,Scott McKenna,90.0,15,D,6.7,False,False,,,,,0,0.0,,85.0,,77,,1.0,,5.0,3.0,,,,,,0,0,,,0,0,,2026-05-07,raw/api_football/fixture_players/2026-04-29/fixture_1208525_players.json
1208525,534,Las Palmas,162475,Mika Mármol,90.0,3,D,6.7,False,False,,,,,0,0.0,,41.0,3.0,34,2.0,,,10.0,4.0,,,,,4.0,0,0,,,0,0,,2026-05-07,raw/api_football/fixture_players/2026-04-29/fixture_1208525_players.json
1208525,534,Las Palmas,2671,Jaime Mata,58.0,17,M,6.5,False,False,,1.0,1.0,,0,0.0,,18.0,,13,,,,3.0,2.0,,,,1.0,,0,0,,,0,0,,2026-05-07,raw/api_football/fixture_players/2026-04-29/fixture_1208525_players.json
1208525,534,Las Palmas,46860,Javier Muñoz,90.0,5,M,7.3,False,False,,1.0,1.0,,0,0.0,,65.0,2.0,55,1.0,,,8.0,4.0,1.0,1.0,3.0,1.0,1.0,0,0,,,0,0,,2026-05-07,raw/api_football/fixture_players/2026-04-29/fixture_1208525_players.json
1208525,534,Las Palmas,47464,José Campaña,64.0,8,M,7.3,False,False,,,,,0,0.0,,67.0,1.0,61,,,2.0,8.0,6.0,3.0,2.0,1.0,2.0,,0,0,,,0,0,,2026-05-07,raw/api_football/fixture_players/2026-04-29/fixture_1208525_players.json
1208525,534,Las Palmas,70315,Kirian Rodríguez,77.0,20,M,6.7,True,False,,1.0,1.0,,0,0.0,,66.0,,58,1.0,,1.0,10.0,3.0,1.0,1.0,2.0,1.0,,0,0,,,0,0,,2026-05-07,raw/api_football/fixture_players/2026-04-29/fixture_1208525_players.json
1208525,534,Las Palmas,122230,Manuel Fuster,45.0,14,M,6.7,False,False,,1.0,,,0,0.0,,30.0,,27,,,,1.0,1.0,,,,1.0,,0,0,,,0,0,,2026-05-07,raw/api_football/fixture_players/2026-04-29/fixture_1208525_players.json
1208525,534,Las Palmas,19337,Oliver McBurnie,90.0,16,F,6.9,False,False,,2.0,,,0,0.0,,29.0,2.0,22,,,1.0,9.0,4.0,2.0,1.0,,1.0,,0,0,,,0,0,,2026-05-07,raw/api_football/fixture_players/2026-04-29/fixture_1208525_players.json
1208525,534,Las Palmas,182519,Alberto Moleiro,45.0,10,M,7.2,False,True,,3.0,3.0,,0,0.0,,17.0,1.0,14,,,,6.0,3.0,3.0,3.0,,,2.0,0,0,,,0,0,,2026-05-07,raw/api_football/fixture_players/2026-04-29/fixture_1208525_players.json
1208525,534,Las Palmas,162026,Marvin Park,32.0,2,D,6,False,True,,,,,0,0.0,,12.0,,10,1.0,,,7.0,4.0,1.0,1.0,1.0,1.0,1.0,0,0,,1.0,0,0,,2026-05-07,raw/api_football/fixture_players/2026-04-29/fixture_1208525_players.json
1208525,534,Las Palmas,47324,Sandro Ramírez,32.0,19,F,6.6,False,True,,1.0,,,0,0.0,,9.0,,8,1.0,,,1.0,1.0,,,,,,0,0,,,0,0,,2026-05-07,raw/api_football/fixture_players/2026-04-29/fixture_1208525_players.json
1208525,534,Las Palmas,21709,Enzo Loiodice,26.0,12,M,6.6,False,True,,,,,0,0.0,,24.0,,21,,,,4.0,3.0,1.0,,,1.0,,0,0,,,0,0,,2026-05-07,raw/api_football/fixture_players/2026-04-29/fixture_1208525_players.json
1208525,534,Las Palmas,47393,Marc Cardona,13.0,9,F,6.7,False,True,,1.0,,,0,0.0,,3.0,,3,,,,2.0,1.0,1.0,,,1.0,,0,0,,,0,0,,2026-05-07,raw/api_football/fixture_players/2026-04-29/fixture_1208525_players.json
1208525,534,Las Palmas,486068,Víctor Puig,,31,G,,False,True,,,,,0,,,,,,,,,,,,,,,,0,0,,,0,0,,2026-05-07,raw/api_football/fixture_players/2026-04-29/fixture_1208525_players.json
1208525,534,Las Palmas,440748,Alvaro Killane,,30,G,,False,True,,,,,0,,,,,,,,,,,,,,,,0,0,,,0,0,,2026-05-07,raw/api_football/fixture_players/2026-04-29/fixture_1208525_players.json
1208525,534,Las Palmas,47052,Álex Muñoz,,23,D,,False,True,,,,,0,,,,,,,,,,,,,,,,0,0,,,0,0,,2026-05-07,raw/api_football/fixture_players/2026-04-29/fixture_1208525_players.json
1208525,534,Las Palmas,431890,Juanma Herzog,,28,D,,False,True,,,,,0,,,,,,,,,,,,,,,,0,0,,,0,0,,2026-05-07,raw/api_football/fixture_players/2026-04-29/fixture_1208525_players.json
1208525,534,Las Palmas,182694,Iván Gil,,21,M,,False,True,,,,,0,,,,,,,,,,,,,,,,0,0,,,0,0,,2026-05-07,raw/api_football/fixture_players/2026-04-29/fixture_1208525_players.json
1208525,534,Las Palmas,47004,Fabio González,,6,M,,False,True,,,,,0,,,,,,,,,,,,,,,,0,0,,,0,0,,2026-05-07,raw/api_football/fixture_players/2026-04-29/fixture_1208525_players.json
1208525,534,Las Palmas,47111,Benito Ramírez,,11,M,,False,True,,,,,0,,,,,,,,,,,,,,,,0,0,,,0,0,,2026-05-07,raw/api_football/fixture_players/2026-04-29/fixture_1208525_players.json
1208526,537,Leganes,2036,Juan Soriano,90.0,1,G,6.9,False,False,,,,,1,0.0,2.0,25.0,,14,1.0,,,2.0,2.0,,,,1.0,,0,0,,,0,0,0.0,2026-05-07,raw/api_football/fixture_players/2026-04-29/fixture_1208526_players.json
1208526,537,Leganes,162122,Adrià Altimira,57.0,2,D,6.9,False,False,,,,,0,0.0,,26.0,,22,2.0,1.0,1.0,13.0,6.0,3.0,2.0,1.0,1.0,,0,0,,,0,0,,2026-05-07,raw/api_football/fixture_players/2026-04-29/fixture_1208526_players.json
1208526,537,Leganes,47080,Jorge Sáenz,90.0,3,D,6.9,False,False,,,,,0,0.0,,71.0,,63,,1.0,2.0,6.0,1.0,,,,,,0,0,,,0,0,,2026-05-07,raw/api_football/fixture_players/2026-04-29/fixture_1208526_players.json
1208526,537,Leganes,123047,Sergio González,90.0,6,D,7.3,True,False,1.0,,,,0,0.0,,75.0,1.0,69,1.0,,3.0,8.0,4.0,,,,,1.0,0,0,,,0,0,,2026-05-07,raw/api_football/fixture_players/2026-04-29/fixture_1208526_players.json
1208526,537,Leganes,46849,Javier Hernández,67.0,20,D,6.9,False,False,,1.0,,,0,0.0,,32.0,1.0,26,1.0,1.0,,4.0,2.0,,,,,,0,0,,,0,0,,2026-05-07,raw/api_football/fixture_players/2026-04-29/fixture_1208526_players.json
1208526,537,Leganes,2433,Renato Tapia,45.0,5,M,6.9,False,False,,,,,0,0.0,,22.0,,19,,,,5.0,3.0,1.0,1.0,,,1.0,0,0,,,0,0,,2026-05-07,raw/api_football/fixture_players/2026-04-29/fixture_1208526_players.json
1208526,537,Leganes,47361,Darko Brašanac,90.0,14,M,7.3,False,False,,1.0,,,0,0.0,,39.0,1.0,31,1.0,1.0,3.0,7.0,3.0,,,,1.0,2.0,0,0,,,0,0,,2026-05-07,raw/api_football/fixture_players/2026-04-29/fixture_1208526_players.json
1208526,537,Leganes,1708,Dani Raba,45.0,10,M,6.3,False,False,,,,,0,0.0,,10.0,1.0,7,2.0,,,11.0,5.0,4.0,1.0,1.0,2.0,,0,0,,,0,0,,2026-05-07,raw/api_football/fixture_players/2026-04-29/fixture_1208526_players.json
1208526,537,Leganes,47416,Óscar Rodríguez,57.0,7,M,6.6,False,False,,1.0,,,0,0.0,,18.0,,15,1.0,,1.0,8.0,5.0,,,,3.0,1.0,0,0,,,0,0,,2026-05-07,raw/api_football/fixture_players/2026-04-29/fixture_1208526_players.json
1208526,537,Leganes,2060,Munir El Haddadi,45.0,23,M,6.2,False,False,1.0,,,,0,0.0,,5.0,,5,,,,2.0,,,,,,,0,0,,,0,0,,2026-05-07,raw/api_football/fixture_players/2026-04-29/fixture_1208526_players.json
1208526,537,Leganes,184481,Diego Garcia,90.0,19,F,6.9,False,False,1.0,3.0,1.0,,0,0.0,,16.0,1.0,8,,,,16.0,8.0,,,,3.0,2.0,0,0,,,0,0,,2026-05-07,raw/api_football/fixture_players/2026-04-29/fixture_1208526_players.json
1208526,537,Leganes,129657,Enric Franquesa,45.0,15,D,6.9,False,True,,,,,0,0.0,,18.0,,14,4.0,,,10.0,7.0,4.0,2.0,,,1.0,0,0,,,0,0,,2026-05-07,raw/api_football/fixture_players/2026-04-29/fixture_1208526_players.json
1208526,537,Leganes,41976,Yvan Neyou,45.0,17,M,7.2,False,True,,,,,0,0.0,,36.0,1.0,32,1.0,,,6.0,4.0,1.0,,,3.0,1.0,1,0,,,0,0,,2026-05-07,raw/api_football/fixture_players/2026-04-29/fixture_1208526_players.json
1208526,537,Leganes,185202,Juan Cruz,45.0,11,M,7.2,False,True,,2.0,1.0,,0,0.0,,21.0,,15,,,,2.0,2.0,2.0,2.0,,,1.0,0,0,,,0,0,,2026-05-07,raw/api_football/fixture_players/2026-04-29/fixture_1208526_players.json
1208526,537,Leganes,21701,Valentin Rosier,33.0,12,D,6.9,False,True,,,,,0,0.0,,23.0,,20,1.0,,,5.0,3.0,,,,2.0,1.0,0,0,,,0,0,,2026-05-07,raw/api_football/fixture_players/2026-04-29/fixture_1208526_players.json
1208526,537,Leganes,302051,Seydouba Cisse,33.0,8,M,7.3,False,True,,,,,0,0.0,,32.0,1.0,30,1.0,,1.0,4.0,3.0,2.0,2.0,,,,0,0,,,0,0,,2026-05-07,raw/api_football/fixture_players/2026-04-29/fixture_1208526_players.json
1208526,537,Leganes,47494,Miguel de la Fuente,23.0,9,F,6.3,False,True,,,,,0,0.0,,4.0,,1,,,,2.0,1.0,,,,1.0,,0,0,,,0,0,,2026-05-07,raw/api_football/fixture_players/2026-04-29/fixture_1208526_players.json
1208526,537,Leganes,2813,Marko Dmitrović,,13,G,,False,True,,,,,0,,,,,,,,,,,,,,,,0,0,,,0,0,,2026-05-07,raw/api_football/fixture_players/2026-04-29/fixture_1208526_players.json
1208526,537,Leganes,327495,Alvin,,36,G,,False,True,,,,,0,,,,,,,,,,,,,,,,0,0,,,0,0,,2026-05-07,raw/api_football/fixture_players/2026-04-29/fixture_1208526_players.json
1208526,537,Leganes,2575,Jackson Porozo,,4,D,,False,True,,,,,0,,,,,,,,,,,,,,,,0,0,,,0,0,,2026-05-07,raw/api_football/fixture_players/2026-04-29/fixture_1208526_players.json
1208526,537,Leganes,5974,Julián Chicco,,24,M,,False,True,,,,,0,,,,,,,,,,,,,,,,0,0,,,0,0,,2026-05-07,raw/api_football/fixture_players/2026-04-29/fixture_1208526_players.json
1208526,537,Leganes,47321,Roberto López,,21,M,,False,True,,,,,0,,,,,,,,,,,,,,,,0,0,,,0,0,,2026-05-07,raw/api_football/fixture_players/2026-04-29/fixture_1208526_players.json
1208526,798,Mallorca,61142,Dominik Greif,90.0,1,G,7.2,False,False,,,,,0,0.0,2.0,26.0,,17,,,,,,,,,,,0,0,,,0,0,0.0,2026-05-07,raw/api_football/fixture_players/2026-04-29/fixture_1208526_players.json
1208526,798,Mallorca,26302,Pablo Maffeo,33.0,23,D,6.6,False,False,,,,,0,0.0,,11.0,1.0,9,,,,1.0,,,,,,,0,0,,,0,0,,2026-05-07,raw/api_football/fixture_players/2026-04-29/fixture_1208526_players.json
1208526,798,Mallorca,46738,Martin Valjent,90.0,24,D,6.9,False,False,,,,,0,0.0,,48.0,,39,,,,6.0,3.0,,,,1.0,2.0,0,0,,,0,0,,2026-05-07,raw/api_football/fixture_players/2026-04-29/fixture_1208526_players.json
1208526,798,Mallorca,46733,Antonio Raíllo,90.0,21,D,7.5,True,False,,1.0,,,0,0.0,,60.0,,52,1.0,1.0,2.0,14.0,8.0,,,,,2.0,0,0,,,0,0,,2026-05-07,raw/api_football/fixture_players/2026-04-29/fixture_1208526_players.json
1208526,798,Mallorca,920,Toni Lato,72.0,3,D,6.9,False,False,,,,,0,0.0,,32.0,2.0,26,2.0,,1.0,8.0,3.0,1.0,,1.0,,2.0,0,0,,,0,0,,2026-05-07,raw/api_football/fixture_players/2026-04-29/fixture_1208526_players.json
1208526,798,Mallorca,190485,Samuel Costa,90.0,12,M,7.3,False,False,,,,,0,0.0,,58.0,,47,3.0,,1.0,11.0,9.0,,,,3.0,1.0,0,0,,,0,0,,2026-05-07,raw/api_football/fixture_players/2026-04-29/fixture_1208526_players.json
1208526,798,Mallorca,1701,Manu Morlanes,84.0,8,M,6.6,False,False,,,,,0,0.0,,37.0,,34,2.0,,2.0,9.0,4.0,1.0,,1.0,,,1,0,,,0,0,,2026-05-07,raw/api_football/fixture_players/2026-04-29/fixture_1208526_players.json
1208526,798,Mallorca,46742,Dani Rodríguez,84.0,14,M,8,False,False,,2.0,1.0,1.0,0,0.0,,25.0,1.0,19,3.0,,,11.0,7.0,1.0,1.0,1.0,2.0,,0,0,,,0,0,,2026-05-07,raw/api_football/fixture_players/2026-04-29/fixture_1208526_players.json
1208526,798,Mallorca,25375,Takuma Asano,72.0,11,F,6.9,False,False,,3.0,1.0,,0,0.0,,19.0,,14,,,1.0,4.0,1.0,3.0,,,,,0,0,,,0,0,,2026-05-07,raw/api_football/fixture_players/2026-04-29/fixture_1208526_players.json
1208526,798,Mallorca,50048,Vedat Muriqi,90.0,7,F,7.5,False,False,,1.0,,,0,1.0,,24.0,2.0,15,,,3.0,18.0,7.0,2.0,,,2.0,2.0,0,0,,,0,0,,2026-05-07,raw/api_football/fixture_players/2026-04-29/fixture_1208526_players.json
1208526,798,Mallorca,482473,Marc Domenech,62.0,30,F,6.7,False,False,,,,,0,0.0,,15.0,1.0,10,,,,13.0,6.0,1.0,1.0,3.0,,1.0,0,0,,,0,0,,2026-05-07,raw/api_football/fixture_players/2026-04-29/fixture_1208526_players.json
1208526,798,Mallorca,107194,Antonio Sánchez,57.0,18,M,6.6,False,True,,,,,0,0.0,,19.0,1.0,15,2.0,,,6.0,2.0,,,1.0,,3.0,0,0,,,0,0,,2026-05-07,raw/api_football/fixture_players/2026-04-29/fixture_1208526_players.json
1208526,798,Mallorca,84086,Robert Navarro,28.0,27,M,6.3,False,True,,,,,0,0.0,,6.0,,4,,,,5.0,,,,1.0,,3.0,1,0,,,0,0,,2026-05-07,raw/api_football/fixture_players/2026-04-29/fixture_1208526_players.json
1208526,798,Mallorca,64268,Johan Mojica,18.0,22,D,6.6,False,True,,,,,0,0.0,,6.0,1.0,5,,,,,,,,,,,0,0,,,0,0,,2026-05-07,raw/api_football/fixture_players/2026-04-29/fixture_1208526_players.json
1208526,798,Mallorca,47336,Sergi Darder,18.0,10,M,6.7,False,True,,,,,0,0.0,,11.0,,8,,,,2.0,1.0,,,1.0,1.0,,0,0,,,0,0,,2026-05-07,raw/api_football/fixture_players/2026-04-29/fixture_1208526_players.json
1208526,798,Mallorca,181582,José Copete,10.0,6,D,6.9,False,True,,1.0,1.0,,0,0.0,,2.0,,2,,,,1.0,,,,,,1.0,0,0,,,0,0,,2026-05-07,raw/api_football/fixture_players/2026-04-29/fixture_1208526_players.json
1208526,798,Mallorca,414,Omar Mascarell,10.0,5,M,6.7,False,True,,,,,0,0.0,,1.0,,1,,,1.0,2.0,1.0,,,1.0,1.0,,1,0,,,0,0,,2026-05-07,raw/api_football/fixture_players/2026-04-29/fixture_1208526_players.json
1208526,798,Mallorca,47399,Iván Cuéllar,,25,G,,False,True,,,,,0,,,,,,,,,,,,,,,,0,0,,,0,0,,2026-05-07,raw/api_football/fixture_players/2026-04-29/fixture_1208526_players.json
1208526,798,Mallorca,179139,Leo Román,,13,G,,False,True,,,,,0,,,,,,,,,,,,,,,,0,0,,,0,0,,2026-05-07,raw/api_football/fixture_players/2026-04-29/fixture_1208526_players.json
1208526,798,Mallorca,37639,Siebe Van Der Heyden,,4,D,,False,True,,,,,0,,,,,,,,,,,,,,,,0,0,,,0,0,,2026-05-07,raw/api_football/fixture_players/2026-04-29/fixture_1208526_players.json
1208526,798,Mallorca,297646,Daniel Luna,,33,M,,False,True,,,,,0,,,,,,,,,,,,,,,,0,0,,,0,0,,2026-05-07,raw/api_football/fixture_players/2026-04-29/fixture_1208526_players.json
1208526,798,Mallorca,46751,Abdón Prats,,9,F,,False,True,,,,,0,,,,,,,,,,,,,,,,0,0,,,0,0,,2026-05-07,raw/api_football/fixture_players/2026-04-29/fixture_1208526_players.json
1208526,798,Mallorca,2001,Cyle Larin,,17,F,,False,True,,,,,0,,,,,,,,,,,,,,,,0,0,,,0,0,,2026-05-07,raw/api_football/fixture_players/2026-04-29/fixture_1208526_players.json
1208527,541,Real Madrid,730,Thibaut Courtois,90.0,1,G,7.2,False,False,,,,,0,0.0,2.0,32.0,,30,,,,,,,,,,,0,0,,,0,0,0.0,2026-05-07,raw/api_football/fixture_players/2026-04-29/fixture_1208527_players.json
1208527,541,Real Madrid,733,Daniel Carvajal,90.0,2,D,7.2,True,False,,,,,0,0.0,,59.0,,52,1.0,1.0,1.0,13.0,4.0,3.0,1.0,1.0,2.0,1.0,1,0,,,0,0,,2026-05-07,raw/api_football/fixture_players/2026-04-29/fixture_1208527_players.json
1208527,541,Real Madrid,372,Éder Militão,90.0,3,D,7.6,False,False,,2.0,1.0,,0,0.0,,62.0,1.0,57,,1.0,2.0,7.0,4.0,,,,1.0,2.0,0,0,,,0,0,,2026-05-07,raw/api_football/fixture_players/2026-04-29/fixture_1208527_players.json
1208527,541,Real Madrid,2285,Antonio Rüdiger,90.0,22,D,7.7,False,False,,1.0,,,0,0.0,,74.0,,67,1.0,1.0,1.0,4.0,3.0,,,,1.0,,0,0,,,0,0,,2026-05-07,raw/api_football/fixture_players/2026-04-29/fixture_1208527_players.json
1208527,541,Real Madrid,653,Ferland Mendy,65.0,23,D,7.5,False,False,,,,,0,0.0,,43.0,1.0,40,3.0,,1.0,5.0,5.0,1.0,1.0,,,,0,0,,,0,0,,2026-05-07,raw/api_football/fixture_players/2026-04-29/fixture_1208527_players.json
1208527,541,Real Madrid,756,Federico Valverde,90.0,8,M,8.3,False,False,,2.0,1.0,,0,1.0,,63.0,3.0,56,2.0,,,7.0,5.0,2.0,1.0,,1.0,,0,0,,,0,0,,2026-05-07,raw/api_football/fixture_players/2026-04-29/fixture_1208527_players.json
1208527,541,Real Madrid,1271,Aurélien Tchouaméni,90.0,14,M,8.2,False,False,,1.0,,,0,0.0,,71.0,1.0,66,4.0,2.0,4.0,11.0,10.0,1.0,1.0,,2.0,1.0,0,0,,,0,0,,2026-05-07,raw/api_football/fixture_players/2026-04-29/fixture_1208527_players.json
1208527,541,Real Madrid,748,Dani Ceballos,65.0,19,M,6.9,False,False,,,,,0,0.0,,51.0,,44,4.0,,,10.0,5.0,,,2.0,1.0,2.0,0,0,,,0,0,,2026-05-07,raw/api_football/fixture_players/2026-04-29/fixture_1208527_players.json
1208527,541,Real Madrid,10009,Rodrygo,89.0,11,F,8,False,False,,2.0,1.0,,0,0.0,,39.0,5.0,35,2.0,1.0,,15.0,7.0,6.0,3.0,2.0,2.0,1.0,0,0,,,0,0,,2026-05-07,raw/api_football/fixture_players/2026-04-29/fixture_1208527_players.json
1208527,541,Real Madrid,278,Kylian Mbappé,84.0,9,F,8.9,False,False,1.0,4.0,3.0,2.0,0,0.0,,27.0,1.0,22,,,,6.0,3.0,4.0,2.0,,1.0,,0,0,,,1,0,,2026-05-07,raw/api_football/fixture_players/2026-04-29/fixture_1208527_players.json
1208527,541,Real Madrid,762,Vinícius Júnior,90.0,7,F,7.7,False,False,,,,,0,0.0,,41.0,4.0,34,,,,13.0,7.0,6.0,2.0,1.0,5.0,2.0,1,0,1.0,,0,0,,2026-05-07,raw/api_football/fixture_players/2026-04-29/fixture_1208527_players.json
1208527,541,Real Madrid,736,Fran García,25.0,20,D,6.7,False,True,,,,,0,0.0,,10.0,,10,,,,,,,,,,,0,0,,,0,0,,2026-05-07,raw/api_football/fixture_players/2026-04-29/fixture_1208527_players.json
1208527,541,Real Madrid,744,Brahim Díaz,25.0,21,M,7.5,False,True,,,,,0,0.0,,12.0,1.0,11,1.0,,1.0,9.0,6.0,5.0,4.0,1.0,1.0,,0,0,,,0,0,,2026-05-07,raw/api_football/fixture_players/2026-04-29/fixture_1208527_players.json
1208527,541,Real Madrid,754,Luka Modrić,13.0,10,M,6.9,False,True,,,,,0,0.0,,24.0,,22,,,,2.0,1.0,1.0,1.0,,,,0,0,,,0,0,,2026-05-07,raw/api_football/fixture_players/2026-04-29/fixture_1208527_players.json
1208527,541,Real Madrid,377122,Endrick,8.0,16,F,6.7,False,True,,1.0,1.0,,0,0.0,,,,,,,,1.0,,,,1.0,,,0,0,,,0,0,,2026-05-07,raw/api_football/fixture_players/2026-04-29/fixture_1208527_players.json
1208527,541,Real Madrid,47400,Andriy Lunin,,13,G,,False,True,,,,,0,,,,,,,,,,,,,,,,0,0,,,0,0,,2026-05-07,raw/api_football/fixture_players/2026-04-29/fixture_1208527_players.json
1208527,541,Real Madrid,396475,Fran Gonzalez,,26,G,,False,True,,,,,0,,,,,,,,,,,,,,,,0,0,,,0,0,,2026-05-07,raw/api_football/fixture_players/2026-04-29/fixture_1208527_players.json
1208527,541,Real Madrid,757,Lucas Vázquez,,17,M,,False,True,,,,,0,,,,,,,,,,,,,,,,0,0,,,0,0,,2026-05-07,raw/api_football/fixture_players/2026-04-29/fixture_1208527_players.json
1208527,541,Real Madrid,386305,Jacobo Naveros,,31,D,,False,True,,,,,0,,,,,,,,,,,,,,,,0,0,,,0,0,,2026-05-07,raw/api_football/fixture_players/2026-04-29/fixture_1208527_players.json
1208527,541,Real Madrid,291964,Arda Güler,,15,M,,False,True,,,,,0,,,,,,,,,,,,,,,,0,0,,,0,0,,2026-05-07,raw/api_football/fixture_players/2026-04-29/fixture_1208527_players.json
1208527,543,Real Betis,46672,Rui Silva,90.0,1,G,7.2,False,False,,,,,2,0.0,5.0,23.0,,13,,,,2.0,1.0,,,,1.0,1.0,0,0,,1.0,0,0,0.0,2026-05-07,raw/api_football/fixture_players/2026-04-29/fixture_1208527_players.json
1208527,543,Real Betis,1264,Youssouf Sabaly,90.0,23,D,6.9,False,False,,,,,0,0.0,,39.0,2.0,36,3.0,,1.0,13.0,5.0,4.0,2.0,1.0,,3.0,0,0,,,0,0,,2026-05-07,raw/api_football/fixture_players/2026-04-29/fixture_1208527_players.json
1208527,543,Real Betis,47302,Diego Llorente,90.0,3,D,7,False,False,,,,,0,0.0,,30.0,,26,1.0,5.0,1.0,4.0,1.0,,,1.0,,1.0,0,0,,,0,0,,2026-05-07,raw/api_football/fixture_players/2026-04-29/fixture_1208527_players.json
1208527,543,Real Betis,195100,Natan,90.0,6,D,6.2,False,False,,,,,0,0.0,,22.0,,19,1.0,,1.0,4.0,1.0,,,,,,0,0,,,0,0,,2026-05-07,raw/api_football/fixture_players/2026-04-29/fixture_1208527_players.json
1208527,543,Real Betis,20600,Romain Perraud,90.0,15,D,6.3,False,False,,,,,0,0.0,,46.0,1.0,36,2.0,,1.0,12.0,5.0,1.0,1.0,6.0,1.0,1.0,0,0,,,0,0,,2026-05-07,raw/api_football/fixture_players/2026-04-29/fixture_1208527_players.json
1208527,543,Real Betis,47341,Marc Roca,90.0,21,M,7.2,False,False,,,,,0,0.0,,47.0,1.0,44,5.0,2.0,1.0,11.0,6.0,1.0,1.0,1.0,,2.0,0,0,,,0,0,,2026-05-07,raw/api_football/fixture_players/2026-04-29/fixture_1208527_players.json
1208527,543,Real Betis,1580,William Carvalho,57.0,14,M,6.7,False,False,,,,,0,0.0,,42.0,,34,,,,6.0,1.0,1.0,1.0,1.0,,1.0,0,0,,,0,0,,2026-05-07,raw/api_football/fixture_players/2026-04-29/fixture_1208527_players.json
1208527,543,Real Betis,185477,Rodri Sánchez,72.0,17,M,6.7,False,False,1.0,1.0,1.0,,0,0.0,,41.0,2.0,36,1.0,1.0,,6.0,2.0,1.0,,,1.0,1.0,0,0,,,0,0,,2026-05-07,raw/api_football/fixture_players/2026-04-29/fixture_1208527_players.json
1208527,543,Real Betis,1697,Pablo Fornals,83.0,18,M,6.6,False,False,1.0,,,,0,0.0,,47.0,2.0,42,,,,3.0,,1.0,,1.0,,1.0,0,0,,,0,0,,2026-05-07,raw/api_football/fixture_players/2026-04-29/fixture_1208527_players.json
1208527,543,Real Betis,181421,Abdessamad Ezzalzouli,83.0,10,M,7.2,False,False,,3.0,,,0,0.0,,27.0,1.0,21,6.0,,1.0,16.0,11.0,4.0,3.0,1.0,1.0,,0,0,,,0,0,,2026-05-07,raw/api_football/fixture_players/2026-04-29/fixture_1208527_players.json
1208527,543,Real Betis,47119,Aitor Ruibal,57.0,24,F,6.3,True,False,,,,,0,0.0,,13.0,,10,,,1.0,7.0,2.0,,,2.0,1.0,1.0,0,0,,,0,0,,2026-05-07,raw/api_football/fixture_players/2026-04-29/fixture_1208527_players.json
1208527,543,Real Betis,133185,Johnny,33.0,4,M,6.6,False,True,,,,,0,0.0,,26.0,1.0,23,2.0,,,7.0,5.0,,,1.0,3.0,1.0,0,0,,,0,0,,2026-05-07,raw/api_football/fixture_players/2026-04-29/fixture_1208527_players.json
1208527,543,Real Betis,340279,Vitor Roque,33.0,8,F,6.3,False,True,,1.0,1.0,,0,0.0,,6.0,1.0,5,,,,6.0,1.0,2.0,,,,2.0,0,0,,,0,0,,2026-05-07,raw/api_football/fixture_players/2026-04-29/fixture_1208527_players.json
1208527,543,Real Betis,400948,Assane Diao,18.0,38,F,6.5,False,True,,,,,0,0.0,,3.0,,2,,,,3.0,1.0,,,1.0,,1.0,0,0,,,0,0,,2026-05-07,raw/api_football/fixture_players/2026-04-29/fixture_1208527_players.json
1208527,543,Real Betis,128985,Iker Losada,14.0,19,M,6.5,False,True,,,,,0,0.0,,4.0,,3,,,,1.0,,1.0,,,,,0,0,,,0,0,,2026-05-07,raw/api_football/fixture_players/2026-04-29/fixture_1208527_players.json
1208527,543,Real Betis,47320,Juanmi,14.0,7,F,6.3,False,True,,,,,0,0.0,,5.0,,3,,,,2.0,1.0,,,,,1.0,0,0,,,0,0,,2026-05-07,raw/api_football/fixture_players/2026-04-29/fixture_1208527_players.json
1208527,543,Real Betis,179996,Francisco Vieites,,25,G,,False,True,,,,,0,,,,,,,,,,,,,,,,0,0,,,0,0,,2026-05-07,raw/api_football/fixture_players/2026-04-29/fixture_1208527_players.json
1208527,543,Real Betis,18812,Adrián,,13,G,,False,True,,,,,0,,,,,,,,,,,,,,,,0,0,,,0,0,,2026-05-07,raw/api_football/fixture_players/2026-04-29/fixture_1208527_players.json
1208527,543,Real Betis,1631,Ricardo Rodríguez,,12,D,,False,True,,,,,0,,,,,,,,,,,,,,,,0,0,,,0,0,,2026-05-07,raw/api_football/fixture_players/2026-04-29/fixture_1208527_players.json
1208527,543,Real Betis,270973,Lucas Alcazar,,43,D,,False,True,,,,,0,,,,,,,,,,,,,,,,0,0,,,0,0,,2026-05-07,raw/api_football/fixture_players/2026-04-29/fixture_1208527_players.json
1208527,543,Real Betis,1439,Héctor Bellerín,,2,D,,False,True,,,,,0,,,,,,,,,,,,,,,,0,0,,,0,0,,2026-05-07,raw/api_football/fixture_players/2026-04-29/fixture_1208527_players.json
1208527,543,Real Betis,286084,Sergi Altimira,,16,M,,False,True,,,,,0,,,,,,,,,,,,,,,,0,0,,,0,0,,2026-05-07,raw/api_football/fixture_players/2026-04-29/fixture_1208527_players.json
1208527,543,Real Betis,47579,Chimy Ávila,,9,F,,False,True,,,,,0,,,,,,,,,,,,,,,,0,0,,,0,0,,2026-05-07,raw/api_football/fixture_players/2026-04-29/fixture_1208527_players.json
1208528,727,Osasuna,46646,Sergio Herrera,90.0,1,G,6.9,True,False,,,,,2,0.0,3.0,29.0,,19,,,,,,,,,,,0,0,,,0,0,0.0,2026-05-07,raw/api_football/fixture_players/2026-04-29/fixture_1208528_players.json
1208528,727,Osasuna,182181,Jesús Areso,90.0,12,D,7,False,False,,,,,0,0.0,,68.0,,59,2.0,1.0,1.0,7.0,4.0,2.0,1.0,,1.0,2.0,0,0,,,0,0,,2026-05-07,raw/api_football/fixture_players/2026-04-29/fixture_1208528_players.json
1208528,727,Osasuna,47533,Alejandro Catena,90.0,24,D,6.9,False,False,,,,,0,0.0,,52.0,,46,2.0,,2.0,5.0,4.0,,,,,1.0,0,0,,,0,0,,2026-05-07,raw/api_football/fixture_players/2026-04-29/fixture_1208528_players.json
1208528,727,Osasuna,279822,Flavien Boyomo,90.0,22,D,7.5,False,False,,1.0,1.0,1.0,0,0.0,,50.0,,45,1.0,1.0,1.0,6.0,3.0,,,,,2.0,0,0,,,0,0,,2026-05-07,raw/api_football/fixture_players/2026-04-29/fixture_1208528_players.json
1208528,727,Osasuna,181259,Abel Bretones,90.0,23,D,7.2,False,False,,1.0,1.0,1.0,0,0.0,,32.0,,26,,,,5.0,3.0,1.0,1.0,1.0,1.0,1.0,0,0,,,0,0,,2026-05-07,raw/api_football/fixture_players/2026-04-29/fixture_1208528_players.json
1208528,727,Osasuna,1825,Lucas Torró,90.0,6,M,7,False,False,,1.0,,,0,0.0,,60.0,1.0,49,1.0,,3.0,10.0,6.0,1.0,1.0,1.0,1.0,3.0,1,0,,,0,0,,2026-05-07,raw/api_football/fixture_players/2026-04-29/fixture_1208528_players.json
1208528,727,Osasuna,46658,Rubén García,77.0,14,M,7.2,False,False,1.0,1.0,1.0,,0,0.0,,46.0,1.0,40,2.0,1.0,1.0,9.0,3.0,1.0,,,1.0,5.0,1,0,,,0,0,,2026-05-07,raw/api_football/fixture_players/2026-04-29/fixture_1208528_players.json
1208528,727,Osasuna,46662,Jon Moncayola,88.0,7,M,7,False,False,,,,,0,0.0,,30.0,2.0,24,4.0,,,11.0,6.0,1.0,1.0,1.0,,3.0,0,0,,,0,0,,2026-05-07,raw/api_football/fixture_players/2026-04-29/fixture_1208528_players.json
1208528,727,Osasuna,67939,Aimar Oroz,88.0,10,M,7.3,False,False,,,,,0,0.0,,35.0,1.0,33,2.0,,1.0,8.0,5.0,,,,3.0,1.0,0,0,,,0,0,,2026-05-07,raw/api_football/fixture_players/2026-04-29/fixture_1208528_players.json
1208528,727,Osasuna,286639,Bryan Zaragoza,63.0,19,M,7.2,False,False,1.0,,,,0,1.0,,16.0,2.0,10,,,,5.0,3.0,4.0,2.0,,1.0,,0,0,,,0,0,,2026-05-07,raw/api_football/fixture_players/2026-04-29/fixture_1208528_players.json
1208528,727,Osasuna,46746,Ante Budimir,77.0,17,F,7.2,False,False,,1.0,,,0,1.0,,14.0,1.0,11,3.0,,1.0,16.0,10.0,5.0,3.0,,,1.0,0,0,,,0,0,,2026-05-07,raw/api_football/fixture_players/2026-04-29/fixture_1208528_players.json
1208528,727,Osasuna,47391,Rubén Peña,27.0,15,D,6.3,False,True,,,,,0,0.0,,6.0,,4,1.0,,,3.0,1.0,1.0,,1.0,,,0,0,,,0,0,,2026-05-07,raw/api_football/fixture_players/2026-04-29/fixture_1208528_players.json
1208528,727,Osasuna,288800,Iker Benito,13.0,27,F,6.3,False,True,,,,,0,0.0,,3.0,,3,,,,1.0,,,,,,,0,0,,,0,0,,2026-05-07,raw/api_football/fixture_players/2026-04-29/fixture_1208528_players.json
1208528,727,Osasuna,146751,Raúl García de Haro,13.0,9,F,6.5,False,True,1.0,,,,0,0.0,,5.0,,3,,,,,,,,,,,0,0,,,0,0,,2026-05-07,raw/api_football/fixture_players/2026-04-29/fixture_1208528_players.json
1208528,727,Osasuna,47574,Moi Gómez,8.0,16,M,3.7,False,True,,,,,0,0.0,,4.0,,3,,,,,,,,,,,0,0,,,0,0,,2026-05-07,raw/api_football/fixture_players/2026-04-29/fixture_1208528_players.json
1208528,727,Osasuna,139001,Pablo Ibáñez Lumbreras,8.0,8,M,6.7,False,True,,,,,0,0.0,,1.0,,1,,1.0,,1.0,1.0,,,,1.0,,0,0,,,0,0,,2026-05-07,raw/api_football/fixture_players/2026-04-29/fixture_1208528_players.json
1208528,727,Osasuna,47448,Aitor Fernández,,13,G,,False,True,,,,,0,,,,,,,,,,,,,,,,0,0,,,0,0,,2026-05-07,raw/api_football/fixture_players/2026-04-29/fixture_1208528_players.json
1208528,727,Osasuna,182592,Jorge Herrando,,5,D,,False,True,,,,,0,,,,,,,,,,,,,,,,0,0,,,0,0,,2026-05-07,raw/api_football/fixture_players/2026-04-29/fixture_1208528_players.json
1208528,727,Osasuna,46657,Nacho Vidal,,2,D,,False,True,,,,,0,,,,,,,,,,,,,,,,0,0,,,0,0,,2026-05-07,raw/api_football/fixture_players/2026-04-29/fixture_1208528_players.json
1208528,727,Osasuna,46652,Unai García,,4,D,,False,True,,,,,0,,,,,,,,,,,,,,,,0,0,,,0,0,,2026-05-07,raw/api_football/fixture_players/2026-04-29/fixture_1208528_players.json
1208528,727,Osasuna,46967,Juan Cruz,,3,D,,False,True,,,,,0,,,,,,,,,,,,,,,,0,0,,,0,0,,2026-05-07,raw/api_football/fixture_players/2026-04-29/fixture_1208528_players.json
1208528,727,Osasuna,46660,Javi Martínez,,21,M,,False,True,,,,,0,,,,,,,,,,,,,,,,0,0,,,0,0,,2026-05-07,raw/api_football/fixture_players/2026-04-29/fixture_1208528_players.json
1208528,727,Osasuna,47419,José Manuel Arnáiz,,20,F,,False,True,,,,,0,,,,,,,,,,,,,,,,0,0,,,0,0,,2026-05-07,raw/api_football/fixture_players/2026-04-29/fixture_1208528_players.json
1208528,538,Celta Vigo,47427,Iván Villar,90.0,1,G,6,False,False,,,,,3,0.0,1.0,28.0,,24,,,,,,,,,,,0,0,,,0,0,0.0,2026-05-07,raw/api_football/fixture_players/2026-04-29/fixture_1208528_players.json
1208528,538,Celta Vigo,384135,Javi Rodríguez,90.0,32,D,6.2,False,False,,,,,0,0.0,,58.0,1.0,44,,,,2.0,,,,,,1.0,0,0,,,0,0,,2026-05-07,raw/api_football/fixture_players/2026-04-29/fixture_1208528_players.json
1208528,538,Celta Vigo,1364,Jailson,90.0,16,D,6.3,False,False,,,,,0,0.0,,54.0,,42,1.0,1.0,,6.0,4.0,,,,1.0,,0,0,,,0,0,,2026-05-07,raw/api_football/fixture_players/2026-04-29/fixture_1208528_players.json
1208528,538,Celta Vigo,286559,Carlos Domínguez,45.0,24,D,6.5,False,False,,,,,0,0.0,,34.0,1.0,29,2.0,,1.0,4.0,3.0,,,1.0,,,0,0,,,0,0,,2026-05-07,raw/api_football/fixture_players/2026-04-29/fixture_1208528_players.json
1208528,538,Celta Vigo,162712,Óscar Mingueza,90.0,3,M,7.7,False,False,,1.0,,,0,1.0,,45.0,2.0,36,1.0,2.0,,9.0,4.0,3.0,1.0,1.0,1.0,1.0,0,0,,,0,0,,2026-05-07,raw/api_football/fixture_players/2026-04-29/fixture_1208528_players.json
1208528,538,Celta Vigo,47435,Fran Beltrán,45.0,8,M,6.5,False,False,,,,,0,0.0,,22.0,,21,1.0,,,5.0,2.0,,,1.0,1.0,2.0,0,0,,,0,0,,2026-05-07,raw/api_football/fixture_players/2026-04-29/fixture_1208528_players.json
1208528,538,Celta Vigo,162123,Ilaix Moriba,76.0,6,M,6.3,False,False,,,,,0,0.0,,45.0,,41,1.0,1.0,1.0,14.0,6.0,1.0,1.0,2.0,3.0,,0,0,,,0,0,,2026-05-07,raw/api_football/fixture_players/2026-04-29/fixture_1208528_players.json
1208528,538,Celta Vigo,329720,Hugo Álvarez,90.0,30,M,6.6,False,False,,1.0,1.0,,0,0.0,,44.0,1.0,35,1.0,,1.0,9.0,4.0,3.0,1.0,,2.0,2.0,0,0,,,0,0,,2026-05-07,raw/api_football/fixture_players/2026-04-29/fixture_1208528_players.json
1208528,538,Celta Vigo,47445,Iago Aspas,90.0,10,F,6.9,True,False,,2.0,,,0,0.0,,35.0,,29,1.0,,,7.0,4.0,,,1.0,2.0,1.0,0,0,,,0,0,,2026-05-07,raw/api_football/fixture_players/2026-04-29/fixture_1208528_players.json
1208528,538,Celta Vigo,47348,Borja Iglesias,64.0,7,F,6.9,False,False,2.0,2.0,2.0,1.0,0,0.0,,10.0,,10,,,,8.0,4.0,1.0,1.0,1.0,3.0,,0,0,,,0,0,,2026-05-07,raw/api_football/fixture_players/2026-04-29/fixture_1208528_players.json
1208528,538,Celta Vigo,269163,Williot Swedberg,45.0,19,F,6.7,False,False,,,,,0,0.0,,9.0,,6,,,,4.0,3.0,1.0,,,3.0,,0,0,,,0,0,,2026-05-07,raw/api_football/fixture_players/2026-04-29/fixture_1208528_players.json
1208528,538,Celta Vigo,47988,Carl Starfelt,45.0,2,D,6.9,False,True,,,,,0,0.0,,17.0,,15,1.0,1.0,1.0,2.0,1.0,,,1.0,,,0,0,,,0,0,,2026-05-07,raw/api_football/fixture_players/2026-04-29/fixture_1208528_players.json
1208528,538,Celta Vigo,286796,Damián Rodríguez,45.0,25,M,6.6,False,True,,,,,0,0.0,,29.0,2.0,27,,,,2.0,,,,,,1.0,0,0,,,0,0,,2026-05-07,raw/api_football/fixture_players/2026-04-29/fixture_1208528_players.json
1208528,538,Celta Vigo,119213,Alfon González,41.0,12,F,6.5,False,True,,2.0,1.0,,0,0.0,,12.0,1.0,10,,,,9.0,2.0,3.0,,1.0,2.0,2.0,0,1,,,0,0,,2026-05-07,raw/api_football/fixture_players/2026-04-29/fixture_1208528_players.json
1208528,538,Celta Vigo,26845,Anastasios Douvikas,26.0,9,F,6.5,False,True,1.0,,,,0,0.0,,3.0,,2,,,,5.0,1.0,1.0,,,1.0,,0,0,,,0,0,,2026-05-07,raw/api_football/fixture_players/2026-04-29/fixture_1208528_players.json
1208528,538,Celta Vigo,313651,Hugo Sotelo,14.0,33,M,6.5,False,True,,,,,0,0.0,,15.0,,10,,,,1.0,,,,,,,0,0,,,0,0,,2026-05-07,raw/api_football/fixture_players/2026-04-29/fixture_1208528_players.json
1208528,538,Celta Vigo,286795,César Fernández,,27,G,,False,True,,,,,0,,,,,,,,,,,,,,,,0,0,,,0,0,,2026-05-07,raw/api_football/fixture_players/2026-04-29/fixture_1208528_players.json
1208528,538,Celta Vigo,18835,Vicente Guaita,,13,G,,False,True,,,,,0,,,,,,,,,,,,,,,,0,0,,,0,0,,2026-05-07,raw/api_football/fixture_players/2026-04-29/fixture_1208528_players.json
1208528,538,Celta Vigo,157988,Sergio Carreira,,5,D,,False,True,,,,,0,,,,,,,,,,,,,,,,0,0,,,0,0,,2026-05-07,raw/api_football/fixture_players/2026-04-29/fixture_1208528_players.json
1208528,538,Celta Vigo,18896,Javier Manquillo,,22,D,,False,True,,,,,0,,,,,,,,,,,,,,,,0,0,,,0,0,,2026-05-07,raw/api_football/fixture_players/2026-04-29/fixture_1208528_players.json
1208528,538,Celta Vigo,1926,Joseph Aidoo,,15,D,,False,True,,,,,0,,,,,,,,,,,,,,,,0,0,,,0,0,,2026-05-07,raw/api_football/fixture_players/2026-04-29/fixture_1208528_players.json
1208528,538,Celta Vigo,22235,Jonathan Bamba,,17,F,,False,True,,,,,0,,,,,,,,,,,,,,,,0,0,,,0,0,,2026-05-07,raw/api_football/fixture_players/2026-04-29/fixture_1208528_players.json
1208528,538,Celta Vigo,320517,Pablo Durán,,18,F,,False,True,,,,,0,,,,,,,,,,,,,,,,0,0,,,0,0,,2026-05-07,raw/api_football/fixture_players/2026-04-29/fixture_1208528_players.json
1208529,536,Sevilla,19172,Ørjan Nyland,90.0,13,G,6.3,False,False,,,,,2,0.0,2.0,16.0,,10,,,,,,,,,,,0,0,,,0,0,0.0,2026-05-07,raw/api_football/fixture_players/2026-04-29/fixture_1208529_players.json
1208529,536,Sevilla,195923,José Ángel Carmona,82.0,32,D,6.3,False,False,,,,,0,0.0,,32.0,,27,2.0,,,6.0,3.0,,,,,,0,0,,,0,0,,2026-05-07,raw/api_football/fixture_players/2026-04-29/fixture_1208529_players.json
1208529,536,Sevilla,174918,Loïc Badé,90.0,22,D,6.9,False,False,,1.0,,,0,0.0,,60.0,1.0,51,2.0,,1.0,8.0,5.0,2.0,2.0,1.0,,1.0,1,0,,,0,0,,2026-05-07,raw/api_football/fixture_players/2026-04-29/fixture_1208529_players.json
1208529,536,Sevilla,433,Marcão,90.0,23,D,6.7,True,False,,,,,0,0.0,,68.0,,58,1.0,,1.0,6.0,5.0,,,,4.0,,0,0,,,0,0,,2026-05-07,raw/api_football/fixture_players/2026-04-29/fixture_1208529_players.json
1208529,536,Sevilla,319572,Valentín Barco,90.0,19,D,7,False,False,,2.0,,,0,0.0,,41.0,4.0,34,6.0,,1.0,17.0,10.0,6.0,1.0,2.0,3.0,,0,0,,,0,0,,2026-05-07,raw/api_football/fixture_players/2026-04-29/fixture_1208529_players.json
1208529,536,Sevilla,21004,Lucien Agoumé,82.0,18,M,6.2,False,False,,,,,0,0.0,,47.0,1.0,43,,1.0,,8.0,,1.0,,1.0,,3.0,0,0,,,0,0,,2026-05-07,raw/api_football/fixture_players/2026-04-29/fixture_1208529_players.json
1208529,536,Sevilla,1427,Albert Sambi Lokonga,90.0,12,M,7.2,False,False,,1.0,1.0,,0,0.0,,54.0,,52,2.0,1.0,,6.0,5.0,,,,2.0,,1,0,,,0,0,,2026-05-07,raw/api_football/fixture_players/2026-04-29/fixture_1208529_players.json
1208529,536,Sevilla,25458,Dodi Lukebakio,65.0,11,M,6.6,False,False,,2.0,2.0,,0,0.0,,8.0,,7,,,,7.0,3.0,5.0,3.0,1.0,,,0,0,,,0,0,,2026-05-07,raw/api_football/fixture_players/2026-04-29/fixture_1208529_players.json
1208529,536,Sevilla,182772,Juanlu Sánchez,65.0,26,M,6.3,False,False,,,,,0,0.0,,16.0,1.0,11,1.0,,,4.0,1.0,1.0,,1.0,,,0,0,,,0,0,,2026-05-07,raw/api_football/fixture_players/2026-04-29/fixture_1208529_players.json
1208529,536,Sevilla,39121,Chidera Ejuke,90.0,21,M,7.2,False,False,1.0,1.0,1.0,,0,0.0,,48.0,3.0,39,1.0,,,13.0,7.0,7.0,4.0,2.0,2.0,,0,0,,,0,0,,2026-05-07,raw/api_football/fixture_players/2026-04-29/fixture_1208529_players.json
1208529,536,Sevilla,185398,Isaac Romero,90.0,7,F,6.6,False,False,1.0,4.0,1.0,,0,0.0,,14.0,1.0,10,1.0,,,5.0,2.0,,,,1.0,2.0,1,0,,1.0,0,0,,2026-05-07,raw/api_football/fixture_players/2026-04-29/fixture_1208529_players.json
1208529,536,Sevilla,2054,Jesús Navas,25.0,16,D,6.2,False,True,1.0,,,,0,0.0,,9.0,,7,,,,,,,,,,,0,0,,,0,0,,2026-05-07,raw/api_football/fixture_players/2026-04-29/fixture_1208529_players.json
1208529,536,Sevilla,162126,Peque Fernández,25.0,14,F,6.5,False,True,1.0,,,,0,0.0,,9.0,,8,,,,3.0,,,,2.0,,,0,0,,,0,0,,2026-05-07,raw/api_football/fixture_players/2026-04-29/fixture_1208529_players.json
1208529,536,Sevilla,957,Djibril Sow,8.0,20,M,6.7,False,True,,,,,0,0.0,,7.0,,6,,,,,,,,,,,0,0,,,0,0,,2026-05-07,raw/api_football/fixture_players/2026-04-29/fixture_1208529_players.json
1208529,536,Sevilla,340152,Stanis Idumbo Muzambo,8.0,27,M,6.9,False,True,,,,,0,0.0,,4.0,,3,1.0,,1.0,3.0,2.0,,,,1.0,,0,0,,,0,0,,2026-05-07,raw/api_football/fixture_players/2026-04-29/fixture_1208529_players.json
1208529,536,Sevilla,331330,Matías Árbol,,33,G,,False,True,,,,,0,,,,,,,,,,,,,,,,0,0,,,0,0,,2026-05-07,raw/api_football/fixture_players/2026-04-29/fixture_1208529_players.json
1208529,536,Sevilla,47016,Álvaro Fernández,,1,G,,False,True,,,,,0,,,,,,,,,,,,,,,,0,0,,,0,0,,2026-05-07,raw/api_football/fixture_players/2026-04-29/fixture_1208529_players.json
1208529,536,Sevilla,1489,Nemanja Gudelj,,6,M,,False,True,,,,,0,,,,,,,,,,,,,,,,0,0,,,0,0,,2026-05-07,raw/api_football/fixture_players/2026-04-29/fixture_1208529_players.json
1208529,536,Sevilla,2468,Gonzalo Montiel,,15,D,,False,True,,,,,0,,,,,,,,,,,,,,,,0,0,,,0,0,,2026-05-07,raw/api_football/fixture_players/2026-04-29/fixture_1208529_players.json
1208529,536,Sevilla,133110,Tanguy Nianzou,,24,D,,False,True,,,,,0,,,,,,,,,,,,,,,,0,0,,,0,0,,2026-05-07,raw/api_football/fixture_players/2026-04-29/fixture_1208529_players.json
1208529,536,Sevilla,47329,Adrià Pedrosa,,3,D,,False,True,,,,,0,,,,,,,,,,,,,,,,0,0,,,0,0,,2026-05-07,raw/api_football/fixture_players/2026-04-29/fixture_1208529_players.json
1208529,536,Sevilla,297311,Kike Salas,,4,D,,False,True,,,,,0,,,,,,,,,,,,,,,,0,0,,,0,0,,2026-05-07,raw/api_football/fixture_players/2026-04-29/fixture_1208529_players.json
1208529,536,Sevilla,2778,Kelechi Iheanacho,,9,F,,False,True,,,,,0,,,,,,,,,,,,,,,,0,0,,,0,0,,2026-05-07,raw/api_football/fixture_players/2026-04-29/fixture_1208529_players.json
1208529,547,Girona,158,Paulo Gazzaniga,90.0,13,G,8.2,False,False,,,,,0,0.0,5.0,33.0,,25,,,,,,,,,,,0,0,,,0,0,0.0,2026-05-07,raw/api_football/fixture_players/2026-04-29/fixture_1208529_players.json
1208529,547,Girona,162434,Alejandro Francés,89.0,16,D,7.3,False,False,,,,,0,0.0,,45.0,1.0,38,4.0,1.0,2.0,10.0,4.0,3.0,,2.0,,1.0,1,0,,,0,0,,2026-05-07,raw/api_football/fixture_players/2026-04-29/fixture_1208529_players.json
1208529,547,Girona,47334,David López,90.0,5,D,7.5,False,False,,1.0,,,0,0.0,,66.0,1.0,63,,,1.0,2.0,2.0,1.0,1.0,,,,0,0,,,0,0,,2026-05-07,raw/api_football/fixture_players/2026-04-29/fixture_1208529_players.json
1208529,547,Girona,531,Daley Blind,90.0,17,D,7.3,False,False,,,,,0,0.0,,86.0,1.0,79,,1.0,2.0,1.0,1.0,1.0,1.0,,,,0,0,,,0,0,,2026-05-07,raw/api_football/fixture_players/2026-04-29/fixture_1208529_players.json
1208529,547,Girona,162032,Miguel Gutiérrez,90.0,3,D,8,False,False,,1.0,1.0,,0,1.0,,34.0,1.0,31,4.0,1.0,,8.0,5.0,1.0,1.0,1.0,,1.0,0,0,,,0,0,,2026-05-07,raw/api_football/fixture_players/2026-04-29/fixture_1208529_players.json
1208529,547,Girona,1700,Iván Martín,58.0,23,M,7.5,True,False,,1.0,1.0,1.0,0,0.0,,21.0,1.0,19,1.0,,,4.0,2.0,1.0,1.0,1.0,,,0,0,,,0,0,,2026-05-07,raw/api_football/fixture_players/2026-04-29/fixture_1208529_players.json
1208529,547,Girona,18949,Oriol Romeu,90.0,14,M,7.2,False,False,,,,,0,0.0,,35.0,,31,6.0,1.0,1.0,12.0,7.0,,,1.0,1.0,4.0,0,0,,,0,0,,2026-05-07,raw/api_football/fixture_players/2026-04-29/fixture_1208529_players.json
1208529,547,Girona,2449,Yangel Herrera,45.0,21,M,6.9,False,False,,1.0,,,0,0.0,,17.0,,17,1.0,,1.0,5.0,3.0,1.0,1.0,1.0,1.0,,0,0,,,0,0,,2026-05-07,raw/api_football/fixture_players/2026-04-29/fixture_1208529_players.json
1208529,547,Girona,2182,Viktor Tsygankov,45.0,8,F,6.6,False,False,,,,,0,0.0,,17.0,,14,1.0,,,5.0,2.0,2.0,1.0,,,1.0,0,0,,,0,0,,2026-05-07,raw/api_football/fixture_players/2026-04-29/fixture_1208529_players.json
1208529,547,Girona,155,Abel Ruíz,90.0,9,F,7.5,False,False,,2.0,2.0,1.0,0,0.0,,20.0,,17,,,,10.0,5.0,3.0,1.0,,2.0,1.0,0,0,,,1,0,,2026-05-07,raw/api_football/fixture_players/2026-04-29/fixture_1208529_players.json
1208529,547,Girona,2061,Bryan Gil,89.0,20,F,7.3,False,False,,1.0,,,0,0.0,,21.0,1.0,18,5.0,,,15.0,8.0,6.0,3.0,1.0,,2.0,0,0,,,0,0,,2026-05-07,raw/api_football/fixture_players/2026-04-29/fixture_1208529_players.json
1208529,547,Girona,306727,Jhon Solís,45.0,22,M,6.3,False,True,,,,,0,0.0,,14.0,,11,,,,2.0,1.0,,,1.0,,,0,0,,,0,0,,2026-05-07,raw/api_football/fixture_players/2026-04-29/fixture_1208529_players.json
1208529,547,Girona,83,Arnaut Danjuma,45.0,11,F,6.2,False,True,,1.0,,,0,0.0,,9.0,1.0,7,1.0,,1.0,3.0,1.0,1.0,,1.0,,,0,0,,,0,0,,2026-05-07,raw/api_football/fixture_players/2026-04-29/fixture_1208529_players.json
1208529,547,Girona,281795,Yáser Asprilla,32.0,10,M,6.5,False,True,,1.0,,,0,0.0,,8.0,1.0,7,,,,6.0,,2.0,,1.0,,3.0,1,0,,,0,0,,2026-05-07,raw/api_football/fixture_players/2026-04-29/fixture_1208529_players.json
1208529,547,Girona,283668,Arnau Martínez,9.0,4,D,6.6,False,True,,,,,0,0.0,,4.0,,4,1.0,,,1.0,1.0,,,,,,0,0,,,0,0,,2026-05-07,raw/api_football/fixture_players/2026-04-29/fixture_1208529_players.json
1208529,547,Girona,47520,Portu,9.0,24,F,6.7,False,True,,,,,0,0.0,,3.0,,3,,,,2.0,1.0,,,,1.0,1.0,0,0,,,0,0,,2026-05-07,raw/api_football/fixture_players/2026-04-29/fixture_1208529_players.json
1208529,547,Girona,1557,Pau López,,25,G,,False,True,,,,,0,,,,,,,,,,,,,,,,0,0,,,0,0,,2026-05-07,raw/api_football/fixture_players/2026-04-29/fixture_1208529_players.json
1208529,547,Girona,66407,Ladislav Krejčí,,18,D,,False,True,,,,,0,,,,,,,,,,,,,,,,0,0,,,0,0,,2026-05-07,raw/api_football/fixture_players/2026-04-29/fixture_1208529_players.json
1208529,547,Girona,47511,Juanpe,,15,D,,False,True,,,,,0,,,,,,,,,,,,,,,,0,0,,,0,0,,2026-05-07,raw/api_football/fixture_players/2026-04-29/fixture_1208529_players.json
1208529,547,Girona,336674,Gabriel Misehouy,,27,M,,False,True,,,,,0,,,,,,,,,,,,,,,,0,0,,,0,0,,2026-05-07,raw/api_football/fixture_players/2026-04-29/fixture_1208529_players.json
1208529,547,Girona,547,Donny van de Beek,,6,M,,False,True,,,,,0,,,,,,,,,,,,,,,,0,0,,,0,0,,2026-05-07,raw/api_football/fixture_players/2026-04-29/fixture_1208529_players.json
1208529,547,Girona,109564,Bojan Miovski,,19,F,,False,True,,,,,0,,,,,,,,,,,,,,,,0,0,,,0,0,,2026-05-07,raw/api_football/fixture_players/2026-04-29/fixture_1208529_players.json
1208529,547,Girona,2617,Cristhian Stuani,,7,F,,False,True,,,,,0,,,,,,,,,,,,,,,,0,0,,,0,0,,2026-05-07,raw/api_football/fixture_players/2026-04-29/fixture_1208529_players.json
1208530,530,Atletico Madrid,29,Jan Oblak,90.0,13,G,7.3,False,False,,,,,0,0.0,1.0,20.0,,17,,,,,,,,,,,0,0,,,0,0,0.0,2026-05-07,raw/api_football/fixture_players/2026-04-29/fixture_1208530_players.json
1208530,530,Atletico Madrid,753,Marcos Llorente,90.0,14,D,7.6,False,False,,1.0,,,0,0.0,,57.0,4.0,48,,,,4.0,1.0,,,,1.0,1.0,0,0,,,0,0,,2026-05-07,raw/api_football/fixture_players/2026-04-29/fixture_1208530_players.json
1208530,530,Atletico Madrid,47301,Robin Le Normand,90.0,24,D,7,False,False,,1.0,,,0,0.0,,72.0,,60,,,1.0,9.0,5.0,1.0,1.0,1.0,1.0,3.0,0,0,,,0,0,,2026-05-07,raw/api_football/fixture_players/2026-04-29/fixture_1208530_players.json
1208530,530,Atletico Madrid,31,José María Giménez,90.0,2,D,7.2,False,False,,1.0,,,0,0.0,,70.0,,66,1.0,,1.0,4.0,3.0,,,,1.0,1.0,0,0,,,0,0,,2026-05-07,raw/api_football/fixture_players/2026-04-29/fixture_1208530_players.json
1208530,530,Atletico Madrid,2280,César Azpilicueta,77.0,3,D,7,False,False,,,,,0,0.0,,45.0,,38,3.0,,,6.0,5.0,,,1.0,,,0,0,,,0,0,,2026-05-07,raw/api_football/fixture_players/2026-04-29/fixture_1208530_players.json
1208530,530,Atletico Madrid,126936,Samuel Lino,67.0,12,D,7.5,False,False,,2.0,,,0,1.0,,31.0,2.0,28,3.0,,1.0,8.0,4.0,4.0,1.0,1.0,,,0,0,,,0,0,,2026-05-07,raw/api_football/fixture_players/2026-04-29/fixture_1208530_players.json
1208530,530,Atletico Madrid,2472,Rodrigo de Paul,61.0,5,M,7.5,False,False,,,,,0,1.0,,42.0,2.0,35,,,,5.0,2.0,,,2.0,2.0,,0,0,,,0,0,,2026-05-07,raw/api_football/fixture_players/2026-04-29/fixture_1208530_players.json
1208530,530,Atletico Madrid,50,Koke,90.0,6,M,6.5,True,False,,,,,0,0.0,,65.0,1.0,55,,,,5.0,,,,2.0,,2.0,1,0,,,0,0,,2026-05-07,raw/api_football/fixture_players/2026-04-29/fixture_1208530_players.json
1208530,530,Atletico Madrid,67972,Conor Gallagher,90.0,4,M,7.9,False,False,,1.0,1.0,1.0,0,0.0,,35.0,,29,4.0,,,13.0,8.0,1.0,,,2.0,1.0,0,0,,,0,0,,2026-05-07,raw/api_football/fixture_players/2026-04-29/fixture_1208530_players.json
1208530,530,Atletico Madrid,56,Antoine Griezmann,76.0,7,F,8.2,False,False,1.0,2.0,1.0,1.0,0,0.0,,36.0,1.0,29,1.0,,1.0,2.0,2.0,1.0,1.0,,,,0,0,,,0,0,,2026-05-07,raw/api_football/fixture_players/2026-04-29/fixture_1208530_players.json
1208530,530,Atletico Madrid,8492,Alexander Sørloth,61.0,9,F,6.3,False,False,,4.0,1.0,,0,0.0,,11.0,,9,,,,8.0,4.0,1.0,,,,1.0,0,0,,,0,0,,2026-05-07,raw/api_football/fixture_players/2026-04-29/fixture_1208530_players.json
1208530,530,Atletico Madrid,53,Ángel Correa,29.0,10,F,6.9,False,True,,,,,0,0.0,,7.0,1.0,6,,,,3.0,1.0,1.0,1.0,,,1.0,0,0,,,0,0,,2026-05-07,raw/api_football/fixture_players/2026-04-29/fixture_1208530_players.json
1208530,530,Atletico Madrid,6009,Julián Álvarez,29.0,19,F,7.2,False,True,,1.0,1.0,1.0,0,0.0,,4.0,,3,,,,2.0,,,,,,,0,0,,,0,0,,2026-05-07,raw/api_football/fixture_players/2026-04-29/fixture_1208530_players.json
1208530,530,Atletico Madrid,136117,Rodrigo Riquelme,23.0,17,M,6.3,False,True,,,,,0,0.0,,7.0,,5,,,,1.0,,,,,,,0,0,,,0,0,,2026-05-07,raw/api_football/fixture_players/2026-04-29/fixture_1208530_players.json
1208530,530,Atletico Madrid,323935,Giuliano Simeone,14.0,22,F,6.9,False,True,,,,,0,0.0,,3.0,,2,,1.0,,1.0,1.0,1.0,1.0,,,,0,0,,,0,0,,2026-05-07,raw/api_football/fixture_players/2026-04-29/fixture_1208530_players.json
1208530,530,Atletico Madrid,22225,Reinildo Mandava,13.0,23,D,6.7,False,True,,,,,0,0.0,,10.0,,8,,,1.0,,,,,,,,0,0,,,0,0,,2026-05-07,raw/api_football/fixture_players/2026-04-29/fixture_1208530_players.json
1208530,530,Atletico Madrid,2465,Juan Musso,,1,G,,False,True,,,,,0,,,,,,,,,,,,,,,,0,0,,,0,0,,2026-05-07,raw/api_football/fixture_players/2026-04-29/fixture_1208530_players.json
1208530,530,Atletico Madrid,333379,Antonio Gomis,,31,G,,False,True,,,,,0,,,,,,,,,,,,,,,,0,0,,,0,0,,2026-05-07,raw/api_football/fixture_players/2026-04-29/fixture_1208530_players.json
1208530,530,Atletico Madrid,133,Clément Lenglet,,15,D,,False,True,,,,,0,,,,,,,,,,,,,,,,0,0,,,0,0,,2026-05-07,raw/api_football/fixture_players/2026-04-29/fixture_1208530_players.json
1208530,530,Atletico Madrid,47566,Javi Galán,,21,D,,False,True,,,,,0,,,,,,,,,,,,,,,,0,0,,,0,0,,2026-05-07,raw/api_football/fixture_players/2026-04-29/fixture_1208530_players.json
1208530,530,Atletico Madrid,6503,Nahuel Molina,,16,D,,False,True,,,,,0,,,,,,,,,,,,,,,,0,0,,,0,0,,2026-05-07,raw/api_football/fixture_players/2026-04-29/fixture_1208530_players.json
1208530,530,Atletico Madrid,20,Axel Witsel,,20,D,,False,True,,,,,0,,,,,,,,,,,,,,,,0,0,,,0,0,,2026-05-07,raw/api_football/fixture_players/2026-04-29/fixture_1208530_players.json
1208530,530,Atletico Madrid,303378,Javier Serrano,,29,M,,False,True,,,,,0,,,,,,,,,,,,,,,,0,0,,,0,0,,2026-05-07,raw/api_football/fixture_players/2026-04-29/fixture_1208530_players.json
1208530,532,Valencia,24760,Giorgi Mamardashvili,90.0,25,G,6.2,False,False,,,,,3,0.0,1.0,25.0,,16,,,,,,,,,,,0,0,,,0,0,0.0,2026-05-07,raw/api_football/fixture_players/2026-04-29/fixture_1208530_players.json
1208530,532,Valencia,47251,Dimitri Foulquier,71.0,20,D,6.7,False,False,,,,,0,0.0,,30.0,,25,3.0,,,9.0,6.0,,,2.0,2.0,1.0,0,0,,,0,0,,2026-05-07,raw/api_football/fixture_players/2026-04-29/fixture_1208530_players.json
1208530,532,Valencia,333672,César Tárrega,90.0,15,D,6.3,False,False,,,,,0,0.0,,57.0,,46,3.0,1.0,,7.0,6.0,,,,,1.0,1,0,,,0,0,,2026-05-07,raw/api_football/fixture_players/2026-04-29/fixture_1208530_players.json
1208530,532,Valencia,333682,Cristhian Mosquera,90.0,3,D,6.5,False,False,,,,,0,0.0,,55.0,,48,2.0,,1.0,5.0,3.0,,,,,,0,0,,,0,0,,2026-05-07,raw/api_football/fixture_players/2026-04-29/fixture_1208530_players.json
1208530,532,Valencia,1482,Thierry Correia,90.0,12,D,6.3,False,False,,1.0,1.0,,0,0.0,,50.0,,43,1.0,,,6.0,3.0,2.0,1.0,1.0,1.0,1.0,0,0,,,0,0,,2026-05-07,raw/api_football/fixture_players/2026-04-29/fixture_1208530_players.json
1208530,532,Valencia,162127,Diego López,90.0,16,M,6,False,False,,,,,0,0.0,,28.0,1.0,23,,,1.0,8.0,1.0,6.0,,,1.0,,0,0,,,0,0,,2026-05-07,raw/api_football/fixture_players/2026-04-29/fixture_1208530_players.json
1208530,532,Valencia,919,Hugo Guillamón,45.0,6,M,6.5,False,False,,,,,0,0.0,,20.0,,17,,,1.0,1.0,,,,,,1.0,1,0,,,0,0,,2026-05-07,raw/api_football/fixture_players/2026-04-29/fixture_1208530_players.json
1208530,532,Valencia,47463,Pepelu,90.0,18,M,6.9,True,False,,,,,0,0.0,,59.0,1.0,51,,,,3.0,,,,,,,0,0,,,0,0,,2026-05-07,raw/api_football/fixture_players/2026-04-29/fixture_1208530_players.json
1208530,532,Valencia,46933,Luis Rioja,70.0,22,M,6.9,False,False,,,,,0,0.0,,24.0,,16,,,1.0,4.0,3.0,2.0,1.0,,2.0,,0,0,,,0,0,,2026-05-07,raw/api_football/fixture_players/2026-04-29/fixture_1208530_players.json
1208530,532,Valencia,315699,Javier Guerra,79.0,8,F,6.7,False,False,,2.0,,,0,0.0,,32.0,,25,1.0,,,9.0,4.0,4.0,3.0,,,2.0,0,0,,,0,0,,2026-05-07,raw/api_football/fixture_players/2026-04-29/fixture_1208530_players.json
1208530,532,Valencia,119232,Dani Gómez,79.0,17,F,6.3,False,False,2.0,,,,0,0.0,,11.0,,9,1.0,,,7.0,3.0,1.0,,,1.0,1.0,0,0,,,0,0,,2026-05-07,raw/api_football/fixture_players/2026-04-29/fixture_1208530_players.json
1208530,532,Valencia,158378,Enzo Barrenechea,45.0,5,M,6.6,False,True,,,,,0,0.0,,40.0,,39,,,,3.0,2.0,,,1.0,1.0,,0,0,,,0,0,,2026-05-07,raw/api_football/fixture_players/2026-04-29/fixture_1208530_players.json
1208530,532,Valencia,19352,Sergi Canós,20.0,7,M,6.6,False,True,,1.0,,,0,0.0,,15.0,,11,,,,3.0,2.0,,,1.0,1.0,,0,0,,,0,0,,2026-05-07,raw/api_football/fixture_players/2026-04-29/fixture_1208530_players.json
1208530,532,Valencia,162175,Jesús Vázquez,19.0,21,D,6.2,False,True,,,,,0,0.0,,9.0,,7,,,,1.0,,,,,,,0,0,,,0,0,,2026-05-07,raw/api_football/fixture_players/2026-04-29/fixture_1208530_players.json
1208530,532,Valencia,161963,Germán Valera,11.0,30,F,6.9,False,True,,,,,0,0.0,,6.0,1.0,6,,,,1.0,1.0,1.0,1.0,,,,0,0,,,0,0,,2026-05-07,raw/api_football/fixture_players/2026-04-29/fixture_1208530_players.json
1208530,532,Valencia,348326,Martín Tejón,11.0,32,M,6.3,False,True,,,,,0,0.0,,4.0,1.0,3,,,,4.0,1.0,1.0,1.0,,,1.0,0,0,,,0,0,,2026-05-07,raw/api_football/fixture_players/2026-04-29/fixture_1208530_players.json
1208530,532,Valencia,47527,Stole Dimitrievski,,13,G,,False,True,,,,,0,,,,,,,,,,,,,,,,0,0,,,0,0,,2026-05-07,raw/api_football/fixture_players/2026-04-29/fixture_1208530_players.json
1208530,532,Valencia,361385,Yarek Gasiorowski,,24,D,,False,True,,,,,0,,,,,,,,,,,,,,,,0,0,,,0,0,,2026-05-07,raw/api_football/fixture_players/2026-04-29/fixture_1208530_players.json
1208530,532,Valencia,8718,Maximiliano Caufriez,,2,D,,False,True,,,,,0,,,,,,,,,,,,,,,,0,0,,,0,0,,2026-05-07,raw/api_football/fixture_players/2026-04-29/fixture_1208530_players.json
1208530,532,Valencia,270498,Warren Madrigal,,42,F,,False,True,,,,,0,,,,,,,,,,,,,,,,0,0,,,0,0,,2026-05-07,raw/api_football/fixture_players/2026-04-29/fixture_1208530_players.json
1208531,543,Real Betis,46672,Rui Silva,90.0,1,G,6.9,False,False,,,,,0,0.0,,24.0,,18,,,,,,,,,,,0,0,,,0,0,0.0,2026-05-07,raw/api_football/fixture_players/2026-04-29/fixture_1208531_players.json
1208531,543,Real Betis,1264,Youssouf Sabaly,62.0,23,D,6.9,False,False,1.0,1.0,,,0,0.0,,32.0,,30,,,,5.0,2.0,2.0,1.0,,1.0,,0,0,,,0,0,,2026-05-07,raw/api_football/fixture_players/2026-04-29/fixture_1208531_players.json
1208531,543,Real Betis,47302,Diego Llorente,90.0,3,D,7,False,False,,,,,0,0.0,,80.0,,71,1.0,,1.0,8.0,6.0,,,,2.0,1.0,0,0,,,0,0,,2026-05-07,raw/api_football/fixture_players/2026-04-29/fixture_1208531_players.json
1208531,543,Real Betis,195100,Natan,90.0,6,D,7.3,False,False,,,,,0,0.0,,74.0,,73,,1.0,2.0,9.0,5.0,,,,,,0,0,,,0,0,,2026-05-07,raw/api_football/fixture_players/2026-04-29/fixture_1208531_players.json
1208531,543,Real Betis,20600,Romain Perraud,90.0,15,D,7.7,False,False,,1.0,,,0,0.0,,74.0,1.0,67,1.0,,,7.0,4.0,2.0,1.0,,2.0,1.0,0,0,,,0,0,,2026-05-07,raw/api_football/fixture_players/2026-04-29/fixture_1208531_players.json
1208531,543,Real Betis,47341,Marc Roca,90.0,21,M,7.3,False,False,,1.0,,,0,0.0,,75.0,1.0,70,,,1.0,4.0,,,,1.0,,1.0,0,0,,,0,0,,2026-05-07,raw/api_football/fixture_players/2026-04-29/fixture_1208531_players.json
1208531,543,Real Betis,1580,William Carvalho,26.0,14,M,6.3,False,False,,,,,0,0.0,,15.0,,11,,,,1.0,,,,1.0,,,0,0,,,0,0,,2026-05-07,raw/api_football/fixture_players/2026-04-29/fixture_1208531_players.json
1208531,543,Real Betis,47579,Chimy Ávila,61.0,9,M,7,False,False,1.0,,,,0,0.0,,20.0,2.0,14,1.0,,1.0,11.0,7.0,1.0,,1.0,4.0,1.0,0,0,,,0,0,,2026-05-07,raw/api_football/fixture_players/2026-04-29/fixture_1208531_players.json
1208531,543,Real Betis,1697,Pablo Fornals,87.0,18,M,7.5,True,False,,,,,0,0.0,,53.0,2.0,45,4.0,,1.0,13.0,8.0,2.0,1.0,2.0,2.0,1.0,0,0,,,0,0,,2026-05-07,raw/api_football/fixture_players/2026-04-29/fixture_1208531_players.json
1208531,543,Real Betis,181421,Abdessamad Ezzalzouli,90.0,10,M,7.6,False,False,,4.0,4.0,1.0,0,0.0,,53.0,,38,,,,13.0,6.0,3.0,1.0,,3.0,,0,0,,,0,0,,2026-05-07,raw/api_football/fixture_players/2026-04-29/fixture_1208531_players.json
1208531,543,Real Betis,400948,Assane Diao,62.0,38,F,6.6,False,False,,2.0,,,0,0.0,,10.0,1.0,9,1.0,,,6.0,2.0,2.0,,1.0,,1.0,0,0,,,0,0,,2026-05-07,raw/api_football/fixture_players/2026-04-29/fixture_1208531_players.json
1208531,543,Real Betis,286084,Sergi Altimira,64.0,16,M,7.2,False,True,,1.0,,,0,0.0,,53.0,,48,1.0,,,10.0,4.0,2.0,2.0,1.0,1.0,3.0,0,0,,,0,0,,2026-05-07,raw/api_football/fixture_players/2026-04-29/fixture_1208531_players.json
1208531,543,Real Betis,1578,Giovani Lo Celso,29.0,20,M,7.2,False,True,,,,,0,0.0,,26.0,1.0,22,2.0,,,5.0,5.0,,,,3.0,,0,0,,,0,0,,2026-05-07,raw/api_football/fixture_players/2026-04-29/fixture_1208531_players.json
1208531,543,Real Betis,1439,Héctor Bellerín,28.0,2,D,7.2,False,True,,,,,0,1.0,,14.0,2.0,9,,,,1.0,,,,,,,0,0,,,0,0,,2026-05-07,raw/api_football/fixture_players/2026-04-29/fixture_1208531_players.json
1208531,543,Real Betis,340279,Vitor Roque,28.0,8,F,6.9,False,True,,1.0,1.0,1.0,0,0.0,,3.0,,3,,,,6.0,,1.0,,,,2.0,0,0,,,0,0,,2026-05-07,raw/api_football/fixture_players/2026-04-29/fixture_1208531_players.json
1208531,543,Real Betis,47119,Aitor Ruibal,11.0,24,D,6.7,False,True,,,,,0,0.0,,5.0,,5,,,,2.0,1.0,1.0,1.0,1.0,,,0,0,,,0,0,,2026-05-07,raw/api_football/fixture_players/2026-04-29/fixture_1208531_players.json
1208531,543,Real Betis,179996,Francisco Vieites,,25,G,,False,True,,,,,0,,,,,,,,,,,,,,,,0,0,,,0,0,,2026-05-07,raw/api_football/fixture_players/2026-04-29/fixture_1208531_players.json
1208531,543,Real Betis,18812,Adrián,,13,G,,False,True,,,,,0,,,,,,,,,,,,,,,,1,0,,,0,0,,2026-05-07,raw/api_football/fixture_players/2026-04-29/fixture_1208531_players.json
1208531,543,Real Betis,1631,Ricardo Rodríguez,,12,D,,False,True,,,,,0,,,,,,,,,,,,,,,,0,0,,,0,0,,2026-05-07,raw/api_football/fixture_players/2026-04-29/fixture_1208531_players.json
1208531,543,Real Betis,270973,Lucas Alcazar,,43,D,,False,True,,,,,0,,,,,,,,,,,,,,,,0,0,,,0,0,,2026-05-07,raw/api_football/fixture_players/2026-04-29/fixture_1208531_players.json
1208531,543,Real Betis,133185,Johnny,,4,M,,False,True,,,,,0,,,,,,,,,,,,,,,,0,0,,,0,0,,2026-05-07,raw/api_football/fixture_players/2026-04-29/fixture_1208531_players.json
1208531,543,Real Betis,128985,Iker Losada,,19,M,,False,True,,,,,0,,,,,,,,,,,,,,,,0,0,,,0,0,,2026-05-07,raw/api_football/fixture_players/2026-04-29/fixture_1208531_players.json
1208531,543,Real Betis,443162,Jesus Rodriguez,,36,F,,False,True,,,,,0,,,,,,,,,,,,,,,,0,0,,,0,0,,2026-05-07,raw/api_football/fixture_players/2026-04-29/fixture_1208531_players.json
1208531,537,Leganes,2036,Juan Soriano,90.0,1,G,6.9,False,False,,,,,2,0.0,3.0,32.0,,12,,,,1.0,1.0,,,,1.0,,0,0,,,0,0,0.0,2026-05-07,raw/api_football/fixture_players/2026-04-29/fixture_1208531_players.json
1208531,537,Leganes,21701,Valentin Rosier,90.0,12,D,6.9,False,False,,,,,0,0.0,,31.0,,23,5.0,,2.0,12.0,9.0,2.0,1.0,1.0,1.0,1.0,1,0,,,0,0,,2026-05-07,raw/api_football/fixture_players/2026-04-29/fixture_1208531_players.json
1208531,537,Leganes,47080,Jorge Sáenz,45.0,3,D,6.7,False,False,,,,,0,0.0,,19.0,,17,,,1.0,3.0,,,,1.0,,1.0,0,0,,,0,0,,2026-05-07,raw/api_football/fixture_players/2026-04-29/fixture_1208531_players.json
1208531,537,Leganes,123047,Sergio González,90.0,6,D,6.9,True,False,,,,,0,0.0,,35.0,,32,4.0,,1.0,8.0,6.0,,,,2.0,1.0,0,0,,,0,0,,2026-05-07,raw/api_football/fixture_players/2026-04-29/fixture_1208531_players.json
1208531,537,Leganes,46849,Javier Hernández,90.0,20,D,6.2,False,False,,,,,0,0.0,,31.0,1.0,22,1.0,,,11.0,3.0,1.0,1.0,1.0,1.0,3.0,0,0,,,0,0,,2026-05-07,raw/api_football/fixture_players/2026-04-29/fixture_1208531_players.json
1208531,537,Leganes,47361,Darko Brašanac,90.0,14,M,6.5,False,False,,,,,0,0.0,,27.0,,21,,1.0,,8.0,1.0,,,,,5.0,0,0,,,0,0,,2026-05-07,raw/api_football/fixture_players/2026-04-29/fixture_1208531_players.json
1208531,537,Leganes,41976,Yvan Neyou,66.0,17,M,7.2,False,False,,1.0,,,0,0.0,,31.0,,28,1.0,,2.0,9.0,7.0,4.0,3.0,,2.0,,0,0,,,0,0,,2026-05-07,raw/api_football/fixture_players/2026-04-29/fixture_1208531_players.json
1208531,537,Leganes,185202,Juan Cruz,45.0,11,M,6.7,False,False,,,,,0,0.0,,9.0,,7,1.0,,1.0,4.0,2.0,,,,1.0,1.0,1,0,,,0,0,,2026-05-07,raw/api_football/fixture_players/2026-04-29/fixture_1208531_players.json
1208531,537,Leganes,47416,Óscar Rodríguez,61.0,7,M,6.3,False,False,,,,,0,0.0,,27.0,,19,1.0,,1.0,3.0,1.0,1.0,,,,,0,0,,,0,0,,2026-05-07,raw/api_football/fixture_players/2026-04-29/fixture_1208531_players.json
1208531,537,Leganes,129657,Enric Franquesa,61.0,15,M,6.3,False,False,,,,,0,0.0,,17.0,,12,1.0,,,4.0,2.0,1.0,,,,1.0,0,0,,,0,0,,2026-05-07,raw/api_football/fixture_players/2026-04-29/fixture_1208531_players.json
1208531,537,Leganes,1826,Sébastien Haller,90.0,18,F,6.6,False,False,1.0,,,,0,0.0,,24.0,,14,,,,16.0,8.0,,,,1.0,2.0,0,0,,,0,0,,2026-05-07,raw/api_football/fixture_players/2026-04-29/fixture_1208531_players.json
1208531,537,Leganes,403,Matija Nastasić,45.0,22,D,6.7,False,True,,,,,0,0.0,,13.0,,10,,1.0,1.0,4.0,2.0,1.0,1.0,1.0,,,0,0,,,0,0,,2026-05-07,raw/api_football/fixture_players/2026-04-29/fixture_1208531_players.json
1208531,537,Leganes,162122,Adrià Altimira,45.0,2,D,6.3,False,True,,,,,0,0.0,,13.0,,10,1.0,,2.0,7.0,2.0,,,2.0,,2.0,0,0,,,0,0,,2026-05-07,raw/api_football/fixture_players/2026-04-29/fixture_1208531_players.json
1208531,537,Leganes,2433,Renato Tapia,29.0,5,M,6.5,False,True,,1.0,,,0,0.0,,12.0,,11,2.0,,,6.0,3.0,2.0,,1.0,1.0,,0,0,,,0,0,,2026-05-07,raw/api_football/fixture_players/2026-04-29/fixture_1208531_players.json
1208531,537,Leganes,302051,Seydouba Cisse,29.0,8,M,6.7,False,True,,,,,0,0.0,,15.0,,12,,,,3.0,3.0,2.0,2.0,,,,0,0,,,0,0,,2026-05-07,raw/api_football/fixture_players/2026-04-29/fixture_1208531_players.json
1208531,537,Leganes,5974,Julián Chicco,24.0,24,M,6.5,False,True,,,,,0,0.0,,16.0,,13,,,1.0,2.0,1.0,,,,1.0,1.0,0,0,,,0,0,,2026-05-07,raw/api_football/fixture_players/2026-04-29/fixture_1208531_players.json
1208531,537,Leganes,2813,Marko Dmitrović,,13,G,,False,True,,,,,0,,,,,,,,,,,,,,,,0,0,,,0,0,,2026-05-07,raw/api_football/fixture_players/2026-04-29/fixture_1208531_players.json
1208531,537,Leganes,2575,Jackson Porozo,,4,D,,False,True,,,,,0,,,,,,,,,,,,,,,,0,0,,,0,0,,2026-05-07,raw/api_football/fixture_players/2026-04-29/fixture_1208531_players.json
1208531,537,Leganes,1708,Dani Raba,,10,F,,False,True,,,,,0,,,,,,,,,,,,,,,,0,0,,,0,0,,2026-05-07,raw/api_football/fixture_players/2026-04-29/fixture_1208531_players.json
1208531,537,Leganes,2060,Munir El Haddadi,,23,F,,False,True,,,,,0,,,,,,,,,,,,,,,,0,0,,,0,0,,2026-05-07,raw/api_football/fixture_players/2026-04-29/fixture_1208531_players.json
1208531,537,Leganes,47321,Roberto López,,21,M,,False,True,,,,,0,,,,,,,,,,,,,,,,0,0,,,0,0,,2026-05-07,raw/api_football/fixture_players/2026-04-29/fixture_1208531_players.json
1208531,537,Leganes,47494,Miguel de la Fuente,,9,F,,False,True,,,,,0,,,,,,,,,,,,,,,,0,0,,,0,0,,2026-05-07,raw/api_football/fixture_players/2026-04-29/fixture_1208531_players.json
1208531,537,Leganes,184481,Diego Garcia,,19,F,,False,True,,,,,0,,,,,,,,,,,,,,,,0,0,,,0,0,,2026-05-07,raw/api_football/fixture_players/2026-04-29/fixture_1208531_players.json
1208532,538,Celta Vigo,18835,Vicente Guaita,90.0,13,G,6.6,False,False,,,,,1,0.0,1.0,16.0,,12,,,,3.0,3.0,,,,2.0,,0,0,,,0,0,0.0,2026-05-07,raw/api_football/fixture_players/2026-04-29/fixture_1208532_players.json
1208532,538,Celta Vigo,384135,Javi Rodríguez,89.0,32,D,6.7,False,False,,,,,0,0.0,,61.0,,50,2.0,,1.0,9.0,4.0,1.0,1.0,2.0,,2.0,1,0,,,0,0,,2026-05-07,raw/api_football/fixture_players/2026-04-29/fixture_1208532_players.json
1208532,538,Celta Vigo,47988,Carl Starfelt,90.0,2,D,7.2,False,False,,,,,0,0.0,,62.0,,59,1.0,2.0,,7.0,5.0,,,,2.0,,0,0,,,0,0,,2026-05-07,raw/api_football/fixture_players/2026-04-29/fixture_1208532_players.json
1208532,538,Celta Vigo,1364,Jailson,75.0,16,D,6.9,False,False,,1.0,1.0,,0,0.0,,52.0,,51,1.0,,3.0,7.0,4.0,1.0,,,1.0,,0,0,,,0,0,,2026-05-07,raw/api_football/fixture_players/2026-04-29/fixture_1208532_players.json
1208532,538,Celta Vigo,162712,Óscar Mingueza,90.0,3,M,6.6,False,False,,,,,0,0.0,,43.0,,34,2.0,,,8.0,4.0,1.0,,2.0,1.0,,0,0,,,0,0,,2026-05-07,raw/api_football/fixture_players/2026-04-29/fixture_1208532_players.json
1208532,538,Celta Vigo,313651,Hugo Sotelo,69.0,33,M,6.6,False,False,1.0,,,,0,0.0,,50.0,2.0,42,2.0,,,6.0,2.0,,,1.0,,2.0,1,0,,,0,0,,2026-05-07,raw/api_football/fixture_players/2026-04-29/fixture_1208532_players.json
1208532,538,Celta Vigo,47435,Fran Beltrán,90.0,8,M,6.5,False,False,,,,,0,0.0,,44.0,,39,2.0,,1.0,9.0,3.0,1.0,,,,1.0,0,0,,,0,0,,2026-05-07,raw/api_football/fixture_players/2026-04-29/fixture_1208532_players.json
1208532,538,Celta Vigo,329720,Hugo Álvarez,90.0,30,M,7.9,False,False,,2.0,2.0,1.0,0,0.0,,45.0,3.0,43,,,1.0,13.0,5.0,8.0,4.0,1.0,1.0,2.0,1,0,,,0,0,,2026-05-07,raw/api_football/fixture_players/2026-04-29/fixture_1208532_players.json
1208532,538,Celta Vigo,47445,Iago Aspas,90.0,10,F,8.2,True,False,,2.0,1.0,,0,1.0,,41.0,3.0,28,1.0,,,7.0,5.0,1.0,1.0,,3.0,1.0,0,0,,,0,0,,2026-05-07,raw/api_football/fixture_players/2026-04-29/fixture_1208532_players.json
1208532,538,Celta Vigo,47348,Borja Iglesias,69.0,7,F,7.2,False,False,,1.0,1.0,1.0,0,0.0,,13.0,,10,,,,5.0,1.0,1.0,,,1.0,3.0,0,0,,,0,0,,2026-05-07,raw/api_football/fixture_players/2026-04-29/fixture_1208532_players.json
1208532,538,Celta Vigo,320517,Pablo Durán,76.0,18,F,6.9,False,False,1.0,,,,0,1.0,,16.0,2.0,13,,,,3.0,1.0,,,1.0,,1.0,0,0,,,0,0,,2026-05-07,raw/api_football/fixture_players/2026-04-29/fixture_1208532_players.json
1208532,538,Celta Vigo,286796,Damián Rodríguez,21.0,25,M,6.9,False,True,,,,,0,0.0,,19.0,1.0,18,,,,,,,,,,,0,0,,,0,0,,2026-05-07,raw/api_football/fixture_players/2026-04-29/fixture_1208532_players.json
1208532,538,Celta Vigo,26845,Anastasios Douvikas,21.0,9,F,7.5,False,True,,4.0,4.0,1.0,0,0.0,,4.0,,4,,,,6.0,3.0,2.0,1.0,,1.0,1.0,0,0,,,0,0,,2026-05-07,raw/api_football/fixture_players/2026-04-29/fixture_1208532_players.json
1208532,538,Celta Vigo,2278,Marcos Alonso,15.0,20,D,6.5,False,True,1.0,,,,0,0.0,,7.0,,7,,,,2.0,,,,1.0,,1.0,0,0,,,0,0,,2026-05-07,raw/api_football/fixture_players/2026-04-29/fixture_1208532_players.json
1208532,538,Celta Vigo,269163,Williot Swedberg,14.0,19,M,6.9,False,True,,,,,0,0.0,,4.0,,3,,,,5.0,5.0,1.0,1.0,,2.0,,0,0,,,0,0,,2026-05-07,raw/api_football/fixture_players/2026-04-29/fixture_1208532_players.json
1208532,538,Celta Vigo,1926,Joseph Aidoo,8.0,15,D,6.5,False,True,,,,,0,0.0,,7.0,,6,1.0,,,2.0,1.0,,,,,,0,0,,,0,0,,2026-05-07,raw/api_football/fixture_players/2026-04-29/fixture_1208532_players.json
1208532,538,Celta Vigo,47427,Iván Villar,,1,G,,False,True,,,,,0,,,,,,,,,,,,,,,,0,0,,,0,0,,2026-05-07,raw/api_football/fixture_players/2026-04-29/fixture_1208532_players.json
1208532,538,Celta Vigo,286795,César Fernández,,27,G,,False,True,,,,,0,,,,,,,,,,,,,,,,0,0,,,0,0,,2026-05-07,raw/api_football/fixture_players/2026-04-29/fixture_1208532_players.json
1208532,538,Celta Vigo,157988,Sergio Carreira,,5,D,,False,True,,,,,0,,,,,,,,,,,,,,,,0,0,,,0,0,,2026-05-07,raw/api_football/fixture_players/2026-04-29/fixture_1208532_players.json
1208532,538,Celta Vigo,22235,Jonathan Bamba,,17,F,,False,True,,,,,0,,,,,,,,,,,,,,,,0,0,,,0,0,,2026-05-07,raw/api_football/fixture_players/2026-04-29/fixture_1208532_players.json
1208532,538,Celta Vigo,304383,Tadeo Allende,,23,F,,False,True,,,,,0,,,,,,,,,,,,,,,,0,0,,,0,0,,2026-05-07,raw/api_football/fixture_players/2026-04-29/fixture_1208532_players.json
1208532,538,Celta Vigo,162123,Ilaix Moriba,,6,M,,False,True,,,,,0,,,,,,,,,,,,,,,,0,0,,,0,0,,2026-05-07,raw/api_football/fixture_players/2026-04-29/fixture_1208532_players.json
1208532,538,Celta Vigo,570,Franco Cervi,,11,M,,False,True,,,,,0,,,,,,,,,,,,,,,,0,0,,,0,0,,2026-05-07,raw/api_football/fixture_players/2026-04-29/fixture_1208532_players.json
1208532,720,Valladolid,169295,Karl Hein,90.0,13,G,7.3,False,False,,,,,3,0.0,6.0,50.0,,37,,,,,,,,,,,0,0,,,0,0,0.0,2026-05-07,raw/api_football/fixture_players/2026-04-29/fixture_1208532_players.json
1208532,720,Valladolid,47078,Luis Pérez,90.0,2,D,6.6,True,False,,,,,0,0.0,,38.0,,33,4.0,,1.0,8.0,5.0,,,1.0,,,0,0,,,0,0,,2026-05-07,raw/api_football/fixture_players/2026-04-29/fixture_1208532_players.json
1208532,720,Valladolid,48372,Eray Cömert,64.0,15,D,6.2,False,False,,,,,0,0.0,,59.0,,55,,,1.0,1.0,1.0,1.0,1.0,,,,0,0,,,0,0,,2026-05-07,raw/api_football/fixture_players/2026-04-29/fixture_1208532_players.json
1208532,720,Valladolid,72048,Cenk Özkaçar,90.0,6,D,6.9,False,False,,,,,0,0.0,,57.0,,56,2.0,1.0,3.0,5.0,2.0,,,3.0,,,0,0,,,0,0,,2026-05-07,raw/api_football/fixture_players/2026-04-29/fixture_1208532_players.json
1208532,720,Valladolid,56283,Lucas Rosa,90.0,22,D,6.6,False,False,,1.0,,,0,0.0,,37.0,1.0,33,,1.0,2.0,9.0,5.0,2.0,2.0,,3.0,4.0,1,0,,,0,0,,2026-05-07,raw/api_football/fixture_players/2026-04-29/fixture_1208532_players.json
1208532,720,Valladolid,104793,Amath Ndiaye,45.0,19,D,5.9,False,False,1.0,,,,0,0.0,,8.0,,5,,,1.0,9.0,2.0,2.0,,1.0,2.0,1.0,0,0,,,0,0,,2026-05-07,raw/api_football/fixture_players/2026-04-29/fixture_1208532_players.json
1208532,720,Valladolid,107153,Kike Pérez,45.0,8,M,7,False,False,,,,,0,0.0,,24.0,,19,4.0,1.0,1.0,8.0,5.0,1.0,1.0,1.0,,,0,0,,,0,0,,2026-05-07,raw/api_football/fixture_players/2026-04-29/fixture_1208532_players.json
1208532,720,Valladolid,343205,Mario Martin,81.0,12,M,6.7,False,False,,1.0,1.0,,0,0.0,,38.0,,32,3.0,1.0,,11.0,7.0,,,,3.0,2.0,0,1,,,0,0,,2026-05-07,raw/api_football/fixture_players/2026-04-29/fixture_1208532_players.json
1208532,720,Valladolid,8587,Selim Amallah,85.0,21,M,7.2,False,False,,,,,0,1.0,,22.0,2.0,18,1.0,,3.0,5.0,3.0,2.0,1.0,,1.0,1.0,1,0,,,0,0,,2026-05-07,raw/api_football/fixture_players/2026-04-29/fixture_1208532_players.json
1208532,720,Valladolid,331004,Ivan Cantalejo,45.0,28,F,6.3,False,False,,,,,0,0.0,,4.0,,2,,,,4.0,2.0,,,,2.0,,1,0,,,0,0,,2026-05-07,raw/api_football/fixture_players/2026-04-29/fixture_1208532_players.json
1208532,720,Valladolid,162028,Juanmi Latasa,90.0,14,F,6.2,False,False,,,,,0,0.0,,8.0,,5,,,,12.0,3.0,,,,1.0,5.0,1,0,,,0,0,,2026-05-07,raw/api_football/fixture_players/2026-04-29/fixture_1208532_players.json
1208532,720,Valladolid,181463,Víctor Meseguer,45.0,4,M,6.9,False,True,,1.0,,,0,0.0,,15.0,,12,2.0,,,5.0,4.0,1.0,,,1.0,,0,0,,,0,0,,2026-05-07,raw/api_football/fixture_players/2026-04-29/fixture_1208532_players.json
1208532,720,Valladolid,46979,Iván Sánchez,45.0,10,M,6.9,False,True,,,,,0,0.0,,18.0,,15,2.0,,1.0,6.0,4.0,1.0,1.0,1.0,1.0,1.0,0,0,,,0,0,,2026-05-07,raw/api_football/fixture_players/2026-04-29/fixture_1208532_players.json
1208532,720,Valladolid,264470,Raúl Moro,45.0,11,F,7.3,False,True,,1.0,1.0,1.0,0,0.0,,14.0,1.0,9,1.0,,1.0,4.0,3.0,3.0,2.0,,,,0,0,,,0,0,,2026-05-07,raw/api_football/fixture_players/2026-04-29/fixture_1208532_players.json
1208532,720,Valladolid,14341,Stanko Jurić,26.0,20,M,6.2,False,True,,,,,0,0.0,,12.0,,12,,,,3.0,,,,1.0,,1.0,1,0,,,0,0,,2026-05-07,raw/api_football/fixture_players/2026-04-29/fixture_1208532_players.json
1208532,720,Valladolid,18902,Kenedy,12.0,24,M,6.3,False,True,,,,,0,0.0,,2.0,,1,,,,2.0,,1.0,,,,,0,0,,,0,0,,2026-05-07,raw/api_football/fixture_players/2026-04-29/fixture_1208532_players.json
1208532,720,Valladolid,41320,André Ferreira,,1,G,,False,True,,,,,0,,,,,,,,,,,,,,,,0,0,,,0,0,,2026-05-07,raw/api_football/fixture_players/2026-04-29/fixture_1208532_players.json
1208532,720,Valladolid,298064,David Torres,,3,D,,False,True,,,,,0,,,,,,,,,,,,,,,,0,0,,,0,0,,2026-05-07,raw/api_football/fixture_players/2026-04-29/fixture_1208532_players.json
1208532,720,Valladolid,46919,César de la Hoz,,16,M,,False,True,,,,,0,,,,,,,,,,,,,,,,0,0,,,0,0,,2026-05-07,raw/api_football/fixture_players/2026-04-29/fixture_1208532_players.json
1208532,720,Valladolid,2459,Darwin Machís,,18,F,,False,True,,,,,0,,,,,,,,,,,,,,,,0,0,,,0,0,,2026-05-07,raw/api_football/fixture_players/2026-04-29/fixture_1208532_players.json
1208532,720,Valladolid,122233,Marcos André,,9,F,,False,True,,,,,0,,,,,,,,,,,,,,,,0,0,,,0,0,,2026-05-07,raw/api_football/fixture_players/2026-04-29/fixture_1208532_players.json
1208532,720,Valladolid,8518,Mamadou Sylla,,7,F,,False,True,,,,,0,,,,,,,,,,,,,,,,0,0,,,0,0,,2026-05-07,raw/api_football/fixture_players/2026-04-29/fixture_1208532_players.json
1208533,798,Mallorca,61142,Dominik Greif,90.0,1,G,6.6,False,False,,,,,2,0.0,2.0,36.0,,25,,,,,,,,,,,0,0,,,0,0,0.0,2026-05-07,raw/api_football/fixture_players/2026-04-29/fixture_1208533_players.json
1208533,798,Mallorca,107194,Antonio Sánchez,81.0,18,D,6.9,False,False,,,,,0,0.0,,37.0,,23,2.0,,1.0,6.0,5.0,1.0,1.0,,1.0,,0,0,,,0,0,,2026-05-07,raw/api_football/fixture_players/2026-04-29/fixture_1208533_players.json
1208533,798,Mallorca,46738,Martin Valjent,90.0,24,D,6.9,False,False,,1.0,,,0,0.0,,40.0,,36,3.0,1.0,1.0,6.0,4.0,,,,,1.0,1,0,,,0,0,,2026-05-07,raw/api_football/fixture_players/2026-04-29/fixture_1208533_players.json
1208533,798,Mallorca,46733,Antonio Raíllo,90.0,21,D,7.3,True,False,,,,,0,0.0,,57.0,,49,2.0,4.0,1.0,12.0,6.0,,,1.0,,3.0,0,0,,,0,0,,2026-05-07,raw/api_football/fixture_players/2026-04-29/fixture_1208533_players.json
1208533,798,Mallorca,920,Toni Lato,69.0,3,D,6.3,False,False,,,,,0,0.0,,33.0,1.0,24,2.0,,1.0,7.0,3.0,1.0,,1.0,,2.0,0,1,,,0,0,,2026-05-07,raw/api_football/fixture_players/2026-04-29/fixture_1208533_players.json
1208533,798,Mallorca,1701,Manu Morlanes,72.0,8,M,6.6,False,False,,,,,0,0.0,,35.0,1.0,30,,,,8.0,4.0,,,,3.0,1.0,0,0,,,0,0,,2026-05-07,raw/api_football/fixture_players/2026-04-29/fixture_1208533_players.json
1208533,798,Mallorca,190485,Samuel Costa,90.0,12,M,7.3,False,False,,3.0,2.0,,0,0.0,,63.0,,56,3.0,,,13.0,7.0,1.0,1.0,,1.0,2.0,1,0,,,0,0,,2026-05-07,raw/api_football/fixture_players/2026-04-29/fixture_1208533_players.json
1208533,798,Mallorca,25375,Takuma Asano,63.0,11,M,7,False,False,,1.0,1.0,,0,0.0,,16.0,,10,1.0,,,5.0,2.0,1.0,,,1.0,,0,0,,,0,0,,2026-05-07,raw/api_football/fixture_players/2026-04-29/fixture_1208533_players.json
1208533,798,Mallorca,46742,Dani Rodríguez,62.0,14,M,6.9,False,False,,,,,0,0.0,,26.0,2.0,22,,,,2.0,1.0,1.0,1.0,,,,0,0,,,0,0,,2026-05-07,raw/api_football/fixture_players/2026-04-29/fixture_1208533_players.json
1208533,798,Mallorca,482473,Marc Domenech,45.0,30,M,6.7,False,False,,1.0,1.0,,0,0.0,,4.0,,3,,,,1.0,,,,,,,0,0,,,0,0,,2026-05-07,raw/api_football/fixture_players/2026-04-29/fixture_1208533_players.json
1208533,798,Mallorca,50048,Vedat Muriqi,90.0,7,F,6.9,False,False,2.0,1.0,,,0,0.0,,22.0,1.0,16,,,,9.0,2.0,,,,,1.0,0,0,,,0,0,,2026-05-07,raw/api_football/fixture_players/2026-04-29/fixture_1208533_players.json
1208533,798,Mallorca,47514,Valery Fernández,45.0,16,D,6.2,False,True,,,,,0,0.0,,10.0,,9,1.0,1.0,,6.0,1.0,3.0,,,,1.0,1,0,,,0,0,,2026-05-07,raw/api_football/fixture_players/2026-04-29/fixture_1208533_players.json
1208533,798,Mallorca,84086,Robert Navarro,28.0,27,M,6.9,False,True,,,,,0,0.0,,15.0,1.0,15,,,,1.0,1.0,,,,1.0,,0,0,,,0,0,,2026-05-07,raw/api_football/fixture_players/2026-04-29/fixture_1208533_players.json
1208533,798,Mallorca,47336,Sergi Darder,27.0,10,M,6.7,False,True,,,,,0,0.0,,23.0,,21,,,,2.0,1.0,2.0,1.0,,,,0,0,,,0,0,,2026-05-07,raw/api_football/fixture_players/2026-04-29/fixture_1208533_players.json
1208533,798,Mallorca,64268,Johan Mojica,18.0,22,D,6.3,False,True,,,,,0,0.0,,15.0,1.0,12,,,,2.0,1.0,,,,1.0,,0,0,,,0,0,,2026-05-07,raw/api_football/fixture_players/2026-04-29/fixture_1208533_players.json
1208533,798,Mallorca,181582,José Copete,9.0,6,D,6.6,False,True,,,,,0,0.0,,7.0,,5,1.0,1.0,,2.0,2.0,,,,1.0,,0,0,,,0,0,,2026-05-07,raw/api_football/fixture_players/2026-04-29/fixture_1208533_players.json
1208533,798,Mallorca,179139,Leo Román,,13,G,,False,True,,,,,0,,,,,,,,,,,,,,,,0,0,,,0,0,,2026-05-07,raw/api_football/fixture_players/2026-04-29/fixture_1208533_players.json
1208533,798,Mallorca,47399,Iván Cuéllar,,25,G,,False,True,,,,,0,,,,,,,,,,,,,,,,0,0,,,0,0,,2026-05-07,raw/api_football/fixture_players/2026-04-29/fixture_1208533_players.json
1208533,798,Mallorca,195962,Chiquinho,,20,F,,False,True,,,,,0,,,,,,,,,,,,,,,,0,0,,,0,0,,2026-05-07,raw/api_football/fixture_players/2026-04-29/fixture_1208533_players.json
1208533,798,Mallorca,414,Omar Mascarell,,5,M,,False,True,,,,,0,,,,,,,,,,,,,,,,0,0,,,0,0,,2026-05-07,raw/api_football/fixture_players/2026-04-29/fixture_1208533_players.json
1208533,798,Mallorca,297646,Daniel Luna,,33,M,,False,True,,,,,0,,,,,,,,,,,,,,,,0,0,,,0,0,,2026-05-07,raw/api_football/fixture_players/2026-04-29/fixture_1208533_players.json
1208533,798,Mallorca,46751,Abdón Prats,,9,F,,False,True,,,,,0,,,,,,,,,,,,,,,,0,0,,,0,0,,2026-05-07,raw/api_football/fixture_players/2026-04-29/fixture_1208533_players.json
1208533,798,Mallorca,2001,Cyle Larin,,17,F,,False,True,,,,,0,,,,,,,,,,,,,,,,0,0,,,0,0,,2026-05-07,raw/api_football/fixture_players/2026-04-29/fixture_1208533_players.json
1208533,533,Villarreal,122956,Diego Conde,90.0,13,G,7.5,False,False,,,,,1,0.0,4.0,17.0,,12,,,,,,,,,,,0,0,,,0,0,0.0,2026-05-07,raw/api_football/fixture_players/2026-04-29/fixture_1208533_players.json
1208533,533,Villarreal,18794,Kiko Femenía,90.0,17,D,6.9,False,False,,,,,0,0.0,,37.0,,32,1.0,,1.0,1.0,1.0,,,,,,0,0,,,0,0,,2026-05-07,raw/api_football/fixture_players/2026-04-29/fixture_1208533_players.json
1208533,533,Villarreal,314,Raúl Albiol,90.0,3,D,7.2,True,False,,,,,0,0.0,,44.0,,35,,2.0,,5.0,4.0,,,,,,0,0,,,0,0,,2026-05-07,raw/api_football/fixture_players/2026-04-29/fixture_1208533_players.json
1208533,533,Villarreal,21997,Logan Costa,90.0,2,D,7.6,False,False,,1.0,1.0,1.0,0,0.0,,44.0,,40,1.0,,1.0,4.0,3.0,,,,,,0,0,,,0,0,,2026-05-07,raw/api_football/fixture_players/2026-04-29/fixture_1208533_players.json
1208533,533,Villarreal,70500,Sergi Cardona,86.0,23,D,6.7,False,False,,,,,0,0.0,,37.0,1.0,29,2.0,,1.0,7.0,3.0,2.0,,,,1.0,1,0,,,0,0,,2026-05-07,raw/api_football/fixture_players/2026-04-29/fixture_1208533_players.json
1208533,533,Villarreal,290740,Ilias Akhomach,63.0,11,M,6.5,False,False,,2.0,,,0,0.0,,6.0,,5,,,,6.0,1.0,,,1.0,1.0,1.0,0,0,,,0,0,,2026-05-07,raw/api_football/fixture_players/2026-04-29/fixture_1208533_players.json
1208533,533,Villarreal,47541,Santi Comesaña,85.0,14,M,7.5,False,False,,1.0,,,0,0.0,,40.0,5.0,32,3.0,,1.0,13.0,6.0,,,2.0,2.0,1.0,1,0,,,0,0,,2026-05-07,raw/api_football/fixture_players/2026-04-29/fixture_1208533_players.json
1208533,533,Villarreal,928,Dani Parejo,74.0,10,M,6.9,False,False,,,,,0,0.0,,43.0,2.0,34,,,,4.0,4.0,,,,,,0,0,,,0,0,,2026-05-07,raw/api_football/fixture_players/2026-04-29/fixture_1208533_players.json
1208533,533,Villarreal,182219,Alejandro Baena,90.0,16,M,8.2,False,False,,2.0,1.0,,0,1.0,,48.0,6.0,41,1.0,,1.0,12.0,4.0,1.0,,1.0,1.0,3.0,0,0,,,0,0,,2026-05-07,raw/api_football/fixture_players/2026-04-29/fixture_1208533_players.json
1208533,533,Villarreal,18906,Ayoze Pérez,90.0,22,F,8,False,False,,3.0,1.0,1.0,0,0.0,,19.0,3.0,17,,,,6.0,4.0,3.0,2.0,,2.0,1.0,0,0,,,0,0,,2026-05-07,raw/api_football/fixture_players/2026-04-29/fixture_1208533_players.json
1208533,533,Villarreal,343684,Thierno Barry,90.0,15,F,6.9,False,False,1.0,4.0,1.0,,0,0.0,,17.0,,10,,,,14.0,6.0,,,,2.0,2.0,1,0,,,0,0,,2026-05-07,raw/api_football/fixture_players/2026-04-29/fixture_1208533_players.json
1208533,533,Villarreal,184226,Yéremy Pino,27.0,21,M,7.5,False,True,,,,,0,1.0,,8.0,1.0,6,1.0,,,4.0,3.0,1.0,,,2.0,,0,0,,,0,0,,2026-05-07,raw/api_football/fixture_players/2026-04-29/fixture_1208533_players.json
1208533,533,Villarreal,3246,Nicolas Pépé,16.0,19,F,6.6,False,True,,,,,0,0.0,,13.0,,11,1.0,,1.0,6.0,3.0,1.0,,,,1.0,0,0,,,0,0,,2026-05-07,raw/api_football/fixture_players/2026-04-29/fixture_1208533_players.json
1208533,533,Villarreal,187987,Ramón Terrats,13.0,20,M,6.3,False,True,,,,,0,0.0,,6.0,,4,,,,,,,,,,,0,0,,,0,0,,2026-05-07,raw/api_football/fixture_players/2026-04-29/fixture_1208533_players.json
1208533,533,Villarreal,258,Juan Bernat,12.0,12,D,6.6,False,True,,,,,0,0.0,,6.0,1.0,5,,,,,,,,,,,0,0,,,0,0,,2026-05-07,raw/api_football/fixture_players/2026-04-29/fixture_1208533_players.json
1208533,533,Villarreal,278619,Luiz Júnior,,1,G,,False,True,,,,,0,,,,,,,,,,,,,,,,0,0,,,0,0,,2026-05-07,raw/api_football/fixture_players/2026-04-29/fixture_1208533_players.json
1208533,533,Villarreal,435552,Pau Navarro,,26,D,,False,True,,,,,0,,,,,,,,,,,,,,,,0,0,,,0,0,,2026-05-07,raw/api_football/fixture_players/2026-04-29/fixture_1208533_players.json
1208533,533,Villarreal,885,Eric Bailly,,4,D,,False,True,,,,,0,,,,,,,,,,,,,,,,0,0,,,0,0,,2026-05-07,raw/api_football/fixture_players/2026-04-29/fixture_1208533_players.json
1208533,533,Villarreal,1461,Denis Suárez,,6,M,,False,True,,,,,0,,,,,,,,,,,,,,,,0,0,,,0,0,,2026-05-07,raw/api_football/fixture_players/2026-04-29/fixture_1208533_players.json
1208534,534,Las Palmas,124,Jasper Cillessen,90.0,1,G,6.3,False,False,,,,,3,0.0,1.0,32.0,,23,,,,,,,,,,,0,0,,,0,0,0.0,2026-05-07,raw/api_football/fixture_players/2026-04-29/fixture_1208534_players.json
1208534,534,Las Palmas,162026,Marvin Park,90.0,2,D,6.2,False,False,,,,,0,0.0,,37.0,,32,1.0,,1.0,12.0,4.0,2.0,,2.0,2.0,1.0,0,0,,,0,0,,2026-05-07,raw/api_football/fixture_players/2026-04-29/fixture_1208534_players.json
1208534,534,Las Palmas,131535,Alex Suárez,45.0,4,D,6.2,False,False,,,,,0,0.0,,39.0,,32,3.0,,,5.0,4.0,,,,,1.0,1,0,,,0,0,,2026-05-07,raw/api_football/fixture_players/2026-04-29/fixture_1208534_players.json
1208534,534,Las Palmas,44811,Scott McKenna,77.0,15,D,6.3,False,False,,,,,0,0.0,,60.0,,53,2.0,,,5.0,5.0,,,,,,0,0,,,0,0,,2026-05-07,raw/api_football/fixture_players/2026-04-29/fixture_1208534_players.json
1208534,534,Las Palmas,162475,Mika Mármol,90.0,3,D,6.9,False,False,,,,,0,0.0,,84.0,,70,5.0,,2.0,6.0,5.0,,,,,,0,0,,,0,0,,2026-05-07,raw/api_football/fixture_players/2026-04-29/fixture_1208534_players.json
1208534,534,Las Palmas,47324,Sandro Ramírez,90.0,19,M,7.2,False,False,,1.0,1.0,1.0,0,0.0,,19.0,2.0,15,1.0,,1.0,8.0,3.0,1.0,,1.0,2.0,2.0,0,0,,,0,0,,2026-05-07,raw/api_football/fixture_players/2026-04-29/fixture_1208534_players.json
1208534,534,Las Palmas,46860,Javier Muñoz,63.0,5,M,6.3,False,False,,,,,0,0.0,,17.0,,10,,,1.0,6.0,1.0,2.0,,,1.0,,0,0,,,0,0,,2026-05-07,raw/api_football/fixture_players/2026-04-29/fixture_1208534_players.json
1208534,534,Las Palmas,47464,José Campaña,45.0,8,M,6.9,False,False,,,,,0,0.0,,41.0,,39,1.0,,3.0,3.0,2.0,,,1.0,1.0,,0,0,,,0,0,,2026-05-07,raw/api_football/fixture_players/2026-04-29/fixture_1208534_players.json
1208534,534,Las Palmas,70315,Kirian Rodríguez,90.0,20,M,6.9,True,False,,3.0,2.0,,0,1.0,,107.0,1.0,89,2.0,,,11.0,3.0,1.0,1.0,5.0,,,0,0,,,0,0,,2026-05-07,raw/api_football/fixture_players/2026-04-29/fixture_1208534_players.json
1208534,534,Las Palmas,182519,Alberto Moleiro,90.0,10,M,7.2,False,False,,2.0,1.0,,0,0.0,,39.0,2.0,30,1.0,,2.0,10.0,6.0,4.0,2.0,1.0,3.0,,0,0,,,0,0,,2026-05-07,raw/api_football/fixture_players/2026-04-29/fixture_1208534_players.json
1208534,534,Las Palmas,19337,Oliver McBurnie,77.0,16,F,6.7,False,False,,,,,0,0.0,,17.0,1.0,13,,,1.0,8.0,3.0,1.0,,,1.0,1.0,0,0,,,0,0,,2026-05-07,raw/api_football/fixture_players/2026-04-29/fixture_1208534_players.json
1208534,534,Las Palmas,47052,Álex Muñoz,45.0,23,D,7.2,False,True,,1.0,1.0,1.0,0,0.0,,39.0,1.0,34,3.0,,,11.0,5.0,1.0,,2.0,1.0,1.0,0,0,,,0,0,,2026-05-07,raw/api_football/fixture_players/2026-04-29/fixture_1208534_players.json
1208534,534,Las Palmas,47004,Fabio González,45.0,6,M,6.6,False,True,,2.0,,,0,0.0,,50.0,,42,,,,3.0,1.0,,,1.0,,1.0,0,0,,,0,0,,2026-05-07,raw/api_football/fixture_players/2026-04-29/fixture_1208534_players.json
1208534,534,Las Palmas,129791,Fábio Silva,27.0,37,F,6.9,False,True,,1.0,1.0,,0,0.0,,6.0,1.0,4,,,,5.0,2.0,2.0,1.0,,,1.0,0,0,,,0,0,,2026-05-07,raw/api_football/fixture_players/2026-04-29/fixture_1208534_players.json
1208534,534,Las Palmas,47111,Benito Ramírez,13.0,11,M,6.7,False,True,,,,,0,0.0,,10.0,,10,,,,2.0,,,,,,,0,0,,,0,0,,2026-05-07,raw/api_football/fixture_players/2026-04-29/fixture_1208534_players.json
1208534,534,Las Palmas,2671,Jaime Mata,13.0,17,F,6.7,False,True,,,,,0,0.0,,2.0,1.0,2,,,,3.0,1.0,,,,,,0,0,,,0,0,,2026-05-07,raw/api_football/fixture_players/2026-04-29/fixture_1208534_players.json
1208534,534,Las Palmas,1304,Dinko Horkaš,,13,G,,False,True,,,,,0,,,,,,,,,,,,,,,,0,0,,,0,0,,2026-05-07,raw/api_football/fixture_players/2026-04-29/fixture_1208534_players.json
1208534,534,Las Palmas,46854,Viti Rozada,,18,M,,False,True,,,,,0,,,,,,,,,,,,,,,,0,0,,,0,0,,2026-05-07,raw/api_football/fixture_players/2026-04-29/fixture_1208534_players.json
1208534,534,Las Palmas,431890,Juanma Herzog,,28,D,,False,True,,,,,0,,,,,,,,,,,,,,,,0,0,,,0,0,,2026-05-07,raw/api_football/fixture_players/2026-04-29/fixture_1208534_players.json
1208534,534,Las Palmas,122230,Manuel Fuster,,14,M,,False,True,,,,,0,,,,,,,,,,,,,,,,0,0,,,0,0,,2026-05-07,raw/api_football/fixture_players/2026-04-29/fixture_1208534_players.json
1208534,534,Las Palmas,21709,Enzo Loiodice,,12,M,,False,True,,,,,0,,,,,,,,,,,,,,,,0,0,,,0,0,,2026-05-07,raw/api_football/fixture_players/2026-04-29/fixture_1208534_players.json
1208534,534,Las Palmas,308678,Dário Essugo,,29,M,,False,True,,,,,0,,,,,,,,,,,,,,,,0,0,,,0,0,,2026-05-07,raw/api_football/fixture_players/2026-04-29/fixture_1208534_players.json
1208534,534,Las Palmas,47393,Marc Cardona,,9,F,,False,True,,,,,0,,,,,,,,,,,,,,,,0,0,,,0,0,,2026-05-07,raw/api_football/fixture_players/2026-04-29/fixture_1208534_players.json
1208534,531,Athletic Club,183848,Julen Agirrezabala,90.0,13,G,7.2,False,False,,,,,2,0.0,3.0,24.0,,15,,,,2.0,2.0,,,,,,0,0,,,0,0,0.0,2026-05-07,raw/api_football/fixture_players/2026-04-29/fixture_1208534_players.json
1208534,531,Athletic Club,47275,Óscar de Marcos,77.0,18,D,6.6,True,False,,,,,0,0.0,,31.0,,21,3.0,,2.0,5.0,4.0,1.0,1.0,,,1.0,0,0,,,0,0,,2026-05-07,raw/api_football/fixture_players/2026-04-29/fixture_1208534_players.json
1208534,531,Athletic Club,47278,Daniel Vivian,90.0,3,D,7.2,False,False,,,,,0,0.0,,33.0,,24,3.0,3.0,2.0,11.0,7.0,,,,2.0,1.0,0,0,,,0,0,,2026-05-07,raw/api_football/fixture_players/2026-04-29/fixture_1208534_players.json
1208534,531,Athletic Club,183849,Aitor Paredes,90.0,4,D,7.6,False,False,,1.0,1.0,1.0,0,0.0,,34.0,,23,,2.0,1.0,2.0,1.0,,,,,1.0,0,0,,,0,0,,2026-05-07,raw/api_football/fixture_players/2026-04-29/fixture_1208534_players.json
1208534,531,Athletic Club,47273,Yuri Berchiche,90.0,17,D,7.2,False,False,,1.0,,,0,0.0,,43.0,1.0,33,1.0,,1.0,6.0,6.0,2.0,2.0,,1.0,,0,0,,,0,0,,2026-05-07,raw/api_football/fixture_players/2026-04-29/fixture_1208534_players.json
1208534,531,Athletic Club,383780,Mikel Jauregizar,56.0,23,M,6,False,False,,,,,0,0.0,,20.0,,16,2.0,,2.0,11.0,6.0,2.0,1.0,,1.0,3.0,1,1,,,0,0,,2026-05-07,raw/api_football/fixture_players/2026-04-29/fixture_1208534_players.json
1208534,531,Athletic Club,47007,Iñigo Ruiz de Galarreta,59.0,16,M,6.7,False,False,,,,,0,0.0,,26.0,,20,1.0,,,5.0,2.0,1.0,1.0,1.0,,2.0,1,0,,,0,0,,2026-05-07,raw/api_football/fixture_players/2026-04-29/fixture_1208534_players.json
1208534,531,Athletic Club,47294,Iñaki Williams,90.0,9,M,7.6,False,False,,2.0,,,0,3.0,,27.0,3.0,16,,,1.0,12.0,4.0,3.0,1.0,1.0,,1.0,0,0,,,0,0,,2026-05-07,raw/api_football/fixture_players/2026-04-29/fixture_1208534_players.json
1208534,531,Athletic Club,128398,Oihan Sancet,71.0,8,M,7,False,False,1.0,2.0,1.0,1.0,0,0.0,,26.0,,21,,,,5.0,1.0,2.0,,,1.0,,0,0,,,0,0,,2026-05-07,raw/api_football/fixture_players/2026-04-29/fixture_1208534_players.json
1208534,531,Athletic Club,183799,Nico Williams,71.0,10,M,7.7,False,False,,2.0,1.0,1.0,0,0.0,,25.0,3.0,16,3.0,,,15.0,9.0,7.0,3.0,,2.0,1.0,0,0,,,0,0,,2026-05-07,raw/api_football/fixture_players/2026-04-29/fixture_1208534_players.json
1208534,531,Athletic Club,47291,Gorka Guruzeta,59.0,12,F,7,False,False,,1.0,1.0,,0,0.0,,18.0,,13,,,,7.0,4.0,3.0,2.0,,1.0,1.0,0,0,,,0,0,,2026-05-07,raw/api_football/fixture_players/2026-04-29/fixture_1208534_players.json
1208534,531,Athletic Club,182617,Beñat Prados,31.0,24,D,6.2,False,True,,,,,0,0.0,,9.0,,2,,1.0,,2.0,,1.0,,,,,0,0,,,0,0,,2026-05-07,raw/api_football/fixture_players/2026-04-29/fixture_1208534_players.json
1208534,531,Athletic Club,47418,Mikel Vesga,31.0,6,M,6.3,False,True,,,,,0,0.0,,7.0,,6,,,1.0,4.0,1.0,1.0,1.0,1.0,,,0,0,,,0,0,,2026-05-07,raw/api_football/fixture_players/2026-04-29/fixture_1208534_players.json
1208534,531,Athletic Club,30510,Álex Berenguer,19.0,7,F,7,False,True,,,,,0,0.0,,4.0,2.0,1,1.0,,,3.0,2.0,,,,,1.0,0,0,,,0,0,,2026-05-07,raw/api_football/fixture_players/2026-04-29/fixture_1208534_players.json
1208534,531,Athletic Club,332308,Unai Gómez,19.0,20,M,6.7,False,True,,,,,0,0.0,,6.0,,3,,,,4.0,3.0,1.0,1.0,,,,0,0,,,0,0,,2026-05-07,raw/api_football/fixture_players/2026-04-29/fixture_1208534_players.json
1208534,531,Athletic Club,47299,Andoni Gorosabel,13.0,2,D,6.5,False,True,,,,,0,0.0,,1.0,,1,,,,4.0,1.0,,,1.0,,,0,0,,,0,0,,2026-05-07,raw/api_football/fixture_players/2026-04-29/fixture_1208534_players.json
1208534,531,Athletic Club,312468,Alex Padilla,,26,G,,False,True,,,,,0,,,,,,,,,,,,,,,,0,0,,,0,0,,2026-05-07,raw/api_football/fixture_players/2026-04-29/fixture_1208534_players.json
1208534,531,Athletic Club,47276,Íñigo Lekue,,15,D,,False,True,,,,,0,,,,,,,,,,,,,,,,0,0,,,0,0,,2026-05-07,raw/api_football/fixture_players/2026-04-29/fixture_1208534_players.json
1208534,531,Athletic Club,336998,Adama Boiro,,32,D,,False,True,,,,,0,,,,,,,,,,,,,,,,0,0,,,0,0,,2026-05-07,raw/api_football/fixture_players/2026-04-29/fixture_1208534_players.json
1208534,531,Athletic Club,47277,Unai Núñez,,14,D,,False,True,,,,,0,,,,,,,,,,,,,,,,0,0,,,0,0,,2026-05-07,raw/api_football/fixture_players/2026-04-29/fixture_1208534_players.json
1208534,531,Athletic Club,286593,Nico Serrano,,22,F,,False,True,,,,,0,,,,,,,,,,,,,,,,0,0,,,0,0,,2026-05-07,raw/api_football/fixture_players/2026-04-29/fixture_1208534_players.json
1208534,531,Athletic Club,898,Ander Herrera,,21,M,,False,True,,,,,0,,,,,,,,,,,,,,,,0,0,,,0,0,,2026-05-07,raw/api_football/fixture_players/2026-04-29/fixture_1208534_players.json
1208534,531,Athletic Club,190489,Álvaro Djaló,,11,F,,False,True,,,,,0,,,,,,,,,,,,,,,,0,0,,,0,0,,2026-05-07,raw/api_football/fixture_players/2026-04-29/fixture_1208534_players.json
1208535,547,Girona,158,Paulo Gazzaniga,90.0,13,G,7.3,False,False,,,,,4,0.0,5.0,37.0,,36,,,,1.0,1.0,1.0,1.0,,,,0,0,,,0,0,0.0,2026-05-07,raw/api_football/fixture_players/2026-04-29/fixture_1208535_players.json
1208535,547,Girona,162434,Alejandro Francés,85.0,16,D,6,False,False,,,,,0,0.0,,32.0,,28,1.0,1.0,,8.0,2.0,,,1.0,1.0,3.0,0,0,,,0,0,,2026-05-07,raw/api_football/fixture_players/2026-04-29/fixture_1208535_players.json
1208535,547,Girona,47334,David López,90.0,5,D,5.7,False,False,,,,,0,0.0,,54.0,,49,,,3.0,4.0,,,,1.0,,1.0,0,0,,,0,0,,2026-05-07,raw/api_football/fixture_players/2026-04-29/fixture_1208535_players.json
1208535,547,Girona,531,Daley Blind,90.0,17,D,6.3,False,False,,,,,0,0.0,,49.0,,41,4.0,,1.0,7.0,5.0,1.0,1.0,,,1.0,0,0,,,0,0,,2026-05-07,raw/api_football/fixture_players/2026-04-29/fixture_1208535_players.json
1208535,547,Girona,162032,Miguel Gutiérrez,90.0,3,D,6.9,False,False,,1.0,1.0,,0,0.0,,39.0,2.0,31,2.0,,2.0,3.0,2.0,,,,,1.0,0,0,,,0,0,,2026-05-07,raw/api_football/fixture_players/2026-04-29/fixture_1208535_players.json
1208535,547,Girona,1700,Iván Martín,90.0,23,M,6.2,True,False,,,,,0,0.0,,48.0,1.0,43,,,1.0,4.0,1.0,2.0,1.0,,,1.0,0,0,,,0,0,,2026-05-07,raw/api_football/fixture_players/2026-04-29/fixture_1208535_players.json
1208535,547,Girona,306727,Jhon Solís,90.0,22,M,6.2,False,False,,,,,0,0.0,,40.0,1.0,36,3.0,1.0,1.0,16.0,5.0,1.0,1.0,4.0,1.0,2.0,0,0,,,0,0,,2026-05-07,raw/api_football/fixture_players/2026-04-29/fixture_1208535_players.json
1208535,547,Girona,2061,Bryan Gil,54.0,20,M,6.2,False,False,1.0,2.0,2.0,,0,0.0,,18.0,1.0,16,1.0,,2.0,8.0,3.0,3.0,2.0,,,2.0,1,0,,,0,0,,2026-05-07,raw/api_football/fixture_players/2026-04-29/fixture_1208535_players.json
1208535,547,Girona,2182,Viktor Tsygankov,69.0,8,M,6.3,False,False,,1.0,,,0,0.0,,16.0,,13,,,,5.0,1.0,1.0,1.0,2.0,,,0,0,,,0,0,,2026-05-07,raw/api_football/fixture_players/2026-04-29/fixture_1208535_players.json
1208535,547,Girona,83,Arnaut Danjuma,55.0,11,M,6.3,False,False,2.0,,,,0,0.0,,9.0,1.0,8,1.0,,,5.0,1.0,2.0,,1.0,,,0,0,,,0,0,,2026-05-07,raw/api_football/fixture_players/2026-04-29/fixture_1208535_players.json
1208535,547,Girona,155,Abel Ruíz,69.0,9,F,6.7,False,False,1.0,1.0,,,0,0.0,,15.0,1.0,14,,,,3.0,1.0,2.0,1.0,1.0,,,0,0,,,0,0,,2026-05-07,raw/api_football/fixture_players/2026-04-29/fixture_1208535_players.json
1208535,547,Girona,281795,Yáser Asprilla,36.0,10,M,6.7,False,True,,,,,0,0.0,,21.0,1.0,16,2.0,,,9.0,4.0,3.0,1.0,1.0,1.0,1.0,0,0,,,0,0,,2026-05-07,raw/api_football/fixture_players/2026-04-29/fixture_1208535_players.json
1208535,547,Girona,47520,Portu,35.0,24,F,7.2,False,True,1.0,,,,0,1.0,,4.0,1.0,3,1.0,,,4.0,2.0,2.0,1.0,,,1.0,1,0,,,0,0,,2026-05-07,raw/api_football/fixture_players/2026-04-29/fixture_1208535_players.json
1208535,547,Girona,547,Donny van de Beek,21.0,6,M,6.6,False,True,1.0,,,,0,0.0,,4.0,,4,1.0,,,1.0,1.0,,,,,,0,0,,,0,0,,2026-05-07,raw/api_football/fixture_players/2026-04-29/fixture_1208535_players.json
1208535,547,Girona,2617,Cristhian Stuani,21.0,7,F,7.5,False,True,1.0,2.0,1.0,1.0,0,0.0,,2.0,,1,,,,1.0,1.0,,,,,,1,0,,,0,0,,2026-05-07,raw/api_football/fixture_players/2026-04-29/fixture_1208535_players.json
1208535,547,Girona,283668,Arnau Martínez,12.0,4,D,6.6,False,True,,,,,0,0.0,,4.0,1.0,4,,,,,,,,,,,0,0,,,0,0,,2026-05-07,raw/api_football/fixture_players/2026-04-29/fixture_1208535_players.json
1208535,547,Girona,47153,Juan Carlos,,1,G,,False,True,,,,,0,,,,,,,,,,,,,,,,0,0,,,0,0,,2026-05-07,raw/api_football/fixture_players/2026-04-29/fixture_1208535_players.json
1208535,547,Girona,1557,Pau López,,25,G,,False,True,,,,,0,,,,,,,,,,,,,,,,0,0,,,0,0,,2026-05-07,raw/api_football/fixture_players/2026-04-29/fixture_1208535_players.json
1208535,547,Girona,47511,Juanpe,,15,D,,False,True,,,,,0,,,,,,,,,,,,,,,,0,0,,,0,0,,2026-05-07,raw/api_football/fixture_players/2026-04-29/fixture_1208535_players.json
1208535,547,Girona,66407,Ladislav Krejčí,,18,D,,False,True,,,,,0,,,,,,,,,,,,,,,,0,0,,,0,0,,2026-05-07,raw/api_football/fixture_players/2026-04-29/fixture_1208535_players.json
1208535,547,Girona,336674,Gabriel Misehouy,,27,M,,False,True,,,,,0,,,,,,,,,,,,,,,,0,0,,,0,0,,2026-05-07,raw/api_football/fixture_players/2026-04-29/fixture_1208535_players.json
1208535,547,Girona,333447,Raúl Martínez,,37,M,,False,True,,,,,0,,,,,,,,,,,,,,,,0,0,,,0,0,,2026-05-07,raw/api_football/fixture_players/2026-04-29/fixture_1208535_players.json
1208535,547,Girona,109564,Bojan Miovski,,19,F,,False,True,,,,,0,,,,,,,,,,,,,,,,0,0,,,0,0,,2026-05-07,raw/api_football/fixture_players/2026-04-29/fixture_1208535_players.json
1208535,529,Barcelona,127,Marc-André ter Stegen,90.0,1,G,7,True,False,,,,,1,0.0,3.0,41.0,,38,,,,1.0,,,,1.0,,,0,0,,,0,0,0.0,2026-05-07,raw/api_football/fixture_players/2026-04-29/fixture_1208535_players.json
1208535,529,Barcelona,1257,Jules Koundé,90.0,23,D,7.7,False,False,,1.0,,,0,1.0,,50.0,2.0,45,1.0,,,4.0,3.0,2.0,2.0,1.0,,,0,0,,,0,0,,2026-05-07,raw/api_football/fixture_players/2026-04-29/fixture_1208535_players.json
1208535,529,Barcelona,396623,Pau Cubarsí,61.0,2,D,6.6,False,False,,,,,0,0.0,,45.0,,42,,,,1.0,1.0,,,,,,0,0,,,0,0,,2026-05-07,raw/api_football/fixture_players/2026-04-29/fixture_1208535_players.json
1208535,529,Barcelona,2670,Iñigo Martínez,90.0,5,D,7.3,False,False,,,,,0,0.0,,82.0,1.0,75,1.0,1.0,,2.0,2.0,,,,,,0,0,,,0,0,,2026-05-07,raw/api_football/fixture_players/2026-04-29/fixture_1208535_players.json
1208535,529,Barcelona,161928,Alejandro Balde,90.0,3,D,7.2,False,False,,2.0,,,0,0.0,,33.0,,27,2.0,,,13.0,10.0,3.0,2.0,,5.0,,0,0,,,0,0,,2026-05-07,raw/api_football/fixture_players/2026-04-29/fixture_1208535_players.json
1208535,529,Barcelona,329728,Marc Casadó,90.0,17,M,7.3,False,False,,1.0,,,0,1.0,,51.0,1.0,47,2.0,,,4.0,3.0,,,,,1.0,0,0,,,0,0,,2026-05-07,raw/api_football/fixture_players/2026-04-29/fixture_1208535_players.json
1208535,529,Barcelona,133609,Pedri,69.0,8,M,7.7,False,False,,1.0,1.0,1.0,0,0.0,,33.0,1.0,30,3.0,,,9.0,6.0,4.0,2.0,1.0,1.0,,0,0,,,0,0,,2026-05-07,raw/api_football/fixture_players/2026-04-29/fixture_1208535_players.json
1208535,529,Barcelona,386828,Lamine Yamal,89.0,19,M,9.3,False,False,,5.0,4.0,2.0,0,0.0,,31.0,1.0,24,6.0,,,16.0,10.0,4.0,1.0,,3.0,,1,0,,,0,0,,2026-05-07,raw/api_football/fixture_players/2026-04-29/fixture_1208535_players.json
1208535,529,Barcelona,1323,Dani Olmo,61.0,20,M,7.3,False,False,,1.0,1.0,1.0,0,0.0,,25.0,1.0,20,2.0,,1.0,10.0,4.0,1.0,1.0,3.0,1.0,1.0,0,0,,,0,0,,2026-05-07,raw/api_football/fixture_players/2026-04-29/fixture_1208535_players.json
1208535,529,Barcelona,1496,Raphinha,90.0,11,M,7.7,False,False,,1.0,,,0,0.0,,32.0,5.0,23,2.0,,,9.0,6.0,3.0,1.0,1.0,2.0,,0,0,,,0,0,,2026-05-07,raw/api_football/fixture_players/2026-04-29/fixture_1208535_players.json
1208535,529,Barcelona,521,Robert Lewandowski,69.0,9,F,6.9,False,False,,3.0,2.0,,0,1.0,,15.0,1.0,14,,,,1.0,1.0,,,,1.0,,0,0,,,0,0,,2026-05-07,raw/api_football/fixture_players/2026-04-29/fixture_1208535_players.json
1208535,529,Barcelona,619,Eric García,29.0,24,D,6.3,False,True,,,,,0,0.0,,11.0,,10,,,,1.0,1.0,1.0,1.0,,,,0,0,,,0,0,,2026-05-07,raw/api_football/fixture_players/2026-04-29/fixture_1208535_players.json
1208535,529,Barcelona,386859,Hector Fort,29.0,32,D,6.5,False,True,,1.0,,,0,0.0,,8.0,1.0,5,,,1.0,2.0,,1.0,,1.0,,,0,0,,,0,0,,2026-05-07,raw/api_football/fixture_players/2026-04-29/fixture_1208535_players.json
1208535,529,Barcelona,263530,Pau Víctor,21.0,18,F,6.9,False,True,,2.0,1.0,,0,0.0,,9.0,,5,,,,4.0,1.0,1.0,1.0,2.0,,1.0,1,0,,,0,0,,2026-05-07,raw/api_football/fixture_players/2026-04-29/fixture_1208535_players.json
1208535,529,Barcelona,931,Ferran Torres,17.0,7,F,5.9,False,True,,,,,0,0.0,,6.0,,5,1.0,,,2.0,1.0,,,,,1.0,0,1,,,0,0,,2026-05-07,raw/api_football/fixture_players/2026-04-29/fixture_1208535_players.json
1208535,529,Barcelona,181701,Gerard Martín,1.0,35,D,,False,True,,,,,0,0.0,,4.0,,4,,,,,,,,,,,0,0,,,0,0,,2026-05-07,raw/api_football/fixture_players/2026-04-29/fixture_1208535_players.json
1208535,529,Barcelona,383647,Diego Kochen,,31,G,,False,True,,,,,0,,,,,,,,,,,,,,,,0,0,,,0,0,,2026-05-07,raw/api_football/fixture_players/2026-04-29/fixture_1208535_players.json
1208535,529,Barcelona,126,Iñaki Peña,,13,G,,False,True,,,,,0,,,,,,,,,,,,,,,,0,0,,,0,0,,2026-05-07,raw/api_football/fixture_players/2026-04-29/fixture_1208535_players.json
1208535,529,Barcelona,396624,Sergi Domínguez,,36,D,,False,True,,,,,0,,,,,,,,,,,,,,,,0,0,,,0,0,,2026-05-07,raw/api_football/fixture_players/2026-04-29/fixture_1208535_players.json
1208535,529,Barcelona,285909,Pablo Torre,,14,M,,False,True,,,,,0,,,,,,,,,,,,,,,,0,0,,,0,0,,2026-05-07,raw/api_football/fixture_players/2026-04-29/fixture_1208535_players.json
1208535,529,Barcelona,441232,Guillermo Fernández,,41,M,,False,True,,,,,0,,,,,,,,,,,,,,,,0,0,,,0,0,,2026-05-07,raw/api_football/fixture_players/2026-04-29/fixture_1208535_players.json
1208536,536,Sevilla,19172,Ørjan Nyland,90.0,13,G,7.3,False,False,,,,,0,0.0,4.0,47.0,2.0,18,,,,,,,,,,,0,0,,,0,0,0.0,2026-05-07,raw/api_football/fixture_players/2026-04-29/fixture_1208536_players.json
1208536,536,Sevilla,195923,José Ángel Carmona,90.0,32,D,7.7,False,False,1.0,1.0,,,0,0.0,,50.0,1.0,42,3.0,,2.0,13.0,8.0,2.0,2.0,,2.0,2.0,0,0,,,0,0,,2026-05-07,raw/api_football/fixture_players/2026-04-29/fixture_1208536_players.json
1208536,536,Sevilla,133110,Tanguy Nianzou,90.0,24,D,7,False,False,,,,,0,0.0,,37.0,,30,1.0,,1.0,5.0,4.0,,,,1.0,1.0,0,0,,,0,0,,2026-05-07,raw/api_football/fixture_players/2026-04-29/fixture_1208536_players.json
1208536,536,Sevilla,433,Marcão,80.0,23,D,7,False,False,,,,,0,0.0,,44.0,,39,3.0,2.0,,16.0,11.0,1.0,,,2.0,1.0,0,0,,,0,0,,2026-05-07,raw/api_football/fixture_players/2026-04-29/fixture_1208536_players.json
1208536,536,Sevilla,2054,Jesús Navas,68.0,16,M,7.3,True,False,,2.0,2.0,1.0,0,0.0,,34.0,,29,2.0,,1.0,6.0,2.0,,,,,,0,0,,,0,0,,2026-05-07,raw/api_football/fixture_players/2026-04-29/fixture_1208536_players.json
1208536,536,Sevilla,1489,Nemanja Gudelj,90.0,6,M,6.9,False,False,,,,,0,0.0,,54.0,,47,3.0,1.0,,11.0,6.0,1.0,1.0,,,1.0,0,0,,,0,0,,2026-05-07,raw/api_football/fixture_players/2026-04-29/fixture_1208536_players.json
1208536,536,Sevilla,957,Djibril Sow,89.0,20,M,6.9,False,False,,,,,0,0.0,,46.0,,44,1.0,,,10.0,5.0,,,2.0,3.0,2.0,0,0,,,0,0,,2026-05-07,raw/api_football/fixture_players/2026-04-29/fixture_1208536_players.json
1208536,536,Sevilla,47329,Adrià Pedrosa,90.0,3,M,7.3,False,False,,,,,0,1.0,,35.0,1.0,25,2.0,1.0,1.0,11.0,6.0,3.0,2.0,,2.0,1.0,0,0,,,0,0,,2026-05-07,raw/api_football/fixture_players/2026-04-29/fixture_1208536_players.json
1208536,536,Sevilla,162126,Peque Fernández,76.0,14,F,6.3,False,False,,,,,0,0.0,,20.0,1.0,19,1.0,,,14.0,3.0,1.0,,,2.0,4.0,0,0,,,0,0,,2026-05-07,raw/api_football/fixture_players/2026-04-29/fixture_1208536_players.json
1208536,536,Sevilla,185398,Isaac Romero,89.0,7,F,6.6,False,False,,4.0,2.0,,0,0.0,,19.0,,17,1.0,1.0,,18.0,5.0,4.0,2.0,,,4.0,1,0,,,0,0,,2026-05-07,raw/api_football/fixture_players/2026-04-29/fixture_1208536_players.json
1208536,536,Sevilla,39121,Chidera Ejuke,67.0,21,F,6.6,False,False,,,,,0,0.0,,31.0,,26,1.0,,,17.0,8.0,7.0,5.0,1.0,2.0,1.0,0,0,,,0,0,,2026-05-07,raw/api_football/fixture_players/2026-04-29/fixture_1208536_players.json
1208536,536,Sevilla,25458,Dodi Lukebakio,23.0,11,F,6.7,False,True,,1.0,,,0,0.0,,7.0,1.0,3,,,,4.0,3.0,2.0,2.0,,,,0,0,,,0,0,,2026-05-07,raw/api_football/fixture_players/2026-04-29/fixture_1208536_players.json
1208536,536,Sevilla,182772,Juanlu Sánchez,18.0,26,M,5.2,False,True,,,,,0,0.0,,2.0,,1,1.0,,,4.0,2.0,1.0,,,,2.0,2,1,,,0,0,,2026-05-07,raw/api_football/fixture_players/2026-04-29/fixture_1208536_players.json
1208536,536,Sevilla,21004,Lucien Agoumé,14.0,18,M,6.6,False,True,,,,,0,0.0,,9.0,1.0,6,,,,6.0,2.0,2.0,2.0,,,,0,0,,,0,0,,2026-05-07,raw/api_football/fixture_players/2026-04-29/fixture_1208536_players.json
1208536,536,Sevilla,297311,Kike Salas,10.0,4,D,6.6,False,True,,,,,0,0.0,,5.0,,3,,,1.0,3.0,2.0,,,1.0,,,0,0,,,0,0,,2026-05-07,raw/api_football/fixture_players/2026-04-29/fixture_1208536_players.json
1208536,536,Sevilla,319572,Valentín Barco,10.0,19,D,6.5,False,True,,,,,0,0.0,,2.0,,2,,,,2.0,1.0,1.0,,,1.0,,0,0,,,0,0,,2026-05-07,raw/api_football/fixture_players/2026-04-29/fixture_1208536_players.json
1208536,536,Sevilla,2468,Gonzalo Montiel,10.0,15,D,6.7,False,True,,,,,0,0.0,,,,,,,,,,,,,,,0,0,,,0,0,,2026-05-07,raw/api_football/fixture_players/2026-04-29/fixture_1208536_players.json
1208536,536,Sevilla,308346,Alberto Flores,,31,G,,False,True,,,,,0,,,,,,,,,,,,,,,,0,0,,,0,0,,2026-05-07,raw/api_football/fixture_players/2026-04-29/fixture_1208536_players.json
1208536,536,Sevilla,47016,Álvaro Fernández,,1,G,,False,True,,,,,0,,,,,,,,,,,,,,,,0,0,,,0,0,,2026-05-07,raw/api_football/fixture_players/2026-04-29/fixture_1208536_players.json
1208536,536,Sevilla,360411,Alberto Collado,,30,M,,False,True,,,,,0,,,,,,,,,,,,,,,,0,0,,,0,0,,2026-05-07,raw/api_football/fixture_players/2026-04-29/fixture_1208536_players.json
1208536,536,Sevilla,119235,Pedro Ortiz,,8,M,,False,True,,,,,0,,,,,,,,,,,,,,,,0,0,,,0,0,,2026-05-07,raw/api_football/fixture_players/2026-04-29/fixture_1208536_players.json
1208536,536,Sevilla,340152,Stanis Idumbo Muzambo,,27,M,,False,True,,,,,0,,,,,,,,,,,,,,,,0,0,,,0,0,,2026-05-07,raw/api_football/fixture_players/2026-04-29/fixture_1208536_players.json
1208536,536,Sevilla,2778,Kelechi Iheanacho,,9,F,,False,True,,,,,0,,,,,,,,,,,,,,,,0,0,,,0,0,,2026-05-07,raw/api_football/fixture_players/2026-04-29/fixture_1208536_players.json
1208536,546,Getafe,47247,David Soria,90.0,13,G,7,False,False,,,,,1,0.0,3.0,19.0,,11,,,,,,,,,,,0,0,,,0,0,0.0,2026-05-07,raw/api_football/fixture_players/2026-04-29/fixture_1208536_players.json
1208536,546,Getafe,119742,Juan Iglesias,90.0,21,D,6.9,False,False,,1.0,,,0,0.0,,28.0,1.0,18,7.0,,,15.0,8.0,,,3.0,1.0,2.0,0,0,,,0,0,,2026-05-07,raw/api_football/fixture_players/2026-04-29/fixture_1208536_players.json
1208536,546,Getafe,47250,Djené,90.0,2,D,6.7,True,False,,1.0,,,0,0.0,,29.0,,20,2.0,,,13.0,7.0,,,2.0,3.0,2.0,1,0,,,0,0,,2026-05-07,raw/api_football/fixture_players/2026-04-29/fixture_1208536_players.json
1208536,546,Getafe,2039,Juan Berrocal,89.0,4,D,6.9,False,False,,,,,0,0.0,,29.0,,20,4.0,,3.0,10.0,7.0,,,1.0,,1.0,0,0,,,0,0,,2026-05-07,raw/api_football/fixture_players/2026-04-29/fixture_1208536_players.json
1208536,546,Getafe,18867,Diego Rico,84.0,16,D,7.3,False,False,,2.0,1.0,,0,0.0,,36.0,1.0,21,4.0,,,11.0,9.0,,,1.0,3.0,,0,0,,,0,0,,2026-05-07,raw/api_football/fixture_players/2026-04-29/fixture_1208536_players.json
1208536,546,Getafe,67955,Carles Pérez,71.0,17,M,7.3,False,False,,,,,0,0.0,,15.0,2.0,11,3.0,,,16.0,9.0,4.0,3.0,4.0,1.0,1.0,0,0,,,0,0,,2026-05-07,raw/api_football/fixture_players/2026-04-29/fixture_1208536_players.json
1208536,546,Getafe,47258,Mauro Arambarri,71.0,8,M,6.6,False,False,,,,,0,0.0,,17.0,,12,2.0,1.0,,7.0,5.0,,,,2.0,1.0,0,0,,,0,0,,2026-05-07,raw/api_football/fixture_players/2026-04-29/fixture_1208536_players.json
1208536,546,Getafe,47085,Luis Milla,90.0,5,M,7,False,False,,1.0,1.0,,0,0.0,,39.0,2.0,34,,,,5.0,2.0,,,2.0,1.0,,0,0,,,0,0,,2026-05-07,raw/api_football/fixture_players/2026-04-29/fixture_1208536_players.json
1208536,546,Getafe,47306,Álex Sola,71.0,7,M,6.5,False,False,,,,,0,0.0,,8.0,,7,1.0,,,11.0,3.0,1.0,,2.0,2.0,2.0,1,0,,,0,0,,2026-05-07,raw/api_football/fixture_players/2026-04-29/fixture_1208536_players.json
1208536,546,Getafe,403554,Christantus Uche,84.0,6,F,6.2,False,False,,1.0,,,0,0.0,,14.0,,12,1.0,,,18.0,4.0,,,,2.0,3.0,0,0,,,0,0,,2026-05-07,raw/api_football/fixture_players/2026-04-29/fixture_1208536_players.json
1208536,546,Getafe,68483,Bertuğ Özgür Yıldırım,90.0,10,F,6.9,False,False,1.0,2.0,1.0,,0,0.0,,11.0,1.0,7,2.0,,,14.0,7.0,,,,1.0,1.0,1,0,,,0,0,,2026-05-07,raw/api_football/fixture_players/2026-04-29/fixture_1208536_players.json
1208536,546,Getafe,333373,Gorka Rivera,19.0,30,D,6.3,False,True,,,,,0,0.0,,6.0,,2,2.0,,,6.0,3.0,1.0,,,1.0,1.0,0,0,,,0,0,,2026-05-07,raw/api_football/fixture_players/2026-04-29/fixture_1208536_players.json
1208536,546,Getafe,143,Carles Aleñá,19.0,11,M,6.9,False,True,,1.0,,,0,0.0,,5.0,,4,,,,5.0,4.0,,,,,,0,0,,,0,0,,2026-05-07,raw/api_football/fixture_players/2026-04-29/fixture_1208536_players.json
1208536,546,Getafe,270516,Peter González,19.0,19,F,6.3,False,True,1.0,,,,0,0.0,,1.0,,1,1.0,,,1.0,1.0,,,,,,0,0,,,0,0,,2026-05-07,raw/api_football/fixture_players/2026-04-29/fixture_1208536_players.json
1208536,546,Getafe,465838,Alberto Risco,21.0,26,M,6.6,False,True,,1.0,1.0,,0,0.0,,3.0,1.0,2,1.0,,,4.0,2.0,2.0,1.0,1.0,,,0,0,,,0,0,,2026-05-07,raw/api_football/fixture_players/2026-04-29/fixture_1208536_players.json
1208536,546,Getafe,364415,Yellu Santiago,21.0,20,M,6.3,False,True,,,,,0,0.0,,4.0,,3,,,,1.0,,,,,,1.0,1,0,,,0,0,,2026-05-07,raw/api_football/fixture_players/2026-04-29/fixture_1208536_players.json
1208536,546,Getafe,293297,John Finn,9.0,31,M,6.7,False,True,,,,,0,0.0,,2.0,,1,,1.0,,3.0,1.0,,,,,,0,0,,,0,0,,2026-05-07,raw/api_football/fixture_players/2026-04-29/fixture_1208536_players.json
1208536,546,Getafe,66491,Jiří Letáček,,1,G,,False,True,,,,,0,,,,,,,,,,,,,,,,0,0,,,0,0,,2026-05-07,raw/api_football/fixture_players/2026-04-29/fixture_1208536_players.json
1208536,546,Getafe,46795,Domingos Duarte,,22,D,,False,True,,,,,0,,,,,,,,,,,,,,,,0,0,,,0,0,,2026-05-07,raw/api_football/fixture_players/2026-04-29/fixture_1208536_players.json
1208536,546,Getafe,352859,Guillem Trilla,,33,D,,False,True,,,,,0,,,,,,,,,,,,,,,,0,0,,,0,0,,2026-05-07,raw/api_football/fixture_players/2026-04-29/fixture_1208536_players.json
1208536,546,Getafe,309364,Coba Gomes Da Costa,,29,F,,False,True,,,,,0,,,,,,,,,,,,,,,,0,0,,,0,0,,2026-05-07,raw/api_football/fixture_players/2026-04-29/fixture_1208536_players.json
1208537,728,Rayo Vallecano,11379,Augusto Batalla,90.0,13,G,6.5,False,False,,,,,1,0.0,1.0,26.0,,18,,,,,,,,,,,0,0,,,0,0,0.0,2026-05-07,raw/api_football/fixture_players/2026-04-29/fixture_1208537_players.json
1208537,728,Rayo Vallecano,1703,Andrei Rațiu,90.0,2,D,8.2,False,False,,1.0,1.0,1.0,0,0.0,,50.0,2.0,47,5.0,,,13.0,8.0,4.0,3.0,,,1.0,0,0,,,0,0,,2026-05-07,raw/api_football/fixture_players/2026-04-29/fixture_1208537_players.json
1208537,728,Rayo Vallecano,18895,Florian Lejeune,90.0,24,D,6.9,False,False,,,,,0,1.0,,55.0,1.0,49,1.0,,1.0,5.0,2.0,,,,1.0,1.0,0,0,,,0,0,,2026-05-07,raw/api_football/fixture_players/2026-04-29/fixture_1208537_players.json
1208537,728,Rayo Vallecano,15900,Abdul Mumin,90.0,16,D,7.2,False,False,,1.0,1.0,1.0,0,0.0,,56.0,,41,,,,9.0,4.0,,,2.0,1.0,1.0,1,0,,,0,0,,2026-05-07,raw/api_football/fixture_players/2026-04-29/fixture_1208537_players.json
1208537,728,Rayo Vallecano,181734,Josep Chavarría,90.0,3,D,7.2,False,False,,,,,0,1.0,,49.0,1.0,37,1.0,,,8.0,4.0,2.0,1.0,2.0,,,0,0,,,0,0,,2026-05-07,raw/api_football/fixture_players/2026-04-29/fixture_1208537_players.json
1208537,728,Rayo Vallecano,47109,Óscar Valentín,90.0,23,M,7,True,False,,,,,0,0.0,,54.0,2.0,43,2.0,,1.0,14.0,7.0,1.0,1.0,3.0,2.0,,0,0,,,0,0,,2026-05-07,raw/api_football/fixture_players/2026-04-29/fixture_1208537_players.json
1208537,728,Rayo Vallecano,47414,Gerard Gumbau,64.0,15,M,6.9,False,False,,,,,0,1.0,,38.0,3.0,25,2.0,,,11.0,5.0,,,1.0,1.0,1.0,0,0,,,0,0,,2026-05-07,raw/api_football/fixture_players/2026-04-29/fixture_1208537_players.json
1208537,728,Rayo Vallecano,47554,Adrián Embarba,57.0,21,M,6.3,False,False,1.0,,,,0,0.0,,21.0,,15,2.0,,,7.0,4.0,1.0,,,1.0,1.0,0,0,,,0,0,,2026-05-07,raw/api_football/fixture_players/2026-04-29/fixture_1208537_players.json
1208537,728,Rayo Vallecano,47557,Óscar Trejo,57.0,8,M,7.2,False,False,,1.0,,,0,0.0,,28.0,1.0,25,1.0,,,10.0,5.0,3.0,3.0,,1.0,1.0,0,0,,,0,0,,2026-05-07,raw/api_football/fixture_players/2026-04-29/fixture_1208537_players.json
1208537,728,Rayo Vallecano,47543,Álvaro García,87.0,18,M,7.2,False,False,1.0,3.0,,,0,0.0,,21.0,1.0,16,1.0,,1.0,6.0,3.0,,,2.0,1.0,,0,0,,,0,0,,2026-05-07,raw/api_football/fixture_players/2026-04-29/fixture_1208537_players.json
1208537,728,Rayo Vallecano,52,Sergio Camello,87.0,14,F,6.7,False,False,,5.0,3.0,,0,0.0,,24.0,2.0,21,1.0,,,11.0,3.0,,,,1.0,2.0,1,0,,,0,0,,2026-05-07,raw/api_football/fixture_players/2026-04-29/fixture_1208537_players.json
1208537,728,Rayo Vallecano,128582,Jorge de Frutos,33.0,19,F,6.7,False,True,,1.0,,,0,0.0,,13.0,,10,,,,7.0,2.0,3.0,2.0,1.0,,1.0,0,0,,,0,0,,2026-05-07,raw/api_football/fixture_players/2026-04-29/fixture_1208537_players.json
1208537,728,Rayo Vallecano,131546,Isi Palazón,33.0,7,M,6.9,False,True,,1.0,,,0,0.0,,14.0,2.0,12,1.0,,,11.0,4.0,2.0,1.0,1.0,2.0,2.0,0,0,,,0,0,,2026-05-07,raw/api_football/fixture_players/2026-04-29/fixture_1208537_players.json
1208537,728,Rayo Vallecano,47285,Unai López,26.0,17,M,7.2,False,True,,1.0,1.0,1.0,0,0.0,,29.0,,24,1.0,,,6.0,3.0,1.0,1.0,,1.0,1.0,1,0,,,0,0,,2026-05-07,raw/api_football/fixture_players/2026-04-29/fixture_1208537_players.json
1208537,728,Rayo Vallecano,517,James Rodríguez,11.0,10,M,6.6,False,True,1.0,,,,0,0.0,,2.0,,1,1.0,,,1.0,1.0,,,,,,0,0,,,0,0,,2026-05-07,raw/api_football/fixture_players/2026-04-29/fixture_1208537_players.json
1208537,728,Rayo Vallecano,47495,Sergi Guardiola,11.0,12,F,6.6,False,True,,,,,0,0.0,,5.0,,2,,,,2.0,2.0,,,,2.0,,0,0,,,0,0,,2026-05-07,raw/api_football/fixture_players/2026-04-29/fixture_1208537_players.json
1208537,728,Rayo Vallecano,156488,Dani Cárdenas,,1,G,,False,True,,,,,0,,,,,,,,,,,,,,,,0,0,,,0,0,,2026-05-07,raw/api_football/fixture_players/2026-04-29/fixture_1208537_players.json
1208537,728,Rayo Vallecano,46654,Aridane Hernández,,5,D,,False,True,,,,,0,,,,,,,,,,,,,,,,0,0,,,0,0,,2026-05-07,raw/api_football/fixture_players/2026-04-29/fixture_1208537_players.json
1208537,728,Rayo Vallecano,20520,Iván Balliu,,20,D,,False,True,,,,,0,,,,,,,,,,,,,,,,0,0,,,0,0,,2026-05-07,raw/api_football/fixture_players/2026-04-29/fixture_1208537_players.json
1208537,728,Rayo Vallecano,41552,Ismaila Ciss,,6,M,,False,True,,,,,0,,,,,,,,,,,,,,,,0,0,,,0,0,,2026-05-07,raw/api_football/fixture_players/2026-04-29/fixture_1208537_players.json
1208537,728,Rayo Vallecano,46887,Pedro Díaz,,4,M,,False,True,,,,,0,,,,,,,,,,,,,,,,0,0,,,0,0,,2026-05-07,raw/api_football/fixture_players/2026-04-29/fixture_1208537_players.json
1208537,728,Rayo Vallecano,122657,Randy Nteka,,11,M,,False,True,,,,,0,,,,,,,,,,,,,,,,0,0,,,0,0,,2026-05-07,raw/api_football/fixture_players/2026-04-29/fixture_1208537_players.json
1208537,728,Rayo Vallecano,47551,Raúl de Tomás,,9,F,,False,True,,,,,0,,,,,,,,,,,,,,,,0,0,,,0,0,,2026-05-07,raw/api_football/fixture_players/2026-04-29/fixture_1208537_players.json
1208537,727,Osasuna,46646,Sergio Herrera,90.0,1,G,6.5,True,False,,,,,3,0.0,3.0,38.0,,17,,,,,,,,,,,0,0,,,0,0,0.0,2026-05-07,raw/api_football/fixture_players/2026-04-29/fixture_1208537_players.json
1208537,727,Osasuna,182181,Jesús Areso,90.0,12,D,6.3,False,False,,,,,0,0.0,,20.0,,15,,,,6.0,3.0,1.0,1.0,1.0,,1.0,0,0,,,0,0,,2026-05-07,raw/api_football/fixture_players/2026-04-29/fixture_1208537_players.json
1208537,727,Osasuna,47533,Alejandro Catena,90.0,24,D,6.2,False,False,,1.0,,,0,0.0,,20.0,,9,1.0,,,7.0,3.0,,,,,3.0,0,0,,,0,0,,2026-05-07,raw/api_football/fixture_players/2026-04-29/fixture_1208537_players.json
1208537,727,Osasuna,279822,Flavien Boyomo,90.0,22,D,6.7,False,False,,,,,0,0.0,,23.0,,17,2.0,2.0,,3.0,2.0,,,,,1.0,0,0,,,0,0,,2026-05-07,raw/api_football/fixture_players/2026-04-29/fixture_1208537_players.json
1208537,727,Osasuna,181259,Abel Bretones,90.0,23,D,6.2,False,False,,,,,0,0.0,,17.0,,9,4.0,,1.0,13.0,7.0,1.0,,2.0,2.0,1.0,0,0,,,0,0,,2026-05-07,raw/api_football/fixture_players/2026-04-29/fixture_1208537_players.json
1208537,727,Osasuna,46662,Jon Moncayola,76.0,7,M,6.6,False,False,,,,,0,0.0,,17.0,1.0,10,6.0,,,13.0,8.0,1.0,1.0,2.0,,1.0,1,0,,,0,0,,2026-05-07,raw/api_football/fixture_players/2026-04-29/fixture_1208537_players.json
1208537,727,Osasuna,1825,Lucas Torró,90.0,6,M,6.7,False,False,,,,,0,0.0,,32.0,,18,3.0,,1.0,25.0,17.0,,,2.0,3.0,4.0,0,0,,,0,0,,2026-05-07,raw/api_football/fixture_players/2026-04-29/fixture_1208537_players.json
1208537,727,Osasuna,67939,Aimar Oroz,66.0,10,M,6.7,False,False,,,,,0,0.0,,14.0,1.0,11,1.0,,2.0,6.0,2.0,2.0,1.0,1.0,,,0,0,,,0,0,,2026-05-07,raw/api_football/fixture_players/2026-04-29/fixture_1208537_players.json
1208537,727,Osasuna,46658,Rubén García,76.0,14,F,6.6,False,False,,,,,0,0.0,,26.0,1.0,16,,,,2.0,,1.0,,,,1.0,0,0,,,0,0,,2026-05-07,raw/api_football/fixture_players/2026-04-29/fixture_1208537_players.json
1208537,727,Osasuna,146751,Raúl García de Haro,66.0,9,F,7.5,False,False,,1.0,1.0,1.0,0,0.0,,13.0,,9,,,1.0,15.0,7.0,5.0,4.0,,1.0,2.0,0,0,,,0,0,,2026-05-07,raw/api_football/fixture_players/2026-04-29/fixture_1208537_players.json
1208537,727,Osasuna,286639,Bryan Zaragoza,84.0,19,F,6.7,False,False,,2.0,1.0,,0,0.0,,11.0,,4,1.0,,,12.0,6.0,5.0,3.0,2.0,2.0,1.0,1,0,,,0,0,,2026-05-07,raw/api_football/fixture_players/2026-04-29/fixture_1208537_players.json
1208537,727,Osasuna,139001,Pablo Ibáñez Lumbreras,24.0,8,M,6.6,False,True,,,,,0,0.0,,8.0,,4,,1.0,,4.0,4.0,1.0,1.0,,1.0,,0,0,,,0,0,,2026-05-07,raw/api_football/fixture_players/2026-04-29/fixture_1208537_players.json
1208537,727,Osasuna,46746,Ante Budimir,24.0,17,F,6.5,False,True,,,,,0,0.0,,5.0,,4,,,,2.0,,,,,,,0,0,,,0,0,,2026-05-07,raw/api_football/fixture_players/2026-04-29/fixture_1208537_players.json
1208537,727,Osasuna,47391,Rubén Peña,14.0,15,D,6,False,True,,1.0,,,0,0.0,,1.0,,1,,,1.0,6.0,1.0,2.0,1.0,1.0,,,0,0,,,0,0,,2026-05-07,raw/api_football/fixture_players/2026-04-29/fixture_1208537_players.json
1208537,727,Osasuna,47419,José Manuel Arnáiz,14.0,20,F,6.9,False,True,,,,,0,0.0,,4.0,1.0,2,1.0,,,7.0,4.0,1.0,,1.0,3.0,,0,0,,,0,0,,2026-05-07,raw/api_football/fixture_players/2026-04-29/fixture_1208537_players.json
1208537,727,Osasuna,47574,Moi Gómez,14.0,16,M,6.5,False,True,,,,,0,0.0,,1.0,,,,,,,,,,,,,0,0,,,0,0,,2026-05-07,raw/api_football/fixture_players/2026-04-29/fixture_1208537_players.json
1208537,727,Osasuna,47448,Aitor Fernández,,13,G,,False,True,,,,,0,,,,,,,,,,,,,,,,0,0,,,0,0,,2026-05-07,raw/api_football/fixture_players/2026-04-29/fixture_1208537_players.json
1208537,727,Osasuna,46967,Juan Cruz,,3,D,,False,True,,,,,0,,,,,,,,,,,,,,,,0,0,,,0,0,,2026-05-07,raw/api_football/fixture_players/2026-04-29/fixture_1208537_players.json
1208537,727,Osasuna,46657,Nacho Vidal,,2,D,,False,True,,,,,0,,,,,,,,,,,,,,,,0,0,,,0,0,,2026-05-07,raw/api_football/fixture_players/2026-04-29/fixture_1208537_players.json
1208537,727,Osasuna,46652,Unai García,,4,D,,False,True,,,,,0,,,,,,,,,,,,,,,,0,0,,,0,0,,2026-05-07,raw/api_football/fixture_players/2026-04-29/fixture_1208537_players.json
1208537,727,Osasuna,182592,Jorge Herrando,,5,D,,False,True,,,,,0,,,,,,,,,,,,,,,,0,0,,,0,0,,2026-05-07,raw/api_football/fixture_players/2026-04-29/fixture_1208537_players.json
1208537,727,Osasuna,46660,Javi Martínez,,21,M,,False,True,,,,,0,,,,,,,,,,,,,,,,0,0,,,0,0,,2026-05-07,raw/api_football/fixture_players/2026-04-29/fixture_1208537_players.json
1208537,727,Osasuna,288800,Iker Benito,,27,F,,False,True,,,,,0,,,,,,,,,,,,,,,,0,0,,,0,0,,2026-05-07,raw/api_football/fixture_players/2026-04-29/fixture_1208537_players.json
1208538,548,Real Sociedad,47269,Álex Remiro,90.0,1,G,7.2,False,False,,,,,2,0.0,4.0,17.0,,12,,,,,,,,,,,0,0,,,0,0,0.0,2026-05-07,raw/api_football/fixture_players/2026-04-29/fixture_1208538_players.json
1208538,548,Real Sociedad,199044,Jon Aramburu,90.0,27,D,6.2,False,False,,1.0,,,0,0.0,,41.0,1.0,39,3.0,,,11.0,4.0,,,2.0,1.0,4.0,1,0,,1.0,0,0,,2026-05-07,raw/api_football/fixture_players/2026-04-29/fixture_1208538_players.json
1208538,548,Real Sociedad,47314,Igor Zubeldia,90.0,5,D,7.2,True,False,,,,,0,0.0,,47.0,1.0,39,1.0,4.0,1.0,5.0,4.0,,,1.0,,,0,0,,,0,0,,2026-05-07,raw/api_football/fixture_players/2026-04-29/fixture_1208538_players.json
1208538,548,Real Sociedad,21694,Nayef Aguerd,75.0,21,D,7.2,False,False,,2.0,1.0,,0,0.0,,34.0,,33,2.0,1.0,,3.0,3.0,,,,,,0,0,,,0,0,,2026-05-07,raw/api_football/fixture_players/2026-04-29/fixture_1208538_players.json
1208538,548,Real Sociedad,182636,Javi López,78.0,12,D,6.3,False,False,,,,,0,0.0,,27.0,,26,2.0,,,6.0,3.0,1.0,1.0,,,1.0,0,0,,,0,0,,2026-05-07,raw/api_football/fixture_players/2026-04-29/fixture_1208538_players.json
1208538,548,Real Sociedad,32862,Takefusa Kubo,90.0,14,M,6.6,False,False,,,,,0,0.0,,42.0,2.0,35,,,1.0,10.0,4.0,5.0,1.0,,3.0,,0,0,,,0,0,,2026-05-07,raw/api_football/fixture_players/2026-04-29/fixture_1208538_players.json
1208538,548,Real Sociedad,7332,Luka Sučić,75.0,24,M,7,False,False,,2.0,,,0,0.0,,39.0,1.0,33,2.0,1.0,,5.0,2.0,,,,,1.0,0,0,,,0,0,,2026-05-07,raw/api_football/fixture_players/2026-04-29/fixture_1208538_players.json
1208538,548,Real Sociedad,47315,Martín Zubimendi,90.0,4,M,7,False,False,,,,,0,0.0,,71.0,,66,3.0,,2.0,10.0,6.0,,,,,2.0,0,0,,,0,0,,2026-05-07,raw/api_football/fixture_players/2026-04-29/fixture_1208538_players.json
1208538,548,Real Sociedad,23,Sergio Gómez,90.0,17,M,6.9,False,False,,1.0,1.0,,0,0.0,,55.0,,46,2.0,1.0,,6.0,3.0,,,2.0,1.0,2.0,0,0,,1.0,0,0,,2026-05-07,raw/api_football/fixture_players/2026-04-29/fixture_1208538_players.json
1208538,548,Real Sociedad,37938,Sheraldo Becker,63.0,11,M,6.6,False,False,1.0,1.0,,,0,0.0,,13.0,1.0,8,,,,6.0,4.0,2.0,2.0,,2.0,,0,0,,,0,0,,2026-05-07,raw/api_football/fixture_players/2026-04-29/fixture_1208538_players.json
1208538,548,Real Sociedad,31406,Umar Sadiq,63.0,19,F,6.3,False,False,,,,,0,0.0,,10.0,1.0,8,,,1.0,8.0,,2.0,,,,1.0,1,0,,,0,0,,2026-05-07,raw/api_football/fixture_players/2026-04-29/fixture_1208538_players.json
1208538,548,Real Sociedad,47317,Ander Barrenetxea,27.0,7,F,6.7,False,True,1.0,,,,0,0.0,,15.0,,11,,,1.0,,,,,,,,1,0,,,0,0,,2026-05-07,raw/api_football/fixture_players/2026-04-29/fixture_1208538_players.json
1208538,548,Real Sociedad,61774,Orri Steinn Óskarsson,27.0,9,F,6.3,False,True,,,,,0,0.0,,5.0,,2,,,,2.0,1.0,,,,,,0,0,,,0,0,,2026-05-07,raw/api_football/fixture_players/2026-04-29/fixture_1208538_players.json
1208538,548,Real Sociedad,182546,Jon Pacheco,15.0,20,D,6.3,False,True,,,,,0,0.0,,14.0,,14,,,,2.0,,,,,,1.0,1,0,,,0,0,,2026-05-07,raw/api_football/fixture_players/2026-04-29/fixture_1208538_players.json
1208538,548,Real Sociedad,183744,Beñat Turrientes,15.0,22,M,6.5,False,True,,,,,0,0.0,,12.0,,11,,,,1.0,,1.0,,,,,0,0,,,0,0,,2026-05-07,raw/api_football/fixture_players/2026-04-29/fixture_1208538_players.json
1208538,548,Real Sociedad,47303,Aihen Muñoz,12.0,3,D,6.6,False,True,,,,,0,0.0,,11.0,,10,,,,1.0,1.0,,,,1.0,,0,0,,,0,0,,2026-05-07,raw/api_football/fixture_players/2026-04-29/fixture_1208538_players.json
1208538,548,Real Sociedad,189832,Unai Marrero,,13,G,,False,True,,,,,0,,,,,,,,,,,,,,,,0,0,,,0,0,,2026-05-07,raw/api_football/fixture_players/2026-04-29/fixture_1208538_players.json
1208538,548,Real Sociedad,405073,Jon Martin,,31,D,,False,True,,,,,0,,,,,,,,,,,,,,,,0,0,,,0,0,,2026-05-07,raw/api_football/fixture_players/2026-04-29/fixture_1208538_players.json
1208538,548,Real Sociedad,47298,Aritz Elustondo,,6,D,,False,True,,,,,0,,,,,,,,,,,,,,,,0,0,,,0,0,,2026-05-07,raw/api_football/fixture_players/2026-04-29/fixture_1208538_players.json
1208538,548,Real Sociedad,737,Álvaro Odriozola,,2,D,,False,True,,,,,0,,,,,,,,,,,,,,,,0,0,,,0,0,,2026-05-07,raw/api_football/fixture_players/2026-04-29/fixture_1208538_players.json
1208538,548,Real Sociedad,290106,Pablo Marín,,28,M,,False,True,,,,,0,,,,,,,,,,,,,,,,0,0,,,0,0,,2026-05-07,raw/api_football/fixture_players/2026-04-29/fixture_1208538_players.json
1208538,548,Real Sociedad,182603,Jon Ander Olasagasti,,16,M,,False,True,,,,,0,,,,,,,,,,,,,,,,0,0,,,0,0,,2026-05-07,raw/api_football/fixture_players/2026-04-29/fixture_1208538_players.json
1208538,548,Real Sociedad,47323,Mikel Oyarzabal,,10,F,,False,True,,,,,0,,,,,,,,,,,,,,,,0,0,,,0,0,,2026-05-07,raw/api_football/fixture_players/2026-04-29/fixture_1208538_players.json
1208538,541,Real Madrid,730,Thibaut Courtois,90.0,1,G,7.3,False,False,,,,,0,0.0,2.0,30.0,,23,,,,1.0,1.0,,,,,,0,0,,,0,0,0.0,2026-05-07,raw/api_football/fixture_players/2026-04-29/fixture_1208538_players.json
1208538,541,Real Madrid,733,Daniel Carvajal,90.0,2,D,7.7,False,False,,1.0,,,0,0.0,,52.0,2.0,47,1.0,1.0,1.0,8.0,6.0,,,,3.0,,0,0,,,0,0,,2026-05-07,raw/api_football/fixture_players/2026-04-29/fixture_1208538_players.json
1208538,541,Real Madrid,372,Éder Militão,90.0,3,D,7.7,False,False,,1.0,1.0,,0,0.0,,66.0,,53,3.0,2.0,1.0,9.0,5.0,,,1.0,,3.0,0,0,,,0,0,,2026-05-07,raw/api_football/fixture_players/2026-04-29/fixture_1208538_players.json
1208538,541,Real Madrid,2285,Antonio Rüdiger,90.0,22,D,7.2,False,False,,1.0,1.0,,0,0.0,,55.0,,47,1.0,1.0,1.0,3.0,2.0,,,,,,0,0,,,0,0,,2026-05-07,raw/api_football/fixture_players/2026-04-29/fixture_1208538_players.json
1208538,541,Real Madrid,653,Ferland Mendy,90.0,23,D,7.5,False,False,,,,,0,0.0,,43.0,,41,5.0,,,6.0,5.0,,,,,,0,0,,,0,0,,2026-05-07,raw/api_football/fixture_players/2026-04-29/fixture_1208538_players.json
1208538,541,Real Madrid,756,Federico Valverde,90.0,8,M,7.2,False,False,,,,,0,0.0,,63.0,,59,3.0,,1.0,5.0,4.0,,,1.0,,,0,0,,,0,0,,2026-05-07,raw/api_football/fixture_players/2026-04-29/fixture_1208538_players.json
1208538,541,Real Madrid,754,Luka Modrić,90.0,10,M,7.5,True,False,,1.0,1.0,,0,0.0,,61.0,3.0,56,1.0,,1.0,7.0,2.0,,,1.0,1.0,2.0,1,0,,,0,0,,2026-05-07,raw/api_football/fixture_players/2026-04-29/fixture_1208538_players.json
1208538,541,Real Madrid,744,Brahim Díaz,24.0,21,M,6.9,False,False,,,,,0,0.0,,14.0,1.0,13,,,,2.0,1.0,1.0,1.0,,,,0,0,,,0,0,,2026-05-07,raw/api_football/fixture_players/2026-04-29/fixture_1208538_players.json
1208538,541,Real Madrid,291964,Arda Güler,77.0,15,M,6.9,False,False,,,,,0,0.0,,35.0,1.0,34,,,1.0,6.0,3.0,2.0,1.0,1.0,2.0,1.0,0,0,,,0,0,,2026-05-07,raw/api_football/fixture_players/2026-04-29/fixture_1208538_players.json
1208538,541,Real Madrid,762,Vinícius Júnior,90.0,7,M,7.9,False,False,,1.0,1.0,1.0,0,0.0,,23.0,,19,2.0,,,10.0,6.0,3.0,1.0,,3.0,1.0,0,0,1.0,,1,0,,2026-05-07,raw/api_football/fixture_players/2026-04-29/fixture_1208538_players.json
1208538,541,Real Madrid,278,Kylian Mbappé,89.0,9,F,7.3,False,False,1.0,3.0,2.0,1.0,0,0.0,,23.0,1.0,19,,,,11.0,3.0,7.0,2.0,,1.0,1.0,0,0,,,1,0,,2026-05-07,raw/api_football/fixture_players/2026-04-29/fixture_1208538_players.json
1208538,541,Real Madrid,10009,Rodrygo,66.0,11,F,6.9,False,True,,,,,0,0.0,,19.0,2.0,17,1.0,,,4.0,2.0,1.0,,,1.0,,0,0,,,0,0,,2026-05-07,raw/api_football/fixture_players/2026-04-29/fixture_1208538_players.json
1208538,541,Real Madrid,757,Lucas Vázquez,13.0,17,M,6.7,False,True,,,,,0,0.0,,8.0,,7,,,,3.0,1.0,,,,,1.0,0,0,,,0,0,,2026-05-07,raw/api_football/fixture_players/2026-04-29/fixture_1208538_players.json
1208538,541,Real Madrid,377122,Endrick,1.0,16,F,,False,True,,,,,0,0.0,,2.0,,2,,,,1.0,,,,,,,0,0,,,0,0,,2026-05-07,raw/api_football/fixture_players/2026-04-29/fixture_1208538_players.json
1208538,541,Real Madrid,386872,Sergio Mestre,,34,G,,False,True,,,,,0,,,,,,,,,,,,,,,,0,0,,,0,0,,2026-05-07,raw/api_football/fixture_players/2026-04-29/fixture_1208538_players.json
1208538,541,Real Madrid,47400,Andriy Lunin,,13,G,,False,True,,,,,0,,,,,,,,,,,,,,,,0,0,,,0,0,,2026-05-07,raw/api_football/fixture_players/2026-04-29/fixture_1208538_players.json
1208538,541,Real Madrid,741,Jesús Vallejo,,18,D,,False,True,,,,,0,,,,,,,,,,,,,,,,0,0,,,0,0,,2026-05-07,raw/api_football/fixture_players/2026-04-29/fixture_1208538_players.json
1208538,541,Real Madrid,736,Fran García,,20,D,,False,True,,,,,0,,,,,,,,,,,,,,,,0,0,,,0,0,,2026-05-07,raw/api_football/fixture_players/2026-04-29/fixture_1208538_players.json
1208538,541,Real Madrid,388871,Chema Andrés,,36,M,,False,True,,,,,0,,,,,,,,,,,,,,,,0,0,,,0,0,,2026-05-07,raw/api_football/fixture_players/2026-04-29/fixture_1208538_players.json
1208550,798,Mallorca,179139,Leo Román,90.0,13,G,7.6,False,False,,,,,0,0.0,5.0,37.0,,23,,,,,,,,,,,0,0,,,0,0,0.0,2026-05-07,raw/api_football/fixture_players/2026-04-29/fixture_1208550_players.json
1208550,798,Mallorca,107194,Antonio Sánchez,90.0,18,D,7.3,False,False,,,,,0,0.0,,34.0,,26,2.0,,1.0,7.0,4.0,2.0,1.0,,1.0,1.0,0,0,,,0,0,,2026-05-07,raw/api_football/fixture_players/2026-04-29/fixture_1208550_players.json
1208550,798,Mallorca,46733,Antonio Raíllo,90.0,21,D,7.5,True,False,,3.0,1.0,,0,0.0,,39.0,1.0,32,,,1.0,4.0,3.0,,,,,,0,0,,,0,0,,2026-05-07,raw/api_football/fixture_players/2026-04-29/fixture_1208550_players.json
1208550,798,Mallorca,181582,José Copete,90.0,6,D,7,False,False,,1.0,,,0,0.0,,29.0,,26,,,,1.0,,,,,,1.0,0,0,,,0,0,,2026-05-07,raw/api_football/fixture_players/2026-04-29/fixture_1208550_players.json
1208550,798,Mallorca,64268,Johan Mojica,90.0,22,D,7.2,False,False,,,,,0,0.0,,37.0,,28,4.0,,2.0,8.0,5.0,,,,,,0,0,,,0,0,,2026-05-07,raw/api_football/fixture_players/2026-04-29/fixture_1208550_players.json
1208550,798,Mallorca,190485,Samuel Costa,88.0,12,M,6.9,False,False,,,,,0,0.0,,30.0,1.0,21,,,,8.0,5.0,1.0,1.0,1.0,1.0,,0,0,,,0,0,,2026-05-07,raw/api_football/fixture_players/2026-04-29/fixture_1208550_players.json
1208550,798,Mallorca,414,Omar Mascarell,90.0,5,M,7.5,False,False,,,,,0,0.0,,45.0,1.0,42,3.0,2.0,2.0,8.0,5.0,1.0,1.0,1.0,,,0,0,,,0,0,,2026-05-07,raw/api_football/fixture_players/2026-04-29/fixture_1208550_players.json
1208550,798,Mallorca,84086,Robert Navarro,70.0,27,M,7.2,False,False,,,,,0,0.0,,24.0,,20,2.0,,4.0,10.0,6.0,2.0,2.0,1.0,1.0,1.0,0,0,,,0,0,,2026-05-07,raw/api_football/fixture_players/2026-04-29/fixture_1208550_players.json
1208550,798,Mallorca,46751,Abdón Prats,63.0,9,M,7.2,False,False,,2.0,1.0,1.0,0,0.0,,13.0,,10,1.0,,,13.0,5.0,,,,2.0,,1,0,,,1,0,,2026-05-07,raw/api_football/fixture_players/2026-04-29/fixture_1208550_players.json
1208550,798,Mallorca,47336,Sergi Darder,88.0,10,M,8.5,False,False,,2.0,1.0,,0,0.0,,37.0,5.0,28,5.0,,1.0,11.0,9.0,2.0,2.0,2.0,1.0,,0,0,,,0,0,,2026-05-07,raw/api_football/fixture_players/2026-04-29/fixture_1208550_players.json
1208550,798,Mallorca,2001,Cyle Larin,63.0,17,F,6.7,False,False,2.0,,,,0,0.0,,13.0,,8,,,,13.0,7.0,,,,1.0,,0,0,,,0,0,,2026-05-07,raw/api_football/fixture_players/2026-04-29/fixture_1208550_players.json
1208550,798,Mallorca,25375,Takuma Asano,27.0,11,F,6.3,False,True,1.0,,,,0,0.0,,5.0,,4,,,,,,,,,,,0,0,,,0,0,,2026-05-07,raw/api_football/fixture_players/2026-04-29/fixture_1208550_players.json
1208550,798,Mallorca,50048,Vedat Muriqi,27.0,7,F,6.3,False,True,,1.0,1.0,,0,0.0,,9.0,,4,,,,10.0,4.0,1.0,1.0,,1.0,1.0,0,0,,,0,0,,2026-05-07,raw/api_football/fixture_players/2026-04-29/fixture_1208550_players.json
1208550,798,Mallorca,46742,Dani Rodríguez,20.0,14,M,6.9,False,True,,,,,0,0.0,,7.0,,3,,,,7.0,5.0,2.0,2.0,,1.0,1.0,0,0,,,0,0,,2026-05-07,raw/api_football/fixture_players/2026-04-29/fixture_1208550_players.json
1208550,798,Mallorca,47514,Valery Fernández,2.0,16,D,,False,True,,,,,0,0.0,,3.0,,3,,,,2.0,,1.0,,1.0,,,0,0,,,0,0,,2026-05-07,raw/api_football/fixture_players/2026-04-29/fixture_1208550_players.json
1208550,798,Mallorca,1701,Manu Morlanes,2.0,8,M,,False,True,,,,,0,0.0,,2.0,,2,,,,,,,,,,,0,0,,,0,0,,2026-05-07,raw/api_football/fixture_players/2026-04-29/fixture_1208550_players.json
1208550,798,Mallorca,61142,Dominik Greif,,1,G,,False,True,,,,,0,,,,,,,,,,,,,,,,0,0,,,0,0,,2026-05-07,raw/api_football/fixture_players/2026-04-29/fixture_1208550_players.json
1208550,798,Mallorca,47399,Iván Cuéllar,,25,G,,False,True,,,,,0,,,,,,,,,,,,,,,,0,0,,,0,0,,2026-05-07,raw/api_football/fixture_players/2026-04-29/fixture_1208550_players.json
1208550,798,Mallorca,46738,Martin Valjent,,24,D,,False,True,,,,,0,,,,,,,,,,,,,,,,0,0,,,0,0,,2026-05-07,raw/api_football/fixture_players/2026-04-29/fixture_1208550_players.json
1208550,798,Mallorca,108519,Mateu Morey,,2,D,,False,True,,,,,0,,,,,,,,,,,,,,,,0,0,,,0,0,,2026-05-07,raw/api_football/fixture_players/2026-04-29/fixture_1208550_players.json
1208550,798,Mallorca,195962,Chiquinho,,20,F,,False,True,,,,,0,,,,,,,,,,,,,,,,0,0,,,0,0,,2026-05-07,raw/api_football/fixture_players/2026-04-29/fixture_1208550_players.json
1208550,798,Mallorca,297646,Daniel Luna,,33,M,,False,True,,,,,0,,,,,,,,,,,,,,,,0,0,,,0,0,,2026-05-07,raw/api_football/fixture_players/2026-04-29/fixture_1208550_players.json
1208550,798,Mallorca,482473,Marc Domenech,,30,F,,False,True,,,,,0,,,,,,,,,,,,,,,,0,0,,,0,0,,2026-05-07,raw/api_football/fixture_players/2026-04-29/fixture_1208550_players.json
1208550,548,Real Sociedad,47269,Álex Remiro,90.0,1,G,7.3,False,False,,,,,1,0.0,3.0,32.0,,26,,,,,,,,,,,0,0,,,0,0,0.0,2026-05-07,raw/api_football/fixture_players/2026-04-29/fixture_1208550_players.json
1208550,548,Real Sociedad,47298,Aritz Elustondo,60.0,6,D,6.3,False,False,,,,,0,0.0,,38.0,1.0,30,2.0,,,6.0,3.0,2.0,,,,,0,0,,,0,0,,2026-05-07,raw/api_football/fixture_players/2026-04-29/fixture_1208550_players.json
1208550,548,Real Sociedad,47314,Igor Zubeldia,90.0,5,D,6.7,False,False,,,,,0,0.0,,69.0,,61,1.0,,1.0,16.0,5.0,,,1.0,,2.0,0,0,,,0,0,,2026-05-07,raw/api_football/fixture_players/2026-04-29/fixture_1208550_players.json
1208550,548,Real Sociedad,21694,Nayef Aguerd,90.0,21,D,7.2,False,False,,,,,0,0.0,,86.0,1.0,75,2.0,,1.0,9.0,6.0,,,,1.0,,0,0,,,0,0,,2026-05-07,raw/api_football/fixture_players/2026-04-29/fixture_1208550_players.json
1208550,548,Real Sociedad,47303,Aihen Muñoz,90.0,3,D,6.9,False,False,,,,,0,0.0,,48.0,1.0,41,,,1.0,8.0,3.0,1.0,,,1.0,,0,0,,,0,0,,2026-05-07,raw/api_football/fixture_players/2026-04-29/fixture_1208550_players.json
1208550,548,Real Sociedad,47315,Martín Zubimendi,90.0,4,M,7.2,False,False,,1.0,1.0,,0,0.0,,67.0,1.0,57,2.0,,,8.0,4.0,,,,,1.0,0,0,,,0,0,,2026-05-07,raw/api_football/fixture_players/2026-04-29/fixture_1208550_players.json
1208550,548,Real Sociedad,23,Sergio Gómez,45.0,17,M,6.6,False,False,,1.0,1.0,,0,0.0,,21.0,,19,1.0,,,4.0,2.0,2.0,1.0,1.0,,,0,0,,,0,0,,2026-05-07,raw/api_football/fixture_players/2026-04-29/fixture_1208550_players.json
1208550,548,Real Sociedad,183744,Beñat Turrientes,61.0,22,M,6.6,False,False,,1.0,,,0,0.0,,19.0,,17,2.0,,1.0,8.0,4.0,1.0,1.0,,1.0,2.0,1,0,,,0,0,,2026-05-07,raw/api_football/fixture_players/2026-04-29/fixture_1208550_players.json
1208550,548,Real Sociedad,7332,Luka Sučić,90.0,24,M,7.7,False,False,,2.0,1.0,,0,0.0,,54.0,4.0,47,1.0,,2.0,8.0,2.0,1.0,1.0,4.0,,1.0,0,0,,,0,0,,2026-05-07,raw/api_football/fixture_players/2026-04-29/fixture_1208550_players.json
1208550,548,Real Sociedad,47317,Ander Barrenetxea,78.0,7,M,6.7,False,False,,3.0,1.0,,0,0.0,,24.0,,15,3.0,,1.0,13.0,6.0,3.0,1.0,3.0,,3.0,0,0,,1.0,0,0,,2026-05-07,raw/api_football/fixture_players/2026-04-29/fixture_1208550_players.json
1208550,548,Real Sociedad,47323,Mikel Oyarzabal,60.0,10,F,6.5,True,False,,,,,0,0.0,,10.0,,8,,,,5.0,2.0,,,,1.0,,0,0,,,0,0,,2026-05-07,raw/api_football/fixture_players/2026-04-29/fixture_1208550_players.json
1208550,548,Real Sociedad,32862,Takefusa Kubo,45.0,14,F,6.9,False,True,,1.0,,,0,0.0,,21.0,1.0,16,,,,5.0,1.0,3.0,1.0,,,,0,0,,,0,0,,2026-05-07,raw/api_football/fixture_players/2026-04-29/fixture_1208550_players.json
1208550,548,Real Sociedad,737,Álvaro Odriozola,30.0,2,D,6.3,False,True,,,,,0,0.0,,16.0,,10,,,,4.0,2.0,,,,1.0,1.0,0,0,,,0,0,,2026-05-07,raw/api_football/fixture_players/2026-04-29/fixture_1208550_players.json
1208550,548,Real Sociedad,61774,Orri Steinn Óskarsson,30.0,9,F,6.3,False,True,1.0,1.0,,,0,0.0,,3.0,,2,,,,3.0,1.0,,,1.0,,,0,0,,,0,0,,2026-05-07,raw/api_football/fixture_players/2026-04-29/fixture_1208550_players.json
1208550,548,Real Sociedad,290106,Pablo Marín,29.0,28,M,6.9,False,True,,,,,0,0.0,,16.0,,12,1.0,,,5.0,3.0,1.0,1.0,,,,0,0,,,0,0,,2026-05-07,raw/api_football/fixture_players/2026-04-29/fixture_1208550_players.json
1208550,548,Real Sociedad,37938,Sheraldo Becker,12.0,11,F,7,False,True,,1.0,1.0,,0,0.0,,13.0,1.0,12,,,,,,,,,,,0,0,,,0,0,,2026-05-07,raw/api_football/fixture_players/2026-04-29/fixture_1208550_players.json
1208550,548,Real Sociedad,189832,Unai Marrero,,13,G,,False,True,,,,,0,,,,,,,,,,,,,,,,0,0,,,0,0,,2026-05-07,raw/api_football/fixture_players/2026-04-29/fixture_1208550_players.json
1208550,548,Real Sociedad,199044,Jon Aramburu,,27,D,,False,True,,,,,0,,,,,,,,,,,,,,,,0,0,,,0,0,,2026-05-07,raw/api_football/fixture_players/2026-04-29/fixture_1208550_players.json
1208550,548,Real Sociedad,405073,Jon Martin,,31,D,,False,True,,,,,0,,,,,,,,,,,,,,,,0,0,,,0,0,,2026-05-07,raw/api_football/fixture_players/2026-04-29/fixture_1208550_players.json
1208550,548,Real Sociedad,182546,Jon Pacheco,,20,D,,False,True,,,,,0,,,,,,,,,,,,,,,,0,0,,,0,0,,2026-05-07,raw/api_football/fixture_players/2026-04-29/fixture_1208550_players.json
1208550,548,Real Sociedad,182603,Jon Ander Olasagasti,,16,M,,False,True,,,,,0,,,,,,,,,,,,,,,,0,0,,,0,0,,2026-05-07,raw/api_football/fixture_players/2026-04-29/fixture_1208550_players.json
1208550,548,Real Sociedad,287652,Jon Magunazelaia,,25,M,,False,True,,,,,0,,,,,,,,,,,,,,,,0,0,,,0,0,,2026-05-07,raw/api_football/fixture_players/2026-04-29/fixture_1208550_players.json
1208550,548,Real Sociedad,31406,Umar Sadiq,,19,F,,False,True,,,,,0,,,,,,,,,,,,,,,,0,0,,,0,0,,2026-05-07,raw/api_football/fixture_players/2026-04-29/fixture_1208550_players.json
1212912,530,Atletico Madrid,29,Jan Oblak,90.0,13,G,7,False,False,,,,,0,0.0,1.0,21.0,,18,,,,,,,,,,,0,0,,,0,0,0.0,2026-05-07,raw/api_football/fixture_players/2026-04-29/fixture_1212912_players.json
1212912,530,Atletico Madrid,6503,Nahuel Molina,45.0,16,D,6.6,False,False,,1.0,,,0,0.0,,24.0,,16,,,,4.0,2.0,1.0,,,1.0,,0,0,,,0,0,,2026-05-07,raw/api_football/fixture_players/2026-04-29/fixture_1212912_players.json
1212912,530,Atletico Madrid,47301,Robin Le Normand,90.0,24,D,7.2,False,False,1.0,1.0,,,0,0.0,,54.0,1.0,48,2.0,,,11.0,5.0,,,1.0,1.0,,0,0,,,0,0,,2026-05-07,raw/api_football/fixture_players/2026-04-29/fixture_1212912_players.json
1212912,530,Atletico Madrid,20,Axel Witsel,90.0,20,D,7.3,False,False,1.0,,,,0,0.0,,76.0,,71,1.0,,1.0,8.0,6.0,,,1.0,1.0,,0,0,,,0,0,,2026-05-07,raw/api_football/fixture_players/2026-04-29/fixture_1212912_players.json
1212912,530,Atletico Madrid,2280,César Azpilicueta,90.0,3,D,7.3,False,False,,1.0,1.0,,0,0.0,,60.0,,54,,,1.0,6.0,3.0,,,,1.0,1.0,0,0,,,0,0,,2026-05-07,raw/api_football/fixture_players/2026-04-29/fixture_1212912_players.json
1212912,530,Atletico Madrid,136117,Rodrigo Riquelme,90.0,17,D,7.7,False,False,3.0,2.0,,,0,0.0,,40.0,4.0,38,,,1.0,5.0,1.0,1.0,,,1.0,1.0,0,0,,,0,0,,2026-05-07,raw/api_football/fixture_players/2026-04-29/fixture_1212912_players.json
1212912,530,Atletico Madrid,2472,Rodrigo de Paul,62.0,5,M,8,False,False,,,,,0,0.0,,46.0,4.0,35,1.0,,,8.0,6.0,3.0,3.0,,2.0,,0,0,,,0,0,,2026-05-07,raw/api_football/fixture_players/2026-04-29/fixture_1212912_players.json
1212912,530,Atletico Madrid,50,Koke,90.0,6,M,6.6,True,False,,1.0,1.0,,0,0.0,,91.0,,82,1.0,,,8.0,2.0,,,1.0,,2.0,0,0,,,0,0,,2026-05-07,raw/api_football/fixture_players/2026-04-29/fixture_1212912_players.json
1212912,530,Atletico Madrid,126936,Samuel Lino,45.0,12,M,6.6,False,False,,2.0,1.0,,0,0.0,,28.0,,25,,,1.0,3.0,,,,2.0,,,0,0,,,0,0,,2026-05-07,raw/api_football/fixture_players/2026-04-29/fixture_1212912_players.json
1212912,530,Atletico Madrid,6009,Julián Álvarez,45.0,19,F,6.7,False,False,,2.0,1.0,,0,0.0,,16.0,,14,,,,,,,,,,,0,0,,,0,0,,2026-05-07,raw/api_football/fixture_players/2026-04-29/fixture_1212912_players.json
1212912,530,Atletico Madrid,8492,Alexander Sørloth,73.0,9,F,7.2,False,False,,4.0,2.0,,0,0.0,,12.0,3.0,9,,,,12.0,7.0,,,,2.0,1.0,0,0,,,0,0,,2026-05-07,raw/api_football/fixture_players/2026-04-29/fixture_1212912_players.json
1212912,530,Atletico Madrid,753,Marcos Llorente,45.0,14,M,7,False,True,,,,,0,0.0,,23.0,,21,3.0,,1.0,4.0,3.0,1.0,,,,,0,0,,,0,0,,2026-05-07,raw/api_football/fixture_players/2026-04-29/fixture_1212912_players.json
1212912,530,Atletico Madrid,336594,Pablo Barrios,45.0,8,M,7.2,False,True,,3.0,1.0,,0,0.0,,45.0,2.0,42,,,,5.0,1.0,,,1.0,,1.0,0,0,,,0,0,,2026-05-07,raw/api_football/fixture_players/2026-04-29/fixture_1212912_players.json
1212912,530,Atletico Madrid,56,Antoine Griezmann,45.0,7,F,7.2,False,True,1.0,,,,0,0.0,,28.0,2.0,20,,,,1.0,1.0,1.0,1.0,,,,0,0,,,0,0,,2026-05-07,raw/api_football/fixture_players/2026-04-29/fixture_1212912_players.json
1212912,530,Atletico Madrid,53,Ángel Correa,28.0,10,F,6.9,False,True,,,,,0,0.0,,10.0,1.0,9,,,,4.0,2.0,2.0,1.0,,,,0,0,,,0,0,,2026-05-07,raw/api_football/fixture_players/2026-04-29/fixture_1212912_players.json
1212912,530,Atletico Madrid,22225,Reinildo Mandava,17.0,23,D,7.2,False,True,,,,,0,0.0,,21.0,1.0,21,2.0,,,4.0,3.0,1.0,1.0,,,,0,0,,,0,0,,2026-05-07,raw/api_football/fixture_players/2026-04-29/fixture_1212912_players.json
1212912,530,Atletico Madrid,333379,Antonio Gomis,,31,G,,False,True,,,,,0,,,,,,,,,,,,,,,,0,0,,,0,0,,2026-05-07,raw/api_football/fixture_players/2026-04-29/fixture_1212912_players.json
1212912,530,Atletico Madrid,2465,Juan Musso,,1,G,,False,True,,,,,0,,,,,,,,,,,,,,,,0,0,,,0,0,,2026-05-07,raw/api_football/fixture_players/2026-04-29/fixture_1212912_players.json
1212912,530,Atletico Madrid,31,José María Giménez,,2,D,,False,True,,,,,0,,,,,,,,,,,,,,,,0,0,,,0,0,,2026-05-07,raw/api_football/fixture_players/2026-04-29/fixture_1212912_players.json
1212912,530,Atletico Madrid,133,Clément Lenglet,,15,D,,False,True,,,,,0,,,,,,,,,,,,,,,,0,0,,,0,0,,2026-05-07,raw/api_football/fixture_players/2026-04-29/fixture_1212912_players.json
1212912,530,Atletico Madrid,47566,Javi Galán,,21,D,,False,True,,,,,0,,,,,,,,,,,,,,,,0,0,,,0,0,,2026-05-07,raw/api_football/fixture_players/2026-04-29/fixture_1212912_players.json
1212912,530,Atletico Madrid,67972,Conor Gallagher,,4,M,,False,True,,,,,0,,,,,,,,,,,,,,,,0,0,,,0,0,,2026-05-07,raw/api_football/fixture_players/2026-04-29/fixture_1212912_players.json
1212912,530,Atletico Madrid,323935,Giuliano Simeone,,22,F,,False,True,,,,,0,,,,,,,,,,,,,,,,0,0,,,0,0,,2026-05-07,raw/api_football/fixture_players/2026-04-29/fixture_1212912_players.json
1212912,540,Espanyol,182718,Joan García,90.0,1,G,8.2,False,False,,,,,0,0.0,7.0,40.0,,19,,,,,,,,,,,0,0,,,0,0,0.0,2026-05-07,raw/api_football/fixture_players/2026-04-29/fixture_1212912_players.json
1212912,540,Espanyol,46709,Álvaro Tejero,90.0,12,D,7,False,False,,1.0,,,0,0.0,,21.0,1.0,17,,,1.0,6.0,2.0,,,2.0,1.0,1.0,0,0,,,0,0,,2026-05-07,raw/api_football/fixture_players/2026-04-29/fixture_1212912_players.json
1212912,540,Espanyol,286601,Omar El Hilali,90.0,23,D,7,False,False,,,,,0,0.0,,32.0,,27,2.0,,,8.0,4.0,1.0,1.0,1.0,,,1,0,,,0,0,,2026-05-07,raw/api_football/fixture_players/2026-04-29/fixture_1212912_players.json
1212912,540,Espanyol,47478,Fernando Calero,90.0,5,D,7.3,False,False,,,,,0,0.0,,45.0,,42,,2.0,2.0,4.0,1.0,,,1.0,,1.0,0,0,,,0,0,,2026-05-07,raw/api_football/fixture_players/2026-04-29/fixture_1212912_players.json
1212912,540,Espanyol,30924,Marash Kumbulla,65.0,4,D,7.2,False,False,,,,,0,0.0,,40.0,,37,1.0,1.0,1.0,6.0,4.0,1.0,,,2.0,,0,0,,,0,0,,2026-05-07,raw/api_football/fixture_players/2026-04-29/fixture_1212912_players.json
1212912,540,Espanyol,184420,Carlos Romero,64.0,22,D,6.9,False,False,,,,,0,0.0,,25.0,,17,2.0,,1.0,5.0,3.0,,,,,1.0,0,0,,,0,0,,2026-05-07,raw/api_football/fixture_players/2026-04-29/fixture_1212912_players.json
1212912,540,Espanyol,1234,Alex Král,90.0,20,M,7.9,False,False,,1.0,,,0,0.0,,25.0,1.0,21,3.0,2.0,1.0,9.0,8.0,2.0,2.0,,1.0,,0,0,,,0,0,,2026-05-07,raw/api_football/fixture_players/2026-04-29/fixture_1212912_players.json
1212912,540,Espanyol,67940,José Gragera,66.0,15,M,6.6,False,False,,,,,0,0.0,,26.0,,24,3.0,,,8.0,4.0,,,2.0,,2.0,0,0,,,0,0,,2026-05-07,raw/api_football/fixture_players/2026-04-29/fixture_1212912_players.json
1212912,540,Espanyol,47195,Álvaro Aguado,87.0,18,M,7.2,False,False,,2.0,,,0,0.0,,40.0,,32,,,1.0,3.0,2.0,1.0,1.0,,1.0,,0,0,,,0,0,,2026-05-07,raw/api_football/fixture_players/2026-04-29/fixture_1212912_players.json
1212912,540,Espanyol,311344,Alejo Véliz,64.0,9,F,6.9,False,False,,1.0,,,0,0.0,,14.0,,9,,,,9.0,5.0,1.0,,,,1.0,0,0,,,0,0,,2026-05-07,raw/api_football/fixture_players/2026-04-29/fixture_1212912_players.json
1212912,540,Espanyol,47349,Javi Puado,90.0,7,F,6.9,True,False,,2.0,,,0,0.0,,25.0,1.0,21,2.0,,,7.0,5.0,1.0,1.0,,,2.0,1,0,,,0,0,,2026-05-07,raw/api_football/fixture_players/2026-04-29/fixture_1212912_players.json
1212912,540,Espanyol,46764,Brian Oliván,26.0,14,D,6.6,False,True,,,,,0,0.0,,8.0,1.0,6,,,,,,,,,,,0,0,,,0,0,,2026-05-07,raw/api_football/fixture_players/2026-04-29/fixture_1212912_players.json
1212912,540,Espanyol,128478,Walid Cheddira,26.0,16,F,6.3,False,True,,1.0,1.0,,0,0.0,,2.0,,1,,,,13.0,2.0,3.0,1.0,,1.0,1.0,0,0,,,0,0,,2026-05-07,raw/api_football/fixture_players/2026-04-29/fixture_1212912_players.json
1212912,540,Espanyol,2042,Sergi Gómez,25.0,3,D,7,False,True,,,,,0,0.0,,9.0,,8,1.0,2.0,,3.0,1.0,,,,,,0,0,,,0,0,,2026-05-07,raw/api_football/fixture_players/2026-04-29/fixture_1212912_players.json
1212912,540,Espanyol,127426,Pol Lozano,24.0,10,M,6.7,False,True,,,,,0,0.0,,8.0,1.0,6,,1.0,,2.0,,1.0,,,,,0,0,,,0,0,,2026-05-07,raw/api_football/fixture_players/2026-04-29/fixture_1212912_players.json
1212912,540,Espanyol,182674,Jofre Carreras,12.0,17,F,6.7,False,True,,,,,0,0.0,,2.0,1.0,2,,,,,,,,,,,0,0,,,0,0,,2026-05-07,raw/api_football/fixture_players/2026-04-29/fixture_1212912_players.json
1212912,540,Espanyol,182735,Angel Fortuno,,33,G,,False,True,,,,,0,,,,,,,,,,,,,,,,0,0,,,0,0,,2026-05-07,raw/api_football/fixture_players/2026-04-29/fixture_1212912_players.json
1212912,540,Espanyol,47352,Fernando Pacheco,,13,G,,False,True,,,,,0,,,,,,,,,,,,,,,,0,0,,,0,0,,2026-05-07,raw/api_football/fixture_players/2026-04-29/fixture_1212912_players.json
1212912,540,Espanyol,355327,Jose Luis Catala,,27,D,,False,True,,,,,0,,,,,,,,,,,,,,,,0,0,,,0,0,,2026-05-07,raw/api_football/fixture_players/2026-04-29/fixture_1212912_players.json
1212912,540,Espanyol,46775,Salvi Sánchez,,19,M,,False,True,,,,,0,,,,,,,,,,,,,,,,0,0,,,0,0,,2026-05-07,raw/api_football/fixture_players/2026-04-29/fixture_1212912_players.json
1212912,540,Espanyol,438284,Rafael Bauza,,35,M,,False,True,,,,,0,,,,,,,,,,,,,,,,0,0,,,0,0,,2026-05-07,raw/api_football/fixture_players/2026-04-29/fixture_1212912_players.json
1212912,540,Espanyol,47398,Pere Milla,,11,M,,False,True,,,,,0,,,,,,,,,,,,,,,,0,0,,,0,0,,2026-05-07,raw/api_football/fixture_players/2026-04-29/fixture_1212912_players.json
1212912,540,Espanyol,297742,Antoniu Roca,,31,F,,False,True,,,,,0,,,,,,,,,,,,,,,,0,0,,,0,0,,2026-05-07,raw/api_football/fixture_players/2026-04-29/fixture_1212912_players.json
1212913,540,Espanyol,182718,Joan García,90.0,1,G,7.3,False,False,,,,,1,0.0,4.0,35.0,,32,,,,1.0,1.0,,,,1.0,,0,0,,,0,0,0.0,2026-05-07,raw/api_football/fixture_players/2026-04-29/fixture_1212913_players.json
1212913,540,Espanyol,286601,Omar El Hilali,90.0,23,D,6.7,False,False,,,,,0,0.0,,33.0,,26,,,,6.0,2.0,1.0,1.0,1.0,,1.0,0,0,,,0,0,,2026-05-07,raw/api_football/fixture_players/2026-04-29/fixture_1212913_players.json
1212913,540,Espanyol,47478,Fernando Calero,89.0,5,D,7,False,False,,,,,0,0.0,,56.0,,43,3.0,1.0,3.0,5.0,5.0,,,,2.0,1.0,0,0,,,0,0,,2026-05-07,raw/api_football/fixture_players/2026-04-29/fixture_1212913_players.json
1212913,540,Espanyol,30924,Marash Kumbulla,90.0,4,D,7.3,False,False,,,,,0,0.0,,51.0,,45,3.0,,1.0,12.0,9.0,,,,5.0,1.0,1,0,,,0,0,,2026-05-07,raw/api_football/fixture_players/2026-04-29/fixture_1212913_players.json
1212913,540,Espanyol,46764,Brian Oliván,45.0,14,D,6.9,False,False,,,,,0,0.0,,17.0,,13,3.0,,,4.0,3.0,,,,,,0,0,,,0,0,,2026-05-07,raw/api_football/fixture_players/2026-04-29/fixture_1212913_players.json
1212913,540,Espanyol,182674,Jofre Carreras,65.0,17,M,6.7,False,False,,,,,0,1.0,,10.0,1.0,6,,,,4.0,,1.0,,,,,0,0,,,0,0,,2026-05-07,raw/api_football/fixture_players/2026-04-29/fixture_1212913_players.json
1212913,540,Espanyol,1234,Alex Král,90.0,20,M,6.6,False,False,,1.0,,,0,0.0,,35.0,,27,2.0,2.0,2.0,9.0,4.0,3.0,2.0,2.0,,1.0,0,0,,,0,0,,2026-05-07,raw/api_football/fixture_players/2026-04-29/fixture_1212913_players.json
1212913,540,Espanyol,67940,José Gragera,45.0,15,M,6.7,False,False,,,,,0,0.0,,11.0,,7,2.0,,2.0,8.0,4.0,,,,1.0,3.0,0,0,,,0,0,,2026-05-07,raw/api_football/fixture_players/2026-04-29/fixture_1212913_players.json
1212913,540,Espanyol,184420,Carlos Romero,90.0,22,M,7.9,False,False,,1.0,1.0,1.0,0,0.0,,26.0,4.0,19,3.0,1.0,1.0,12.0,6.0,3.0,1.0,,2.0,2.0,0,0,,,0,0,,2026-05-07,raw/api_football/fixture_players/2026-04-29/fixture_1212913_players.json
1212913,540,Espanyol,47349,Javi Puado,71.0,7,F,6.2,True,False,,,,,0,0.0,,18.0,,10,,,,5.0,1.0,1.0,,,1.0,2.0,0,0,,,0,0,,2026-05-07,raw/api_football/fixture_players/2026-04-29/fixture_1212913_players.json
1212913,540,Espanyol,311344,Alejo Véliz,90.0,9,F,7.3,False,False,,3.0,1.0,1.0,0,0.0,,16.0,,12,,1.0,,16.0,9.0,2.0,,,1.0,,1,0,,,0,0,,2026-05-07,raw/api_football/fixture_players/2026-04-29/fixture_1212913_players.json
1212913,540,Espanyol,47195,Álvaro Aguado,45.0,18,M,6.7,False,True,,1.0,,,0,0.0,,24.0,1.0,21,1.0,,,4.0,1.0,1.0,,1.0,,1.0,1,0,,,0,0,,2026-05-07,raw/api_football/fixture_players/2026-04-29/fixture_1212913_players.json
1212913,540,Espanyol,8683,Irvin Cardona,45.0,24,F,7,False,True,,1.0,1.0,,0,0.0,,10.0,1.0,6,1.0,,2.0,7.0,4.0,,,1.0,1.0,,0,0,,,0,0,,2026-05-07,raw/api_football/fixture_players/2026-04-29/fixture_1212913_players.json
1212913,540,Espanyol,46709,Álvaro Tejero,25.0,12,D,6.5,False,True,,,,,0,0.0,,9.0,1.0,5,,,,4.0,1.0,,,2.0,,1.0,0,0,,,0,0,,2026-05-07,raw/api_football/fixture_players/2026-04-29/fixture_1212913_players.json
1212913,540,Espanyol,128478,Walid Cheddira,19.0,16,F,7.2,False,True,,,,,0,1.0,,4.0,2.0,4,,,,3.0,2.0,,,,1.0,1.0,0,0,,,0,0,,2026-05-07,raw/api_football/fixture_players/2026-04-29/fixture_1212913_players.json
1212913,540,Espanyol,2042,Sergi Gómez,10.0,3,D,6.7,False,True,,,,,0,0.0,,,,,,,,1.0,1.0,,,,,,0,0,,,0,0,,2026-05-07,raw/api_football/fixture_players/2026-04-29/fixture_1212913_players.json
1212913,540,Espanyol,182735,Angel Fortuno,,33,G,,False,True,,,,,0,,,,,,,,,,,,,,,,0,0,,,0,0,,2026-05-07,raw/api_football/fixture_players/2026-04-29/fixture_1212913_players.json
1212913,540,Espanyol,47352,Fernando Pacheco,,13,G,,False,True,,,,,0,,,,,,,,,,,,,,,,0,0,,,0,0,,2026-05-07,raw/api_football/fixture_players/2026-04-29/fixture_1212913_players.json
1212913,540,Espanyol,438284,Rafael Bauza,,35,M,,False,True,,,,,0,,,,,,,,,,,,,,,,0,0,,,0,0,,2026-05-07,raw/api_football/fixture_players/2026-04-29/fixture_1212913_players.json
1212913,540,Espanyol,127426,Pol Lozano,,10,M,,False,True,,,,,0,,,,,,,,,,,,,,,,0,0,,,0,0,,2026-05-07,raw/api_football/fixture_players/2026-04-29/fixture_1212913_players.json
1212913,540,Espanyol,47398,Pere Milla,,11,M,,False,True,,,,,0,,,,,,,,,,,,,,,,0,0,,,0,0,,2026-05-07,raw/api_football/fixture_players/2026-04-29/fixture_1212913_players.json
1212913,540,Espanyol,161894,Naci Ünüvar,,37,M,,False,True,,,,,0,,,,,,,,,,,,,,,,0,0,,,0,0,,2026-05-07,raw/api_football/fixture_players/2026-04-29/fixture_1212913_players.json
1212913,540,Espanyol,297742,Antoniu Roca,,31,F,,False,True,,,,,0,,,,,,,,,,,,,,,,0,0,,,0,0,,2026-05-07,raw/api_football/fixture_players/2026-04-29/fixture_1212913_players.json
1212913,728,Rayo Vallecano,156488,Dani Cárdenas,90.0,1,G,6.2,False,False,,,,,2,0.0,1.0,23.0,,18,,,,,,,,,,,0,0,,,0,0,0.0,2026-05-07,raw/api_football/fixture_players/2026-04-29/fixture_1212913_players.json
1212913,728,Rayo Vallecano,1703,Andrei Rațiu,90.0,2,D,6.7,False,False,1.0,1.0,,,0,0.0,,23.0,1.0,18,1.0,,,8.0,3.0,1.0,1.0,,,2.0,0,0,,,0,0,,2026-05-07,raw/api_football/fixture_players/2026-04-29/fixture_1212913_players.json
1212913,728,Rayo Vallecano,18895,Florian Lejeune,90.0,24,D,7.2,False,False,,5.0,2.0,,0,0.0,,61.0,,49,3.0,,,14.0,7.0,,,,,1.0,0,0,,,0,0,,2026-05-07,raw/api_football/fixture_players/2026-04-29/fixture_1212913_players.json
1212913,728,Rayo Vallecano,15900,Abdul Mumin,90.0,16,D,6.3,False,False,,,,,0,0.0,,55.0,,49,1.0,1.0,1.0,7.0,4.0,1.0,,,1.0,2.0,1,0,,,0,0,,2026-05-07,raw/api_football/fixture_players/2026-04-29/fixture_1212913_players.json
1212913,728,Rayo Vallecano,46759,Alfonso Espino,35.0,22,D,6.5,False,False,,,,,0,0.0,,9.0,,7,,,1.0,2.0,,,,,,,0,0,,,0,0,,2026-05-07,raw/api_football/fixture_players/2026-04-29/fixture_1212913_players.json
1212913,728,Rayo Vallecano,128582,Jorge de Frutos,63.0,19,M,6.6,False,False,,,,,0,0.0,,15.0,2.0,12,1.0,,,10.0,5.0,2.0,,1.0,3.0,,0,0,,,0,0,,2026-05-07,raw/api_football/fixture_players/2026-04-29/fixture_1212913_players.json
1212913,728,Rayo Vallecano,47109,Óscar Valentín,90.0,23,M,6.9,True,False,,,,,0,0.0,,35.0,,30,2.0,,3.0,15.0,9.0,1.0,1.0,,3.0,3.0,0,0,,,0,0,,2026-05-07,raw/api_football/fixture_players/2026-04-29/fixture_1212913_players.json
1212913,728,Rayo Vallecano,47285,Unai López,73.0,17,M,7.2,False,False,,1.0,1.0,,0,0.0,,51.0,,47,,1.0,2.0,3.0,,,,2.0,,1.0,0,0,,,0,0,,2026-05-07,raw/api_football/fixture_players/2026-04-29/fixture_1212913_players.json
1212913,728,Rayo Vallecano,47543,Álvaro García,72.0,18,M,7.7,False,False,,2.0,1.0,1.0,0,0.0,,21.0,,13,3.0,,,6.0,4.0,2.0,1.0,,,,1,0,,,0,0,,2026-05-07,raw/api_football/fixture_players/2026-04-29/fixture_1212913_players.json
1212913,728,Rayo Vallecano,47554,Adrián Embarba,90.0,21,F,7.3,False,False,1.0,1.0,,,0,1.0,,27.0,4.0,17,1.0,,1.0,14.0,5.0,2.0,1.0,,2.0,3.0,0,0,,,0,0,,2026-05-07,raw/api_football/fixture_players/2026-04-29/fixture_1212913_players.json
1212913,728,Rayo Vallecano,52,Sergio Camello,62.0,14,F,6.5,False,False,,,,,0,0.0,,7.0,,7,,,,5.0,,,,,,3.0,0,0,,,0,0,,2026-05-07,raw/api_football/fixture_players/2026-04-29/fixture_1212913_players.json
1212913,728,Rayo Vallecano,181734,Josep Chavarría,55.0,3,D,6.7,False,True,,1.0,,,0,0.0,,30.0,,27,,,1.0,1.0,,,,1.0,,,0,0,,,0,0,,2026-05-07,raw/api_football/fixture_players/2026-04-29/fixture_1212913_players.json
1212913,728,Rayo Vallecano,20520,Iván Balliu,28.0,20,D,6.3,False,True,,,,,0,0.0,,7.0,,4,1.0,,,3.0,2.0,1.0,,,1.0,,0,0,,,0,0,,2026-05-07,raw/api_football/fixture_players/2026-04-29/fixture_1212913_players.json
1212913,728,Rayo Vallecano,131546,Isi Palazón,27.0,7,M,6.9,False,True,,,,,0,0.0,,8.0,1.0,7,,1.0,,5.0,4.0,3.0,2.0,,1.0,,0,0,,,0,0,,2026-05-07,raw/api_football/fixture_players/2026-04-29/fixture_1212913_players.json
1212913,728,Rayo Vallecano,122657,Randy Nteka,18.0,11,M,6.6,False,True,,1.0,1.0,,0,0.0,,4.0,,1,1.0,,,5.0,3.0,,,,1.0,,0,0,,,0,0,,2026-05-07,raw/api_football/fixture_players/2026-04-29/fixture_1212913_players.json
1212913,728,Rayo Vallecano,41552,Ismaila Ciss,17.0,6,M,6.7,False,True,,,,,0,0.0,,14.0,,12,1.0,,,3.0,2.0,1.0,1.0,,,1.0,0,0,,,0,0,,2026-05-07,raw/api_football/fixture_players/2026-04-29/fixture_1212913_players.json
1212913,728,Rayo Vallecano,11379,Augusto Batalla,,13,G,,False,True,,,,,0,,,,,,,,,,,,,,,,0,0,,,0,0,,2026-05-07,raw/api_football/fixture_players/2026-04-29/fixture_1212913_players.json
1212913,728,Rayo Vallecano,46654,Aridane Hernández,,5,D,,False,True,,,,,0,,,,,,,,,,,,,,,,0,0,,,0,0,,2026-05-07,raw/api_football/fixture_players/2026-04-29/fixture_1212913_players.json
1212913,728,Rayo Vallecano,333292,Pelayo Fernández,,27,D,,False,True,,,,,0,,,,,,,,,,,,,,,,0,0,,,0,0,,2026-05-07,raw/api_football/fixture_players/2026-04-29/fixture_1212913_players.json
1212913,728,Rayo Vallecano,46887,Pedro Díaz,,4,M,,False,True,,,,,0,,,,,,,,,,,,,,,,0,0,,,0,0,,2026-05-07,raw/api_football/fixture_players/2026-04-29/fixture_1212913_players.json
1212913,728,Rayo Vallecano,47557,Óscar Trejo,,8,M,,False,True,,,,,0,,,,,,,,,,,,,,,,0,0,,,0,0,,2026-05-07,raw/api_football/fixture_players/2026-04-29/fixture_1212913_players.json
1212913,728,Rayo Vallecano,47414,Gerard Gumbau,,15,M,,False,True,,,,,0,,,,,,,,,,,,,,,,0,0,,,0,0,,2026-05-07,raw/api_football/fixture_players/2026-04-29/fixture_1212913_players.json
1212913,728,Rayo Vallecano,47551,Raúl de Tomás,,9,F,,False,True,,,,,0,,,,,,,,,,,,,,,,0,0,,,0,0,,2026-05-07,raw/api_football/fixture_players/2026-04-29/fixture_1212913_players.json
1212914,540,Espanyol,182718,Joan García,90.0,1,G,7.7,False,False,,,,,2,0.0,4.0,24.0,,15,,,,1.0,1.0,,,,,,0,0,,,0,0,0.0,2026-05-07,raw/api_football/fixture_players/2026-04-29/fixture_1212914_players.json
1212914,540,Espanyol,286601,Omar El Hilali,90.0,23,D,6.6,False,False,,,,,0,0.0,,35.0,,22,3.0,,,15.0,11.0,,,1.0,3.0,3.0,1,0,,,0,0,,2026-05-07,raw/api_football/fixture_players/2026-04-29/fixture_1212914_players.json
1212914,540,Espanyol,30924,Marash Kumbulla,90.0,4,D,7.2,False,False,,,,,0,0.0,,53.0,,46,,3.0,1.0,10.0,6.0,,,,2.0,1.0,1,0,,,0,0,,2026-05-07,raw/api_football/fixture_players/2026-04-29/fixture_1212914_players.json
1212914,540,Espanyol,47249,Leandro Cabrera,90.0,6,D,6.9,False,False,,,,,0,0.0,,41.0,,33,,1.0,1.0,4.0,1.0,,,1.0,,,0,0,,,0,0,,2026-05-07,raw/api_football/fixture_players/2026-04-29/fixture_1212914_players.json
1212914,540,Espanyol,184420,Carlos Romero,85.0,22,D,6.3,False,False,,1.0,,,0,0.0,,16.0,2.0,8,2.0,,,8.0,3.0,,,2.0,,1.0,0,0,,,0,0,,2026-05-07,raw/api_football/fixture_players/2026-04-29/fixture_1212914_players.json
1212914,540,Espanyol,46709,Álvaro Tejero,58.0,12,M,8.3,False,False,1.0,1.0,1.0,,0,2.0,,21.0,4.0,20,2.0,,,4.0,3.0,2.0,1.0,,,,0,0,,,0,0,,2026-05-07,raw/api_football/fixture_players/2026-04-29/fixture_1212914_players.json
1212914,540,Espanyol,1234,Alex Král,90.0,20,M,6.7,False,False,,,,,0,0.0,,15.0,,9,5.0,1.0,,14.0,6.0,1.0,1.0,,,3.0,0,0,,,0,0,,2026-05-07,raw/api_football/fixture_players/2026-04-29/fixture_1212914_players.json
1212914,540,Espanyol,47195,Álvaro Aguado,58.0,18,M,6.6,False,False,,1.0,,,0,0.0,,23.0,,20,,,,4.0,3.0,,,,2.0,1.0,0,0,,,0,0,,2026-05-07,raw/api_football/fixture_players/2026-04-29/fixture_1212914_players.json
1212914,540,Espanyol,182674,Jofre Carreras,75.0,17,M,6.2,False,False,,,,,0,0.0,,7.0,,4,,,,7.0,3.0,2.0,1.0,,1.0,1.0,0,0,,,0,0,,2026-05-07,raw/api_football/fixture_players/2026-04-29/fixture_1212914_players.json
1212914,540,Espanyol,47349,Javi Puado,90.0,7,F,8.9,True,False,,3.0,3.0,3.0,0,0.0,,13.0,1.0,12,2.0,,,11.0,3.0,2.0,,,1.0,1.0,0,0,,,1,0,,2026-05-07,raw/api_football/fixture_players/2026-04-29/fixture_1212914_players.json
1212914,540,Espanyol,311344,Alejo Véliz,57.0,9,F,6.3,False,False,2.0,1.0,,,0,0.0,,1.0,,1,,,,6.0,2.0,,,,2.0,2.0,0,0,,,0,0,,2026-05-07,raw/api_football/fixture_players/2026-04-29/fixture_1212914_players.json
1212914,540,Espanyol,128478,Walid Cheddira,33.0,16,F,6.9,False,True,,1.0,,,0,0.0,,6.0,,5,,,,6.0,3.0,3.0,,,1.0,1.0,0,0,1.0,,0,0,,2026-05-07,raw/api_football/fixture_players/2026-04-29/fixture_1212914_players.json
1212914,540,Espanyol,67940,José Gragera,32.0,15,M,6.3,False,True,,,,,0,0.0,,2.0,,2,,,,2.0,1.0,,,,1.0,1.0,0,0,,,0,0,,2026-05-07,raw/api_football/fixture_players/2026-04-29/fixture_1212914_players.json
1212914,540,Espanyol,8683,Irvin Cardona,32.0,24,F,7.2,False,True,,,,,0,0.0,,7.0,,4,3.0,1.0,1.0,5.0,4.0,,,,,1.0,0,0,,,0,0,,2026-05-07,raw/api_football/fixture_players/2026-04-29/fixture_1212914_players.json
1212914,540,Espanyol,2042,Sergi Gómez,15.0,3,D,6.3,False,True,,,,,0,0.0,,1.0,,1,,,,,,,,,,,0,0,,,0,0,,2026-05-07,raw/api_football/fixture_players/2026-04-29/fixture_1212914_players.json
1212914,540,Espanyol,46764,Brian Oliván,12.0,14,D,6.6,False,True,,,,,0,0.0,,1.0,,,,,1.0,1.0,,,,,,1.0,0,0,,,0,0,,2026-05-07,raw/api_football/fixture_players/2026-04-29/fixture_1212914_players.json
1212914,540,Espanyol,47352,Fernando Pacheco,,13,G,,False,True,,,,,0,,,,,,,,,,,,,,,,0,0,,,0,0,,2026-05-07,raw/api_football/fixture_players/2026-04-29/fixture_1212914_players.json
1212914,540,Espanyol,182735,Angel Fortuno,,33,G,,False,True,,,,,0,,,,,,,,,,,,,,,,0,0,,,0,0,,2026-05-07,raw/api_football/fixture_players/2026-04-29/fixture_1212914_players.json
1212914,540,Espanyol,46775,Salvi Sánchez,,19,M,,False,True,,,,,0,,,,,,,,,,,,,,,,0,0,,,0,0,,2026-05-07,raw/api_football/fixture_players/2026-04-29/fixture_1212914_players.json
1212914,540,Espanyol,127426,Pol Lozano,,10,M,,False,True,,,,,0,,,,,,,,,,,,,,,,0,0,,,0,0,,2026-05-07,raw/api_football/fixture_players/2026-04-29/fixture_1212914_players.json
1212914,540,Espanyol,297742,Antoniu Roca,,31,F,,False,True,,,,,0,,,,,,,,,,,,,,,,0,0,,,0,0,,2026-05-07,raw/api_football/fixture_players/2026-04-29/fixture_1212914_players.json
1212914,540,Espanyol,47398,Pere Milla,,11,M,,False,True,,,,,0,,,,,,,,,,,,,,,,0,0,,,0,0,,2026-05-07,raw/api_football/fixture_players/2026-04-29/fixture_1212914_players.json
1212914,540,Espanyol,161894,Naci Ünüvar,,37,M,,False,True,,,,,0,,,,,,,,,,,,,,,,0,0,,,0,0,,2026-05-07,raw/api_football/fixture_players/2026-04-29/fixture_1212914_players.json
1212914,542,Alaves,47353,Antonio Sivera,90.0,1,G,6.3,False,False,,,,,3,0.0,1.0,24.0,,18,,,,1.0,,,,,,1.0,1,0,,1.0,0,0,0.0,2026-05-07,raw/api_football/fixture_players/2026-04-29/fixture_1212914_players.json
1212914,542,Alaves,6233,Nahuel Tenaglia,90.0,14,D,7.5,True,False,,1.0,1.0,1.0,0,0.0,,36.0,2.0,28,,1.0,2.0,2.0,,1.0,,,,,0,0,,,0,0,,2026-05-07,raw/api_football/fixture_players/2026-04-29/fixture_1212914_players.json
1212914,542,Alaves,46813,Abdelkabir Abqar,64.0,5,D,6.2,False,False,,1.0,,,0,0.0,,23.0,,16,1.0,,1.0,9.0,6.0,,,,2.0,2.0,1,0,,,0,0,,2026-05-07,raw/api_football/fixture_players/2026-04-29/fixture_1212914_players.json
1212914,542,Alaves,40419,Aleksandar Sedlar,90.0,4,D,6.6,False,False,,,,,0,0.0,,55.0,,49,2.0,,3.0,9.0,5.0,,,,,2.0,0,0,,,0,0,,2026-05-07,raw/api_football/fixture_players/2026-04-29/fixture_1212914_players.json
1212914,542,Alaves,64309,Manuel Sánchez,90.0,3,D,6.2,False,False,,,,,0,0.0,,36.0,,25,1.0,,2.0,8.0,4.0,2.0,1.0,,1.0,2.0,1,0,,,0,0,,2026-05-07,raw/api_football/fixture_players/2026-04-29/fixture_1212914_players.json
1212914,542,Alaves,104821,Jon Guridi,64.0,18,M,6.9,False,False,,,,,0,0.0,,35.0,,29,,,1.0,2.0,1.0,1.0,1.0,1.0,,,0,0,,,0,0,,2026-05-07,raw/api_football/fixture_players/2026-04-29/fixture_1212914_players.json
1212914,542,Alaves,162686,Antonio Blanco,64.0,8,M,6.5,False,False,,,,,0,0.0,,36.0,1.0,29,1.0,,,4.0,1.0,,,1.0,,,0,0,,,0,0,,2026-05-07,raw/api_football/fixture_players/2026-04-29/fixture_1212914_players.json
1212914,542,Alaves,187214,Carlos Vicente,90.0,7,M,7.3,False,False,,1.0,,,0,0.0,,18.0,3.0,13,1.0,,,12.0,5.0,4.0,2.0,,2.0,1.0,0,0,,,0,0,,2026-05-07,raw/api_football/fixture_players/2026-04-29/fixture_1212914_players.json
1212914,542,Alaves,46740,Stoichkov,90.0,19,M,6.9,False,False,,1.0,,,0,0.0,,29.0,,19,3.0,,,15.0,8.0,2.0,,,5.0,,0,0,,,0,0,,2026-05-07,raw/api_football/fixture_players/2026-04-29/fixture_1212914_players.json
1212914,542,Alaves,51241,Tomás Conechny,78.0,10,M,7.2,False,False,,3.0,2.0,1.0,0,0.0,,20.0,,12,2.0,,1.0,7.0,4.0,,,1.0,1.0,,0,0,,,0,0,,2026-05-07,raw/api_football/fixture_players/2026-04-29/fixture_1212914_players.json
1212914,542,Alaves,47396,Kike García,64.0,17,F,6.3,False,False,,1.0,1.0,,0,0.0,,18.0,,14,,,,10.0,2.0,,,,,3.0,0,0,,,0,0,,2026-05-07,raw/api_football/fixture_players/2026-04-29/fixture_1212914_players.json
1212914,542,Alaves,311773,Santiago Mouriño,26.0,12,D,7.2,False,True,,1.0,1.0,,0,0.0,,25.0,2.0,21,2.0,,,4.0,3.0,,,,,,0,0,,,0,0,,2026-05-07,raw/api_football/fixture_players/2026-04-29/fixture_1212914_players.json
1212914,542,Alaves,47309,Ander Guevara,26.0,6,M,7,False,True,,1.0,,,0,0.0,,26.0,2.0,22,,,,2.0,,,,,,1.0,0,0,,,0,0,,2026-05-07,raw/api_football/fixture_players/2026-04-29/fixture_1212914_players.json
1212914,542,Alaves,47389,Joan Jordán,26.0,24,M,7.3,False,True,,,,,0,1.0,,32.0,1.0,27,2.0,,,4.0,4.0,,,,2.0,,0,0,,,0,0,,2026-05-07,raw/api_football/fixture_players/2026-04-29/fixture_1212914_players.json
1212914,542,Alaves,47181,Toni Martínez,26.0,11,F,6.9,False,True,,2.0,1.0,,0,0.0,,10.0,2.0,8,,,,6.0,3.0,,,,,2.0,0,0,,,0,0,,2026-05-07,raw/api_football/fixture_players/2026-04-29/fixture_1212914_players.json
1212914,542,Alaves,104853,Asier Villalibre,12.0,9,F,6.9,False,True,,1.0,,,0,0.0,,6.0,,5,,,,3.0,2.0,1.0,,,2.0,,0,0,,,0,0,,2026-05-07,raw/api_football/fixture_players/2026-04-29/fixture_1212914_players.json
1212914,542,Alaves,122471,Jesús Owono,,13,G,,False,True,,,,,0,,,,,,,,,,,,,,,,0,0,,,0,0,,2026-05-07,raw/api_football/fixture_players/2026-04-29/fixture_1212914_players.json
1212914,542,Alaves,70476,Moussa Diarra,,22,D,,False,True,,,,,0,,,,,,,,,,,,,,,,0,0,,,0,0,,2026-05-07,raw/api_football/fixture_players/2026-04-29/fixture_1212914_players.json
1212914,542,Alaves,295383,Adrián,,36,D,,False,True,,,,,0,,,,,,,,,,,,,,,,0,0,,,0,0,,2026-05-07,raw/api_football/fixture_players/2026-04-29/fixture_1212914_players.json
1212914,542,Alaves,183751,Abderrahman Rebbach,,21,F,,False,True,,,,,0,,,,,,,,,,,,,,,,0,0,,,0,0,,2026-05-07,raw/api_football/fixture_players/2026-04-29/fixture_1212914_players.json
1212914,542,Alaves,263812,Luka Romero,,20,F,,False,True,,,,,0,,,,,,,,,,,,,,,,0,0,,,0,0,,2026-05-07,raw/api_football/fixture_players/2026-04-29/fixture_1212914_players.json
1212914,542,Alaves,6085,Carlos Benavídez,,23,M,,False,True,,,,,0,,,,,,,,,,,,,,,,0,0,,,0,0,,2026-05-07,raw/api_football/fixture_players/2026-04-29/fixture_1212914_players.json
1212914,542,Alaves,324750,Carlos Martín,,15,F,,False,True,,,,,0,,,,,,,,,,,,,,,,0,0,,,0,0,,2026-05-07,raw/api_football/fixture_players/2026-04-29/fixture_1212914_players.json
1208494,531,Athletic Club,312468,Alex Padilla,90.0,26,G,6.7,False,False,,,,,1,0.0,1.0,36.0,,19,,,,1.0,1.0,,,,,,0,0,,,0,0,0.0,2026-05-07,raw/api_football/fixture_players/2026-04-30/fixture_1208494_players.json
1208494,531,Athletic Club,47299,Andoni Gorosabel,81.0,2,D,6.2,False,False,,,,,0,0.0,,20.0,,16,1.0,,,6.0,2.0,1.0,1.0,1.0,,3.0,1,0,,,0,0,,2026-05-07,raw/api_football/fixture_players/2026-04-30/fixture_1208494_players.json
1208494,531,Athletic Club,47271,Yeray Álvarez,90.0,5,D,6.9,False,False,,,,,0,0.0,,59.0,,52,1.0,,2.0,10.0,5.0,1.0,,,1.0,1.0,0,0,,,0,0,,2026-05-07,raw/api_football/fixture_players/2026-04-30/fixture_1208494_players.json
1208494,531,Athletic Club,183849,Aitor Paredes,81.0,4,D,6.6,False,False,,,,,0,0.0,,56.0,1.0,49,,1.0,,6.0,4.0,,,1.0,2.0,1.0,0,0,,,0,0,,2026-05-07,raw/api_football/fixture_players/2026-04-30/fixture_1208494_players.json
1208494,531,Athletic Club,47273,Yuri Berchiche,90.0,17,D,7.2,False,False,1.0,1.0,1.0,,0,0.0,,46.0,,40,1.0,,1.0,7.0,4.0,1.0,1.0,1.0,,,0,0,,,0,0,,2026-05-07,raw/api_football/fixture_players/2026-04-30/fixture_1208494_players.json
1208494,531,Athletic Club,182617,Beñat Prados,57.0,24,M,6.3,False,False,,,,,0,0.0,,28.0,1.0,20,1.0,,,12.0,6.0,2.0,1.0,2.0,1.0,1.0,1,0,,,0,0,,2026-05-07,raw/api_football/fixture_players/2026-04-30/fixture_1208494_players.json
1208494,531,Athletic Club,47418,Mikel Vesga,57.0,6,M,6.5,False,False,,,,,0,0.0,,38.0,,27,2.0,,1.0,6.0,2.0,1.0,,1.0,,1.0,0,0,,,0,0,,2026-05-07,raw/api_football/fixture_players/2026-04-30/fixture_1208494_players.json
1208494,531,Athletic Club,47294,Iñaki Williams,90.0,9,M,6.7,True,False,,1.0,,,0,0.0,,22.0,,15,1.0,,,8.0,4.0,1.0,1.0,,1.0,,0,0,,,0,0,,2026-05-07,raw/api_football/fixture_players/2026-04-30/fixture_1208494_players.json
1208494,531,Athletic Club,128398,Oihan Sancet,90.0,8,M,7.2,False,False,,1.0,1.0,1.0,0,0.0,,23.0,,18,1.0,,,6.0,2.0,,,,1.0,1.0,0,0,,,0,0,,2026-05-07,raw/api_football/fixture_players/2026-04-30/fixture_1208494_players.json
1208494,531,Athletic Club,30510,Álex Berenguer,72.0,7,M,6.5,False,False,,,,,0,0.0,,17.0,,11,1.0,,,14.0,7.0,5.0,2.0,,1.0,1.0,0,0,,,0,0,,2026-05-07,raw/api_football/fixture_players/2026-04-30/fixture_1208494_players.json
1208494,531,Athletic Club,47291,Gorka Guruzeta,90.0,12,F,6.9,False,False,,,,,0,1.0,,21.0,2.0,16,,1.0,,12.0,1.0,1.0,,,1.0,3.0,0,0,,,0,0,,2026-05-07,raw/api_football/fixture_players/2026-04-30/fixture_1208494_players.json
1208494,531,Athletic Club,898,Ander Herrera,33.0,21,M,6.6,False,True,,,,,0,0.0,,32.0,1.0,27,1.0,,,9.0,5.0,2.0,1.0,,2.0,2.0,1,0,,,0,0,,2026-05-07,raw/api_football/fixture_players/2026-04-30/fixture_1208494_players.json
1208494,531,Athletic Club,332308,Unai Gómez,33.0,20,M,6.3,False,True,,,,,0,0.0,,8.0,,7,,,,7.0,3.0,2.0,1.0,,1.0,1.0,1,0,,,0,0,,2026-05-07,raw/api_football/fixture_players/2026-04-30/fixture_1208494_players.json
1208494,531,Athletic Club,183799,Nico Williams,18.0,10,F,7.2,False,True,,2.0,2.0,,0,0.0,,6.0,,4,,,,1.0,1.0,1.0,1.0,,,,0,0,,,0,0,,2026-05-07,raw/api_football/fixture_players/2026-04-30/fixture_1208494_players.json
1208494,531,Athletic Club,47278,Daniel Vivian,9.0,3,D,6.7,False,True,1.0,,,,0,0.0,,18.0,,18,,,,2.0,,,,,,,0,0,,,0,0,,2026-05-07,raw/api_football/fixture_players/2026-04-30/fixture_1208494_players.json
1208494,531,Athletic Club,47276,Íñigo Lekue,9.0,15,D,6.9,False,True,,,,,0,0.0,,14.0,1.0,13,,,,1.0,1.0,,,,1.0,,0,0,,,0,0,,2026-05-07,raw/api_football/fixture_players/2026-04-30/fixture_1208494_players.json
1208494,531,Athletic Club,332302,Oier Gastesi,,34,G,,False,True,,,,,0,,,,,,,,,,,,,,,,0,0,,,0,0,,2026-05-07,raw/api_football/fixture_players/2026-04-30/fixture_1208494_players.json
1208494,531,Athletic Club,332305,Unai Eguíluz,,27,D,,False,True,,,,,0,,,,,,,,,,,,,,,,0,0,,,0,0,,2026-05-07,raw/api_football/fixture_players/2026-04-30/fixture_1208494_players.json
1208494,531,Athletic Club,336998,Adama Boiro,,32,D,,False,True,,,,,0,,,,,,,,,,,,,,,,0,0,,,0,0,,2026-05-07,raw/api_football/fixture_players/2026-04-30/fixture_1208494_players.json
1208494,531,Athletic Club,383780,Mikel Jauregizar,,31,M,,False,True,,,,,0,,,,,,,,,,,,,,,,0,0,,,0,0,,2026-05-07,raw/api_football/fixture_players/2026-04-30/fixture_1208494_players.json
1208494,531,Athletic Club,179153,Javier Martón Ansó,,19,F,,False,True,,,,,0,,,,,,,,,,,,,,,,0,0,,,0,0,,2026-05-07,raw/api_football/fixture_players/2026-04-30/fixture_1208494_players.json
1208494,531,Athletic Club,288525,Malcom Ares,,23,F,,False,True,,,,,0,,,,,,,,,,,,,,,,0,0,,,0,0,,2026-05-07,raw/api_football/fixture_players/2026-04-30/fixture_1208494_players.json
1208494,546,Getafe,47247,David Soria,90.0,13,G,6.9,False,False,,,,,1,0.0,3.0,16.0,,6,,,,1.0,1.0,,,,,,0,0,,,0,0,0.0,2026-05-07,raw/api_football/fixture_players/2026-04-30/fixture_1208494_players.json
1208494,546,Getafe,119742,Juan Iglesias,90.0,21,D,7,False,False,,,,,0,0.0,,13.0,,7,5.0,,6.0,14.0,6.0,,,4.0,,,0,0,,,0,0,,2026-05-07,raw/api_football/fixture_players/2026-04-30/fixture_1208494_players.json
1208494,546,Getafe,47250,Djené,90.0,2,D,6.9,True,False,,,,,0,0.0,,16.0,,13,,,2.0,2.0,2.0,,,,1.0,,0,0,,,0,0,,2026-05-07,raw/api_football/fixture_players/2026-04-30/fixture_1208494_players.json
1208494,546,Getafe,6168,Omar Alderete,90.0,15,D,7.3,False,False,,,,,0,0.0,,27.0,1.0,16,1.0,1.0,,5.0,4.0,,,,,,0,0,,,0,0,,2026-05-07,raw/api_football/fixture_players/2026-04-30/fixture_1208494_players.json
1208494,546,Getafe,18867,Diego Rico,90.0,16,D,6.9,False,False,,,,,0,0.0,,20.0,1.0,13,5.0,,,9.0,7.0,,,,1.0,1.0,0,0,,,0,0,,2026-05-07,raw/api_football/fixture_players/2026-04-30/fixture_1208494_players.json
1208494,546,Getafe,325415,Nabil Aberdin,90.0,27,M,7.3,False,False,,1.0,,,0,0.0,,19.0,,11,4.0,,,13.0,11.0,1.0,1.0,,1.0,2.0,0,0,,,0,0,,2026-05-07,raw/api_football/fixture_players/2026-04-30/fixture_1208494_players.json
1208494,546,Getafe,67955,Carles Pérez,45.0,17,M,6.9,False,False,,2.0,,,0,0.0,,8.0,1.0,5,,,,8.0,4.0,4.0,3.0,,1.0,1.0,0,0,,,0,0,,2026-05-07,raw/api_football/fixture_players/2026-04-30/fixture_1208494_players.json
1208494,546,Getafe,47085,Luis Milla,90.0,5,M,6.6,False,False,,,,,0,1.0,,26.0,2.0,15,,,1.0,12.0,3.0,,,2.0,1.0,2.0,0,0,,,0,0,,2026-05-07,raw/api_football/fixture_players/2026-04-30/fixture_1208494_players.json
1208494,546,Getafe,47258,Mauro Arambarri,40.0,8,M,6.3,False,False,,,,,0,0.0,,9.0,,4,,,,2.0,,1.0,,,,,0,0,,,0,0,,2026-05-07,raw/api_football/fixture_players/2026-04-30/fixture_1208494_players.json
1208494,546,Getafe,47306,Álex Sola,79.0,7,M,6.3,False,False,,1.0,,,0,0.0,,10.0,1.0,5,1.0,,,9.0,3.0,1.0,1.0,2.0,1.0,,0,0,,,0,0,,2026-05-07,raw/api_football/fixture_players/2026-04-30/fixture_1208494_players.json
1208494,546,Getafe,403554,Christantus Uche,90.0,6,F,7.2,False,False,4.0,1.0,1.0,1.0,0,0.0,,11.0,1.0,7,2.0,,,15.0,9.0,1.0,,,4.0,2.0,1,0,,,0,0,,2026-05-07,raw/api_football/fixture_players/2026-04-30/fixture_1208494_players.json
1208494,546,Getafe,143,Carles Aleñá,50.0,11,M,6.9,False,True,2.0,1.0,1.0,,0,0.0,,12.0,,9,2.0,,,9.0,5.0,1.0,1.0,1.0,2.0,2.0,0,0,,,0,0,,2026-05-07,raw/api_football/fixture_players/2026-04-30/fixture_1208494_players.json
1208494,546,Getafe,270516,Peter González,45.0,19,F,6.6,False,True,,1.0,,,0,0.0,,7.0,,5,,,,5.0,2.0,,,,1.0,1.0,0,0,,,0,0,,2026-05-07,raw/api_football/fixture_players/2026-04-30/fixture_1208494_players.json
1208494,546,Getafe,364415,Yellu Santiago,11.0,20,M,6.6,False,True,,,,,0,0.0,,,,,2.0,,,4.0,3.0,,,,1.0,1.0,0,0,,,0,0,,2026-05-07,raw/api_football/fixture_players/2026-04-30/fixture_1208494_players.json
1208494,546,Getafe,482071,Diego Ferrer,,40,G,,False,True,,,,,0,,,,,,,,,,,,,,,,0,0,,,0,0,,2026-05-07,raw/api_football/fixture_players/2026-04-30/fixture_1208494_players.json
1208494,546,Getafe,66491,Jiří Letáček,,1,G,,False,True,,,,,0,,,,,,,,,,,,,,,,0,0,,,0,0,,2026-05-07,raw/api_football/fixture_players/2026-04-30/fixture_1208494_players.json
1208494,546,Getafe,46795,Domingos Duarte,,22,D,,False,True,,,,,0,,,,,,,,,,,,,,,,0,0,,,0,0,,2026-05-07,raw/api_football/fixture_players/2026-04-30/fixture_1208494_players.json
1208494,546,Getafe,465838,Alberto Risco,,26,M,,False,True,,,,,0,,,,,,,,,,,,,,,,0,0,,,0,0,,2026-05-07,raw/api_football/fixture_players/2026-04-30/fixture_1208494_players.json
1208495,543,Real Betis,46672,Rui Silva,90.0,1,G,6.7,False,False,,,,,1,0.0,1.0,38.0,,30,,,,1.0,1.0,,,,1.0,,0,0,,,0,0,0.0,2026-05-07,raw/api_football/fixture_players/2026-04-30/fixture_1208495_players.json
1208495,543,Real Betis,1264,Youssouf Sabaly,90.0,23,D,7,False,False,,1.0,,,0,0.0,,28.0,1.0,23,2.0,,1.0,3.0,2.0,,,,,1.0,0,0,,,0,0,,2026-05-07,raw/api_football/fixture_players/2026-04-30/fixture_1208495_players.json
1208495,543,Real Betis,1561,Marc Bartra,90.0,5,D,7.7,False,False,,1.0,1.0,1.0,0,0.0,,44.0,,38,1.0,1.0,2.0,3.0,2.0,,,,,,0,0,,,0,0,,2026-05-07,raw/api_football/fixture_players/2026-04-30/fixture_1208495_players.json
1208495,543,Real Betis,47302,Diego Llorente,90.0,3,D,6.9,False,False,,,,,0,0.0,,53.0,,44,,2.0,1.0,4.0,2.0,1.0,1.0,,,2.0,0,0,,,0,0,,2026-05-07,raw/api_football/fixture_players/2026-04-30/fixture_1208495_players.json
1208495,543,Real Betis,20600,Romain Perraud,90.0,15,D,6.2,False,False,1.0,1.0,,,0,0.0,,25.0,,16,2.0,,1.0,14.0,5.0,3.0,2.0,3.0,1.0,2.0,1,0,,,0,0,,2026-05-07,raw/api_football/fixture_players/2026-04-30/fixture_1208495_players.json
1208495,543,Real Betis,1580,William Carvalho,77.0,14,M,6.9,False,False,,1.0,1.0,,0,0.0,,34.0,,31,1.0,1.0,1.0,4.0,2.0,1.0,,,,,0,0,,,0,0,,2026-05-07,raw/api_football/fixture_players/2026-04-30/fixture_1208495_players.json
1208495,543,Real Betis,47341,Marc Roca,77.0,21,M,6.6,False,False,,,,,0,0.0,,18.0,1.0,14,,,1.0,,,,,,,,0,0,,,0,0,,2026-05-07,raw/api_football/fixture_players/2026-04-30/fixture_1208495_players.json
1208495,543,Real Betis,1697,Pablo Fornals,59.0,18,M,6.7,False,False,,1.0,,,0,0.0,,21.0,2.0,15,1.0,,2.0,4.0,1.0,1.0,,1.0,,1.0,0,0,,,0,0,,2026-05-07,raw/api_football/fixture_players/2026-04-30/fixture_1208495_players.json
1208495,543,Real Betis,668,Nabil Fekir,90.0,8,M,7.9,True,False,,2.0,,,0,1.0,,27.0,5.0,25,3.0,,,11.0,6.0,1.0,,1.0,3.0,1.0,0,0,,,0,0,,2026-05-07,raw/api_football/fixture_players/2026-04-30/fixture_1208495_players.json
1208495,543,Real Betis,47320,Juanmi,59.0,7,M,7.3,False,False,,1.0,,,0,0.0,,9.0,1.0,7,3.0,,1.0,13.0,7.0,2.0,1.0,2.0,1.0,1.0,0,0,,,0,0,,2026-05-07,raw/api_football/fixture_players/2026-04-30/fixture_1208495_players.json
1208495,543,Real Betis,47119,Aitor Ruibal,70.0,24,F,6.3,False,False,,2.0,1.0,,0,0.0,,16.0,2.0,11,1.0,,,5.0,1.0,,,,,1.0,1,0,,,0,0,,2026-05-07,raw/api_football/fixture_players/2026-04-30/fixture_1208495_players.json
1208495,543,Real Betis,185477,Rodri Sánchez,31.0,17,M,6.6,False,True,,1.0,1.0,,0,0.0,,13.0,,10,1.0,,1.0,7.0,2.0,2.0,,1.0,1.0,1.0,0,0,,,0,0,,2026-05-07,raw/api_football/fixture_players/2026-04-30/fixture_1208495_players.json
1208495,543,Real Betis,181421,Abdessamad Ezzalzouli,31.0,10,F,7,False,True,,,,,0,0.0,,9.0,,8,3.0,,1.0,9.0,7.0,4.0,3.0,,,,0,0,,,0,0,,2026-05-07,raw/api_football/fixture_players/2026-04-30/fixture_1208495_players.json
1208495,543,Real Betis,47579,Chimy Ávila,20.0,9,F,6.9,False,True,,1.0,,,0,0.0,,5.0,2.0,5,,,,,,,,,,,0,0,,,0,0,,2026-05-07,raw/api_football/fixture_players/2026-04-30/fixture_1208495_players.json
1208495,543,Real Betis,286084,Sergi Altimira,13.0,16,M,6.9,False,True,,,,,0,0.0,,20.0,1.0,18,,,,1.0,1.0,,,,,,0,0,,,0,0,,2026-05-07,raw/api_football/fixture_players/2026-04-30/fixture_1208495_players.json
1208495,543,Real Betis,133185,Johnny,13.0,4,M,7,False,True,,2.0,,,0,0.0,,10.0,,10,,1.0,1.0,1.0,1.0,,,,,1.0,0,0,,,0,0,,2026-05-07,raw/api_football/fixture_players/2026-04-30/fixture_1208495_players.json
1208495,543,Real Betis,18812,Adrián,,13,G,,False,True,,,,,0,,,,,,,,,,,,,,,,0,0,,,0,0,,2026-05-07,raw/api_football/fixture_players/2026-04-30/fixture_1208495_players.json
1208495,543,Real Betis,179996,Francisco Vieites,,25,G,,False,True,,,,,0,,,,,,,,,,,,,,,,0,0,,,0,0,,2026-05-07,raw/api_football/fixture_players/2026-04-30/fixture_1208495_players.json
1208495,543,Real Betis,270973,Lucas Alcázar,,43,D,,False,True,,,,,0,,,,,,,,,,,,,,,,0,0,,,0,0,,2026-05-07,raw/api_football/fixture_players/2026-04-30/fixture_1208495_players.json
1208495,543,Real Betis,1631,Ricardo Rodríguez,,12,D,,False,True,,,,,0,,,,,,,,,,,,,,,,0,0,,,0,0,,2026-05-07,raw/api_football/fixture_players/2026-04-30/fixture_1208495_players.json
1208495,543,Real Betis,1439,Héctor Bellerín,,2,D,,False,True,,,,,0,,,,,,,,,,,,,,,,0,0,,,0,0,,2026-05-07,raw/api_football/fixture_players/2026-04-30/fixture_1208495_players.json
1208495,543,Real Betis,128985,Iker Losada,,19,M,,False,True,,,,,0,,,,,,,,,,,,,,,,0,0,,,0,0,,2026-05-07,raw/api_football/fixture_players/2026-04-30/fixture_1208495_players.json
1208495,543,Real Betis,400948,Assane Diao,,38,F,,False,True,,,,,0,,,,,,,,,,,,,,,,0,0,,,0,0,,2026-05-07,raw/api_football/fixture_players/2026-04-30/fixture_1208495_players.json
1208495,547,Girona,158,Paulo Gazzaniga,90.0,13,G,6.9,False,False,,,,,1,0.0,3.0,39.0,,27,,,,,,,,,,,0,0,,,0,0,0.0,2026-05-07,raw/api_football/fixture_players/2026-04-30/fixture_1208495_players.json
1208495,547,Girona,283668,Arnau Martínez,90.0,4,D,6.9,True,False,,,,,0,0.0,,75.0,,66,2.0,,,2.0,2.0,,,,,,0,0,,,0,0,,2026-05-07,raw/api_football/fixture_players/2026-04-30/fixture_1208495_players.json
1208495,547,Girona,47334,David López,90.0,5,D,6.9,False,False,,,,,0,0.0,,59.0,,58,2.0,2.0,,5.0,2.0,,,1.0,,,0,0,,,0,0,,2026-05-07,raw/api_football/fixture_players/2026-04-30/fixture_1208495_players.json
1208495,547,Girona,531,Daley Blind,90.0,17,D,7.6,False,False,,,,,0,0.0,,80.0,,71,4.0,1.0,5.0,8.0,7.0,3.0,3.0,,,1.0,0,0,,,0,0,,2026-05-07,raw/api_football/fixture_players/2026-04-30/fixture_1208495_players.json
1208495,547,Girona,162032,Miguel Gutiérrez,90.0,3,D,6.9,False,False,1.0,,,,0,0.0,,43.0,2.0,37,1.0,,,5.0,2.0,2.0,,,1.0,,0,0,,,0,0,,2026-05-07,raw/api_football/fixture_players/2026-04-30/fixture_1208495_players.json
1208495,547,Girona,2449,Yangel Herrera,70.0,21,M,7.5,False,False,,1.0,,,0,0.0,,34.0,1.0,26,7.0,,,16.0,10.0,2.0,1.0,1.0,1.0,2.0,0,0,,,0,0,,2026-05-07,raw/api_football/fixture_players/2026-04-30/fixture_1208495_players.json
1208495,547,Girona,18949,Oriol Romeu,66.0,14,M,6.6,False,False,,,,,0,0.0,,54.0,,49,,1.0,1.0,6.0,1.0,,,,1.0,2.0,0,0,,,0,0,,2026-05-07,raw/api_football/fixture_players/2026-04-30/fixture_1208495_players.json
1208495,547,Girona,1700,Iván Martín,90.0,23,M,6.9,False,False,,,,,0,0.0,,70.0,3.0,62,1.0,,,5.0,2.0,1.0,,1.0,1.0,,0,0,,,0,0,,2026-05-07,raw/api_football/fixture_players/2026-04-30/fixture_1208495_players.json
1208495,547,Girona,2061,Bryan Gil,81.0,20,F,7.7,False,False,,4.0,1.0,,0,0.0,,40.0,2.0,36,4.0,,1.0,20.0,9.0,5.0,3.0,2.0,2.0,1.0,0,0,,,0,0,,2026-05-07,raw/api_football/fixture_players/2026-04-30/fixture_1208495_players.json
1208495,547,Girona,155,Abel Ruíz,81.0,9,F,6.3,False,False,1.0,1.0,,,0,0.0,,15.0,1.0,14,,1.0,1.0,5.0,1.0,,,1.0,1.0,1.0,0,0,,,0,0,,2026-05-07,raw/api_football/fixture_players/2026-04-30/fixture_1208495_players.json
1208495,547,Girona,47520,Portu,66.0,24,F,6.9,False,False,1.0,,,,0,0.0,,23.0,1.0,19,,,,2.0,2.0,,,,2.0,,0,0,,,0,0,,2026-05-07,raw/api_football/fixture_players/2026-04-30/fixture_1208495_players.json
1208495,547,Girona,306727,Jhon Solís,24.0,22,M,6.7,False,True,,,,,0,0.0,,19.0,,18,,,,2.0,,1.0,,,,,0,0,,,0,0,,2026-05-07,raw/api_football/fixture_players/2026-04-30/fixture_1208495_players.json
1208495,547,Girona,389602,Iker Almena,24.0,30,F,7.2,False,True,,1.0,,,0,1.0,,8.0,1.0,6,,,,3.0,2.0,1.0,1.0,1.0,1.0,,0,0,,,0,0,,2026-05-07,raw/api_football/fixture_players/2026-04-30/fixture_1208495_players.json
1208495,547,Girona,336674,Gabriel Misehouy,20.0,27,M,7.3,False,True,,1.0,1.0,1.0,0,0.0,,6.0,1.0,6,,,,,,,,,,,0,0,,,0,0,,2026-05-07,raw/api_football/fixture_players/2026-04-30/fixture_1208495_players.json
1208495,547,Girona,66407,Ladislav Krejčí,9.0,18,D,6.7,False,True,,,,,0,0.0,,11.0,,11,,,,,,,,,,,0,0,,,0,0,,2026-05-07,raw/api_football/fixture_players/2026-04-30/fixture_1208495_players.json
1208495,547,Girona,2617,Cristhian Stuani,9.0,7,F,6.7,False,True,,,,,0,0.0,,1.0,,1,,,,1.0,,,,,,,0,0,,,0,0,,2026-05-07,raw/api_football/fixture_players/2026-04-30/fixture_1208495_players.json
1208495,547,Girona,47153,Juan Carlos,,1,G,,False,True,,,,,0,,,,,,,,,,,,,,,,0,0,,,0,0,,2026-05-07,raw/api_football/fixture_players/2026-04-30/fixture_1208495_players.json
1208495,547,Girona,162434,Alejandro Francés,,16,D,,False,True,,,,,0,,,,,,,,,,,,,,,,0,0,,,0,0,,2026-05-07,raw/api_football/fixture_players/2026-04-30/fixture_1208495_players.json
1208495,547,Girona,47511,Juanpe,,15,D,,False,True,,,,,0,,,,,,,,,,,,,,,,0,0,,,0,0,,2026-05-07,raw/api_football/fixture_players/2026-04-30/fixture_1208495_players.json
1208495,547,Girona,47492,Toni Villa,,19,M,,False,True,,,,,0,,,,,,,,,,,,,,,,0,0,,,0,0,,2026-05-07,raw/api_football/fixture_players/2026-04-30/fixture_1208495_players.json
1208495,547,Girona,547,Donny van de Beek,,6,M,,False,True,,,,,0,,,,,,,,,,,,,,,,0,0,,,0,0,,2026-05-07,raw/api_football/fixture_players/2026-04-30/fixture_1208495_players.json
1208495,547,Girona,339105,Joel Roca,,33,M,,False,True,,,,,0,,,,,,,,,,,,,,,,0,0,,,0,0,,2026-05-07,raw/api_football/fixture_players/2026-04-30/fixture_1208495_players.json
1208496,798,Mallorca,61142,Dominik Greif,90.0,1,G,7.3,False,False,,,,,1,0.0,5.0,15.0,,6,,,,,,,,,,,0,0,,,0,0,0.0,2026-05-07,raw/api_football/fixture_players/2026-04-30/fixture_1208496_players.json
1208496,798,Mallorca,26302,Pablo Maffeo,90.0,23,D,6.3,False,False,,,,,0,0.0,,22.0,2.0,17,5.0,,1.0,13.0,5.0,2.0,,2.0,,2.0,1,0,,,0,0,,2026-05-07,raw/api_football/fixture_players/2026-04-30/fixture_1208496_players.json
1208496,798,Mallorca,46738,Martin Valjent,90.0,24,D,6.7,False,False,,,,,0,0.0,,17.0,,14,,,,,,,,,,,0,0,,,0,0,,2026-05-07,raw/api_football/fixture_players/2026-04-30/fixture_1208496_players.json
1208496,798,Mallorca,46733,Antonio Raíllo,90.0,21,D,7.2,True,False,,,,,0,0.0,,40.0,,39,,2.0,,2.0,2.0,,,,,,0,0,,,0,0,,2026-05-07,raw/api_football/fixture_players/2026-04-30/fixture_1208496_players.json
1208496,798,Mallorca,64268,Johan Mojica,90.0,22,D,7.2,False,False,,1.0,,,0,0.0,,45.0,2.0,38,1.0,,3.0,10.0,7.0,6.0,4.0,1.0,2.0,,0,0,,,0,0,,2026-05-07,raw/api_football/fixture_players/2026-04-30/fixture_1208496_players.json
1208496,798,Mallorca,47336,Sergi Darder,72.0,10,M,6.9,False,False,,,,,0,0.0,,25.0,,21,,,1.0,1.0,1.0,,,,1.0,,0,0,,,0,0,,2026-05-07,raw/api_football/fixture_players/2026-04-30/fixture_1208496_players.json
1208496,798,Mallorca,414,Omar Mascarell,89.0,5,M,6.6,False,False,,,,,0,0.0,,44.0,,41,1.0,,3.0,5.0,1.0,,,1.0,,1.0,0,0,,,0,0,,2026-05-07,raw/api_football/fixture_players/2026-04-30/fixture_1208496_players.json
1208496,798,Mallorca,190485,Samuel Costa,90.0,12,M,6.6,False,False,,2.0,1.0,,0,0.0,,39.0,1.0,36,7.0,,,25.0,9.0,2.0,,5.0,,7.0,0,0,,,0,0,,2026-05-07,raw/api_football/fixture_players/2026-04-30/fixture_1208496_players.json
1208496,798,Mallorca,25375,Takuma Asano,72.0,11,F,7,False,False,,1.0,1.0,,0,0.0,,10.0,,7,3.0,,1.0,9.0,5.0,1.0,1.0,1.0,1.0,,0,0,,,0,0,,2026-05-07,raw/api_football/fixture_players/2026-04-30/fixture_1208496_players.json
1208496,798,Mallorca,50048,Vedat Muriqi,90.0,7,F,7.2,False,False,,3.0,3.0,1.0,0,0.0,,18.0,1.0,14,,,,17.0,7.0,3.0,,,1.0,,0,0,,,0,0,,2026-05-07,raw/api_football/fixture_players/2026-04-30/fixture_1208496_players.json
1208496,798,Mallorca,46742,Dani Rodríguez,67.0,14,F,7.3,False,False,,2.0,,,0,1.0,,23.0,1.0,17,,,,1.0,1.0,,,,1.0,,0,0,,,0,0,,2026-05-07,raw/api_football/fixture_players/2026-04-30/fixture_1208496_players.json
1208496,798,Mallorca,107194,Antonio Sánchez,23.0,18,M,6.9,False,True,,2.0,,,0,0.0,,4.0,,,,,2.0,1.0,,,,,,1.0,0,0,,,0,0,,2026-05-07,raw/api_football/fixture_players/2026-04-30/fixture_1208496_players.json
1208496,798,Mallorca,1701,Manu Morlanes,18.0,8,M,6.9,False,True,,,,,0,0.0,,10.0,,10,,1.0,2.0,,,,,,,,0,0,,,0,0,,2026-05-07,raw/api_football/fixture_players/2026-04-30/fixture_1208496_players.json
1208496,798,Mallorca,2001,Cyle Larin,18.0,17,F,6.7,False,True,,,,,0,0.0,,10.0,,7,,,1.0,2.0,1.0,1.0,1.0,1.0,,,0,0,,,0,0,,2026-05-07,raw/api_football/fixture_players/2026-04-30/fixture_1208496_players.json
1208496,798,Mallorca,181582,José Copete,1.0,6,D,,False,True,,,,,0,0.0,,,,,1.0,,,1.0,1.0,,,,,,0,0,,,0,0,,2026-05-07,raw/api_football/fixture_players/2026-04-30/fixture_1208496_players.json
1208496,798,Mallorca,179139,Leo Román,,13,G,,False,True,,,,,0,,,,,,,,,,,,,,,,0,0,,,0,0,,2026-05-07,raw/api_football/fixture_players/2026-04-30/fixture_1208496_players.json
1208496,798,Mallorca,47399,Iván Cuéllar,,25,G,,False,True,,,,,0,,,,,,,,,,,,,,,,0,0,,,0,0,,2026-05-07,raw/api_football/fixture_players/2026-04-30/fixture_1208496_players.json
1208496,798,Mallorca,920,Toni Lato,,3,D,,False,True,,,,,0,,,,,,,,,,,,,,,,0,0,,,0,0,,2026-05-07,raw/api_football/fixture_players/2026-04-30/fixture_1208496_players.json
1208496,798,Mallorca,37639,Siebe Van Der Heyden,,4,D,,False,True,,,,,0,,,,,,,,,,,,,,,,0,0,,,0,0,,2026-05-07,raw/api_football/fixture_players/2026-04-30/fixture_1208496_players.json
1208496,798,Mallorca,108519,Mateu Morey,,2,D,,False,True,,,,,0,,,,,,,,,,,,,,,,0,0,,,0,0,,2026-05-07,raw/api_football/fixture_players/2026-04-30/fixture_1208496_players.json
1208496,798,Mallorca,297646,Daniel Luna,,33,M,,False,True,,,,,0,,,,,,,,,,,,,,,,0,0,,,0,0,,2026-05-07,raw/api_football/fixture_players/2026-04-30/fixture_1208496_players.json
1208496,798,Mallorca,482473,Marc Domenech,,30,F,,False,True,,,,,0,,,,,,,,,,,,,,,,0,0,,,0,0,,2026-05-07,raw/api_football/fixture_players/2026-04-30/fixture_1208496_players.json
1208496,798,Mallorca,46751,Abdón Prats,,9,F,,False,True,,,,,0,,,,,,,,,,,,,,,,0,0,,,0,0,,2026-05-07,raw/api_football/fixture_players/2026-04-30/fixture_1208496_players.json
1208496,541,Real Madrid,730,Thibaut Courtois,90.0,1,G,7.5,False,False,,,,,1,0.0,4.0,23.0,,21,,,,,,,,,,,0,0,,,0,0,0.0,2026-05-07,raw/api_football/fixture_players/2026-04-30/fixture_1208496_players.json
1208496,541,Real Madrid,733,Daniel Carvajal,87.0,2,D,6.7,True,False,,,,,0,0.0,,51.0,,44,,,2.0,1.0,,,,,,1.0,0,0,,,0,0,,2026-05-07,raw/api_football/fixture_players/2026-04-30/fixture_1208496_players.json
1208496,541,Real Madrid,372,Éder Militão,90.0,3,D,6.6,False,False,,,,,0,0.0,,60.0,,58,2.0,,,11.0,4.0,,,3.0,,,0,0,,,0,0,,2026-05-07,raw/api_football/fixture_players/2026-04-30/fixture_1208496_players.json
1208496,541,Real Madrid,2285,Antonio Rüdiger,90.0,22,D,7,False,False,,1.0,,,0,0.0,,72.0,,64,,1.0,1.0,9.0,6.0,1.0,1.0,1.0,1.0,,0,0,,,0,0,,2026-05-07,raw/api_football/fixture_players/2026-04-30/fixture_1208496_players.json
1208496,541,Real Madrid,653,Ferland Mendy,90.0,23,D,6.9,False,False,,,,,0,0.0,,65.0,,64,1.0,,,5.0,3.0,,,,1.0,2.0,0,1,,,0,0,,2026-05-07,raw/api_football/fixture_players/2026-04-30/fixture_1208496_players.json
1208496,541,Real Madrid,756,Federico Valverde,90.0,8,M,7,False,False,,,,,0,0.0,,77.0,1.0,68,1.0,,1.0,4.0,4.0,,,,1.0,,0,0,,,0,0,,2026-05-07,raw/api_football/fixture_players/2026-04-30/fixture_1208496_players.json
1208496,541,Real Madrid,1271,Aurélien Tchouaméni,63.0,14,M,7.2,False,False,,,,,0,0.0,,58.0,,57,4.0,,,8.0,6.0,,,1.0,1.0,,0,0,,,0,0,,2026-05-07,raw/api_football/fixture_players/2026-04-30/fixture_1208496_players.json
1208496,541,Real Madrid,129718,Jude Bellingham,88.0,5,M,7.7,False,False,,,,,0,0.0,,72.0,2.0,62,6.0,,,15.0,9.0,1.0,1.0,,2.0,1.0,0,0,,,0,0,,2026-05-07,raw/api_football/fixture_players/2026-04-30/fixture_1208496_players.json
1208496,541,Real Madrid,10009,Rodrygo,90.0,11,F,8.2,False,False,,2.0,2.0,1.0,0,0.0,,65.0,1.0,59,1.0,,,7.0,5.0,3.0,2.0,,2.0,1.0,0,0,,,0,0,,2026-05-07,raw/api_football/fixture_players/2026-04-30/fixture_1208496_players.json
1208496,541,Real Madrid,278,Kylian Mbappé,90.0,9,F,7.3,False,False,,4.0,2.0,,0,0.0,,31.0,,25,,,,6.0,3.0,5.0,3.0,,,,0,0,,,0,0,,2026-05-07,raw/api_football/fixture_players/2026-04-30/fixture_1208496_players.json
1208496,541,Real Madrid,762,Vinícius Júnior,88.0,7,F,7.3,False,False,,1.0,,,0,1.0,,40.0,6.0,31,,,,16.0,5.0,8.0,3.0,,2.0,,0,0,,,0,0,,2026-05-07,raw/api_football/fixture_players/2026-04-30/fixture_1208496_players.json
1208496,541,Real Madrid,754,Luka Modrić,27.0,10,M,7,False,True,,2.0,1.0,,0,0.0,,42.0,,36,,,,1.0,,,,,,,0,0,,,0,0,,2026-05-07,raw/api_football/fixture_players/2026-04-30/fixture_1208496_players.json
1208496,541,Real Madrid,757,Lucas Vázquez,10.0,17,M,6.5,False,True,,,,,0,0.0,,3.0,,2,,,,1.0,,,,1.0,,,0,0,,,0,0,,2026-05-07,raw/api_football/fixture_players/2026-04-30/fixture_1208496_players.json
1208496,541,Real Madrid,291964,Arda Güler,9.0,15,M,6.6,False,True,,,,,0,0.0,,3.0,,2,,,,3.0,2.0,1.0,1.0,,1.0,1.0,0,0,,,0,0,,2026-05-07,raw/api_football/fixture_players/2026-04-30/fixture_1208496_players.json
1208496,541,Real Madrid,744,Brahim Díaz,9.0,21,M,6.7,False,True,,,,,0,0.0,,5.0,,5,,,,,,,,,,,0,0,,,0,0,,2026-05-07,raw/api_football/fixture_players/2026-04-30/fixture_1208496_players.json
1208496,541,Real Madrid,396475,Fran Gonzalez,,26,G,,False,True,,,,,0,,,,,,,,,,,,,,,,0,0,,,0,0,,2026-05-07,raw/api_football/fixture_players/2026-04-30/fixture_1208496_players.json
1208496,541,Real Madrid,47400,Andriy Lunin,,13,G,,False,True,,,,,0,,,,,,,,,,,,,,,,0,0,,,0,0,,2026-05-07,raw/api_football/fixture_players/2026-04-30/fixture_1208496_players.json
1208496,541,Real Madrid,741,Jesús Vallejo,,18,D,,False,True,,,,,0,,,,,,,,,,,,,,,,0,0,,,0,0,,2026-05-07,raw/api_football/fixture_players/2026-04-30/fixture_1208496_players.json
1208496,541,Real Madrid,386305,Jacobo Naveros,,31,D,,False,True,,,,,0,,,,,,,,,,,,,,,,0,0,,,0,0,,2026-05-07,raw/api_football/fixture_players/2026-04-30/fixture_1208496_players.json
1208496,541,Real Madrid,736,Fran García,,20,D,,False,True,,,,,0,,,,,,,,,,,,,,,,0,0,,,0,0,,2026-05-07,raw/api_football/fixture_players/2026-04-30/fixture_1208496_players.json
1208496,541,Real Madrid,748,Dani Ceballos,,19,M,,False,True,,,,,0,,,,,,,,,,,,,,,,0,0,,,0,0,,2026-05-07,raw/api_football/fixture_players/2026-04-30/fixture_1208496_players.json
1208496,541,Real Madrid,377122,Endrick,,16,F,,False,True,,,,,0,,,,,,,,,,,,,,,,0,0,,,0,0,,2026-05-07,raw/api_football/fixture_players/2026-04-30/fixture_1208496_players.json
1208497,534,Las Palmas,124,Jasper Cillessen,90.0,1,G,7,False,False,,,,,2,0.0,4.0,34.0,,24,,,,,,,,,,,0,0,,,0,0,0.0,2026-05-07,raw/api_football/fixture_players/2026-04-30/fixture_1208497_players.json
1208497,534,Las Palmas,162026,Marvin Park,76.0,2,D,6.3,False,False,,,,,0,0.0,,17.0,1.0,12,,1.0,,6.0,1.0,,,3.0,1.0,2.0,0,0,,,0,0,,2026-05-07,raw/api_football/fixture_players/2026-04-30/fixture_1208497_players.json
1208497,534,Las Palmas,131535,Alex Suárez,90.0,4,D,6.2,False,False,,,,,0,0.0,,49.0,,44,3.0,,1.0,8.0,4.0,,,,,1.0,0,0,,,0,0,,2026-05-07,raw/api_football/fixture_players/2026-04-30/fixture_1208497_players.json
1208497,534,Las Palmas,162475,Mika Mármol,90.0,3,D,6.7,False,False,,1.0,,,0,0.0,,59.0,1.0,52,1.0,1.0,,3.0,1.0,,,,,1.0,1,0,,,0,0,,2026-05-07,raw/api_football/fixture_players/2026-04-30/fixture_1208497_players.json
1208497,534,Las Palmas,47052,Álex Muñoz,69.0,23,D,7.6,False,False,,1.0,,,0,0.0,,28.0,3.0,20,5.0,1.0,2.0,14.0,9.0,,,,2.0,3.0,0,0,,,0,0,,2026-05-07,raw/api_football/fixture_players/2026-04-30/fixture_1208497_players.json
1208497,534,Las Palmas,21709,Enzo Loiodice,69.0,12,M,6.9,False,False,1.0,,,,0,0.0,,43.0,2.0,35,1.0,,1.0,3.0,1.0,,,,,,0,0,,,0,0,,2026-05-07,raw/api_football/fixture_players/2026-04-30/fixture_1208497_players.json
1208497,534,Las Palmas,70315,Kirian Rodríguez,90.0,20,M,7.3,True,False,,1.0,,,0,0.0,,77.0,,65,1.0,,,4.0,3.0,,,,1.0,,0,0,,,0,0,,2026-05-07,raw/api_football/fixture_players/2026-04-30/fixture_1208497_players.json
1208497,534,Las Palmas,2671,Jaime Mata,68.0,17,M,6.7,False,False,,1.0,,,0,0.0,,10.0,,6,1.0,,1.0,7.0,3.0,,,2.0,1.0,2.0,0,0,,,0,0,,2026-05-07,raw/api_football/fixture_players/2026-04-30/fixture_1208497_players.json
1208497,534,Las Palmas,46860,Javier Muñoz,90.0,5,M,7.2,False,False,,1.0,,,0,1.0,,35.0,4.0,27,1.0,,1.0,7.0,3.0,,,,2.0,,0,0,,,0,0,,2026-05-07,raw/api_football/fixture_players/2026-04-30/fixture_1208497_players.json
1208497,534,Las Palmas,182519,Alberto Moleiro,87.0,10,M,6.7,False,False,,4.0,3.0,,0,0.0,,16.0,1.0,15,,,,11.0,2.0,8.0,2.0,,,1.0,0,0,,,0,0,,2026-05-07,raw/api_football/fixture_players/2026-04-30/fixture_1208497_players.json
1208497,534,Las Palmas,19337,Oliver McBurnie,87.0,16,F,6.9,False,False,,1.0,1.0,,0,0.0,,16.0,1.0,11,1.0,,1.0,16.0,8.0,,,,2.0,1.0,0,0,,,0,0,,2026-05-07,raw/api_football/fixture_players/2026-04-30/fixture_1208497_players.json
1208497,534,Las Palmas,47324,Sandro Ramírez,22.0,19,F,7.5,False,True,,1.0,1.0,1.0,0,0.0,,4.0,,3,1.0,,2.0,4.0,3.0,,,1.0,2.0,,0,0,,,0,0,,2026-05-07,raw/api_football/fixture_players/2026-04-30/fixture_1208497_players.json
1208497,534,Las Palmas,44811,Scott McKenna,21.0,15,D,6.3,False,True,,,,,0,0.0,,15.0,,13,,,,,,,,,,,0,0,,,0,0,,2026-05-07,raw/api_football/fixture_players/2026-04-30/fixture_1208497_players.json
1208497,534,Las Palmas,122230,Manuel Fuster,21.0,14,M,6.7,False,True,,,,,0,0.0,,14.0,1.0,10,1.0,,,7.0,3.0,2.0,1.0,1.0,1.0,1.0,0,0,,,0,0,,2026-05-07,raw/api_football/fixture_players/2026-04-30/fixture_1208497_players.json
1208497,534,Las Palmas,46854,Viti Rozada,14.0,18,M,6.3,False,True,,,,,0,0.0,,6.0,,5,,,,4.0,2.0,,,,1.0,1.0,1,0,,,0,0,,2026-05-07,raw/api_football/fixture_players/2026-04-30/fixture_1208497_players.json
1208497,534,Las Palmas,453885,Aboubacar Bassinga,11.0,26,M,6.5,False,True,,,,,0,0.0,,4.0,,2,,,,2.0,,,,,,1.0,0,0,,,0,0,,2026-05-07,raw/api_football/fixture_players/2026-04-30/fixture_1208497_players.json
1208497,534,Las Palmas,47393,Marc Cardona,11.0,9,F,6.3,False,True,,,,,0,0.0,,3.0,,1,,,,,,,,,,,0,0,,,0,0,,2026-05-07,raw/api_football/fixture_players/2026-04-30/fixture_1208497_players.json
1208497,534,Las Palmas,1304,Dinko Horkaš,,13,G,,False,True,,,,,0,,,,,,,,,,,,,,,,0,0,,,0,0,,2026-05-07,raw/api_football/fixture_players/2026-04-30/fixture_1208497_players.json
1208497,534,Las Palmas,431890,Juanma Herzog,,28,D,,False,True,,,,,0,,,,,,,,,,,,,,,,0,0,,,0,0,,2026-05-07,raw/api_football/fixture_players/2026-04-30/fixture_1208497_players.json
1208497,534,Las Palmas,481993,Valentín Pezzolesi,,27,D,,False,True,,,,,0,,,,,,,,,,,,,,,,0,0,,,0,0,,2026-05-07,raw/api_football/fixture_players/2026-04-30/fixture_1208497_players.json
1208497,534,Las Palmas,182694,Iván Gil,,21,M,,False,True,,,,,0,,,,,,,,,,,,,,,,0,0,,,0,0,,2026-05-07,raw/api_football/fixture_players/2026-04-30/fixture_1208497_players.json
1208497,534,Las Palmas,47111,Benito Ramírez,,11,M,,False,True,,,,,0,,,,,,,,,,,,,,,,0,0,,,0,0,,2026-05-07,raw/api_football/fixture_players/2026-04-30/fixture_1208497_players.json
1208497,534,Las Palmas,47464,José Campaña,,8,M,,False,True,,,,,0,,,,,,,,,,,,,,,,0,0,,,0,0,,2026-05-07,raw/api_football/fixture_players/2026-04-30/fixture_1208497_players.json
1208497,536,Sevilla,19172,Ørjan Nyland,90.0,13,G,6.7,False,False,,,,,2,0.0,4.0,43.0,,22,,,,,,,,,,,0,0,,,0,0,0.0,2026-05-07,raw/api_football/fixture_players/2026-04-30/fixture_1208497_players.json
1208497,536,Sevilla,195923,José Ángel Carmona,90.0,32,D,7.3,False,False,,1.0,,,0,0.0,,52.0,,42,4.0,1.0,2.0,12.0,9.0,1.0,,2.0,4.0,,0,0,,,0,0,,2026-05-07,raw/api_football/fixture_players/2026-04-30/fixture_1208497_players.json
1208497,536,Sevilla,133110,Tanguy Nianzou,90.0,24,D,7.2,False,False,,2.0,,,0,0.0,,60.0,,56,1.0,,1.0,12.0,9.0,1.0,1.0,,1.0,2.0,0,0,,,0,0,,2026-05-07,raw/api_football/fixture_players/2026-04-30/fixture_1208497_players.json
1208497,536,Sevilla,1489,Nemanja Gudelj,90.0,6,D,7,False,False,,1.0,,,0,0.0,,53.0,,51,1.0,1.0,2.0,8.0,5.0,,,,1.0,,0,0,,,0,0,,2026-05-07,raw/api_football/fixture_players/2026-04-30/fixture_1208497_players.json
1208497,536,Sevilla,47329,Adrià Pedrosa,90.0,3,D,6.9,False,False,,1.0,,,0,0.0,,33.0,1.0,26,,,,7.0,4.0,2.0,2.0,,2.0,2.0,1,0,,,0,0,,2026-05-07,raw/api_football/fixture_players/2026-04-30/fixture_1208497_players.json
1208497,536,Sevilla,21004,Lucien Agoumé,90.0,18,M,7,False,False,1.0,,,,0,0.0,,54.0,,39,3.0,2.0,1.0,9.0,6.0,,,,,2.0,0,0,,,0,0,,2026-05-07,raw/api_football/fixture_players/2026-04-30/fixture_1208497_players.json
1208497,536,Sevilla,957,Djibril Sow,90.0,20,M,7.2,False,False,,2.0,2.0,,0,0.0,,41.0,2.0,38,2.0,,2.0,6.0,2.0,1.0,,,,2.0,0,0,,,0,0,,2026-05-07,raw/api_football/fixture_players/2026-04-30/fixture_1208497_players.json
1208497,536,Sevilla,1911,Lucas Ocampos,90.0,5,M,7,True,False,,3.0,2.0,,0,0.0,,48.0,2.0,35,1.0,,,15.0,6.0,6.0,2.0,,1.0,2.0,0,0,,,0,0,,2026-05-07,raw/api_football/fixture_players/2026-04-30/fixture_1208497_players.json
1208497,536,Sevilla,182772,Juanlu Sánchez,83.0,26,M,7.5,False,False,,2.0,1.0,1.0,0,0.0,,26.0,4.0,23,1.0,,2.0,5.0,1.0,2.0,,,,1.0,1,0,,,0,0,,2026-05-07,raw/api_football/fixture_players/2026-04-30/fixture_1208497_players.json
1208497,536,Sevilla,25458,Dodi Lukebakio,74.0,11,M,6.7,False,False,,2.0,,,0,0.0,,15.0,2.0,14,,,,10.0,4.0,3.0,2.0,1.0,2.0,3.0,0,0,,,0,0,,2026-05-07,raw/api_football/fixture_players/2026-04-30/fixture_1208497_players.json
1208497,536,Sevilla,185398,Isaac Romero,83.0,7,F,7.3,False,False,1.0,1.0,,,0,1.0,,18.0,1.0,15,,,,9.0,6.0,,,,2.0,,0,0,,,0,0,,2026-05-07,raw/api_football/fixture_players/2026-04-30/fixture_1208497_players.json
1208497,536,Sevilla,2054,Jesús Navas,16.0,16,D,7.3,False,True,,,,,0,0.0,,16.0,3.0,15,,,,,,,,,,,0,0,,,0,0,,2026-05-07,raw/api_football/fixture_players/2026-04-30/fixture_1208497_players.json
1208497,536,Sevilla,297311,Kike Salas,15.0,4,D,6.7,False,True,,,,,0,0.0,,15.0,,12,,,,,,,,,,,0,0,,,0,0,,2026-05-07,raw/api_football/fixture_players/2026-04-30/fixture_1208497_players.json
1208497,536,Sevilla,162126,Peque Fernández,15.0,14,F,6.7,False,True,,,,,0,0.0,,7.0,,5,,,,3.0,1.0,,,,,1.0,0,0,,,0,0,,2026-05-07,raw/api_football/fixture_players/2026-04-30/fixture_1208497_players.json
1208497,536,Sevilla,308346,Alberto Flores,,31,G,,False,True,,,,,0,,,,,,,,,,,,,,,,0,0,,,0,0,,2026-05-07,raw/api_football/fixture_players/2026-04-30/fixture_1208497_players.json
1208497,536,Sevilla,47016,Álvaro Fernández,,1,G,,False,True,,,,,0,,,,,,,,,,,,,,,,0,0,,,0,0,,2026-05-07,raw/api_football/fixture_players/2026-04-30/fixture_1208497_players.json
1208497,536,Sevilla,174918,Loïc Badé,,22,D,,False,True,,,,,0,,,,,,,,,,,,,,,,0,0,,,0,0,,2026-05-07,raw/api_football/fixture_players/2026-04-30/fixture_1208497_players.json
1208497,536,Sevilla,433,Marcão,,23,D,,False,True,,,,,0,,,,,,,,,,,,,,,,0,0,,,0,0,,2026-05-07,raw/api_football/fixture_players/2026-04-30/fixture_1208497_players.json
1208497,536,Sevilla,2468,Gonzalo Montiel,,15,D,,False,True,,,,,0,,,,,,,,,,,,,,,,0,0,,,0,0,,2026-05-07,raw/api_football/fixture_players/2026-04-30/fixture_1208497_players.json
1208497,536,Sevilla,39121,Chidera Ejuke,,21,F,,False,True,,,,,0,,,,,,,,,,,,,,,,0,0,,,0,0,,2026-05-07,raw/api_football/fixture_players/2026-04-30/fixture_1208497_players.json
1208497,536,Sevilla,335034,Pablo Rivera,,37,M,,False,True,,,,,0,,,,,,,,,,,,,,,,0,0,,,0,0,,2026-05-07,raw/api_football/fixture_players/2026-04-30/fixture_1208497_players.json
1208497,536,Sevilla,360411,Alberto Collado,,30,M,,False,True,,,,,0,,,,,,,,,,,,,,,,0,0,,,0,0,,2026-05-07,raw/api_football/fixture_players/2026-04-30/fixture_1208497_players.json
1208497,536,Sevilla,340152,Stanis Idumbo Muzambo,,27,M,,False,True,,,,,0,,,,,,,,,,,,,,,,0,0,,,0,0,,2026-05-07,raw/api_football/fixture_players/2026-04-30/fixture_1208497_players.json
1208498,533,Villarreal,122956,Diego Conde,90.0,13,G,6.7,False,False,,,,,2,1.0,2.0,21.0,1.0,15,,,,,,,,,,,0,0,,,0,0,0.0,2026-05-07,raw/api_football/fixture_players/2026-04-30/fixture_1208498_players.json
1208498,533,Villarreal,18794,Kiko Femenía,90.0,17,D,7.3,False,False,,,,,0,0.0,,67.0,,63,3.0,,2.0,8.0,7.0,1.0,1.0,1.0,3.0,,0,0,,,0,0,,2026-05-07,raw/api_football/fixture_players/2026-04-30/fixture_1208498_players.json
1208498,533,Villarreal,314,Raúl Albiol,90.0,3,D,6.3,True,False,,,,,0,0.0,,60.0,,55,1.0,,1.0,5.0,2.0,,,1.0,,1.0,0,0,,,0,0,,2026-05-07,raw/api_football/fixture_players/2026-04-30/fixture_1208498_players.json
1208498,533,Villarreal,885,Eric Bailly,90.0,4,D,6.9,False,False,,,,,0,0.0,,54.0,,49,1.0,1.0,2.0,4.0,3.0,2.0,2.0,,,,0,0,,,0,0,,2026-05-07,raw/api_football/fixture_players/2026-04-30/fixture_1208498_players.json
1208498,533,Villarreal,70500,Sergi Cardona,90.0,23,D,6.6,False,False,,,,,0,0.0,,48.0,1.0,40,1.0,,1.0,3.0,1.0,1.0,,1.0,,,0,0,,,0,0,,2026-05-07,raw/api_football/fixture_players/2026-04-30/fixture_1208498_players.json
1208498,533,Villarreal,184226,Yéremy Pino,71.0,21,M,6.7,False,False,,,,,0,0.0,,22.0,2.0,17,1.0,,,9.0,3.0,2.0,2.0,1.0,,2.0,1,0,,,0,0,,2026-05-07,raw/api_football/fixture_players/2026-04-30/fixture_1208498_players.json
1208498,533,Villarreal,928,Dani Parejo,89.0,10,M,7,False,False,,,,,0,0.0,,59.0,,55,1.0,,2.0,6.0,4.0,1.0,1.0,1.0,2.0,,0,0,,,0,0,,2026-05-07,raw/api_football/fixture_players/2026-04-30/fixture_1208498_players.json
1208498,533,Villarreal,47541,Santi Comesaña,90.0,14,M,6.9,False,False,,,,,0,0.0,,38.0,,37,1.0,,,7.0,3.0,1.0,1.0,,,,0,0,,,0,0,,2026-05-07,raw/api_football/fixture_players/2026-04-30/fixture_1208498_players.json
1208498,533,Villarreal,182219,Alejandro Baena,71.0,16,M,6.9,False,False,,1.0,,,0,0.0,,27.0,,24,,,1.0,9.0,4.0,4.0,2.0,,2.0,1.0,0,0,,,0,0,,2026-05-07,raw/api_football/fixture_players/2026-04-30/fixture_1208498_players.json
1208498,533,Villarreal,1707,Gerard Moreno,71.0,7,F,7.2,False,False,,2.0,2.0,,0,0.0,,25.0,1.0,20,1.0,,,7.0,5.0,2.0,1.0,,2.0,,0,0,,,0,0,,2026-05-07,raw/api_football/fixture_players/2026-04-30/fixture_1208498_players.json
1208498,533,Villarreal,83,Arnaut Danjuma,79.0,9,F,7.2,False,False,1.0,2.0,1.0,1.0,0,0.0,,13.0,,7,,,,5.0,2.0,2.0,,1.0,1.0,,0,0,,,0,0,,2026-05-07,raw/api_football/fixture_players/2026-04-30/fixture_1208498_players.json
1208498,533,Villarreal,290740,Ilias Akhomach,19.0,11,F,6.7,False,True,1.0,,,,0,0.0,,9.0,,7,1.0,,,8.0,4.0,4.0,2.0,2.0,1.0,,0,0,,,0,0,,2026-05-07,raw/api_football/fixture_players/2026-04-30/fixture_1208498_players.json
1208498,533,Villarreal,20696,Pape Gueye,19.0,18,M,6.3,False,True,,,,,0,0.0,,17.0,,15,,,,2.0,,,,,,2.0,0,0,,,0,0,,2026-05-07,raw/api_football/fixture_players/2026-04-30/fixture_1208498_players.json
1208498,533,Villarreal,3246,Nicolas Pépé,19.0,19,F,6.9,False,True,,2.0,,,0,0.0,,6.0,,6,,,1.0,6.0,2.0,4.0,2.0,,,1.0,0,0,,,0,0,,2026-05-07,raw/api_football/fixture_players/2026-04-30/fixture_1208498_players.json
1208498,533,Villarreal,18906,Ayoze Pérez,11.0,22,F,6.7,False,True,,,,,0,0.0,,7.0,,6,,,,1.0,1.0,,,,,,0,0,,,0,0,,2026-05-07,raw/api_football/fixture_players/2026-04-30/fixture_1208498_players.json
1208498,533,Villarreal,187987,Ramón Terrats,1.0,20,M,,False,True,,,,,0,0.0,,4.0,,4,,,,,,,,,,,0,0,,,0,0,,2026-05-07,raw/api_football/fixture_players/2026-04-30/fixture_1208498_players.json
1208498,533,Villarreal,169256,Iker Álvarez,,31,G,,False,True,,,,,0,,,,,,,,,,,,,,,,0,0,,,0,0,,2026-05-07,raw/api_football/fixture_players/2026-04-30/fixture_1208498_players.json
1208498,533,Villarreal,161931,Arnau Solà,,27,D,,False,True,,,,,0,,,,,,,,,,,,,,,,0,0,,,0,0,,2026-05-07,raw/api_football/fixture_players/2026-04-30/fixture_1208498_players.json
1208498,533,Villarreal,288112,Willy Kambwala,,5,D,,False,True,,,,,0,,,,,,,,,,,,,,,,0,0,,,0,0,,2026-05-07,raw/api_football/fixture_players/2026-04-30/fixture_1208498_players.json
1208498,533,Villarreal,435552,Pau Navarro,,26,D,,False,True,,,,,0,,,,,,,,,,,,,,,,0,0,,,0,0,,2026-05-07,raw/api_football/fixture_players/2026-04-30/fixture_1208498_players.json
1208498,530,Atletico Madrid,29,Jan Oblak,90.0,13,G,6,False,False,,,,,2,0.0,2.0,17.0,,16,,,,,,,,,,,0,0,,,0,0,0.0,2026-05-07,raw/api_football/fixture_players/2026-04-30/fixture_1208498_players.json
1208498,530,Atletico Madrid,2280,César Azpilicueta,90.0,3,D,6.9,False,False,,,,,0,0.0,,92.0,,84,4.0,,,10.0,7.0,,,3.0,1.0,,0,0,,,0,0,,2026-05-07,raw/api_football/fixture_players/2026-04-30/fixture_1208498_players.json
1208498,530,Atletico Madrid,20,Axel Witsel,45.0,20,D,6.5,False,False,,,,,0,0.0,,30.0,,28,,1.0,,,,,,,,,0,0,,,0,0,,2026-05-07,raw/api_football/fixture_players/2026-04-30/fixture_1208498_players.json
1208498,530,Atletico Madrid,47301,Robin Le Normand,90.0,24,D,6.5,False,False,,,,,0,0.0,,71.0,,66,,1.0,,2.0,,,,,,2.0,1,0,,,0,0,,2026-05-07,raw/api_football/fixture_players/2026-04-30/fixture_1208498_players.json
1208498,530,Atletico Madrid,753,Marcos Llorente,90.0,14,M,7.3,False,False,,1.0,1.0,1.0,0,0.0,,43.0,1.0,37,1.0,,,4.0,3.0,1.0,,,1.0,,0,0,,,0,0,,2026-05-07,raw/api_football/fixture_players/2026-04-30/fixture_1208498_players.json
1208498,530,Atletico Madrid,336594,Pablo Barrios,90.0,8,M,7.5,False,False,,2.0,,,0,1.0,,58.0,1.0,49,2.0,,2.0,12.0,6.0,3.0,3.0,2.0,,2.0,1,0,,,0,0,,2026-05-07,raw/api_football/fixture_players/2026-04-30/fixture_1208498_players.json
1208498,530,Atletico Madrid,50,Koke,64.0,6,M,6.9,True,False,,,,,0,0.0,,49.0,2.0,44,3.0,,,6.0,3.0,,,1.0,,1.0,0,0,,,0,0,,2026-05-07,raw/api_football/fixture_players/2026-04-30/fixture_1208498_players.json
1208498,530,Atletico Madrid,22225,Reinildo Mandava,54.0,23,M,6.3,False,False,1.0,,,,0,0.0,,27.0,,19,2.0,,,7.0,3.0,,,1.0,1.0,1.0,0,0,,,0,0,,2026-05-07,raw/api_football/fixture_players/2026-04-30/fixture_1208498_players.json
1208498,530,Atletico Madrid,56,Antoine Griezmann,78.0,7,F,6.9,False,False,,1.0,1.0,,0,1.0,,39.0,1.0,33,,,,5.0,1.0,,,2.0,1.0,,0,0,,,0,0,,2026-05-07,raw/api_football/fixture_players/2026-04-30/fixture_1208498_players.json
1208498,530,Atletico Madrid,126936,Samuel Lino,90.0,12,F,6.3,False,False,1.0,3.0,1.0,,0,0.0,,41.0,,33,1.0,,,16.0,5.0,4.0,2.0,3.0,2.0,3.0,1,0,,,0,0,,2026-05-07,raw/api_football/fixture_players/2026-04-30/fixture_1208498_players.json
1208498,530,Atletico Madrid,8492,Alexander Sørloth,45.0,9,F,7.3,False,False,,1.0,1.0,1.0,0,0.0,,10.0,,7,1.0,,,4.0,3.0,,,,,,0,0,,,0,0,,2026-05-07,raw/api_football/fixture_players/2026-04-30/fixture_1208498_players.json
1208498,530,Atletico Madrid,31,José María Giménez,45.0,2,D,6.9,False,True,,,,,0,0.0,,42.0,,40,,,,4.0,2.0,,,,,1.0,0,0,,,0,0,,2026-05-07,raw/api_football/fixture_players/2026-04-30/fixture_1208498_players.json
1208498,530,Atletico Madrid,53,Ángel Correa,45.0,10,F,6.9,False,True,,,,,0,0.0,,11.0,1.0,9,1.0,,,6.0,4.0,3.0,3.0,2.0,,,0,0,,,0,0,,2026-05-07,raw/api_football/fixture_players/2026-04-30/fixture_1208498_players.json
1208498,530,Atletico Madrid,6503,Nahuel Molina,36.0,16,D,6.9,False,True,,,,,0,0.0,,31.0,,27,2.0,,,2.0,2.0,,,,,,0,0,,,0,0,,2026-05-07,raw/api_football/fixture_players/2026-04-30/fixture_1208498_players.json
1208498,530,Atletico Madrid,2472,Rodrigo de Paul,26.0,5,M,6.9,False,True,,,,,0,0.0,,29.0,2.0,25,,,,,,,,,,,0,0,,,0,0,,2026-05-07,raw/api_football/fixture_players/2026-04-30/fixture_1208498_players.json
1208498,530,Atletico Madrid,6009,Julián Álvarez,12.0,19,F,6.3,False,True,,,,,0,0.0,,2.0,,2,,,,2.0,,,,,,2.0,0,0,,,0,0,,2026-05-07,raw/api_football/fixture_players/2026-04-30/fixture_1208498_players.json
1208498,530,Atletico Madrid,42642,Horațiu Moldovan,,1,G,,False,True,,,,,0,,,,,,,,,,,,,,,,0,0,,,0,0,,2026-05-07,raw/api_football/fixture_players/2026-04-30/fixture_1208498_players.json
1208498,530,Atletico Madrid,333379,Antonio Gomis,,31,G,,False,True,,,,,0,,,,,,,,,,,,,,,,0,0,,,0,0,,2026-05-07,raw/api_football/fixture_players/2026-04-30/fixture_1208498_players.json
1208498,530,Atletico Madrid,338508,Ilias Kostis,,27,D,,False,True,,,,,0,,,,,,,,,,,,,,,,0,0,,,0,0,,2026-05-07,raw/api_football/fixture_players/2026-04-30/fixture_1208498_players.json
1208498,530,Atletico Madrid,47566,Javi Galán,,15,D,,False,True,,,,,0,,,,,,,,,,,,,,,,0,0,,,0,0,,2026-05-07,raw/api_football/fixture_players/2026-04-30/fixture_1208498_players.json
1208498,530,Atletico Madrid,136117,Rodrigo Riquelme,,17,M,,False,True,,,,,0,,,,,,,,,,,,,,,,0,0,,,0,0,,2026-05-07,raw/api_football/fixture_players/2026-04-30/fixture_1208498_players.json
1208498,530,Atletico Madrid,340154,Arthur Vermeeren,,18,M,,False,True,,,,,0,,,,,,,,,,,,,,,,0,0,,,0,0,,2026-05-07,raw/api_football/fixture_players/2026-04-30/fixture_1208498_players.json
1208498,530,Atletico Madrid,323935,Giuliano Simeone,,22,F,,False,True,,,,,0,,,,,,,,,,,,,,,,0,0,,,0,0,,2026-05-07,raw/api_football/fixture_players/2026-04-30/fixture_1208498_players.json
1208499,532,Valencia,24760,Giorgi Mamardashvili,90.0,25,G,7.2,False,False,,,,,2,0.0,4.0,32.0,,17,,,,,,,,,,,0,0,,,0,0,0.0,2026-05-07,raw/api_football/fixture_players/2026-04-30/fixture_1208499_players.json
1208499,532,Valencia,1482,Thierry Correia,90.0,12,D,6.6,False,False,,,,,0,0.0,,31.0,,23,1.0,,1.0,9.0,6.0,3.0,2.0,1.0,2.0,,0,0,,,0,0,,2026-05-07,raw/api_football/fixture_players/2026-04-30/fixture_1208499_players.json
1208499,532,Valencia,333682,Cristhian Mosquera,90.0,3,D,6.3,False,False,,,,,0,0.0,,56.0,,52,1.0,2.0,,6.0,2.0,2.0,1.0,,,1.0,0,0,,1.0,0,0,,2026-05-07,raw/api_football/fixture_players/2026-04-30/fixture_1208499_players.json
1208499,532,Valencia,361385,Yarek Gasiorowski,90.0,24,D,6.9,False,False,,,,,0,0.0,,36.0,,33,1.0,2.0,1.0,8.0,5.0,,,1.0,,,0,0,,,0,0,,2026-05-07,raw/api_football/fixture_players/2026-04-30/fixture_1208499_players.json
1208499,532,Valencia,162175,Jesús Vázquez,77.0,21,D,6.2,False,False,1.0,,,,0,0.0,,11.0,,8,2.0,,,8.0,3.0,1.0,,1.0,1.0,2.0,1,0,,,0,0,,2026-05-07,raw/api_football/fixture_players/2026-04-30/fixture_1208499_players.json
1208499,532,Valencia,47013,Rafa Mir,77.0,11,M,5.9,False,False,2.0,,,,0,0.0,,12.0,,7,3.0,,,12.0,4.0,4.0,,1.0,,1.0,0,0,,,0,0,,2026-05-07,raw/api_football/fixture_players/2026-04-30/fixture_1208499_players.json
1208499,532,Valencia,47463,Pepelu,90.0,18,M,7.3,True,False,,1.0,,,0,0.0,,42.0,2.0,30,4.0,1.0,,10.0,7.0,,,1.0,1.0,2.0,1,0,,,0,0,,2026-05-07,raw/api_football/fixture_players/2026-04-30/fixture_1208499_players.json
1208499,532,Valencia,315699,Javier Guerra,86.0,8,M,6.3,False,False,,,,,0,0.0,,17.0,,15,3.0,,,10.0,5.0,1.0,,1.0,1.0,2.0,0,0,,,0,0,,2026-05-07,raw/api_football/fixture_players/2026-04-30/fixture_1208499_players.json
1208499,532,Valencia,162127,Diego López,66.0,16,M,7.3,False,False,,,,,0,1.0,,16.0,3.0,11,,,1.0,5.0,1.0,1.0,,2.0,,1.0,0,0,,,0,0,,2026-05-07,raw/api_football/fixture_players/2026-04-30/fixture_1208499_players.json
1208499,532,Valencia,41157,André Almeida,66.0,10,F,7.2,False,False,2.0,,,,0,0.0,,16.0,1.0,14,2.0,1.0,,4.0,4.0,1.0,1.0,,1.0,,0,0,,,0,0,,2026-05-07,raw/api_football/fixture_players/2026-04-30/fixture_1208499_players.json
1208499,532,Valencia,47264,Hugo Duro,90.0,9,F,7,False,False,,4.0,2.0,1.0,0,0.0,,7.0,,4,,,1.0,7.0,6.0,1.0,1.0,,4.0,1.0,0,0,,,0,0,,2026-05-07,raw/api_football/fixture_players/2026-04-30/fixture_1208499_players.json
1208499,532,Valencia,47251,Dimitri Foulquier,24.0,20,D,6.2,False,True,,,,,0,0.0,,12.0,,7,1.0,,,5.0,2.0,,,1.0,1.0,,0,0,,,0,0,,2026-05-07,raw/api_football/fixture_players/2026-04-30/fixture_1208499_players.json
1208499,532,Valencia,119232,Dani Gómez,24.0,17,F,6.3,False,True,2.0,,,,0,0.0,,7.0,,5,,,2.0,3.0,2.0,,,,,1.0,0,0,,,0,0,,2026-05-07,raw/api_football/fixture_players/2026-04-30/fixture_1208499_players.json
1208499,532,Valencia,439578,David Otorbi,13.0,27,F,6.3,False,True,,,,,0,0.0,,4.0,,2,,,,,,,,,,,0,0,,,0,0,,2026-05-07,raw/api_football/fixture_players/2026-04-30/fixture_1208499_players.json
1208499,532,Valencia,348326,Martín Tejón,13.0,32,M,6.6,False,True,,,,,0,0.0,,7.0,,6,1.0,,,5.0,3.0,1.0,1.0,,1.0,,0,0,,,0,0,,2026-05-07,raw/api_football/fixture_players/2026-04-30/fixture_1208499_players.json
1208499,532,Valencia,919,Hugo Guillamón,12.0,6,D,6.7,False,True,,,,,0,0.0,,9.0,,9,,,,,,,,,,,0,0,,,0,0,,2026-05-07,raw/api_football/fixture_players/2026-04-30/fixture_1208499_players.json
1208499,532,Valencia,412737,Raúl Jiménez Latorre,,34,G,,False,True,,,,,0,,,,,,,,,,,,,,,,0,0,,,0,0,,2026-05-07,raw/api_football/fixture_players/2026-04-30/fixture_1208499_players.json
1208499,532,Valencia,47527,Stole Dimitrievski,,13,G,,False,True,,,,,0,,,,,,,,,,,,,,,,0,0,,,0,0,,2026-05-07,raw/api_football/fixture_players/2026-04-30/fixture_1208499_players.json
1208499,532,Valencia,72048,Cenk Özkaçar,,5,D,,False,True,,,,,0,,,,,,,,,,,,,,,,0,0,,,0,0,,2026-05-07,raw/api_football/fixture_players/2026-04-30/fixture_1208499_players.json
1208499,532,Valencia,327496,Rodrigo Abajas,,39,D,,False,True,,,,,0,,,,,,,,,,,,,,,,0,0,,,0,0,,2026-05-07,raw/api_football/fixture_players/2026-04-30/fixture_1208499_players.json
1208499,532,Valencia,333672,César Tárrega,,15,D,,False,True,,,,,0,,,,,,,,,,,,,,,,0,0,,,0,0,,2026-05-07,raw/api_football/fixture_players/2026-04-30/fixture_1208499_players.json
1208499,532,Valencia,406266,Ali Fadal,,28,M,,False,True,,,,,0,,,,,,,,,,,,,,,,0,0,,,0,0,,2026-05-07,raw/api_football/fixture_players/2026-04-30/fixture_1208499_players.json
1208499,532,Valencia,288074,Alberto Mari,,19,F,,False,True,,,,,0,,,,,,,,,,,,,,,,0,0,,,0,0,,2026-05-07,raw/api_football/fixture_players/2026-04-30/fixture_1208499_players.json
1208499,529,Barcelona,127,Marc-André ter Stegen,90.0,1,G,6.5,True,False,,,,,1,0.0,1.0,35.0,,28,,,,,,,,,,,0,0,,,0,0,0.0,2026-05-07,raw/api_football/fixture_players/2026-04-30/fixture_1208499_players.json
1208499,529,Barcelona,1257,Jules Koundé,90.0,23,D,6.7,False,False,,,,,0,0.0,,65.0,,60,1.0,,1.0,8.0,3.0,2.0,1.0,,,3.0,1,0,,,0,0,,2026-05-07,raw/api_football/fixture_players/2026-04-30/fixture_1208499_players.json
1208499,529,Barcelona,396623,Pau Cubarsí,64.0,2,D,6.9,False,False,,1.0,,,0,0.0,,51.0,,44,,1.0,,5.0,1.0,,,1.0,,2.0,1,0,,,0,0,,2026-05-07,raw/api_football/fixture_players/2026-04-30/fixture_1208499_players.json
1208499,529,Barcelona,2670,Iñigo Martínez,90.0,5,D,6.7,False,False,,,,,0,0.0,,85.0,,75,,,1.0,9.0,3.0,,,,1.0,4.0,0,0,,,0,0,,2026-05-07,raw/api_football/fixture_players/2026-04-30/fixture_1208499_players.json
1208499,529,Barcelona,161928,Alejandro Balde,64.0,3,D,6.9,False,False,,1.0,1.0,,0,0.0,,37.0,3.0,34,,,1.0,11.0,4.0,3.0,2.0,1.0,,1.0,0,0,,,0,0,,2026-05-07,raw/api_football/fixture_players/2026-04-30/fixture_1208499_players.json
1208499,529,Barcelona,433396,Marc Bernal,71.0,28,M,7,False,False,,,,,0,0.0,,52.0,,49,4.0,1.0,,9.0,5.0,1.0,,1.0,1.0,,0,0,,,0,0,,2026-05-07,raw/api_football/fixture_players/2026-04-30/fixture_1208499_players.json
1208499,529,Barcelona,329728,Marc Casadó,90.0,17,M,7.3,False,False,,1.0,,,0,0.0,,62.0,2.0,52,4.0,,,10.0,7.0,3.0,2.0,1.0,1.0,1.0,0,0,,,0,0,,2026-05-07,raw/api_football/fixture_players/2026-04-30/fixture_1208499_players.json
1208499,529,Barcelona,386828,Lamine Yamal,86.0,19,M,7.9,False,False,,3.0,1.0,,0,1.0,,46.0,3.0,40,1.0,,,12.0,7.0,5.0,3.0,,3.0,,0,0,,,0,0,,2026-05-07,raw/api_football/fixture_players/2026-04-30/fixture_1208499_players.json
1208499,529,Barcelona,1496,Raphinha,90.0,11,M,8,False,False,,1.0,1.0,,0,0.0,,45.0,3.0,33,1.0,,,6.0,3.0,1.0,,1.0,2.0,,0,0,1.0,,0,0,,2026-05-07,raw/api_football/fixture_players/2026-04-30/fixture_1208499_players.json
1208499,529,Barcelona,931,Ferran Torres,64.0,7,M,6.5,False,False,1.0,1.0,1.0,,0,0.0,,12.0,1.0,10,,,,2.0,,,,,,,0,0,,,0,0,,2026-05-07,raw/api_football/fixture_players/2026-04-30/fixture_1208499_players.json
1208499,529,Barcelona,521,Robert Lewandowski,90.0,9,F,8.5,False,False,,3.0,2.0,2.0,0,0.0,,17.0,1.0,15,1.0,,,11.0,5.0,,,,2.0,1.0,0,0,,,1,0,,2026-05-07,raw/api_football/fixture_players/2026-04-30/fixture_1208499_players.json
1208499,529,Barcelona,181701,Gerard Martín,26.0,35,D,6.9,False,True,,,,,0,0.0,,18.0,1.0,15,,,,,,,,,,,0,0,,,0,0,,2026-05-07,raw/api_football/fixture_players/2026-04-30/fixture_1208499_players.json
1208499,529,Barcelona,2282,Andreas Christensen,26.0,15,D,6.3,False,True,,,,,0,0.0,,16.0,,14,,,,2.0,1.0,,,,,1.0,1,0,,,0,0,,2026-05-07,raw/api_football/fixture_players/2026-04-30/fixture_1208499_players.json
1208499,529,Barcelona,133609,Pedri,26.0,8,M,6.6,False,True,,1.0,,,0,0.0,,20.0,,15,1.0,,,3.0,1.0,,,1.0,,,0,0,,,0,0,,2026-05-07,raw/api_football/fixture_players/2026-04-30/fixture_1208499_players.json
1208499,529,Barcelona,619,Eric García,19.0,24,D,6.6,False,True,,,,,0,0.0,,11.0,,10,,,1.0,1.0,,,,,,,0,0,,,0,0,,2026-05-07,raw/api_football/fixture_players/2026-04-30/fixture_1208499_players.json
1208499,529,Barcelona,263530,Pau Víctor,12.0,18,F,7,False,True,,,,,0,0.0,,6.0,1.0,5,1.0,,,3.0,2.0,2.0,1.0,,,,0,0,,,0,0,,2026-05-07,raw/api_football/fixture_players/2026-04-30/fixture_1208499_players.json
1208499,529,Barcelona,336653,Ander Astralaga,,26,G,,False,True,,,,,0,,,,,,,,,,,,,,,,0,0,,,0,0,,2026-05-07,raw/api_football/fixture_players/2026-04-30/fixture_1208499_players.json
1208499,529,Barcelona,126,Iñaki Peña,,13,G,,False,True,,,,,0,,,,,,,,,,,,,,,,0,0,,,0,0,,2026-05-07,raw/api_football/fixture_players/2026-04-30/fixture_1208499_players.json
1208499,529,Barcelona,336560,Alex Valle,,29,D,,False,True,,,,,0,,,,,,,,,,,,,,,,0,0,,,0,0,,2026-05-07,raw/api_football/fixture_players/2026-04-30/fixture_1208499_players.json
1208499,529,Barcelona,396624,Sergi Domínguez,,36,D,,False,True,,,,,0,,,,,,,,,,,,,,,,0,0,,,0,0,,2026-05-07,raw/api_football/fixture_players/2026-04-30/fixture_1208499_players.json
1208499,529,Barcelona,386859,Hector Fort,,32,D,,False,True,,,,,0,,,,,,,,,,,,,,,,0,0,,,0,0,,2026-05-07,raw/api_football/fixture_players/2026-04-30/fixture_1208499_players.json
1208499,529,Barcelona,285909,Pablo Torre,,14,M,,False,True,,,,,0,,,,,,,,,,,,,,,,0,0,,,0,0,,2026-05-07,raw/api_football/fixture_players/2026-04-30/fixture_1208499_players.json
1208500,548,Real Sociedad,47269,Álex Remiro,90.0,1,G,6.2,False,False,,,,,2,0.0,2.0,31.0,,26,,,,,,,,,,,0,0,,,0,0,0.0,2026-05-07,raw/api_football/fixture_players/2026-04-30/fixture_1208500_players.json
1208500,548,Real Sociedad,2202,Hamari Traoré,75.0,18,D,6.9,False,False,,,,,0,0.0,,37.0,,30,2.0,,,8.0,5.0,1.0,1.0,1.0,,,0,0,,,0,0,,2026-05-07,raw/api_football/fixture_players/2026-04-30/fixture_1208500_players.json
1208500,548,Real Sociedad,47298,Aritz Elustondo,90.0,6,D,6.9,False,False,,1.0,,,0,0.0,,77.0,1.0,70,1.0,1.0,1.0,10.0,6.0,,,,4.0,2.0,0,0,,,0,0,,2026-05-07,raw/api_football/fixture_players/2026-04-30/fixture_1208500_players.json
1208500,548,Real Sociedad,182546,Jon Pacheco,90.0,20,D,7.5,False,False,,,,,0,0.0,,51.0,,45,1.0,1.0,1.0,6.0,4.0,,,,1.0,1.0,0,0,,,0,0,,2026-05-07,raw/api_football/fixture_players/2026-04-30/fixture_1208500_players.json
1208500,548,Real Sociedad,182636,Javi López,90.0,12,D,5.9,False,False,,1.0,,,0,0.0,,39.0,,34,,1.0,,5.0,1.0,1.0,,1.0,1.0,,0,0,,,0,0,,2026-05-07,raw/api_football/fixture_players/2026-04-30/fixture_1208500_players.json
1208500,548,Real Sociedad,47440,Brais Méndez,90.0,23,M,6.9,False,False,,2.0,1.0,,0,0.0,,46.0,1.0,35,1.0,,,17.0,8.0,1.0,1.0,,6.0,4.0,0,0,,,0,0,,2026-05-07,raw/api_football/fixture_players/2026-04-30/fixture_1208500_players.json
1208500,548,Real Sociedad,183699,Urko González,45.0,15,M,6.2,False,False,,,,,0,0.0,,16.0,,10,,1.0,,5.0,,,,,,1.0,1,0,,,0,0,,2026-05-07,raw/api_football/fixture_players/2026-04-30/fixture_1208500_players.json
1208500,548,Real Sociedad,183744,Beñat Turrientes,68.0,22,M,7.2,False,False,,1.0,1.0,,0,0.0,,19.0,,17,4.0,,,9.0,7.0,1.0,1.0,,1.0,1.0,0,0,,,0,0,,2026-05-07,raw/api_football/fixture_players/2026-04-30/fixture_1208500_players.json
1208500,548,Real Sociedad,32862,Takefusa Kubo,68.0,14,F,6.7,False,False,,,,,0,0.0,,12.0,1.0,10,1.0,,,20.0,6.0,5.0,2.0,,3.0,2.0,0,0,,,0,0,,2026-05-07,raw/api_football/fixture_players/2026-04-30/fixture_1208500_players.json
1208500,548,Real Sociedad,47323,Mikel Oyarzabal,83.0,10,F,6.3,True,False,,,,,0,0.0,,16.0,,9,,,,7.0,2.0,1.0,1.0,2.0,,,0,0,,,0,0,,2026-05-07,raw/api_football/fixture_players/2026-04-30/fixture_1208500_players.json
1208500,548,Real Sociedad,37938,Sheraldo Becker,90.0,11,F,7.2,False,False,,2.0,1.0,,0,0.0,,19.0,2.0,11,1.0,,,7.0,5.0,,,,2.0,,0,0,,,0,0,,2026-05-07,raw/api_football/fixture_players/2026-04-30/fixture_1208500_players.json
1208500,548,Real Sociedad,47315,Martín Zubimendi,45.0,4,M,7.3,False,True,,2.0,1.0,1.0,0,0.0,,26.0,,20,1.0,,,7.0,6.0,,,1.0,2.0,,0,0,,,0,0,,2026-05-07,raw/api_football/fixture_players/2026-04-30/fixture_1208500_players.json
1208500,548,Real Sociedad,23,Sergio Gómez,22.0,17,D,6.3,False,True,,,,,0,0.0,,17.0,,14,,,,3.0,,,,1.0,,1.0,0,0,,,0,0,,2026-05-07,raw/api_football/fixture_players/2026-04-30/fixture_1208500_players.json
1208500,548,Real Sociedad,47317,Ander Barrenetxea,22.0,7,F,6.9,False,True,,,,,0,0.0,,14.0,1.0,11,,,1.0,2.0,1.0,,,,,,0,0,,,0,0,,2026-05-07,raw/api_football/fixture_players/2026-04-30/fixture_1208500_players.json
1208500,548,Real Sociedad,199044,Jon Aramburu,15.0,27,D,6,False,True,,,,,0,0.0,,16.0,,10,,,,4.0,1.0,1.0,,,1.0,2.0,1,0,,,0,0,,2026-05-07,raw/api_football/fixture_players/2026-04-30/fixture_1208500_players.json
1208500,548,Real Sociedad,7332,Luka Sučić,17.0,24,M,6.3,False,True,,,,,0,0.0,,9.0,,7,1.0,,,2.0,2.0,,,,,,0,0,,,0,0,,2026-05-07,raw/api_football/fixture_players/2026-04-30/fixture_1208500_players.json
1208500,548,Real Sociedad,189832,Unai Marrero,,13,G,,False,True,,,,,0,,,,,,,,,,,,,,,,0,0,,,0,0,,2026-05-07,raw/api_football/fixture_players/2026-04-30/fixture_1208500_players.json
1208500,548,Real Sociedad,405073,Jon Martin,,31,D,,False,True,,,,,0,,,,,,,,,,,,,,,,0,0,,,0,0,,2026-05-07,raw/api_football/fixture_players/2026-04-30/fixture_1208500_players.json
1208500,548,Real Sociedad,47303,Aihen Muñoz,,3,D,,False,True,,,,,0,,,,,,,,,,,,,,,,0,0,,,0,0,,2026-05-07,raw/api_football/fixture_players/2026-04-30/fixture_1208500_players.json
1208500,548,Real Sociedad,287652,Jon Magunazelaia,,25,M,,False,True,,,,,0,,,,,,,,,,,,,,,,0,0,,,0,0,,2026-05-07,raw/api_football/fixture_players/2026-04-30/fixture_1208500_players.json
1208500,548,Real Sociedad,290106,Pablo Marín,,28,M,,False,True,,,,,0,,,,,,,,,,,,,,,,0,0,,,0,0,,2026-05-07,raw/api_football/fixture_players/2026-04-30/fixture_1208500_players.json
1208500,548,Real Sociedad,182603,Jon Ander Olasagasti,,16,M,,False,True,,,,,0,,,,,,,,,,,,,,,,0,0,,,0,0,,2026-05-07,raw/api_football/fixture_players/2026-04-30/fixture_1208500_players.json
1208500,548,Real Sociedad,31406,Umar Sadiq,,19,F,,False,True,,,,,0,,,,,,,,,,,,,,,,0,0,,,0,0,,2026-05-07,raw/api_football/fixture_players/2026-04-30/fixture_1208500_players.json
1208500,728,Rayo Vallecano,156488,Dani Cárdenas,90.0,1,G,6.6,False,False,,,,,1,0.0,3.0,13.0,,3,,,,,,,,,,,0,0,,,0,0,0.0,2026-05-07,raw/api_football/fixture_players/2026-04-30/fixture_1208500_players.json
1208500,728,Rayo Vallecano,1703,Andrei Rațiu,80.0,2,D,6.7,False,False,,2.0,1.0,,0,0.0,,12.0,,7,1.0,,1.0,7.0,2.0,1.0,,,,1.0,0,0,,,0,0,,2026-05-07,raw/api_football/fixture_players/2026-04-30/fixture_1208500_players.json
1208500,728,Rayo Vallecano,18895,Florian Lejeune,90.0,24,D,6.9,False,False,,1.0,1.0,,0,0.0,,21.0,,10,,1.0,,6.0,5.0,,,,,1.0,1,0,,,0,0,,2026-05-07,raw/api_football/fixture_players/2026-04-30/fixture_1208500_players.json
1208500,728,Rayo Vallecano,15900,Abdul Mumin,90.0,16,D,7.3,False,False,,,,,0,1.0,,23.0,1.0,17,1.0,1.0,1.0,6.0,3.0,,,,,,0,0,,,0,0,,2026-05-07,raw/api_football/fixture_players/2026-04-30/fixture_1208500_players.json
1208500,728,Rayo Vallecano,46759,Alfonso Espino,90.0,22,D,7.2,False,False,,1.0,,,0,0.0,,27.0,,13,6.0,,2.0,21.0,14.0,2.0,1.0,3.0,3.0,2.0,0,0,,,0,0,,2026-05-07,raw/api_football/fixture_players/2026-04-30/fixture_1208500_players.json
1208500,728,Rayo Vallecano,128582,Jorge de Frutos,75.0,19,M,7.2,False,False,,1.0,1.0,1.0,0,0.0,,10.0,,4,2.0,,1.0,7.0,3.0,1.0,1.0,,,3.0,0,0,,,0,0,,2026-05-07,raw/api_football/fixture_players/2026-04-30/fixture_1208500_players.json
1208500,728,Rayo Vallecano,47285,Unai López,45.0,17,M,6.9,False,False,,,,,0,0.0,,22.0,1.0,18,,,1.0,6.0,4.0,,,1.0,2.0,,1,0,,,0,0,,2026-05-07,raw/api_football/fixture_players/2026-04-30/fixture_1208500_players.json
1208500,728,Rayo Vallecano,47109,Óscar Valentín,90.0,23,M,7.2,True,False,,,,,0,0.0,,29.0,,26,3.0,,1.0,15.0,9.0,,,,3.0,6.0,0,0,,,0,0,,2026-05-07,raw/api_football/fixture_players/2026-04-30/fixture_1208500_players.json
1208500,728,Rayo Vallecano,47554,Adrián Embarba,75.0,21,M,6.7,False,False,,1.0,,,0,0.0,,22.0,,15,1.0,,,11.0,5.0,3.0,2.0,1.0,1.0,1.0,1,0,,,0,0,,2026-05-07,raw/api_football/fixture_players/2026-04-30/fixture_1208500_players.json
1208500,728,Rayo Vallecano,122657,Randy Nteka,63.0,11,F,6.3,False,False,3.0,,,,0,0.0,,9.0,1.0,7,2.0,,,11.0,3.0,1.0,,,,3.0,1,0,,,0,0,,2026-05-07,raw/api_football/fixture_players/2026-04-30/fixture_1208500_players.json
1208500,728,Rayo Vallecano,131546,Isi Palazón,90.0,7,F,6.9,False,False,,1.0,,,0,0.0,,22.0,2.0,17,,,,7.0,3.0,2.0,1.0,1.0,2.0,1.0,0,0,,,0,0,,2026-05-07,raw/api_football/fixture_players/2026-04-30/fixture_1208500_players.json
1208500,728,Rayo Vallecano,47414,Gerard Gumbau,45.0,15,M,6.3,False,True,,1.0,1.0,,0,0.0,,11.0,,6,1.0,,,8.0,3.0,1.0,1.0,,,2.0,0,0,,,0,0,,2026-05-07,raw/api_football/fixture_players/2026-04-30/fixture_1208500_players.json
1208500,728,Rayo Vallecano,52,Sergio Camello,27.0,14,F,7.3,False,True,,1.0,1.0,1.0,0,0.0,,3.0,,2,,,,4.0,2.0,,,,2.0,1.0,0,0,,,0,0,,2026-05-07,raw/api_football/fixture_players/2026-04-30/fixture_1208500_players.json
1208500,728,Rayo Vallecano,181734,Josep Chavarría,15.0,3,D,6.6,False,True,,,,,0,0.0,,3.0,,2,1.0,,,2.0,2.0,,,,1.0,,0,0,,,0,0,,2026-05-07,raw/api_football/fixture_players/2026-04-30/fixture_1208500_players.json
1208500,728,Rayo Vallecano,41552,Ismaila Ciss,15.0,6,M,7,False,True,,,,,0,1.0,,5.0,1.0,2,,,,,,,,,,,0,0,,,0,0,,2026-05-07,raw/api_football/fixture_players/2026-04-30/fixture_1208500_players.json
1208500,728,Rayo Vallecano,20520,Iván Balliu,10.0,20,D,6.2,False,True,,,,,0,0.0,,4.0,,2,,,,1.0,,,,,,,0,0,,,0,0,,2026-05-07,raw/api_football/fixture_players/2026-04-30/fixture_1208500_players.json
1208500,728,Rayo Vallecano,47529,Miguel Ángel Morro,,30,G,,False,True,,,,,0,,,,,,,,,,,,,,,,0,0,,,0,0,,2026-05-07,raw/api_football/fixture_players/2026-04-30/fixture_1208500_players.json
1208500,728,Rayo Vallecano,46654,Aridane Hernández,,5,D,,False,True,,,,,0,,,,,,,,,,,,,,,,0,0,,,0,0,,2026-05-07,raw/api_football/fixture_players/2026-04-30/fixture_1208500_players.json
1208500,728,Rayo Vallecano,478243,Marco de las Sías,,26,D,,False,True,,,,,0,,,,,,,,,,,,,,,,0,0,,,0,0,,2026-05-07,raw/api_football/fixture_players/2026-04-30/fixture_1208500_players.json
1208500,728,Rayo Vallecano,333292,Pelayo Fernández,,27,D,,False,True,,,,,0,,,,,,,,,,,,,,,,0,0,,,0,0,,2026-05-07,raw/api_football/fixture_players/2026-04-30/fixture_1208500_players.json
1208500,728,Rayo Vallecano,46887,Pedro Díaz,,4,M,,False,True,,,,,0,,,,,,,,,,,,,,,,0,0,,,0,0,,2026-05-07,raw/api_football/fixture_players/2026-04-30/fixture_1208500_players.json
1208500,728,Rayo Vallecano,47557,Óscar Trejo,,8,M,,False,True,,,,,0,,,,,,,,,,,,,,,,0,0,,,0,0,,2026-05-07,raw/api_football/fixture_players/2026-04-30/fixture_1208500_players.json
1208500,728,Rayo Vallecano,303115,Etienne Eto'o Pineda,,28,F,,False,True,,,,,0,,,,,,,,,,,,,,,,0,0,,,0,0,,2026-05-07,raw/api_football/fixture_players/2026-04-30/fixture_1208500_players.json
1208501,538,Celta Vigo,47427,Iván Villar,90.0,1,G,6.3,False,False,,,,,1,0.0,1.0,20.0,,17,,,,,,,,,,,0,0,,,0,0,0.0,2026-05-07,raw/api_football/fixture_players/2026-04-30/fixture_1208501_players.json
1208501,538,Celta Vigo,18896,Javier Manquillo,45.0,22,D,6.5,False,False,,,,,0,0.0,,41.0,,35,,,,,,,,,,,0,0,,,0,0,,2026-05-07,raw/api_football/fixture_players/2026-04-30/fixture_1208501_players.json
1208501,538,Celta Vigo,47988,Carl Starfelt,45.0,2,D,6.6,False,False,,,,,0,0.0,,59.0,1.0,58,,,2.0,4.0,2.0,,,,1.0,,0,0,,,0,0,,2026-05-07,raw/api_football/fixture_players/2026-04-30/fixture_1208501_players.json
1208501,538,Celta Vigo,286559,Carlos Domínguez,90.0,24,D,7,False,False,,,,,0,0.0,,92.0,,79,,1.0,1.0,8.0,7.0,,,,,,0,0,,,0,0,,2026-05-07,raw/api_football/fixture_players/2026-04-30/fixture_1208501_players.json
1208501,538,Celta Vigo,329720,Hugo Álvarez,90.0,30,M,6.9,False,False,,,,,0,1.0,,43.0,1.0,32,3.0,,,15.0,8.0,6.0,2.0,,2.0,2.0,0,0,,,0,0,,2026-05-07,raw/api_football/fixture_players/2026-04-30/fixture_1208501_players.json
1208501,538,Celta Vigo,286796,Damián Rodríguez,90.0,28,M,6.9,False,False,,,,,0,0.0,,49.0,,44,1.0,,3.0,5.0,2.0,,,2.0,1.0,1.0,1,0,,,0,0,,2026-05-07,raw/api_football/fixture_players/2026-04-30/fixture_1208501_players.json
1208501,538,Celta Vigo,47435,Fran Beltrán,65.0,8,M,6.5,False,False,,1.0,,,0,0.0,,41.0,,37,2.0,,1.0,7.0,2.0,,,,,1.0,0,0,,,0,0,,2026-05-07,raw/api_football/fixture_players/2026-04-30/fixture_1208501_players.json
1208501,538,Celta Vigo,162712,Óscar Mingueza,90.0,3,M,7.7,False,False,,1.0,1.0,,0,0.0,,57.0,1.0,46,3.0,,1.0,4.0,4.0,1.0,1.0,,,,0,0,,,0,0,,2026-05-07,raw/api_football/fixture_players/2026-04-30/fixture_1208501_players.json
1208501,538,Celta Vigo,47445,Iago Aspas,90.0,10,F,7.5,True,False,1.0,3.0,2.0,1.0,0,0.0,,31.0,,24,,,,8.0,4.0,1.0,1.0,1.0,3.0,1.0,1,0,,,0,0,,2026-05-07,raw/api_football/fixture_players/2026-04-30/fixture_1208501_players.json
1208501,538,Celta Vigo,22235,Jonathan Bamba,45.0,17,F,6.3,False,False,,,,,0,0.0,,19.0,,16,1.0,,,4.0,3.0,1.0,,,2.0,1.0,0,0,,,0,0,,2026-05-07,raw/api_football/fixture_players/2026-04-30/fixture_1208501_players.json
1208501,538,Celta Vigo,26845,Anastasios Douvikas,78.0,9,F,6.9,False,False,1.0,,,,0,0.0,,9.0,,6,1.0,,,13.0,11.0,2.0,1.0,,8.0,1.0,0,0,,,0,0,,2026-05-07,raw/api_football/fixture_players/2026-04-30/fixture_1208501_players.json
1208501,538,Celta Vigo,384135,Javi Rodríguez,45.0,32,D,7.3,False,True,,,,,0,0.0,,27.0,,25,1.0,1.0,1.0,4.0,3.0,1.0,,,1.0,,0,0,,,0,0,,2026-05-07,raw/api_football/fixture_players/2026-04-30/fixture_1208501_players.json
1208501,538,Celta Vigo,1364,Jailson,45.0,16,M,6.9,False,True,,,,,0,0.0,,34.0,,30,1.0,1.0,2.0,6.0,3.0,1.0,1.0,,1.0,,0,0,,,0,0,,2026-05-07,raw/api_football/fixture_players/2026-04-30/fixture_1208501_players.json
1208501,538,Celta Vigo,269163,Williot Swedberg,45.0,19,M,8,False,True,1.0,1.0,1.0,1.0,0,1.0,,9.0,1.0,8,,,,2.0,1.0,1.0,,,1.0,1.0,0,0,,,0,0,,2026-05-07,raw/api_football/fixture_players/2026-04-30/fixture_1208501_players.json
1208501,538,Celta Vigo,162123,Ilaix Moriba,25.0,6,M,7,False,True,,,,,0,0.0,,15.0,1.0,12,4.0,,,9.0,6.0,1.0,,1.0,1.0,,0,0,,,0,0,,2026-05-07,raw/api_football/fixture_players/2026-04-30/fixture_1208501_players.json
1208501,538,Celta Vigo,47348,Borja Iglesias,12.0,7,F,6.6,False,True,1.0,,,,0,0.0,,5.0,,2,1.0,,,2.0,2.0,,,,1.0,,0,0,,,0,0,,2026-05-07,raw/api_football/fixture_players/2026-04-30/fixture_1208501_players.json
1208501,538,Celta Vigo,182730,Marc Vidal,,26,G,,False,True,,,,,0,,,,,,,,,,,,,,,,0,0,,,0,0,,2026-05-07,raw/api_football/fixture_players/2026-04-30/fixture_1208501_players.json
1208501,538,Celta Vigo,286795,César Fernández,,27,G,,False,True,,,,,0,,,,,,,,,,,,,,,,0,0,,,0,0,,2026-05-07,raw/api_football/fixture_players/2026-04-30/fixture_1208501_players.json
1208501,538,Celta Vigo,1926,Joseph Aidoo,,15,D,,False,True,,,,,0,,,,,,,,,,,,,,,,0,0,,,0,0,,2026-05-07,raw/api_football/fixture_players/2026-04-30/fixture_1208501_players.json
1208501,538,Celta Vigo,157988,Sergio Carreira,,5,D,,False,True,,,,,0,,,,,,,,,,,,,,,,0,0,,,0,0,,2026-05-07,raw/api_football/fixture_players/2026-04-30/fixture_1208501_players.json
1208501,538,Celta Vigo,313651,Hugo Sotelo,,33,M,,False,True,,,,,0,,,,,,,,,,,,,,,,0,0,,,0,0,,2026-05-07,raw/api_football/fixture_players/2026-04-30/fixture_1208501_players.json
1208501,538,Celta Vigo,320517,Pablo Durán,,18,F,,False,True,,,,,0,,,,,,,,,,,,,,,,0,0,,,0,0,,2026-05-07,raw/api_football/fixture_players/2026-04-30/fixture_1208501_players.json
1208501,538,Celta Vigo,119213,Alfon González,,12,F,,False,True,,,,,0,,,,,,,,,,,,,,,,0,0,,,0,0,,2026-05-07,raw/api_football/fixture_players/2026-04-30/fixture_1208501_players.json
1208501,542,Alaves,47353,Antonio Sivera,90.0,1,G,6.5,False,False,,,,,2,0.0,2.0,31.0,,11,,,,,,,,,,,0,0,,,0,0,0.0,2026-05-07,raw/api_football/fixture_players/2026-04-30/fixture_1208501_players.json
1208501,542,Alaves,187214,Carlos Vicente,90.0,7,D,6.6,False,False,1.0,,,,0,0.0,,34.0,2.0,31,2.0,,2.0,5.0,2.0,2.0,,,,,0,0,,,0,0,,2026-05-07,raw/api_football/fixture_players/2026-04-30/fixture_1208501_players.json
1208501,542,Alaves,46813,Abdelkabir Abqar,90.0,5,D,6,False,False,,,,,0,0.0,,27.0,,16,1.0,,2.0,9.0,1.0,,,,,8.0,1,0,,,0,0,,2026-05-07,raw/api_football/fixture_players/2026-04-30/fixture_1208501_players.json
1208501,542,Alaves,6233,Nahuel Tenaglia,90.0,14,D,6.3,False,False,,,,,0,0.0,,21.0,,16,3.0,,,5.0,3.0,1.0,,,,,0,0,,,0,0,,2026-05-07,raw/api_football/fixture_players/2026-04-30/fixture_1208501_players.json
1208501,542,Alaves,70476,Moussa Diarra,90.0,22,D,6.2,False,False,,,,,0,0.0,,24.0,,19,1.0,,,8.0,2.0,,,,,2.0,0,0,,,0,0,,2026-05-07,raw/api_football/fixture_players/2026-04-30/fixture_1208501_players.json
1208501,542,Alaves,47309,Ander Guevara,80.0,6,M,6.9,True,False,,,,,0,0.0,,41.0,1.0,33,1.0,,1.0,4.0,3.0,2.0,2.0,,,1.0,0,0,,,0,0,,2026-05-07,raw/api_football/fixture_players/2026-04-30/fixture_1208501_players.json
1208501,542,Alaves,162686,Antonio Blanco,90.0,8,M,7.2,False,False,,1.0,,,0,1.0,,35.0,1.0,31,2.0,,2.0,9.0,5.0,,,,3.0,4.0,0,0,,,0,0,,2026-05-07,raw/api_football/fixture_players/2026-04-30/fixture_1208501_players.json
1208501,542,Alaves,263812,Luka Romero,58.0,20,M,6.7,False,False,1.0,,,,0,0.0,,12.0,1.0,9,,,1.0,8.0,3.0,1.0,,1.0,1.0,,0,0,,,0,0,,2026-05-07,raw/api_football/fixture_players/2026-04-30/fixture_1208501_players.json
1208501,542,Alaves,104821,Jon Guridi,68.0,18,M,6.7,False,False,1.0,1.0,,,0,0.0,,22.0,,15,1.0,,,4.0,1.0,,,,,1.0,0,0,,,0,0,,2026-05-07,raw/api_football/fixture_players/2026-04-30/fixture_1208501_players.json
1208501,542,Alaves,51241,Tomás Conechny,68.0,10,M,6.3,False,False,,,,,0,0.0,,13.0,,8,2.0,,,12.0,4.0,1.0,,4.0,1.0,1.0,1,0,,,0,0,,2026-05-07,raw/api_football/fixture_players/2026-04-30/fixture_1208501_players.json
1208501,542,Alaves,47396,Kike García,80.0,17,F,7.5,False,False,,3.0,1.0,1.0,0,0.0,,12.0,,8,1.0,,,11.0,3.0,1.0,,,,2.0,0,0,,,0,0,,2026-05-07,raw/api_football/fixture_players/2026-04-30/fixture_1208501_players.json
1208501,542,Alaves,162170,Hugo Novoa Ramos,32.0,16,F,6.5,False,True,,1.0,,,0,0.0,,8.0,,7,,,,4.0,2.0,3.0,2.0,,,1.0,0,0,,,0,0,,2026-05-07,raw/api_football/fixture_players/2026-04-30/fixture_1208501_players.json
1208501,542,Alaves,46933,Luis Rioja,22.0,11,F,6.9,False,True,,,,,0,0.0,,4.0,1.0,4,2.0,,,5.0,3.0,,,1.0,1.0,1.0,0,0,,,0,0,,2026-05-07,raw/api_football/fixture_players/2026-04-30/fixture_1208501_players.json
1208501,542,Alaves,46740,Stoichkov,22.0,19,F,6.2,False,True,,,,,0,0.0,,7.0,,4,1.0,,,4.0,1.0,2.0,,,,,0,0,,,0,0,,2026-05-07,raw/api_football/fixture_players/2026-04-30/fixture_1208501_players.json
1208501,542,Alaves,6085,Carlos Benavídez,10.0,23,M,6.6,False,True,,,,,0,0.0,,5.0,1.0,3,,,,2.0,,1.0,,,,1.0,0,0,,,0,0,,2026-05-07,raw/api_football/fixture_players/2026-04-30/fixture_1208501_players.json
1208501,542,Alaves,104853,Asier Villalibre,10.0,9,F,6.3,False,True,,1.0,1.0,,0,0.0,,3.0,,3,,,,1.0,,,,,,1.0,0,0,,,0,0,,2026-05-07,raw/api_football/fixture_players/2026-04-30/fixture_1208501_players.json
1208501,542,Alaves,122471,Jesús Owono,,13,G,,False,True,,,,,0,,,,,,,,,,,,,,,,0,0,,,0,0,,2026-05-07,raw/api_football/fixture_players/2026-04-30/fixture_1208501_players.json
1208501,542,Alaves,163060,Adrián Rodríguez,,31,G,,False,True,,,,,0,,,,,,,,,,,,,,,,0,0,,,0,0,,2026-05-07,raw/api_football/fixture_players/2026-04-30/fixture_1208501_players.json
1208501,542,Alaves,40419,Aleksandar Sedlar,,4,D,,False,True,,,,,0,,,,,,,,,,,,,,,,0,0,,,0,0,,2026-05-07,raw/api_football/fixture_players/2026-04-30/fixture_1208501_players.json
1208501,542,Alaves,313562,Eneko Ortiz,,34,D,,False,True,,,,,0,,,,,,,,,,,,,,,,0,0,,,0,0,,2026-05-07,raw/api_football/fixture_players/2026-04-30/fixture_1208501_players.json
1208501,542,Alaves,295383,Adrián,,36,D,,False,True,,,,,0,,,,,,,,,,,,,,,,0,0,,,0,0,,2026-05-07,raw/api_football/fixture_players/2026-04-30/fixture_1208501_players.json
1208501,542,Alaves,384273,Julen Lartitegi,,37,F,,False,True,,,,,0,,,,,,,,,,,,,,,,0,0,,,0,0,,2026-05-07,raw/api_football/fixture_players/2026-04-30/fixture_1208501_players.json
1208501,542,Alaves,390742,Joaquin Panichelli,,29,F,,False,True,,,,,0,,,,,,,,,,,,,,,,0,0,,,0,0,,2026-05-07,raw/api_football/fixture_players/2026-04-30/fixture_1208501_players.json
1208502,727,Osasuna,46646,Sergio Herrera,90.0,1,G,6.9,True,False,,,,,1,0.0,3.0,16.0,,12,,,,,,,,,,,0,0,,,0,0,0.0,2026-05-07,raw/api_football/fixture_players/2026-04-30/fixture_1208502_players.json
1208502,727,Osasuna,182181,Jesús Areso,90.0,12,D,6.2,False,False,,,,,0,0.0,,30.0,1.0,25,1.0,,,10.0,1.0,3.0,,1.0,,,0,0,,,0,0,,2026-05-07,raw/api_football/fixture_players/2026-04-30/fixture_1208502_players.json
1208502,727,Osasuna,47533,Alejandro Catena,90.0,24,D,7.2,False,False,,2.0,1.0,,0,0.0,,51.0,,37,,,,9.0,6.0,1.0,1.0,1.0,,1.0,0,0,,,0,0,,2026-05-07,raw/api_football/fixture_players/2026-04-30/fixture_1208502_players.json
1208502,727,Osasuna,182592,Jorge Herrando,90.0,5,D,6.6,False,False,,1.0,1.0,,0,0.0,,39.0,,24,,1.0,,4.0,3.0,,,,,1.0,1,0,,,0,0,,2026-05-07,raw/api_football/fixture_players/2026-04-30/fixture_1208502_players.json
1208502,727,Osasuna,181259,Abel Bretones,60.0,23,D,6.9,False,False,,,,,0,0.0,,26.0,3.0,19,3.0,,,7.0,4.0,,,,1.0,1.0,0,0,,,0,0,,2026-05-07,raw/api_football/fixture_players/2026-04-30/fixture_1208502_players.json
1208502,727,Osasuna,182621,Iker Muñoz,45.0,18,M,6.7,False,False,,,,,0,0.0,,28.0,,19,,,,4.0,3.0,1.0,1.0,,1.0,,0,0,,,0,0,,2026-05-07,raw/api_football/fixture_players/2026-04-30/fixture_1208502_players.json
1208502,727,Osasuna,1825,Lucas Torró,90.0,6,M,6.9,False,False,,,,,0,0.0,,63.0,,47,3.0,,2.0,18.0,10.0,,,1.0,2.0,4.0,0,0,,,0,0,,2026-05-07,raw/api_football/fixture_players/2026-04-30/fixture_1208502_players.json
1208502,727,Osasuna,47574,Moi Gómez,60.0,16,M,6.9,False,False,,,,,0,0.0,,44.0,2.0,39,2.0,,,8.0,3.0,1.0,,,,,0,0,,,0,0,,2026-05-07,raw/api_football/fixture_players/2026-04-30/fixture_1208502_players.json
1208502,727,Osasuna,46658,Rubén García,78.0,14,F,7.3,False,False,,3.0,1.0,,0,0.0,,35.0,2.0,30,,,1.0,13.0,6.0,2.0,1.0,1.0,3.0,2.0,0,0,,,0,0,,2026-05-07,raw/api_football/fixture_players/2026-04-30/fixture_1208502_players.json
1208502,727,Osasuna,46746,Ante Budimir,90.0,17,F,7.3,False,False,1.0,1.0,1.0,,0,0.0,,25.0,,15,2.0,1.0,,18.0,12.0,2.0,1.0,,1.0,2.0,0,0,,,0,0,,2026-05-07,raw/api_football/fixture_players/2026-04-30/fixture_1208502_players.json
1208502,727,Osasuna,67939,Aimar Oroz,89.0,10,F,7.2,False,False,,2.0,1.0,,0,0.0,,41.0,1.0,37,2.0,1.0,2.0,12.0,6.0,5.0,2.0,,1.0,1.0,0,0,,,0,0,,2026-05-07,raw/api_football/fixture_players/2026-04-30/fixture_1208502_players.json
1208502,727,Osasuna,46662,Jon Moncayola,45.0,7,M,7.2,False,True,,1.0,,,0,0.0,,22.0,2.0,16,,1.0,,2.0,,,,1.0,,,1,0,,,0,0,,2026-05-07,raw/api_football/fixture_players/2026-04-30/fixture_1208502_players.json
1208502,727,Osasuna,46967,Juan Cruz,30.0,3,D,6.7,False,True,,,,,0,0.0,,18.0,,16,1.0,,,3.0,1.0,,,,,2.0,1,0,,,0,0,,2026-05-07,raw/api_football/fixture_players/2026-04-30/fixture_1208502_players.json
1208502,727,Osasuna,286639,Bryan Zaragoza,30.0,19,F,7.2,False,True,,1.0,1.0,,0,0.0,,13.0,1.0,9,1.0,,,8.0,5.0,4.0,2.0,,2.0,,0,0,,,0,0,,2026-05-07,raw/api_football/fixture_players/2026-04-30/fixture_1208502_players.json
1208502,727,Osasuna,47391,Rubén Peña,12.0,15,D,6.6,False,True,,,,,0,0.0,,5.0,1.0,2,,,,1.0,1.0,,,,1.0,,0,0,,,0,0,,2026-05-07,raw/api_football/fixture_players/2026-04-30/fixture_1208502_players.json
1208502,727,Osasuna,146751,Raúl García de Haro,1.0,9,F,,False,True,,,,,0,0.0,,,,,,,,,,,,,,,0,0,,,0,0,,2026-05-07,raw/api_football/fixture_players/2026-04-30/fixture_1208502_players.json
1208502,727,Osasuna,348029,Dimitrios Stamatakis,,32,G,,False,True,,,,,0,,,,,,,,,,,,,,,,0,0,,,0,0,,2026-05-07,raw/api_football/fixture_players/2026-04-30/fixture_1208502_players.json
1208502,727,Osasuna,47448,Aitor Fernández,,13,G,,False,True,,,,,0,,,,,,,,,,,,,,,,0,0,,,0,0,,2026-05-07,raw/api_football/fixture_players/2026-04-30/fixture_1208502_players.json
1208502,727,Osasuna,46657,Nacho Vidal,,2,D,,False,True,,,,,0,,,,,,,,,,,,,,,,0,0,,,0,0,,2026-05-07,raw/api_football/fixture_players/2026-04-30/fixture_1208502_players.json
1208502,727,Osasuna,46652,Unai García,,4,D,,False,True,,,,,0,,,,,,,,,,,,,,,,0,0,,,0,0,,2026-05-07,raw/api_football/fixture_players/2026-04-30/fixture_1208502_players.json
1208502,727,Osasuna,46660,Javi Martínez,,21,M,,False,True,,,,,0,,,,,,,,,,,,,,,,0,0,,,0,0,,2026-05-07,raw/api_football/fixture_players/2026-04-30/fixture_1208502_players.json
1208502,727,Osasuna,139001,Pablo Ibáñez Lumbreras,,8,M,,False,True,,,,,0,,,,,,,,,,,,,,,,0,0,,,0,0,,2026-05-07,raw/api_football/fixture_players/2026-04-30/fixture_1208502_players.json
1208502,727,Osasuna,288800,Iker Benito,,27,F,,False,True,,,,,0,,,,,,,,,,,,,,,,0,0,,,0,0,,2026-05-07,raw/api_football/fixture_players/2026-04-30/fixture_1208502_players.json
1208502,537,Leganes,2036,Juan Soriano,90.0,1,G,7.2,False,False,,,,,1,0.0,6.0,32.0,,11,,,,,,,,,,,1,0,,,0,0,0.0,2026-05-07,raw/api_football/fixture_players/2026-04-30/fixture_1208502_players.json
1208502,537,Leganes,21701,Valentin Rosier,90.0,12,D,6.3,False,False,,,,,0,0.0,,28.0,,17,4.0,,2.0,17.0,6.0,1.0,,2.0,1.0,4.0,1,0,,,0,0,,2026-05-07,raw/api_football/fixture_players/2026-04-30/fixture_1208502_players.json
1208502,537,Leganes,131492,Aritz Arambarri,88.0,22,D,6.9,False,False,,,,,0,0.0,,32.0,,22,1.0,2.0,2.0,10.0,5.0,,,,,,0,0,,,0,0,,2026-05-07,raw/api_football/fixture_players/2026-04-30/fixture_1208502_players.json
1208502,537,Leganes,123047,Sergio González,90.0,6,D,6.7,True,False,,,,,0,0.0,,30.0,,23,,1.0,1.0,7.0,1.0,,,,,1.0,0,0,,,0,0,,2026-05-07,raw/api_football/fixture_players/2026-04-30/fixture_1208502_players.json
1208502,537,Leganes,46849,Javier Hernández,90.0,20,D,7.9,False,False,,2.0,1.0,,0,1.0,,25.0,3.0,20,2.0,,1.0,12.0,5.0,1.0,1.0,2.0,1.0,4.0,0,0,,,0,0,,2026-05-07,raw/api_football/fixture_players/2026-04-30/fixture_1208502_players.json
1208502,537,Leganes,47361,Darko Brašanac,88.0,14,M,6.3,False,False,,1.0,1.0,,0,0.0,,29.0,,17,2.0,2.0,1.0,11.0,6.0,1.0,,,,2.0,0,0,,,0,0,,2026-05-07,raw/api_football/fixture_players/2026-04-30/fixture_1208502_players.json
1208502,537,Leganes,41976,Yvan Neyou,90.0,17,M,6.9,False,False,,1.0,,,0,0.0,,37.0,,23,3.0,,1.0,10.0,6.0,,,,1.0,1.0,0,0,,,0,0,,2026-05-07,raw/api_football/fixture_players/2026-04-30/fixture_1208502_players.json
1208502,537,Leganes,185202,Juan Cruz,63.0,11,M,7.5,False,False,,1.0,1.0,1.0,0,0.0,,16.0,2.0,10,,,,8.0,3.0,2.0,1.0,1.0,1.0,,0,0,,,0,0,,2026-05-07,raw/api_football/fixture_players/2026-04-30/fixture_1208502_players.json
1208502,537,Leganes,302051,Seydouba Cisse,73.0,8,M,6.9,False,False,,,,,0,0.0,,32.0,,27,,,,4.0,3.0,1.0,1.0,,,,0,0,,,0,0,,2026-05-07,raw/api_football/fixture_players/2026-04-30/fixture_1208502_players.json
1208502,537,Leganes,129657,Enric Franquesa,90.0,15,M,7,False,False,,,,,0,0.0,,15.0,,9,5.0,,,12.0,9.0,2.0,1.0,,1.0,,0,0,,,0,0,,2026-05-07,raw/api_football/fixture_players/2026-04-30/fixture_1208502_players.json
1208502,537,Leganes,47494,Miguel de la Fuente,88.0,9,F,6.2,False,False,2.0,1.0,1.0,,0,0.0,,9.0,,3,,,,12.0,5.0,1.0,,1.0,5.0,,0,0,,,0,0,,2026-05-07,raw/api_football/fixture_players/2026-04-30/fixture_1208502_players.json
1208502,537,Leganes,1708,Dani Raba,27.0,10,F,6.6,False,True,,,,,0,0.0,,9.0,1.0,6,1.0,,1.0,6.0,3.0,1.0,1.0,1.0,1.0,,0,0,,,0,0,,2026-05-07,raw/api_football/fixture_players/2026-04-30/fixture_1208502_players.json
1208502,537,Leganes,5974,Julián Chicco,17.0,24,M,6.7,False,True,,,,,0,0.0,,6.0,,4,2.0,,,5.0,3.0,,,1.0,1.0,,0,0,,,0,0,,2026-05-07,raw/api_football/fixture_players/2026-04-30/fixture_1208502_players.json
1208502,537,Leganes,2433,Renato Tapia,2.0,5,M,,False,True,,,,,0,0.0,,1.0,,,,,,1.0,1.0,,,,1.0,,0,0,,,0,0,,2026-05-07,raw/api_football/fixture_players/2026-04-30/fixture_1208502_players.json
1208502,537,Leganes,184481,Diego Garcia,2.0,19,F,,False,True,,,,,0,0.0,,,,,,,,1.0,,,,,,,0,0,,,0,0,,2026-05-07,raw/api_football/fixture_players/2026-04-30/fixture_1208502_players.json
1208502,537,Leganes,47321,Roberto López,2.0,21,M,,False,True,,,,,0,0.0,,2.0,,1,,,,1.0,,,,,,,0,0,,,0,0,,2026-05-07,raw/api_football/fixture_players/2026-04-30/fixture_1208502_players.json
1208502,537,Leganes,2813,Marko Dmitrović,,13,G,,False,True,,,,,0,,,,,,,,,,,,,,,,0,0,,,0,0,,2026-05-07,raw/api_football/fixture_players/2026-04-30/fixture_1208502_players.json
1208502,537,Leganes,327495,Alvin,,36,G,,False,True,,,,,0,,,,,,,,,,,,,,,,0,0,,,0,0,,2026-05-07,raw/api_football/fixture_players/2026-04-30/fixture_1208502_players.json
1208502,537,Leganes,337955,Lalo Aguilar,,33,D,,False,True,,,,,0,,,,,,,,,,,,,,,,0,0,,,0,0,,2026-05-07,raw/api_football/fixture_players/2026-04-30/fixture_1208502_players.json
1208502,537,Leganes,313196,Joao Urbáez,,34,D,,False,True,,,,,0,,,,,,,,,,,,,,,,0,0,,,0,0,,2026-05-07,raw/api_football/fixture_players/2026-04-30/fixture_1208502_players.json
1208502,537,Leganes,388032,Carlos Guirao,,32,M,,False,True,,,,,0,,,,,,,,,,,,,,,,0,0,,,0,0,,2026-05-07,raw/api_football/fixture_players/2026-04-30/fixture_1208502_players.json
1208502,537,Leganes,47416,Óscar Rodríguez,,7,M,,False,True,,,,,0,,,,,,,,,,,,,,,,0,0,,,0,0,,2026-05-07,raw/api_football/fixture_players/2026-04-30/fixture_1208502_players.json
1208502,537,Leganes,385389,Alex Gil,,26,M,,False,True,,,,,0,,,,,,,,,,,,,,,,0,0,,,0,0,,2026-05-07,raw/api_football/fixture_players/2026-04-30/fixture_1208502_players.json
1208503,530,Atletico Madrid,29,Jan Oblak,90.0,13,G,7.7,True,False,,,,,0,0.0,4.0,18.0,,16,,,,,,,,,,,0,0,,,0,0,0.0,2026-05-07,raw/api_football/fixture_players/2026-04-30/fixture_1208503_players.json
1208503,530,Atletico Madrid,753,Marcos Llorente,90.0,14,D,8.2,False,False,,1.0,1.0,1.0,0,1.0,,29.0,1.0,24,2.0,,1.0,10.0,4.0,2.0,1.0,3.0,1.0,,0,0,,,0,0,,2026-05-07,raw/api_football/fixture_players/2026-04-30/fixture_1208503_players.json
1208503,530,Atletico Madrid,47301,Robin Le Normand,90.0,24,D,7.5,False,False,,,,,0,0.0,,44.0,,40,5.0,,,8.0,6.0,,,,1.0,2.0,0,0,,,0,0,,2026-05-07,raw/api_football/fixture_players/2026-04-30/fixture_1208503_players.json
1208503,530,Atletico Madrid,31,José María Giménez,90.0,2,D,7.5,False,False,,,,,0,0.0,,73.0,,64,,2.0,1.0,4.0,1.0,,,1.0,,1.0,0,0,,,0,0,,2026-05-07,raw/api_football/fixture_players/2026-04-30/fixture_1208503_players.json
1208503,530,Atletico Madrid,2280,César Azpilicueta,90.0,3,D,7,False,False,,,,,0,0.0,,65.0,,57,1.0,,,9.0,5.0,,,,3.0,2.0,0,0,,,0,0,,2026-05-07,raw/api_football/fixture_players/2026-04-30/fixture_1208503_players.json
1208503,530,Atletico Madrid,136117,Rodrigo Riquelme,58.0,17,D,7.2,False,False,1.0,1.0,1.0,,0,0.0,,34.0,2.0,30,1.0,,,7.0,5.0,4.0,2.0,,,,0,0,,,0,0,,2026-05-07,raw/api_football/fixture_players/2026-04-30/fixture_1208503_players.json
1208503,530,Atletico Madrid,2472,Rodrigo de Paul,59.0,5,M,6.6,False,False,,,,,0,0.0,,36.0,,33,,,,5.0,2.0,,,1.0,1.0,1.0,1,0,,,0,0,,2026-05-07,raw/api_football/fixture_players/2026-04-30/fixture_1208503_players.json
1208503,530,Atletico Madrid,336594,Pablo Barrios,90.0,8,M,7.7,False,False,,1.0,,,0,0.0,,50.0,1.0,47,5.0,1.0,2.0,7.0,6.0,,,1.0,1.0,,0,0,,,0,0,,2026-05-07,raw/api_football/fixture_players/2026-04-30/fixture_1208503_players.json
1208503,530,Atletico Madrid,126936,Samuel Lino,68.0,12,M,7.7,False,False,,2.0,2.0,,0,0.0,,34.0,1.0,27,2.0,1.0,1.0,10.0,6.0,2.0,2.0,2.0,2.0,1.0,0,0,,,0,0,,2026-05-07,raw/api_football/fixture_players/2026-04-30/fixture_1208503_players.json
1208503,530,Atletico Madrid,56,Antoine Griezmann,81.0,7,F,7.6,False,False,,1.0,1.0,1.0,0,1.0,,19.0,2.0,17,,,1.0,4.0,,1.0,,1.0,,,0,0,,,0,0,,2026-05-07,raw/api_football/fixture_players/2026-04-30/fixture_1208503_players.json
1208503,530,Atletico Madrid,6009,Julián Álvarez,81.0,19,F,6.9,False,False,1.0,1.0,,,0,0.0,,14.0,1.0,11,1.0,,,3.0,1.0,,,,,,0,0,,,0,0,,2026-05-07,raw/api_football/fixture_players/2026-04-30/fixture_1208503_players.json
1208503,530,Atletico Madrid,67972,Conor Gallagher,32.0,4,M,6.7,False,True,,,,,0,0.0,,9.0,,6,3.0,,,7.0,3.0,,,1.0,,2.0,0,0,,,0,0,,2026-05-07,raw/api_football/fixture_players/2026-04-30/fixture_1208503_players.json
1208503,530,Atletico Madrid,50,Koke,31.0,6,M,7.7,False,True,,1.0,1.0,1.0,0,0.0,,20.0,,19,2.0,,2.0,4.0,2.0,,,2.0,,,0,0,,,0,0,,2026-05-07,raw/api_football/fixture_players/2026-04-30/fixture_1208503_players.json
1208503,530,Atletico Madrid,22225,Reinildo Mandava,22.0,23,D,7.2,False,True,,,,,0,0.0,,5.0,,5,1.0,1.0,2.0,3.0,2.0,1.0,,,,,0,0,,,0,0,,2026-05-07,raw/api_football/fixture_players/2026-04-30/fixture_1208503_players.json
1208503,530,Atletico Madrid,8492,Alexander Sørloth,9.0,9,F,6.2,False,True,,,,,0,0.0,,5.0,,2,,,,5.0,2.0,1.0,,,,1.0,0,0,,,0,0,,2026-05-07,raw/api_football/fixture_players/2026-04-30/fixture_1208503_players.json
1208503,530,Atletico Madrid,53,Ángel Correa,9.0,10,F,6.7,False,True,,,,,0,0.0,,7.0,,6,,,,2.0,1.0,,,,1.0,1.0,0,0,,,0,0,,2026-05-07,raw/api_football/fixture_players/2026-04-30/fixture_1208503_players.json
1208503,530,Atletico Madrid,333379,Antonio Gomis,,31,G,,False,True,,,,,0,,,,,,,,,,,,,,,,0,0,,,0,0,,2026-05-07,raw/api_football/fixture_players/2026-04-30/fixture_1208503_players.json
1208503,530,Atletico Madrid,315604,Alejandro Iturbe,,33,G,,False,True,,,,,0,,,,,,,,,,,,,,,,0,0,,,0,0,,2026-05-07,raw/api_football/fixture_players/2026-04-30/fixture_1208503_players.json
1208503,530,Atletico Madrid,20,Axel Witsel,,20,D,,False,True,,,,,0,,,,,,,,,,,,,,,,0,0,,,0,0,,2026-05-07,raw/api_football/fixture_players/2026-04-30/fixture_1208503_players.json
1208503,530,Atletico Madrid,338508,Ilias Kostis,,27,D,,False,True,,,,,0,,,,,,,,,,,,,,,,0,0,,,0,0,,2026-05-07,raw/api_football/fixture_players/2026-04-30/fixture_1208503_players.json
1208503,530,Atletico Madrid,47566,Javi Galán,,15,D,,False,True,,,,,0,,,,,,,,,,,,,,,,0,0,,,0,0,,2026-05-07,raw/api_football/fixture_players/2026-04-30/fixture_1208503_players.json
1208503,530,Atletico Madrid,6503,Nahuel Molina,,16,D,,False,True,,,,,0,,,,,,,,,,,,,,,,0,0,,,0,0,,2026-05-07,raw/api_football/fixture_players/2026-04-30/fixture_1208503_players.json
1208503,530,Atletico Madrid,323935,Giuliano Simeone,,22,F,,False,True,,,,,0,,,,,,,,,,,,,,,,0,0,,,0,0,,2026-05-07,raw/api_football/fixture_players/2026-04-30/fixture_1208503_players.json
1208503,547,Girona,158,Paulo Gazzaniga,90.0,13,G,6.3,False,False,,,,,3,0.0,3.0,15.0,,13,,,,,,,,,,1.0,1,0,,,0,0,0.0,2026-05-07,raw/api_football/fixture_players/2026-04-30/fixture_1208503_players.json
1208503,547,Girona,283668,Arnau Martínez,90.0,4,D,6.9,True,False,,,,,0,0.0,,91.0,1.0,88,3.0,,,9.0,3.0,1.0,,2.0,,,0,0,,,0,0,,2026-05-07,raw/api_football/fixture_players/2026-04-30/fixture_1208503_players.json
1208503,547,Girona,47334,David López,90.0,5,D,6.9,False,False,,,,,0,0.0,,94.0,,91,1.0,2.0,1.0,4.0,2.0,,,,,,0,0,,,0,0,,2026-05-07,raw/api_football/fixture_players/2026-04-30/fixture_1208503_players.json
1208503,547,Girona,531,Daley Blind,90.0,17,D,7.3,False,False,,1.0,1.0,,0,0.0,,103.0,,97,1.0,,1.0,8.0,5.0,1.0,1.0,,1.0,,0,0,,,0,0,,2026-05-07,raw/api_football/fixture_players/2026-04-30/fixture_1208503_players.json
1208503,547,Girona,162032,Miguel Gutiérrez,90.0,3,D,6.3,False,False,,1.0,,,0,0.0,,44.0,2.0,40,1.0,,2.0,10.0,5.0,2.0,1.0,,2.0,,0,0,,,0,0,,2026-05-07,raw/api_football/fixture_players/2026-04-30/fixture_1208503_players.json
1208503,547,Girona,1700,Iván Martín,58.0,23,M,6.7,False,False,,,,,0,0.0,,27.0,1.0,21,1.0,,,9.0,5.0,4.0,2.0,,1.0,,0,0,,,0,0,,2026-05-07,raw/api_football/fixture_players/2026-04-30/fixture_1208503_players.json
1208503,547,Girona,18949,Oriol Romeu,59.0,14,M,6.3,False,False,,,,,0,0.0,,37.0,,34,,,,3.0,1.0,,,,1.0,1.0,1,0,,,0,0,,2026-05-07,raw/api_football/fixture_players/2026-04-30/fixture_1208503_players.json
1208503,547,Girona,2449,Yangel Herrera,90.0,21,M,6.6,False,False,,,,,0,0.0,,45.0,,41,,,2.0,12.0,5.0,1.0,1.0,1.0,3.0,4.0,0,0,,,0,0,,2026-05-07,raw/api_football/fixture_players/2026-04-30/fixture_1208503_players.json
1208503,547,Girona,2182,Viktor Tsygankov,68.0,8,F,6.9,False,False,,,,,0,0.0,,34.0,1.0,27,1.0,,,8.0,2.0,2.0,1.0,1.0,,2.0,0,0,,,0,0,,2026-05-07,raw/api_football/fixture_players/2026-04-30/fixture_1208503_players.json
1208503,547,Girona,155,Abel Ruíz,59.0,9,F,6.6,False,False,1.0,2.0,2.0,,0,0.0,,17.0,,16,,,,2.0,,,,,,1.0,1,0,,,0,0,,2026-05-07,raw/api_football/fixture_players/2026-04-30/fixture_1208503_players.json
1208503,547,Girona,2061,Bryan Gil,90.0,20,F,7.2,False,False,,2.0,,,0,0.0,,30.0,1.0,27,3.0,,1.0,15.0,9.0,5.0,4.0,1.0,2.0,2.0,0,0,,,0,0,,2026-05-07,raw/api_football/fixture_players/2026-04-30/fixture_1208503_players.json
1208503,547,Girona,47520,Portu,32.0,24,F,6.9,False,True,1.0,,,,0,0.0,,11.0,,11,2.0,,,3.0,3.0,,,,1.0,,0,0,,,0,0,,2026-05-07,raw/api_football/fixture_players/2026-04-30/fixture_1208503_players.json
1208503,547,Girona,306727,Jhon Solís,31.0,22,M,6.7,False,True,,,,,0,0.0,,36.0,,33,,,,3.0,1.0,1.0,1.0,,,,0,0,,,0,0,,2026-05-07,raw/api_football/fixture_players/2026-04-30/fixture_1208503_players.json
1208503,547,Girona,109564,Bojan Miovski,31.0,19,F,6.6,False,True,,1.0,1.0,,0,0.0,,8.0,,7,,,,,,,,,,,0,0,,,0,0,,2026-05-07,raw/api_football/fixture_players/2026-04-30/fixture_1208503_players.json
1208503,547,Girona,389602,Iker Almena,22.0,30,F,6.6,False,True,,,,,0,0.0,,18.0,1.0,15,,,,2.0,1.0,2.0,1.0,,,,0,0,,,0,0,,2026-05-07,raw/api_football/fixture_players/2026-04-30/fixture_1208503_players.json
1208503,547,Girona,1557,Pau López,,25,G,,False,True,,,,,0,,,,,,,,,,,,,,,,0,0,,,0,0,,2026-05-07,raw/api_football/fixture_players/2026-04-30/fixture_1208503_players.json
1208503,547,Girona,47153,Juan Carlos,,1,G,,False,True,,,,,0,,,,,,,,,,,,,,,,0,0,,,0,0,,2026-05-07,raw/api_football/fixture_players/2026-04-30/fixture_1208503_players.json
1208503,547,Girona,66407,Ladislav Krejčí,,18,D,,False,True,,,,,0,,,,,,,,,,,,,,,,0,0,,,0,0,,2026-05-07,raw/api_football/fixture_players/2026-04-30/fixture_1208503_players.json
1208503,547,Girona,47511,Juanpe,,15,D,,False,True,,,,,0,,,,,,,,,,,,,,,,0,0,,,0,0,,2026-05-07,raw/api_football/fixture_players/2026-04-30/fixture_1208503_players.json
1208503,547,Girona,162434,Alejandro Francés,,16,D,,False,True,,,,,0,,,,,,,,,,,,,,,,0,0,,,0,0,,2026-05-07,raw/api_football/fixture_players/2026-04-30/fixture_1208503_players.json
1208503,547,Girona,336674,Gabriel Misehouy,,27,M,,False,True,,,,,0,,,,,,,,,,,,,,,,0,0,,,0,0,,2026-05-07,raw/api_football/fixture_players/2026-04-30/fixture_1208503_players.json
1208503,547,Girona,547,Donny van de Beek,,6,M,,False,True,,,,,0,,,,,,,,,,,,,,,,0,0,,,0,0,,2026-05-07,raw/api_football/fixture_players/2026-04-30/fixture_1208503_players.json
1208503,547,Girona,2617,Cristhian Stuani,,7,F,,False,True,,,,,0,,,,,,,,,,,,,,,,0,0,,,0,0,,2026-05-07,raw/api_football/fixture_players/2026-04-30/fixture_1208503_players.json
1208504,538,Celta Vigo,47427,Iván Villar,90.0,1,G,6.9,False,False,,,,,1,0.0,3.0,27.0,,19,,,,1.0,1.0,,,,,,0,0,,,0,0,0.0,2026-05-07,raw/api_football/fixture_players/2026-04-30/fixture_1208504_players.json
1208504,538,Celta Vigo,384135,Javi Rodríguez,75.0,32,D,6.9,False,False,,1.0,,,0,0.0,,66.0,,59,1.0,,,5.0,5.0,,,,1.0,,0,0,,,0,0,,2026-05-07,raw/api_football/fixture_players/2026-04-30/fixture_1208504_players.json
1208504,538,Celta Vigo,1364,Jailson,90.0,16,D,7,False,False,,,,,0,0.0,,65.0,,62,,,3.0,7.0,5.0,,,,1.0,,0,0,,,0,0,,2026-05-07,raw/api_football/fixture_players/2026-04-30/fixture_1208504_players.json
1208504,538,Celta Vigo,286559,Carlos Domínguez,90.0,24,D,7.3,False,False,,,,,0,0.0,,65.0,,61,5.0,1.0,1.0,9.0,8.0,,,,2.0,1.0,0,0,,,0,0,,2026-05-07,raw/api_football/fixture_players/2026-04-30/fixture_1208504_players.json
1208504,538,Celta Vigo,329720,Hugo Álvarez,90.0,30,M,6.9,False,False,,,,,0,0.0,,40.0,,33,1.0,,1.0,6.0,3.0,,,,2.0,,0,0,,,0,0,,2026-05-07,raw/api_football/fixture_players/2026-04-30/fixture_1208504_players.json
1208504,538,Celta Vigo,286796,Damián Rodríguez,90.0,25,M,6.6,False,False,,,,,0,0.0,,60.0,1.0,54,,,,7.0,,,,1.0,,3.0,1,0,,,0,0,,2026-05-07,raw/api_football/fixture_players/2026-04-30/fixture_1208504_players.json
1208504,538,Celta Vigo,47435,Fran Beltrán,90.0,8,M,7.3,False,False,,1.0,1.0,1.0,0,0.0,,41.0,,37,2.0,,,6.0,4.0,1.0,1.0,,,,0,0,,,0,0,,2026-05-07,raw/api_football/fixture_players/2026-04-30/fixture_1208504_players.json
1208504,538,Celta Vigo,162712,Óscar Mingueza,45.0,3,M,7.7,False,False,,1.0,1.0,1.0,0,1.0,,35.0,1.0,27,,,,3.0,,1.0,,1.0,,1.0,1,0,,,0,0,,2026-05-07,raw/api_football/fixture_players/2026-04-30/fixture_1208504_players.json
1208504,538,Celta Vigo,47445,Iago Aspas,87.0,10,F,8.2,True,False,,2.0,2.0,1.0,0,1.0,,26.0,3.0,19,,,,7.0,3.0,2.0,2.0,,1.0,,0,0,,,0,1,,2026-05-07,raw/api_football/fixture_players/2026-04-30/fixture_1208504_players.json
1208504,538,Celta Vigo,26845,Anastasios Douvikas,66.0,9,F,6.7,False,False,1.0,,,,0,0.0,,15.0,,10,2.0,,2.0,8.0,3.0,,,1.0,1.0,1.0,0,0,,,0,0,,2026-05-07,raw/api_football/fixture_players/2026-04-30/fixture_1208504_players.json
1208504,538,Celta Vigo,269163,Williot Swedberg,65.0,19,F,7,False,False,,2.0,1.0,,0,0.0,,12.0,,11,2.0,,,7.0,5.0,2.0,1.0,1.0,1.0,,0,0,,,0,0,,2026-05-07,raw/api_football/fixture_players/2026-04-30/fixture_1208504_players.json
1208504,538,Celta Vigo,157988,Sergio Carreira,45.0,5,D,6.9,False,True,,,,,0,0.0,,10.0,,8,3.0,,1.0,8.0,4.0,2.0,1.0,1.0,,2.0,0,0,,,0,0,,2026-05-07,raw/api_football/fixture_players/2026-04-30/fixture_1208504_players.json
1208504,538,Celta Vigo,22235,Jonathan Bamba,25.0,17,F,6.3,False,True,,,,,0,0.0,,8.0,,5,,,,4.0,1.0,1.0,1.0,,,1.0,1,0,,,0,0,,2026-05-07,raw/api_football/fixture_players/2026-04-30/fixture_1208504_players.json
1208504,538,Celta Vigo,47348,Borja Iglesias,24.0,7,F,6.7,False,True,1.0,,,,0,0.0,,3.0,,2,,,,1.0,,,,,,,0,0,,,0,0,,2026-05-07,raw/api_football/fixture_players/2026-04-30/fixture_1208504_players.json
1208504,538,Celta Vigo,47988,Carl Starfelt,15.0,2,D,7.5,False,True,,,,,0,0.0,,7.0,,7,,1.0,,,,,,,,,0,0,,,0,0,,2026-05-07,raw/api_football/fixture_players/2026-04-30/fixture_1208504_players.json
1208504,538,Celta Vigo,320517,Pablo Durán,9.0,18,F,6.3,False,True,,,,,0,0.0,,6.0,,4,1.0,,,4.0,2.0,1.0,,,1.0,,0,0,,,0,0,,2026-05-07,raw/api_football/fixture_players/2026-04-30/fixture_1208504_players.json
1208504,538,Celta Vigo,182730,Marc Vidal,,26,G,,False,True,,,,,0,,,,,,,,,,,,,,,,0,0,,,0,0,,2026-05-07,raw/api_football/fixture_players/2026-04-30/fixture_1208504_players.json
1208504,538,Celta Vigo,18835,Vicente Guaita,,13,G,,False,True,,,,,0,,,,,,,,,,,,,,,,0,0,,,0,0,,2026-05-07,raw/api_football/fixture_players/2026-04-30/fixture_1208504_players.json
1208504,538,Celta Vigo,18896,Javier Manquillo,,22,D,,False,True,,,,,0,,,,,,,,,,,,,,,,0,0,,,0,0,,2026-05-07,raw/api_football/fixture_players/2026-04-30/fixture_1208504_players.json
1208504,538,Celta Vigo,1926,Joseph Aidoo,,15,D,,False,True,,,,,0,,,,,,,,,,,,,,,,0,0,,,0,0,,2026-05-07,raw/api_football/fixture_players/2026-04-30/fixture_1208504_players.json
1208504,538,Celta Vigo,162123,Ilaix Moriba,,6,M,,False,True,,,,,0,,,,,,,,,,,,,,,,0,0,,,0,0,,2026-05-07,raw/api_football/fixture_players/2026-04-30/fixture_1208504_players.json
1208504,538,Celta Vigo,313651,Hugo Sotelo,,33,M,,False,True,,,,,0,,,,,,,,,,,,,,,,0,0,,,0,0,,2026-05-07,raw/api_football/fixture_players/2026-04-30/fixture_1208504_players.json
1208504,538,Celta Vigo,119213,Alfon González,,12,F,,False,True,,,,,0,,,,,,,,,,,,,,,,0,0,,,0,0,,2026-05-07,raw/api_football/fixture_players/2026-04-30/fixture_1208504_players.json
1208504,532,Valencia,24760,Giorgi Mamardashvili,90.0,25,G,6.9,False,False,,,,,3,0.0,2.0,24.0,1.0,18,,,,,,,,,,,0,0,,,0,0,1.0,2026-05-07,raw/api_football/fixture_players/2026-04-30/fixture_1208504_players.json
1208504,532,Valencia,1482,Thierry Correia,77.0,12,D,6.7,False,False,,1.0,1.0,,0,0.0,,50.0,,39,2.0,,1.0,13.0,5.0,3.0,2.0,1.0,1.0,4.0,0,0,,,0,0,,2026-05-07,raw/api_football/fixture_players/2026-04-30/fixture_1208504_players.json
1208504,532,Valencia,333682,Cristhian Mosquera,90.0,3,D,6.5,False,False,,,,,0,0.0,,70.0,,64,1.0,,1.0,4.0,2.0,,,,,1.0,0,0,,,0,0,,2026-05-07,raw/api_football/fixture_players/2026-04-30/fixture_1208504_players.json
1208504,532,Valencia,361385,Yarek Gasiorowski,90.0,24,D,6.9,False,False,,1.0,,,0,0.0,,53.0,2.0,45,3.0,,,7.0,5.0,,,1.0,,,0,0,,,0,0,,2026-05-07,raw/api_football/fixture_players/2026-04-30/fixture_1208504_players.json
1208504,532,Valencia,162175,Jesús Vázquez,90.0,21,D,6.3,False,False,,1.0,1.0,,0,0.0,,32.0,,24,2.0,,,10.0,6.0,3.0,2.0,1.0,1.0,1.0,0,0,,,0,0,,2026-05-07,raw/api_football/fixture_players/2026-04-30/fixture_1208504_players.json
1208504,532,Valencia,47013,Rafa Mir,84.0,11,M,7,False,False,,2.0,,,0,1.0,,13.0,1.0,11,2.0,,,9.0,4.0,,,,1.0,,0,0,,,0,0,,2026-05-07,raw/api_football/fixture_players/2026-04-30/fixture_1208504_players.json
1208504,532,Valencia,47463,Pepelu,90.0,18,M,7.2,True,False,,,,,0,0.0,,69.0,3.0,62,1.0,,,5.0,4.0,,,,2.0,,0,0,,,0,0,,2026-05-07,raw/api_football/fixture_players/2026-04-30/fixture_1208504_players.json
1208504,532,Valencia,315699,Javier Guerra,61.0,8,M,6.6,False,False,,,,,0,0.0,,36.0,1.0,32,1.0,,,3.0,3.0,,,,2.0,,0,0,,,0,0,,2026-05-07,raw/api_football/fixture_players/2026-04-30/fixture_1208504_players.json
1208504,532,Valencia,162127,Diego López,77.0,16,M,6.7,False,False,,1.0,1.0,1.0,0,0.0,,30.0,,26,,,,8.0,1.0,4.0,1.0,2.0,,,0,0,,,0,0,,2026-05-07,raw/api_football/fixture_players/2026-04-30/fixture_1208504_players.json
1208504,532,Valencia,41157,André Almeida,90.0,10,F,6.9,False,False,,1.0,1.0,,0,0.0,,57.0,1.0,51,1.0,,1.0,6.0,1.0,1.0,,1.0,,1.0,0,0,,,0,0,,2026-05-07,raw/api_football/fixture_players/2026-04-30/fixture_1208504_players.json
1208504,532,Valencia,47264,Hugo Duro,77.0,9,F,6.7,False,False,1.0,2.0,,,0,0.0,,18.0,,12,1.0,,,10.0,4.0,,,,,3.0,0,0,,1.0,0,0,,2026-05-07,raw/api_football/fixture_players/2026-04-30/fixture_1208504_players.json
1208504,532,Valencia,46933,Luis Rioja,29.0,22,F,6.7,False,True,,1.0,,,0,0.0,,10.0,,8,,,2.0,4.0,2.0,1.0,,,2.0,,0,0,,,0,0,,2026-05-07,raw/api_football/fixture_players/2026-04-30/fixture_1208504_players.json
1208504,532,Valencia,47251,Dimitri Foulquier,13.0,20,D,6.9,False,True,,,,,0,0.0,,12.0,1.0,11,,,,,,,,,,,0,0,,,0,0,,2026-05-07,raw/api_football/fixture_players/2026-04-30/fixture_1208504_players.json
1208504,532,Valencia,348326,Martín Tejón,13.0,32,M,6.6,False,True,,1.0,1.0,,0,0.0,,13.0,,11,1.0,,,2.0,1.0,1.0,,,,,0,0,,,0,0,,2026-05-07,raw/api_football/fixture_players/2026-04-30/fixture_1208504_players.json
1208504,532,Valencia,119232,Dani Gómez,13.0,17,F,6.6,False,True,,,,,0,0.0,,1.0,,1,1.0,,,1.0,1.0,,,,,,0,0,,,0,0,,2026-05-07,raw/api_football/fixture_players/2026-04-30/fixture_1208504_players.json
1208504,532,Valencia,288074,Alberto Mari,12.0,19,F,6.3,False,True,,,,,0,0.0,,4.0,,2,,,,1.0,,,,,,1.0,0,0,,,0,0,,2026-05-07,raw/api_football/fixture_players/2026-04-30/fixture_1208504_players.json
1208504,532,Valencia,412737,Raúl Jiménez Latorre,,34,G,,False,True,,,,,0,,,,,,,,,,,,,,,,0,0,,,0,0,,2026-05-07,raw/api_football/fixture_players/2026-04-30/fixture_1208504_players.json
1208504,532,Valencia,47527,Stole Dimitrievski,,13,G,,False,True,,,,,0,,,,,,,,,,,,,,,,0,0,,,0,0,,2026-05-07,raw/api_football/fixture_players/2026-04-30/fixture_1208504_players.json
1208504,532,Valencia,327496,Rodrigo Abajas,,39,D,,False,True,,,,,0,,,,,,,,,,,,,,,,0,0,,,0,0,,2026-05-07,raw/api_football/fixture_players/2026-04-30/fixture_1208504_players.json
1208504,532,Valencia,72048,Cenk Özkaçar,,5,D,,False,True,,,,,0,,,,,,,,,,,,,,,,0,0,,,0,0,,2026-05-07,raw/api_football/fixture_players/2026-04-30/fixture_1208504_players.json
1208504,532,Valencia,333672,César Tárrega,,15,D,,False,True,,,,,0,,,,,,,,,,,,,,,,0,0,,,0,0,,2026-05-07,raw/api_football/fixture_players/2026-04-30/fixture_1208504_players.json
1208504,532,Valencia,919,Hugo Guillamón,,6,D,,False,True,,,,,0,,,,,,,,,,,,,,,,0,0,,,0,0,,2026-05-07,raw/api_football/fixture_players/2026-04-30/fixture_1208504_players.json
1208504,532,Valencia,439578,David Otorbi,,27,F,,False,True,,,,,0,,,,,,,,,,,,,,,,0,0,,,0,0,,2026-05-07,raw/api_football/fixture_players/2026-04-30/fixture_1208504_players.json
1208505,546,Getafe,47247,David Soria,90.0,13,G,6.7,False,False,,,,,0,0.0,,29.0,,13,,,,,,,,,,,0,0,,,0,0,0.0,2026-05-07,raw/api_football/fixture_players/2026-04-30/fixture_1208505_players.json
1208505,546,Getafe,119742,Juan Iglesias,90.0,21,D,7.2,False,False,,1.0,,,0,0.0,,23.0,,12,3.0,,1.0,12.0,8.0,6.0,4.0,,,2.0,0,0,,,0,0,,2026-05-07,raw/api_football/fixture_players/2026-04-30/fixture_1208505_players.json
1208505,546,Getafe,47250,Djené,90.0,2,D,7.2,True,False,,,,,0,0.0,,31.0,,24,,1.0,1.0,3.0,2.0,,,,1.0,,0,0,,,0,0,,2026-05-07,raw/api_football/fixture_players/2026-04-30/fixture_1208505_players.json
1208505,546,Getafe,6168,Omar Alderete,90.0,15,D,6.9,False,False,,2.0,,,0,0.0,,49.0,1.0,23,,,,12.0,7.0,1.0,1.0,1.0,,,0,0,,,0,0,,2026-05-07,raw/api_football/fixture_players/2026-04-30/fixture_1208505_players.json
1208505,546,Getafe,18867,Diego Rico,90.0,16,D,6.9,False,False,,,,,0,0.0,,27.0,2.0,15,3.0,,,7.0,4.0,,,1.0,,1.0,0,0,,,0,0,,2026-05-07,raw/api_football/fixture_players/2026-04-30/fixture_1208505_players.json
1208505,546,Getafe,47085,Luis Milla,90.0,5,M,7.7,False,False,,1.0,,,0,0.0,,36.0,4.0,25,6.0,,1.0,18.0,11.0,,,1.0,2.0,2.0,0,0,,,0,0,,2026-05-07,raw/api_football/fixture_players/2026-04-30/fixture_1208505_players.json
1208505,546,Getafe,325415,Nabil Aberdin,67.0,27,M,6.6,False,False,,,,,0,0.0,,13.0,1.0,9,,,,7.0,4.0,1.0,,,3.0,2.0,0,0,,,0,0,,2026-05-07,raw/api_football/fixture_players/2026-04-30/fixture_1208505_players.json
1208505,546,Getafe,67955,Carles Pérez,81.0,17,M,6.2,False,False,,,,,0,0.0,,12.0,1.0,7,1.0,,,10.0,2.0,4.0,1.0,2.0,,1.0,0,0,,,0,0,,2026-05-07,raw/api_football/fixture_players/2026-04-30/fixture_1208505_players.json
1208505,546,Getafe,143,Carles Aleñá,75.0,11,M,6.9,False,False,,1.0,,,0,0.0,,18.0,,14,1.0,,,12.0,6.0,2.0,1.0,,2.0,1.0,0,0,,,0,0,,2026-05-07,raw/api_football/fixture_players/2026-04-30/fixture_1208505_players.json
1208505,546,Getafe,47306,Álex Sola,75.0,7,M,7.2,False,False,,2.0,,,0,0.0,,15.0,,9,2.0,,,19.0,12.0,6.0,4.0,,3.0,1.0,0,0,,,0,0,,2026-05-07,raw/api_football/fixture_players/2026-04-30/fixture_1208505_players.json
1208505,546,Getafe,403554,Christantus Uche,90.0,6,F,6.6,False,False,,1.0,,,0,0.0,,15.0,,11,1.0,,,24.0,13.0,3.0,1.0,,6.0,3.0,1,0,,,0,0,,2026-05-07,raw/api_football/fixture_players/2026-04-30/fixture_1208505_players.json
1208505,546,Getafe,364415,Yellu Santiago,23.0,20,M,6.7,False,True,,,,,0,0.0,,5.0,,4,1.0,,,2.0,1.0,,,,,1.0,0,0,,,0,0,,2026-05-07,raw/api_football/fixture_players/2026-04-30/fixture_1208505_players.json
1208505,546,Getafe,465838,Alberto Risco,15.0,26,M,6.3,False,True,,,,,0,0.0,,4.0,,2,1.0,,,7.0,2.0,2.0,,1.0,,1.0,0,0,,,0,0,,2026-05-07,raw/api_football/fixture_players/2026-04-30/fixture_1208505_players.json
1208505,546,Getafe,270516,Peter González,15.0,19,F,6.6,False,True,,,,,0,0.0,,2.0,1.0,2,,,,2.0,1.0,,,,1.0,,0,0,,,0,0,,2026-05-07,raw/api_football/fixture_players/2026-04-30/fixture_1208505_players.json
1208505,546,Getafe,47258,Mauro Arambarri,9.0,8,M,6.3,False,True,,,,,0,0.0,,5.0,,3,,,,3.0,,1.0,,,,1.0,0,0,,,0,0,,2026-05-07,raw/api_football/fixture_players/2026-04-30/fixture_1208505_players.json
1208505,546,Getafe,66491,Jiří Letáček,,1,G,,False,True,,,,,0,,,,,,,,,,,,,,,,0,0,,,0,0,,2026-05-07,raw/api_football/fixture_players/2026-04-30/fixture_1208505_players.json
1208505,546,Getafe,2039,Juan Berrocal,,4,D,,False,True,,,,,0,,,,,,,,,,,,,,,,0,0,,,0,0,,2026-05-07,raw/api_football/fixture_players/2026-04-30/fixture_1208505_players.json
1208505,546,Getafe,46795,Domingos Duarte,,22,D,,False,True,,,,,0,,,,,,,,,,,,,,,,0,0,,,0,0,,2026-05-07,raw/api_football/fixture_players/2026-04-30/fixture_1208505_players.json
1208505,728,Rayo Vallecano,156488,Dani Cárdenas,90.0,1,G,6.9,False,False,,,,,0,0.0,,25.0,,9,,,,1.0,1.0,,,,1.0,,0,0,,,0,0,0.0,2026-05-07,raw/api_football/fixture_players/2026-04-30/fixture_1208505_players.json
1208505,728,Rayo Vallecano,20520,Iván Balliu,90.0,20,D,6.9,False,False,,,,,0,0.0,,26.0,,12,3.0,,2.0,21.0,10.0,1.0,1.0,3.0,2.0,3.0,0,0,,,0,0,,2026-05-07,raw/api_football/fixture_players/2026-04-30/fixture_1208505_players.json
1208505,728,Rayo Vallecano,18895,Florian Lejeune,90.0,24,D,7.3,False,False,,,,,0,0.0,,30.0,,24,3.0,1.0,,14.0,8.0,,,2.0,2.0,3.0,0,0,,,0,0,,2026-05-07,raw/api_football/fixture_players/2026-04-30/fixture_1208505_players.json
1208505,728,Rayo Vallecano,15900,Abdul Mumin,90.0,16,D,7.2,False,False,,,,,0,0.0,,29.0,,19,2.0,2.0,,8.0,4.0,,,,,1.0,0,0,,,0,0,,2026-05-07,raw/api_football/fixture_players/2026-04-30/fixture_1208505_players.json
1208505,728,Rayo Vallecano,46759,Alfonso Espino,90.0,22,D,7,False,False,,,,,0,0.0,,31.0,1.0,21,4.0,,2.0,16.0,9.0,2.0,1.0,2.0,2.0,1.0,1,0,,,0,0,,2026-05-07,raw/api_football/fixture_players/2026-04-30/fixture_1208505_players.json
1208505,728,Rayo Vallecano,47109,Óscar Valentín,90.0,23,M,6.9,True,False,,,,,0,0.0,,36.0,,26,1.0,,3.0,11.0,5.0,1.0,,1.0,1.0,3.0,0,0,,,0,0,,2026-05-07,raw/api_football/fixture_players/2026-04-30/fixture_1208505_players.json
1208505,728,Rayo Vallecano,41552,Ismaila Ciss,72.0,6,M,6.6,False,False,,,,,0,0.0,,37.0,,25,,1.0,1.0,8.0,3.0,,,2.0,1.0,1.0,1,0,,,0,0,,2026-05-07,raw/api_football/fixture_players/2026-04-30/fixture_1208505_players.json
1208505,728,Rayo Vallecano,128582,Jorge de Frutos,64.0,19,M,6.2,False,False,,,,,0,0.0,,17.0,,8,1.0,,,9.0,3.0,3.0,1.0,1.0,1.0,,0,0,,,0,0,,2026-05-07,raw/api_football/fixture_players/2026-04-30/fixture_1208505_players.json
1208505,728,Rayo Vallecano,47557,Óscar Trejo,64.0,8,M,6.3,False,False,,1.0,,,0,0.0,,19.0,,14,1.0,,1.0,13.0,4.0,4.0,1.0,,2.0,3.0,0,0,,,0,0,,2026-05-07,raw/api_football/fixture_players/2026-04-30/fixture_1208505_players.json
1208505,728,Rayo Vallecano,47554,Adrián Embarba,85.0,21,M,6.6,False,False,1.0,1.0,,,0,0.0,,16.0,,9,4.0,,1.0,13.0,7.0,2.0,1.0,,2.0,2.0,0,0,,,0,0,,2026-05-07,raw/api_football/fixture_players/2026-04-30/fixture_1208505_players.json
1208505,728,Rayo Vallecano,122657,Randy Nteka,72.0,11,F,6.6,False,False,3.0,,,,0,0.0,,16.0,1.0,13,,,,10.0,4.0,,,1.0,,1.0,0,0,,,0,0,,2026-05-07,raw/api_football/fixture_players/2026-04-30/fixture_1208505_players.json
1208505,728,Rayo Vallecano,47543,Álvaro García,26.0,18,M,6.7,False,True,,,,,0,0.0,,5.0,,,1.0,,,3.0,1.0,,,,,,0,0,,,0,0,,2026-05-07,raw/api_football/fixture_players/2026-04-30/fixture_1208505_players.json
1208505,728,Rayo Vallecano,131546,Isi Palazón,26.0,7,M,6.3,False,True,,,,,0,0.0,,4.0,,4,,,,5.0,3.0,1.0,1.0,,2.0,,0,0,,,0,0,,2026-05-07,raw/api_football/fixture_players/2026-04-30/fixture_1208505_players.json
1208505,728,Rayo Vallecano,47285,Unai López,18.0,17,M,6.7,False,True,,,,,0,0.0,,10.0,,8,1.0,,,2.0,1.0,,,,,,0,0,,,0,0,,2026-05-07,raw/api_football/fixture_players/2026-04-30/fixture_1208505_players.json
1208505,728,Rayo Vallecano,52,Sergio Camello,18.0,14,F,6.7,False,True,,,,,0,0.0,,4.0,1.0,4,1.0,,,2.0,1.0,,,,,,0,0,,,0,0,,2026-05-07,raw/api_football/fixture_players/2026-04-30/fixture_1208505_players.json
1208505,728,Rayo Vallecano,46887,Pedro Díaz,11.0,4,M,6.9,False,True,,,,,0,0.0,,2.0,,2,1.0,,1.0,2.0,1.0,,,,,,0,0,,,0,0,,2026-05-07,raw/api_football/fixture_players/2026-04-30/fixture_1208505_players.json
1208505,728,Rayo Vallecano,11379,Augusto Batalla,,13,G,,False,True,,,,,0,,,,,,,,,,,,,,,,0,0,,,0,0,,2026-05-07,raw/api_football/fixture_players/2026-04-30/fixture_1208505_players.json
1208505,728,Rayo Vallecano,478243,Marco de las Sías,,26,D,,False,True,,,,,0,,,,,,,,,,,,,,,,0,0,,,0,0,,2026-05-07,raw/api_football/fixture_players/2026-04-30/fixture_1208505_players.json
1208505,728,Rayo Vallecano,181734,Josep Chavarría,,3,D,,False,True,,,,,0,,,,,,,,,,,,,,,,0,0,,,0,0,,2026-05-07,raw/api_football/fixture_players/2026-04-30/fixture_1208505_players.json
1208505,728,Rayo Vallecano,46654,Aridane Hernández,,5,D,,False,True,,,,,0,,,,,,,,,,,,,,,,0,0,,,0,0,,2026-05-07,raw/api_football/fixture_players/2026-04-30/fixture_1208505_players.json
1208505,728,Rayo Vallecano,333292,Pelayo Fernández,,27,D,,False,True,,,,,0,,,,,,,,,,,,,,,,0,0,,,0,0,,2026-05-07,raw/api_football/fixture_players/2026-04-30/fixture_1208505_players.json
1208505,728,Rayo Vallecano,47414,Gerard Gumbau,,15,M,,False,True,,,,,0,,,,,,,,,,,,,,,,0,0,,,0,0,,2026-05-07,raw/api_football/fixture_players/2026-04-30/fixture_1208505_players.json
1208505,728,Rayo Vallecano,47551,Raúl de Tomás,,9,F,,False,True,,,,,0,,,,,,,,,,,,,,,,0,0,,,0,0,,2026-05-07,raw/api_football/fixture_players/2026-04-30/fixture_1208505_players.json
1208506,541,Real Madrid,730,Thibaut Courtois,90.0,1,G,6.9,False,False,,,,,0,0.0,,24.0,,22,,,1.0,,,,,,,,0,0,,,0,0,0.0,2026-05-07,raw/api_football/fixture_players/2026-04-30/fixture_1208506_players.json
1208506,541,Real Madrid,733,Daniel Carvajal,90.0,2,D,7.9,True,False,,,,,0,0.0,,54.0,1.0,49,4.0,1.0,1.0,5.0,4.0,,,1.0,,,0,0,,,0,0,,2026-05-07,raw/api_football/fixture_players/2026-04-30/fixture_1208506_players.json
1208506,541,Real Madrid,372,Éder Militão,90.0,3,D,8.3,False,False,,,,,0,1.0,,80.0,2.0,74,1.0,1.0,2.0,14.0,7.0,3.0,3.0,1.0,1.0,3.0,0,0,,,0,0,,2026-05-07,raw/api_football/fixture_players/2026-04-30/fixture_1208506_players.json
1208506,541,Real Madrid,2285,Antonio Rüdiger,90.0,22,D,7.3,False,False,,,,,0,0.0,,85.0,1.0,79,,,,7.0,5.0,,,,2.0,1.0,0,0,,,0,0,,2026-05-07,raw/api_football/fixture_players/2026-04-30/fixture_1208506_players.json
1208506,541,Real Madrid,736,Fran García,90.0,20,D,7.9,False,False,1.0,,,,0,0.0,,60.0,2.0,57,3.0,,2.0,8.0,6.0,,,,2.0,,0,0,,,0,0,,2026-05-07,raw/api_football/fixture_players/2026-04-30/fixture_1208506_players.json
1208506,541,Real Madrid,756,Federico Valverde,90.0,8,M,8.5,False,False,,2.0,1.0,1.0,0,0.0,,59.0,2.0,55,3.0,,2.0,7.0,4.0,1.0,1.0,2.0,,,0,0,,,0,0,,2026-05-07,raw/api_football/fixture_players/2026-04-30/fixture_1208506_players.json
1208506,541,Real Madrid,1271,Aurélien Tchouaméni,90.0,14,M,7.6,False,False,,1.0,,,0,0.0,,90.0,1.0,86,1.0,1.0,1.0,10.0,4.0,1.0,1.0,1.0,1.0,3.0,0,0,,,0,0,,2026-05-07,raw/api_football/fixture_players/2026-04-30/fixture_1208506_players.json
1208506,541,Real Madrid,10009,Rodrygo,69.0,11,M,7.2,False,False,,,,,0,1.0,,43.0,1.0,37,,,,7.0,2.0,2.0,,1.0,2.0,1.0,0,0,,,0,0,,2026-05-07,raw/api_football/fixture_players/2026-04-30/fixture_1208506_players.json
1208506,541,Real Madrid,291964,Arda Güler,69.0,15,M,7.7,False,False,2.0,3.0,3.0,,0,0.0,,43.0,1.0,37,3.0,,,12.0,7.0,4.0,1.0,,3.0,1.0,1,0,,,0,0,,2026-05-07,raw/api_football/fixture_players/2026-04-30/fixture_1208506_players.json
1208506,541,Real Madrid,762,Vinícius Júnior,85.0,7,M,7.2,False,False,,,,,0,0.0,,35.0,3.0,30,,,,16.0,7.0,9.0,5.0,,2.0,1.0,0,0,,,0,0,,2026-05-07,raw/api_football/fixture_players/2026-04-30/fixture_1208506_players.json
1208506,541,Real Madrid,278,Kylian Mbappé,86.0,9,F,6.6,False,False,1.0,4.0,3.0,,0,0.0,,26.0,,24,,,,8.0,5.0,5.0,4.0,,,,0,0,,,0,0,,2026-05-07,raw/api_football/fixture_players/2026-04-30/fixture_1208506_players.json
1208506,541,Real Madrid,744,Brahim Díaz,21.0,21,M,8.2,False,True,,1.0,1.0,1.0,0,1.0,,15.0,1.0,15,1.0,,,4.0,2.0,1.0,1.0,1.0,,,0,0,,,0,0,,2026-05-07,raw/api_football/fixture_players/2026-04-30/fixture_1208506_players.json
1208506,541,Real Madrid,754,Luka Modrić,21.0,10,M,6.9,False,True,,,,,0,0.0,,23.0,,18,1.0,,,4.0,2.0,1.0,1.0,,,,0,0,,,0,0,,2026-05-07,raw/api_football/fixture_players/2026-04-30/fixture_1208506_players.json
1208506,541,Real Madrid,748,Dani Ceballos,12.0,19,M,6.7,False,True,,,,,0,0.0,,10.0,,10,,,,3.0,2.0,3.0,2.0,,,,0,0,,,0,0,,2026-05-07,raw/api_football/fixture_players/2026-04-30/fixture_1208506_players.json
1208506,541,Real Madrid,377122,Endrick,11.0,16,F,7.5,False,True,,1.0,1.0,1.0,0,0.0,,1.0,,1,,,,1.0,1.0,,,,1.0,,0,0,,,0,0,,2026-05-07,raw/api_football/fixture_players/2026-04-30/fixture_1208506_players.json
1208506,541,Real Madrid,47400,Andriy Lunin,,13,G,,False,True,,,,,0,,,,,,,,,,,,,,,,0,0,,,0,0,,2026-05-07,raw/api_football/fixture_players/2026-04-30/fixture_1208506_players.json
1208506,541,Real Madrid,396475,Fran Gonzalez,,26,G,,False,True,,,,,0,,,,,,,,,,,,,,,,0,0,,,0,0,,2026-05-07,raw/api_football/fixture_players/2026-04-30/fixture_1208506_players.json
1208506,541,Real Madrid,386305,Jacobo Naveros,,31,D,,False,True,,,,,0,,,,,,,,,,,,,,,,0,0,,,0,0,,2026-05-07,raw/api_football/fixture_players/2026-04-30/fixture_1208506_players.json
1208506,541,Real Madrid,757,Lucas Vázquez,,17,M,,False,True,,,,,0,,,,,,,,,,,,,,,,0,0,,,0,0,,2026-05-07,raw/api_football/fixture_players/2026-04-30/fixture_1208506_players.json
1208506,720,Valladolid,169295,Karl Hein,90.0,13,G,7.2,False,False,,,,,3,0.0,6.0,36.0,,23,,,,,,,,,,,0,0,,,0,0,0.0,2026-05-07,raw/api_football/fixture_players/2026-04-30/fixture_1208506_players.json
1208506,720,Valladolid,47078,Luis Pérez,90.0,2,D,6.5,True,False,,,,,0,0.0,,26.0,,21,1.0,,1.0,5.0,3.0,,,1.0,1.0,1.0,0,0,,,0,0,,2026-05-07,raw/api_football/fixture_players/2026-04-30/fixture_1208506_players.json
1208506,720,Valladolid,48372,Eray Cömert,90.0,15,D,6.9,False,False,,,,,0,0.0,,41.0,,39,1.0,2.0,2.0,6.0,3.0,,,,,2.0,0,0,,,0,0,,2026-05-07,raw/api_football/fixture_players/2026-04-30/fixture_1208506_players.json
1208506,720,Valladolid,279822,Flavien Boyomo,90.0,6,D,6.6,False,False,,1.0,,,0,0.0,,55.0,,48,1.0,2.0,,8.0,4.0,1.0,1.0,,,2.0,0,0,,,0,0,,2026-05-07,raw/api_football/fixture_players/2026-04-30/fixture_1208506_players.json
1208506,720,Valladolid,56283,Lucas Rosa,90.0,22,D,6.9,False,False,,,,,0,0.0,,25.0,1.0,19,3.0,,3.0,8.0,4.0,1.0,1.0,1.0,,1.0,0,0,,,0,0,,2026-05-07,raw/api_football/fixture_players/2026-04-30/fixture_1208506_players.json
1208506,720,Valladolid,14341,Stanko Jurić,71.0,20,M,6.6,False,False,,,,,0,0.0,,29.0,1.0,26,4.0,1.0,1.0,8.0,4.0,,,1.0,,1.0,0,0,,,0,0,,2026-05-07,raw/api_football/fixture_players/2026-04-30/fixture_1208506_players.json
1208506,720,Valladolid,46979,Iván Sánchez,90.0,10,M,6.3,False,False,,,,,0,0.0,,26.0,1.0,25,1.0,,,11.0,4.0,3.0,2.0,4.0,1.0,,0,0,,,0,0,,2026-05-07,raw/api_football/fixture_players/2026-04-30/fixture_1208506_players.json
1208506,720,Valladolid,107153,Kike Pérez,85.0,8,M,6.3,False,False,,,,,0,0.0,,34.0,2.0,29,4.0,,,17.0,8.0,1.0,,4.0,3.0,3.0,0,0,,,0,0,,2026-05-07,raw/api_football/fixture_players/2026-04-30/fixture_1208506_players.json
1208506,720,Valladolid,181463,Víctor Meseguer,59.0,4,M,6.5,False,False,,,,,0,0.0,,21.0,,14,2.0,,,8.0,2.0,1.0,,3.0,,1.0,0,0,,,0,0,,2026-05-07,raw/api_football/fixture_players/2026-04-30/fixture_1208506_players.json
1208506,720,Valladolid,2459,Darwin Machís,58.0,18,M,6.3,False,False,,1.0,,,0,0.0,,10.0,,5,,,1.0,1.0,,,,,,,0,0,,,0,0,,2026-05-07,raw/api_football/fixture_players/2026-04-30/fixture_1208506_players.json
1208506,720,Valladolid,122233,Marcos André,71.0,9,F,6.3,False,False,,,,,0,0.0,,10.0,,6,,,,18.0,10.0,3.0,2.0,1.0,3.0,3.0,1,0,,,0,0,,2026-05-07,raw/api_football/fixture_players/2026-04-30/fixture_1208506_players.json
1208506,720,Valladolid,264470,Raúl Moro,32.0,11,F,6.6,False,True,,1.0,,,0,0.0,,16.0,2.0,14,,,1.0,4.0,1.0,3.0,1.0,,,1.0,0,0,,,0,0,,2026-05-07,raw/api_football/fixture_players/2026-04-30/fixture_1208506_players.json
1208506,720,Valladolid,8587,Selim Amallah,31.0,21,M,6.2,False,True,,1.0,,,0,0.0,,11.0,,8,1.0,,,4.0,1.0,,,1.0,,,0,0,,,0,0,,2026-05-07,raw/api_football/fixture_players/2026-04-30/fixture_1208506_players.json
1208506,720,Valladolid,343205,Mario Martin,19.0,12,M,6.2,False,True,,,,,0,0.0,,13.0,,12,1.0,,,6.0,3.0,1.0,,2.0,,,0,0,,,0,0,,2026-05-07,raw/api_football/fixture_players/2026-04-30/fixture_1208506_players.json
1208506,720,Valladolid,8518,Mamadou Sylla,19.0,7,F,6.7,False,True,,1.0,,,0,0.0,,3.0,,2,,,,1.0,1.0,,,,1.0,,0,0,,,0,0,,2026-05-07,raw/api_football/fixture_players/2026-04-30/fixture_1208506_players.json
1208506,720,Valladolid,104793,Amath Ndiaye,12.0,19,F,6.5,False,True,,,,,0,0.0,,3.0,,2,,,,1.0,,,,1.0,,,0,0,,,0,0,,2026-05-07,raw/api_football/fixture_players/2026-04-30/fixture_1208506_players.json
1208506,720,Valladolid,41320,André Ferreira,,1,G,,False,True,,,,,0,,,,,,,,,,,,,,,,0,0,,,0,0,,2026-05-07,raw/api_football/fixture_players/2026-04-30/fixture_1208506_players.json
1208506,720,Valladolid,361386,Koke,,32,D,,False,True,,,,,0,,,,,,,,,,,,,,,,0,0,,,0,0,,2026-05-07,raw/api_football/fixture_players/2026-04-30/fixture_1208506_players.json
1208506,720,Valladolid,332304,Raúl Chasco,,30,M,,False,True,,,,,0,,,,,,,,,,,,,,,,0,0,,,0,0,,2026-05-07,raw/api_football/fixture_players/2026-04-30/fixture_1208506_players.json
1208506,720,Valladolid,298064,David Torres,,3,D,,False,True,,,,,0,,,,,,,,,,,,,,,,0,0,,,0,0,,2026-05-07,raw/api_football/fixture_players/2026-04-30/fixture_1208506_players.json
1208506,720,Valladolid,740,Javi Sánchez,,5,D,,False,True,,,,,0,,,,,,,,,,,,,,,,0,0,,,0,0,,2026-05-07,raw/api_football/fixture_players/2026-04-30/fixture_1208506_players.json
1208506,720,Valladolid,331004,Ivan Cantalejo,,28,M,,False,True,,,,,0,,,,,,,,,,,,,,,,0,0,,,0,0,,2026-05-07,raw/api_football/fixture_players/2026-04-30/fixture_1208506_players.json
1208506,720,Valladolid,46919,César de la Hoz,,16,M,,False,True,,,,,0,,,,,,,,,,,,,,,,0,0,,,0,0,,2026-05-07,raw/api_football/fixture_players/2026-04-30/fixture_1208506_players.json
1208507,536,Sevilla,19172,Ørjan Nyland,90.0,13,G,6.9,False,False,,,,,2,0.0,4.0,27.0,,18,,,,,,,,,,,0,0,,,0,0,0.0,2026-05-07,raw/api_football/fixture_players/2026-04-30/fixture_1208507_players.json
1208507,536,Sevilla,195923,José Ángel Carmona,90.0,32,D,6.9,False,False,,2.0,1.0,,0,0.0,,72.0,,66,2.0,,4.0,8.0,3.0,2.0,,,,2.0,1,0,,,0,0,,2026-05-07,raw/api_football/fixture_players/2026-04-30/fixture_1208507_players.json
1208507,536,Sevilla,174918,Loïc Badé,90.0,22,D,6.9,False,False,,1.0,1.0,,0,0.0,,84.0,,75,2.0,,,5.0,5.0,2.0,2.0,,,,0,0,,,0,0,,2026-05-07,raw/api_football/fixture_players/2026-04-30/fixture_1208507_players.json
1208507,536,Sevilla,297311,Kike Salas,77.0,4,D,6.6,False,False,,2.0,,,0,0.0,,68.0,,55,1.0,,,8.0,5.0,,,,,1.0,0,0,,,0,0,,2026-05-07,raw/api_football/fixture_players/2026-04-30/fixture_1208507_players.json
1208507,536,Sevilla,47329,Adrià Pedrosa,90.0,3,D,6.3,False,False,,2.0,,,0,0.0,,39.0,1.0,31,2.0,,,11.0,4.0,2.0,1.0,,,2.0,0,0,,,0,0,,2026-05-07,raw/api_football/fixture_players/2026-04-30/fixture_1208507_players.json
1208507,536,Sevilla,182772,Juanlu Sánchez,71.0,26,M,6.3,False,False,,,,,0,0.0,,13.0,,11,1.0,,,2.0,2.0,,,,1.0,,0,0,,,0,0,,2026-05-07,raw/api_football/fixture_players/2026-04-30/fixture_1208507_players.json
1208507,536,Sevilla,21004,Lucien Agoumé,90.0,18,M,6.9,False,False,,,,,0,0.0,,66.0,1.0,59,3.0,,2.0,11.0,4.0,,,,,4.0,1,0,,,0,0,,2026-05-07,raw/api_football/fixture_players/2026-04-30/fixture_1208507_players.json
1208507,536,Sevilla,48,Saúl Ñíguez,90.0,17,M,7.7,False,False,,3.0,1.0,,0,0.0,,56.0,1.0,49,4.0,,,11.0,7.0,2.0,1.0,1.0,1.0,2.0,0,0,,,0,0,,2026-05-07,raw/api_football/fixture_players/2026-04-30/fixture_1208507_players.json
1208507,536,Sevilla,25458,Dodi Lukebakio,71.0,11,F,7.2,False,False,1.0,1.0,1.0,1.0,0,0.0,,16.0,3.0,13,,,,5.0,1.0,1.0,,1.0,1.0,1.0,0,0,,,0,0,,2026-05-07,raw/api_football/fixture_players/2026-04-30/fixture_1208507_players.json
1208507,536,Sevilla,185398,Isaac Romero,77.0,7,F,7,False,False,3.0,2.0,2.0,,0,0.0,,11.0,1.0,9,,,,13.0,6.0,5.0,4.0,,1.0,1.0,1,0,,,0,0,,2026-05-07,raw/api_football/fixture_players/2026-04-30/fixture_1208507_players.json
1208507,536,Sevilla,1911,Lucas Ocampos,86.0,5,F,6.9,True,False,,,,,0,1.0,,35.0,1.0,26,2.0,,,10.0,5.0,1.0,,1.0,1.0,1.0,0,0,,,0,0,,2026-05-07,raw/api_football/fixture_players/2026-04-30/fixture_1208507_players.json
1208507,536,Sevilla,957,Djibril Sow,19.0,20,M,6.5,False,True,,,,,0,0.0,,7.0,,5,,,1.0,2.0,,,,,,1.0,0,0,,,0,0,,2026-05-07,raw/api_football/fixture_players/2026-04-30/fixture_1208507_players.json
1208507,536,Sevilla,39121,Chidera Ejuke,19.0,21,F,7.3,False,True,,,,,0,0.0,,11.0,1.0,6,,,,9.0,7.0,7.0,6.0,,,,0,0,,,0,0,,2026-05-07,raw/api_football/fixture_players/2026-04-30/fixture_1208507_players.json
1208507,536,Sevilla,433,Marcão,13.0,23,D,6.9,False,True,,,,,0,0.0,,19.0,,16,2.0,,1.0,7.0,6.0,,,,2.0,1.0,0,0,,,0,0,,2026-05-07,raw/api_football/fixture_players/2026-04-30/fixture_1208507_players.json
1208507,536,Sevilla,2778,Kelechi Iheanacho,13.0,9,F,6.6,False,True,,1.0,1.0,,0,0.0,,3.0,,3,,,,,,,,,,,0,0,,,0,0,,2026-05-07,raw/api_football/fixture_players/2026-04-30/fixture_1208507_players.json
1208507,536,Sevilla,2054,Jesús Navas,14.0,16,D,6.2,False,True,,,,,0,0.0,,2.0,1.0,2,,,,1.0,,1.0,,,,,0,0,,,0,0,,2026-05-07,raw/api_football/fixture_players/2026-04-30/fixture_1208507_players.json
1208507,536,Sevilla,47016,Álvaro Fernández,,1,G,,False,True,,,,,0,,,,,,,,,,,,,,,,0,0,,,0,0,,2026-05-07,raw/api_football/fixture_players/2026-04-30/fixture_1208507_players.json
1208507,536,Sevilla,133110,Tanguy Nianzou,,24,D,,False,True,,,,,0,,,,,,,,,,,,,,,,0,0,,,0,0,,2026-05-07,raw/api_football/fixture_players/2026-04-30/fixture_1208507_players.json
1208507,536,Sevilla,2468,Gonzalo Montiel,,15,D,,False,True,,,,,0,,,,,,,,,,,,,,,,0,0,,,0,0,,2026-05-07,raw/api_football/fixture_players/2026-04-30/fixture_1208507_players.json
1208507,536,Sevilla,1489,Nemanja Gudelj,,6,M,,False,True,,,,,0,,,,,,,,,,,,,,,,0,0,,,0,0,,2026-05-07,raw/api_football/fixture_players/2026-04-30/fixture_1208507_players.json
1208507,536,Sevilla,1427,Albert Sambi Lokonga,,12,M,,False,True,,,,,0,,,,,,,,,,,,,,,,0,0,,,0,0,,2026-05-07,raw/api_football/fixture_players/2026-04-30/fixture_1208507_players.json
1208507,536,Sevilla,162126,Peque Fernández,,14,F,,False,True,,,,,0,,,,,,,,,,,,,,,,0,0,,,0,0,,2026-05-07,raw/api_football/fixture_players/2026-04-30/fixture_1208507_players.json
1208507,536,Sevilla,340152,Stanis Idumbo Muzambo,,27,M,,False,True,,,,,0,,,,,,,,,,,,,,,,0,0,,,0,0,,2026-05-07,raw/api_football/fixture_players/2026-04-30/fixture_1208507_players.json
1208507,533,Villarreal,122956,Diego Conde,90.0,13,G,7.9,False,False,,,,,1,0.0,6.0,33.0,,22,,,1.0,,,,,,,,0,0,,,0,0,0.0,2026-05-07,raw/api_football/fixture_players/2026-04-30/fixture_1208507_players.json
1208507,533,Villarreal,18794,Kiko Femenía,90.0,17,D,6,False,False,,,,,0,0.0,,33.0,,29,,,,8.0,,,,4.0,,1.0,0,0,,,0,0,,2026-05-07,raw/api_football/fixture_players/2026-04-30/fixture_1208507_players.json
1208507,533,Villarreal,288112,Willy Kambwala,90.0,5,D,7.2,False,False,,,,,0,0.0,,41.0,,30,4.0,1.0,,9.0,9.0,,,,,,0,0,,,0,0,,2026-05-07,raw/api_football/fixture_players/2026-04-30/fixture_1208507_players.json
1208507,533,Villarreal,885,Eric Bailly,85.0,4,D,6.3,False,False,,,,,0,0.0,,47.0,,36,,,,1.0,,,,,,,1,0,,,0,0,,2026-05-07,raw/api_football/fixture_players/2026-04-30/fixture_1208507_players.json
1208507,533,Villarreal,70500,Sergi Cardona,90.0,23,D,7.2,False,False,,,,,0,0.0,,32.0,1.0,24,4.0,,2.0,8.0,6.0,,,1.0,2.0,,0,0,,,0,0,,2026-05-07,raw/api_football/fixture_players/2026-04-30/fixture_1208507_players.json
1208507,533,Villarreal,290740,Ilias Akhomach,73.0,11,M,6.3,False,False,,1.0,1.0,,0,0.0,,15.0,,10,1.0,,1.0,11.0,4.0,3.0,,,2.0,,0,0,,,0,0,,2026-05-07,raw/api_football/fixture_players/2026-04-30/fixture_1208507_players.json
1208507,533,Villarreal,47541,Santi Comesaña,73.0,14,M,6.9,False,False,,,,,0,0.0,,33.0,,29,,1.0,1.0,8.0,2.0,1.0,1.0,2.0,1.0,1.0,0,0,,,0,0,,2026-05-07,raw/api_football/fixture_players/2026-04-30/fixture_1208507_players.json
1208507,533,Villarreal,20696,Pape Gueye,90.0,18,M,6.9,False,False,,,,,0,0.0,,30.0,,21,3.0,,2.0,11.0,7.0,1.0,,,4.0,1.0,0,0,,,0,0,,2026-05-07,raw/api_football/fixture_players/2026-04-30/fixture_1208507_players.json
1208507,533,Villarreal,182219,Alejandro Baena,90.0,16,M,7.9,True,False,1.0,,,,0,1.0,,24.0,4.0,17,,,,7.0,5.0,1.0,1.0,,3.0,1.0,1,0,,,0,0,,2026-05-07,raw/api_football/fixture_players/2026-04-30/fixture_1208507_players.json
1208507,533,Villarreal,3246,Nicolas Pépé,65.0,19,F,6.7,False,False,,3.0,2.0,,0,0.0,,19.0,,13,1.0,,,11.0,4.0,1.0,1.0,1.0,,,0,0,,,0,0,,2026-05-07,raw/api_football/fixture_players/2026-04-30/fixture_1208507_players.json
1208507,533,Villarreal,83,Arnaut Danjuma,65.0,9,F,7.5,False,False,2.0,2.0,2.0,1.0,0,0.0,,8.0,1.0,7,1.0,,,4.0,2.0,1.0,,,,1.0,1,0,,,0,0,,2026-05-07,raw/api_football/fixture_players/2026-04-30/fixture_1208507_players.json
1208507,533,Villarreal,18906,Ayoze Pérez,25.0,22,F,7.2,False,True,,2.0,1.0,1.0,0,0.0,,5.0,,4,,,,9.0,2.0,2.0,,2.0,2.0,1.0,1,0,,,0,0,,2026-05-07,raw/api_football/fixture_players/2026-04-30/fixture_1208507_players.json
1208507,533,Villarreal,343684,Thierno Barry,25.0,15,F,6.3,False,True,1.0,,,,0,0.0,,6.0,,1,,,,8.0,2.0,1.0,,1.0,,1.0,0,0,,,0,0,,2026-05-07,raw/api_football/fixture_players/2026-04-30/fixture_1208507_players.json
1208507,533,Villarreal,928,Dani Parejo,17.0,10,M,6.7,False,True,,,,,0,0.0,,9.0,,8,,,,,,,,,,1.0,1,0,,,0,0,,2026-05-07,raw/api_football/fixture_players/2026-04-30/fixture_1208507_players.json
1208507,533,Villarreal,184226,Yéremy Pino,17.0,21,M,7,False,True,,,,,0,0.0,,11.0,,5,2.0,,,7.0,4.0,,,3.0,1.0,,0,0,,,0,0,,2026-05-07,raw/api_football/fixture_players/2026-04-30/fixture_1208507_players.json
1208507,533,Villarreal,314,Raúl Albiol,15.0,3,D,6.6,False,True,,,,,0,0.0,,8.0,,7,,,,1.0,1.0,,,,,,0,0,,,0,0,,2026-05-07,raw/api_football/fixture_players/2026-04-30/fixture_1208507_players.json
1208507,533,Villarreal,278619,Luiz Júnior,,1,G,,False,True,,,,,0,,,,,,,,,,,,,,,,0,0,,,0,0,,2026-05-07,raw/api_football/fixture_players/2026-04-30/fixture_1208507_players.json
1208507,533,Villarreal,21997,Logan Costa,,2,D,,False,True,,,,,0,,,,,,,,,,,,,,,,0,0,,,0,0,,2026-05-07,raw/api_football/fixture_players/2026-04-30/fixture_1208507_players.json
1208507,533,Villarreal,161931,Arnau Solà,,27,D,,False,True,,,,,0,,,,,,,,,,,,,,,,0,0,,,0,0,,2026-05-07,raw/api_football/fixture_players/2026-04-30/fixture_1208507_players.json
1208507,533,Villarreal,435552,Pau Navarro,,26,D,,False,True,,,,,0,,,,,,,,,,,,,,,,0,0,,,0,0,,2026-05-07,raw/api_football/fixture_players/2026-04-30/fixture_1208507_players.json
1208507,533,Villarreal,187987,Ramón Terrats,,20,M,,False,True,,,,,0,,,,,,,,,,,,,,,,0,0,,,0,0,,2026-05-07,raw/api_football/fixture_players/2026-04-30/fixture_1208507_players.json
1208507,533,Villarreal,1707,Gerard Moreno,,7,F,,False,True,,,,,0,,,,,,,,,,,,,,,,0,0,,,0,0,,2026-05-07,raw/api_football/fixture_players/2026-04-30/fixture_1208507_players.json
1208508,542,Alaves,47353,Antonio Sivera,90.0,1,G,7.3,False,False,,,,,0,0.0,3.0,29.0,,20,,,,,,,,,,,0,0,,,0,0,0.0,2026-05-07,raw/api_football/fixture_players/2026-04-30/fixture_1208508_players.json
1208508,542,Alaves,6233,Nahuel Tenaglia,90.0,14,D,7.5,False,False,,,,,0,0.0,,20.0,,12,3.0,,3.0,12.0,5.0,,,1.0,1.0,2.0,0,0,,,0,0,,2026-05-07,raw/api_football/fixture_players/2026-04-30/fixture_1208508_players.json
1208508,542,Alaves,46813,Abdelkabir Abqar,90.0,5,D,7.5,False,False,,,,,0,0.0,,28.0,,19,2.0,1.0,3.0,7.0,3.0,,,,,4.0,0,0,,,0,0,,2026-05-07,raw/api_football/fixture_players/2026-04-30/fixture_1208508_players.json
1208508,542,Alaves,40419,Aleksandar Sedlar,86.0,4,D,6.3,False,False,,,,,0,0.0,,30.0,,22,4.0,,1.0,10.0,7.0,1.0,,,2.0,2.0,1,1,,,0,0,,2026-05-07,raw/api_football/fixture_players/2026-04-30/fixture_1208508_players.json
1208508,542,Alaves,64309,Manuel Sánchez,90.0,3,D,7.2,False,False,,,,,0,0.0,,28.0,1.0,15,2.0,,3.0,5.0,2.0,,,1.0,,1.0,0,0,,,0,0,,2026-05-07,raw/api_football/fixture_players/2026-04-30/fixture_1208508_players.json
1208508,542,Alaves,187214,Carlos Vicente,88.0,7,M,7,False,False,,,,,0,0.0,,29.0,,18,1.0,,,13.0,9.0,6.0,3.0,,4.0,,0,0,,,0,0,,2026-05-07,raw/api_football/fixture_players/2026-04-30/fixture_1208508_players.json
1208508,542,Alaves,162686,Antonio Blanco,90.0,8,M,7.2,False,False,,1.0,1.0,,0,0.0,,43.0,,32,1.0,,2.0,10.0,4.0,2.0,1.0,2.0,2.0,1.0,0,0,,,0,0,,2026-05-07,raw/api_football/fixture_players/2026-04-30/fixture_1208508_players.json
1208508,542,Alaves,47309,Ander Guevara,77.0,6,M,7,True,False,,,,,0,0.0,,38.0,,30,4.0,,,11.0,7.0,1.0,,1.0,3.0,,0,0,,,0,0,,2026-05-07,raw/api_football/fixture_players/2026-04-30/fixture_1208508_players.json
1208508,542,Alaves,51241,Tomás Conechny,61.0,10,M,6.6,False,False,,1.0,,,0,0.0,,8.0,1.0,1,,,1.0,6.0,3.0,1.0,,,2.0,3.0,0,0,,,0,0,,2026-05-07,raw/api_football/fixture_players/2026-04-30/fixture_1208508_players.json
1208508,542,Alaves,46740,Stoichkov,61.0,19,F,6.9,False,False,,,,,0,0.0,,19.0,,12,,,,7.0,4.0,3.0,2.0,,1.0,1.0,0,0,,,0,0,,2026-05-07,raw/api_football/fixture_players/2026-04-30/fixture_1208508_players.json
1208508,542,Alaves,47396,Kike García,77.0,17,F,6.6,False,False,1.0,,,,0,0.0,,11.0,2.0,9,1.0,,,8.0,2.0,1.0,,,,1.0,0,0,,,0,0,,2026-05-07,raw/api_football/fixture_players/2026-04-30/fixture_1208508_players.json
1208508,542,Alaves,263812,Luka Romero,29.0,20,F,6.3,False,True,,,,,0,0.0,,4.0,,2,1.0,,,3.0,1.0,,,,,1.0,0,0,,,0,0,,2026-05-07,raw/api_football/fixture_players/2026-04-30/fixture_1208508_players.json
1208508,542,Alaves,324750,Carlos Martín,29.0,15,F,6.5,False,True,,,,,0,0.0,,5.0,,3,,1.0,,5.0,1.0,1.0,,2.0,,1.0,0,0,,,0,0,,2026-05-07,raw/api_football/fixture_players/2026-04-30/fixture_1208508_players.json
1208508,542,Alaves,104821,Jon Guridi,13.0,18,M,6.5,False,True,,,,,0,0.0,,3.0,,2,,,,3.0,,,,1.0,,,0,0,,,0,0,,2026-05-07,raw/api_football/fixture_players/2026-04-30/fixture_1208508_players.json
1208508,542,Alaves,6085,Carlos Benavídez,13.0,23,M,6.7,False,True,,,,,0,0.0,,6.0,,4,,,,1.0,1.0,,,,,,0,0,,,0,0,,2026-05-07,raw/api_football/fixture_players/2026-04-30/fixture_1208508_players.json
1208508,542,Alaves,70476,Moussa Diarra,2.0,22,D,,False,True,,,,,0,0.0,,,,,,,1.0,,,,,,,,0,0,,,0,0,,2026-05-07,raw/api_football/fixture_players/2026-04-30/fixture_1208508_players.json
1208508,542,Alaves,122471,Jesús Owono,,13,G,,False,True,,,,,0,,,,,,,,,,,,,,,,0,0,,,0,0,,2026-05-07,raw/api_football/fixture_players/2026-04-30/fixture_1208508_players.json
1208508,542,Alaves,163060,Adrián Rodríguez,,31,G,,False,True,,,,,0,,,,,,,,,,,,,,,,0,0,,,0,0,,2026-05-07,raw/api_football/fixture_players/2026-04-30/fixture_1208508_players.json
1208508,542,Alaves,295383,Adrián,,36,D,,False,True,,,,,0,,,,,,,,,,,,,,,,0,0,,,0,0,,2026-05-07,raw/api_football/fixture_players/2026-04-30/fixture_1208508_players.json
1208508,542,Alaves,183751,Abderrahman Rebbach,,21,F,,False,True,,,,,0,,,,,,,,,,,,,,,,0,0,,,0,0,,2026-05-07,raw/api_football/fixture_players/2026-04-30/fixture_1208508_players.json
1208508,542,Alaves,162170,Hugo Novoa Ramos,,16,F,,False,True,,,,,0,,,,,,,,,,,,,,,,0,0,,,0,0,,2026-05-07,raw/api_football/fixture_players/2026-04-30/fixture_1208508_players.json
1208508,542,Alaves,104853,Asier Villalibre,,9,F,,False,True,,,,,0,,,,,,,,,,,,,,,,0,0,,,0,0,,2026-05-07,raw/api_football/fixture_players/2026-04-30/fixture_1208508_players.json
1208508,543,Real Betis,46672,Rui Silva,90.0,1,G,7,False,False,,,,,0,0.0,1.0,27.0,,21,,,,,,,,,,,0,0,,,0,0,0.0,2026-05-07,raw/api_football/fixture_players/2026-04-30/fixture_1208508_players.json
1208508,543,Real Betis,1264,Youssouf Sabaly,90.0,23,D,7.2,False,False,,,,,0,0.0,,39.0,,26,3.0,,,5.0,3.0,,,,,2.0,0,0,,,0,0,,2026-05-07,raw/api_football/fixture_players/2026-04-30/fixture_1208508_players.json
1208508,543,Real Betis,1561,Marc Bartra,86.0,5,D,7,False,False,,,,,0,0.0,,58.0,,47,1.0,2.0,,9.0,6.0,2.0,1.0,,,,0,0,,,0,0,,2026-05-07,raw/api_football/fixture_players/2026-04-30/fixture_1208508_players.json
1208508,543,Real Betis,47302,Diego Llorente,90.0,3,D,7.3,False,False,,,,,0,0.0,,58.0,,48,1.0,1.0,3.0,3.0,1.0,,,1.0,,1.0,0,0,,,0,0,,2026-05-07,raw/api_football/fixture_players/2026-04-30/fixture_1208508_players.json
1208508,543,Real Betis,1631,Ricardo Rodríguez,45.0,12,D,6.9,False,False,,,,,0,0.0,,34.0,1.0,31,,,2.0,6.0,2.0,,,2.0,1.0,2.0,0,0,,,0,0,,2026-05-07,raw/api_football/fixture_players/2026-04-30/fixture_1208508_players.json
1208508,543,Real Betis,1580,William Carvalho,90.0,14,M,7.3,False,False,,1.0,,,0,0.0,,91.0,1.0,75,2.0,,2.0,13.0,7.0,2.0,2.0,,,3.0,0,0,,,0,0,,2026-05-07,raw/api_football/fixture_players/2026-04-30/fixture_1208508_players.json
1208508,543,Real Betis,47341,Marc Roca,90.0,21,M,6.9,False,False,,,,,0,0.0,,58.0,1.0,49,3.0,,1.0,10.0,6.0,,,2.0,2.0,2.0,1,0,,,0,0,,2026-05-07,raw/api_football/fixture_players/2026-04-30/fixture_1208508_players.json
1208508,543,Real Betis,1697,Pablo Fornals,76.0,18,M,7.2,False,False,,1.0,,,0,0.0,,29.0,3.0,25,1.0,,1.0,6.0,3.0,3.0,1.0,,,,0,0,,,0,0,,2026-05-07,raw/api_football/fixture_players/2026-04-30/fixture_1208508_players.json
1208508,543,Real Betis,668,Nabil Fekir,90.0,8,M,5.9,True,False,,3.0,1.0,,0,0.0,,45.0,1.0,37,,,,15.0,4.0,3.0,,,4.0,2.0,0,0,,,0,0,,2026-05-07,raw/api_football/fixture_players/2026-04-30/fixture_1208508_players.json
1208508,543,Real Betis,47320,Juanmi,63.0,7,M,6.9,False,False,,2.0,,,0,0.0,,16.0,,12,1.0,,,8.0,6.0,2.0,2.0,,2.0,1.0,1,0,,,0,0,,2026-05-07,raw/api_football/fixture_players/2026-04-30/fixture_1208508_players.json
1208508,543,Real Betis,47119,Aitor Ruibal,63.0,24,F,7,False,False,,1.0,,,0,0.0,,11.0,2.0,10,1.0,,,6.0,3.0,1.0,,,2.0,,0,0,,,0,0,,2026-05-07,raw/api_football/fixture_players/2026-04-30/fixture_1208508_players.json
1208508,543,Real Betis,20600,Romain Perraud,45.0,15,D,6.9,False,True,,,,,0,0.0,,28.0,,27,2.0,,1.0,7.0,4.0,,,1.0,2.0,1.0,1,0,,,0,0,,2026-05-07,raw/api_football/fixture_players/2026-04-30/fixture_1208508_players.json
1208508,543,Real Betis,47579,Chimy Ávila,27.0,9,F,7.2,False,True,,1.0,1.0,,0,0.0,,11.0,2.0,9,,,,5.0,3.0,,,,2.0,2.0,1,0,,,0,0,,2026-05-07,raw/api_football/fixture_players/2026-04-30/fixture_1208508_players.json
1208508,543,Real Betis,181421,Abdessamad Ezzalzouli,27.0,10,F,6.9,False,True,1.0,2.0,1.0,,0,0.0,,15.0,,12,,,,2.0,1.0,1.0,,,,,0,0,,,0,0,,2026-05-07,raw/api_football/fixture_players/2026-04-30/fixture_1208508_players.json
1208508,543,Real Betis,185477,Rodri Sánchez,14.0,17,M,6.9,False,True,,,,,0,0.0,,5.0,,5,,,,4.0,2.0,3.0,2.0,,,,0,0,,,0,0,,2026-05-07,raw/api_football/fixture_players/2026-04-30/fixture_1208508_players.json
1208508,543,Real Betis,195100,Natan,9.0,6,D,6.7,False,True,,1.0,,,0,0.0,,5.0,,4,,,,2.0,1.0,,,,,,0,0,,,0,0,,2026-05-07,raw/api_football/fixture_players/2026-04-30/fixture_1208508_players.json
1208508,543,Real Betis,18812,Adrián,,13,G,,False,True,,,,,0,,,,,,,,,,,,,,,,0,0,,,0,0,,2026-05-07,raw/api_football/fixture_players/2026-04-30/fixture_1208508_players.json
1208508,543,Real Betis,456619,Manu González,,41,G,,False,True,,,,,0,,,,,,,,,,,,,,,,0,0,,,0,0,,2026-05-07,raw/api_football/fixture_players/2026-04-30/fixture_1208508_players.json
1208508,543,Real Betis,1439,Héctor Bellerín,,2,D,,False,True,,,,,0,,,,,,,,,,,,,,,,0,0,,,0,0,,2026-05-07,raw/api_football/fixture_players/2026-04-30/fixture_1208508_players.json
1208508,543,Real Betis,133185,Johnny,,4,M,,False,True,,,,,0,,,,,,,,,,,,,,,,0,0,,,0,0,,2026-05-07,raw/api_football/fixture_players/2026-04-30/fixture_1208508_players.json
1208508,543,Real Betis,286084,Sergi Altimira,,16,M,,False,True,,,,,0,,,,,,,,,,,,,,,,0,0,,,0,0,,2026-05-07,raw/api_football/fixture_players/2026-04-30/fixture_1208508_players.json
1208508,543,Real Betis,400948,Assane Diao,,38,F,,False,True,,,,,0,,,,,,,,,,,,,,,,0,0,,,0,0,,2026-05-07,raw/api_football/fixture_players/2026-04-30/fixture_1208508_players.json
1208508,543,Real Betis,128985,Iker Losada,,19,M,,False,True,,,,,0,,,,,,,,,,,,,,,,0,0,,,0,0,,2026-05-07,raw/api_football/fixture_players/2026-04-30/fixture_1208508_players.json
1208509,537,Leganes,2036,Juan Soriano,90.0,1,G,7.5,False,False,,,,,1,0.0,4.0,31.0,,15,,,,1.0,1.0,,,,1.0,,0,0,,,0,0,0.0,2026-05-07,raw/api_football/fixture_players/2026-04-30/fixture_1208509_players.json
1208509,537,Leganes,21701,Valentin Rosier,90.0,12,D,7.2,False,False,,,,,0,0.0,,29.0,1.0,21,3.0,1.0,,7.0,6.0,,,,2.0,,0,0,,,0,0,,2026-05-07,raw/api_football/fixture_players/2026-04-30/fixture_1208509_players.json
1208509,537,Leganes,131492,Aritz Arambarri,90.0,22,D,6.5,False,False,,,,,0,0.0,,35.0,,27,,,1.0,5.0,2.0,,,,,,0,0,,,0,0,,2026-05-07,raw/api_football/fixture_players/2026-04-30/fixture_1208509_players.json
1208509,537,Leganes,123047,Sergio González,90.0,6,D,6.9,True,False,,,,,0,0.0,,60.0,,49,1.0,,2.0,9.0,5.0,,,,,1.0,0,0,,,0,0,,2026-05-07,raw/api_football/fixture_players/2026-04-30/fixture_1208509_players.json
1208509,537,Leganes,46849,Javier Hernández,90.0,20,D,7,False,False,,,,,0,0.0,,28.0,,22,1.0,,5.0,9.0,5.0,2.0,1.0,,1.0,2.0,0,0,,,0,0,,2026-05-07,raw/api_football/fixture_players/2026-04-30/fixture_1208509_players.json
1208509,537,Leganes,41976,Yvan Neyou,90.0,17,M,7.2,False,False,,,,,0,1.0,,30.0,1.0,27,1.0,,2.0,9.0,7.0,1.0,,1.0,3.0,,0,0,,,0,0,,2026-05-07,raw/api_football/fixture_players/2026-04-30/fixture_1208509_players.json
1208509,537,Leganes,47361,Darko Brašanac,62.0,14,M,6.2,False,False,1.0,1.0,,,0,0.0,,14.0,,9,1.0,,,6.0,1.0,1.0,,1.0,,3.0,0,0,,,0,0,,2026-05-07,raw/api_football/fixture_players/2026-04-30/fixture_1208509_players.json
1208509,537,Leganes,1708,Dani Raba,62.0,10,M,7.3,False,False,,3.0,2.0,,0,0.0,,14.0,1.0,9,3.0,,2.0,5.0,3.0,,,1.0,,1.0,0,0,,,0,1,,2026-05-07,raw/api_football/fixture_players/2026-04-30/fixture_1208509_players.json
1208509,537,Leganes,47416,Óscar Rodríguez,87.0,7,M,7.9,False,False,,1.0,,,0,1.0,,31.0,2.0,25,1.0,,1.0,6.0,4.0,2.0,1.0,,2.0,,0,0,1.0,,0,0,,2026-05-07,raw/api_football/fixture_players/2026-04-30/fixture_1208509_players.json
1208509,537,Leganes,302051,Seydouba Cisse,82.0,8,M,7,False,False,,,,,0,0.0,,33.0,1.0,27,,,,2.0,1.0,2.0,1.0,,,,0,0,,,0,0,,2026-05-07,raw/api_football/fixture_players/2026-04-30/fixture_1208509_players.json
1208509,537,Leganes,47494,Miguel de la Fuente,82.0,9,F,6.5,False,False,,1.0,,,0,0.0,,13.0,,9,,,,8.0,2.0,1.0,,,,1.0,1,0,,,0,0,,2026-05-07,raw/api_football/fixture_players/2026-04-30/fixture_1208509_players.json
1208509,537,Leganes,2433,Renato Tapia,28.0,5,M,6.3,False,True,,,,,0,0.0,,15.0,,8,2.0,,,7.0,2.0,,,1.0,,2.0,0,0,,,0,0,,2026-05-07,raw/api_football/fixture_players/2026-04-30/fixture_1208509_players.json
1208509,537,Leganes,185202,Juan Cruz,28.0,11,M,7.3,False,True,,1.0,1.0,1.0,0,0.0,,3.0,1.0,2,,,1.0,1.0,,1.0,,,,,0,0,,,0,0,,2026-05-07,raw/api_football/fixture_players/2026-04-30/fixture_1208509_players.json
1208509,537,Leganes,129657,Enric Franquesa,8.0,15,D,7.2,False,True,,1.0,1.0,1.0,0,0.0,,2.0,,1,,,,2.0,,,,1.0,,,0,0,,,0,0,,2026-05-07,raw/api_football/fixture_players/2026-04-30/fixture_1208509_players.json
1208509,537,Leganes,184481,Diego Garcia,8.0,19,F,6.7,False,True,,1.0,1.0,,0,0.0,,3.0,,3,,,,4.0,1.0,1.0,,,,1.0,0,0,,,0,0,,2026-05-07,raw/api_football/fixture_players/2026-04-30/fixture_1208509_players.json
1208509,537,Leganes,162122,Adrià Altimira,13.0,2,D,6.2,False,True,,,,,0,0.0,,1.0,,1,,,,,,,,,,,0,0,,,0,0,,2026-05-07,raw/api_football/fixture_players/2026-04-30/fixture_1208509_players.json
1208509,537,Leganes,327495,Alvin,,36,G,,False,True,,,,,0,,,,,,,,,,,,,,,,0,0,,,0,0,,2026-05-07,raw/api_football/fixture_players/2026-04-30/fixture_1208509_players.json
1208509,537,Leganes,2813,Marko Dmitrović,,13,G,,False,True,,,,,0,,,,,,,,,,,,,,,,0,0,,,0,0,,2026-05-07,raw/api_football/fixture_players/2026-04-30/fixture_1208509_players.json
1208509,537,Leganes,2575,Jackson Porozo,,4,D,,False,True,,,,,0,,,,,,,,,,,,,,,,0,0,,,0,0,,2026-05-07,raw/api_football/fixture_players/2026-04-30/fixture_1208509_players.json
1208509,537,Leganes,47080,Jorge Sáenz,,3,D,,False,True,,,,,0,,,,,,,,,,,,,,,,0,0,,,0,0,,2026-05-07,raw/api_football/fixture_players/2026-04-30/fixture_1208509_players.json
1208509,537,Leganes,5974,Julián Chicco,,24,M,,False,True,,,,,0,,,,,,,,,,,,,,,,0,0,,,0,0,,2026-05-07,raw/api_football/fixture_players/2026-04-30/fixture_1208509_players.json
1208509,537,Leganes,47321,Roberto López,,21,M,,False,True,,,,,0,,,,,,,,,,,,,,,,0,0,,,0,0,,2026-05-07,raw/api_football/fixture_players/2026-04-30/fixture_1208509_players.json
1208509,537,Leganes,2060,Munir El Haddadi,,23,F,,False,True,,,,,0,,,,,,,,,,,,,,,,0,0,,,0,0,,2026-05-07,raw/api_football/fixture_players/2026-04-30/fixture_1208509_players.json
1208509,534,Las Palmas,124,Jasper Cillessen,90.0,1,G,7.2,False,False,,,,,2,0.0,3.0,31.0,,24,,,,,,,,,,,0,0,,,0,0,1.0,2026-05-07,raw/api_football/fixture_players/2026-04-30/fixture_1208509_players.json
1208509,534,Las Palmas,131535,Alex Suárez,65.0,4,D,6.7,False,False,,,,,0,0.0,,32.0,,24,1.0,,,3.0,1.0,,,,,1.0,0,0,,,0,0,,2026-05-07,raw/api_football/fixture_players/2026-04-30/fixture_1208509_players.json
1208509,534,Las Palmas,44811,Scott McKenna,90.0,15,D,6.6,False,False,,,,,0,0.0,,74.0,,66,,1.0,,4.0,4.0,,,,,,0,0,,,0,0,,2026-05-07,raw/api_football/fixture_players/2026-04-30/fixture_1208509_players.json
1208509,534,Las Palmas,162475,Mika Mármol,90.0,3,D,6.6,False,False,,,,,0,0.0,,79.0,,67,1.0,,1.0,4.0,3.0,1.0,1.0,,1.0,,0,0,,,0,0,,2026-05-07,raw/api_football/fixture_players/2026-04-30/fixture_1208509_players.json
1208509,534,Las Palmas,47052,Álex Muñoz,78.0,23,D,6.2,False,False,,,,,0,0.0,,29.0,1.0,17,,,2.0,4.0,1.0,,,1.0,1.0,2.0,0,0,,1.0,0,0,,2026-05-07,raw/api_football/fixture_players/2026-04-30/fixture_1208509_players.json
1208509,534,Las Palmas,46860,Javier Muñoz,90.0,5,M,6.9,False,False,,,,,0,0.0,,56.0,,47,4.0,,,9.0,7.0,2.0,2.0,,1.0,1.0,0,0,,,0,0,,2026-05-07,raw/api_football/fixture_players/2026-04-30/fixture_1208509_players.json
1208509,534,Las Palmas,70315,Kirian Rodríguez,87.0,20,M,6.3,True,False,,1.0,,,0,0.0,,75.0,,63,3.0,,,8.0,5.0,1.0,,,1.0,1.0,1,0,,,0,0,,2026-05-07,raw/api_football/fixture_players/2026-04-30/fixture_1208509_players.json
1208509,534,Las Palmas,162026,Marvin Park,78.0,2,M,6.9,False,False,,,,,0,0.0,,23.0,1.0,16,1.0,,2.0,6.0,3.0,,,1.0,2.0,2.0,0,0,,,0,0,,2026-05-07,raw/api_football/fixture_players/2026-04-30/fixture_1208509_players.json
1208509,534,Las Palmas,182519,Alberto Moleiro,66.0,10,M,6.3,False,False,,,,,0,0.0,,15.0,,12,1.0,,,6.0,2.0,,,1.0,1.0,,0,0,,,0,0,,2026-05-07,raw/api_football/fixture_players/2026-04-30/fixture_1208509_players.json
1208509,534,Las Palmas,47324,Sandro Ramírez,90.0,19,M,7.3,False,False,,3.0,3.0,1.0,0,0.0,,15.0,2.0,11,,,1.0,5.0,1.0,,,,1.0,,0,0,,,0,0,,2026-05-07,raw/api_football/fixture_players/2026-04-30/fixture_1208509_players.json
1208509,534,Las Palmas,19337,Oliver McBurnie,90.0,16,F,7.3,False,False,,3.0,2.0,,0,1.0,,24.0,2.0,13,,,,20.0,10.0,3.0,2.0,,2.0,2.0,0,0,,,0,0,,2026-05-07,raw/api_football/fixture_players/2026-04-30/fixture_1208509_players.json
1208509,534,Las Palmas,46854,Viti Rozada,25.0,18,M,6.7,False,True,,,,,0,0.0,,18.0,1.0,16,,,1.0,1.0,1.0,,,,,,0,0,,,0,0,,2026-05-07,raw/api_football/fixture_players/2026-04-30/fixture_1208509_players.json
1208509,534,Las Palmas,21709,Enzo Loiodice,24.0,12,M,6.3,False,True,,,,,0,0.0,,28.0,,23,1.0,,,5.0,1.0,1.0,,,,1.0,0,0,,,0,0,,2026-05-07,raw/api_football/fixture_players/2026-04-30/fixture_1208509_players.json
1208509,534,Las Palmas,47111,Benito Ramírez,12.0,11,M,6.7,False,True,,1.0,,,0,0.0,,9.0,,8,1.0,,,2.0,1.0,1.0,,,,,0,0,,,0,0,,2026-05-07,raw/api_football/fixture_players/2026-04-30/fixture_1208509_players.json
1208509,534,Las Palmas,2671,Jaime Mata,12.0,17,F,6.3,False,True,,,,,0,0.0,,6.0,,5,,,,2.0,,,,,,,0,0,,,0,0,,2026-05-07,raw/api_football/fixture_players/2026-04-30/fixture_1208509_players.json
1208509,534,Las Palmas,122230,Manuel Fuster,13.0,14,M,6.6,False,True,,,,,0,0.0,,5.0,1.0,5,,,,2.0,1.0,,,,1.0,,0,0,,,0,0,,2026-05-07,raw/api_football/fixture_players/2026-04-30/fixture_1208509_players.json
1208509,534,Las Palmas,1304,Dinko Horkaš,,13,G,,False,True,,,,,0,,,,,,,,,,,,,,,,0,0,,,0,0,,2026-05-07,raw/api_football/fixture_players/2026-04-30/fixture_1208509_players.json
1208509,534,Las Palmas,536,Daley Sinkgraven,,22,D,,False,True,,,,,0,,,,,,,,,,,,,,,,0,0,,,0,0,,2026-05-07,raw/api_football/fixture_players/2026-04-30/fixture_1208509_players.json
1208509,534,Las Palmas,431890,Juanma Herzog,,28,D,,False,True,,,,,0,,,,,,,,,,,,,,,,0,0,,,0,0,,2026-05-07,raw/api_football/fixture_players/2026-04-30/fixture_1208509_players.json
1208509,534,Las Palmas,182694,Iván Gil,,21,M,,False,True,,,,,0,,,,,,,,,,,,,,,,0,0,,,0,0,,2026-05-07,raw/api_football/fixture_players/2026-04-30/fixture_1208509_players.json
1208509,534,Las Palmas,453885,Aboubacar Bassinga,,26,M,,False,True,,,,,0,,,,,,,,,,,,,,,,0,0,,,0,0,,2026-05-07,raw/api_football/fixture_players/2026-04-30/fixture_1208509_players.json
1208509,534,Las Palmas,47464,José Campaña,,8,M,,False,True,,,,,0,,,,,,,,,,,,,,,,0,0,,,0,0,,2026-05-07,raw/api_football/fixture_players/2026-04-30/fixture_1208509_players.json
1208509,534,Las Palmas,47393,Marc Cardona,,9,F,,False,True,,,,,0,,,,,,,,,,,,,,,,0,0,,,0,0,,2026-05-07,raw/api_football/fixture_players/2026-04-30/fixture_1208509_players.json
1208510,529,Barcelona,127,Marc-André ter Stegen,90.0,1,G,7.3,True,False,,,,,1,0.0,1.0,28.0,,27,,,,,,,,,,,0,0,,,0,0,0.0,2026-05-07,raw/api_football/fixture_players/2026-04-30/fixture_1208510_players.json
1208510,529,Barcelona,1257,Jules Koundé,90.0,23,D,7.2,False,False,1.0,,,,0,0.0,,57.0,1.0,50,3.0,1.0,1.0,10.0,6.0,2.0,,,1.0,1.0,0,0,,,0,0,,2026-05-07,raw/api_football/fixture_players/2026-04-30/fixture_1208510_players.json
1208510,529,Barcelona,396623,Pau Cubarsí,90.0,2,D,6.2,False,False,,,,,0,0.0,,88.0,,82,1.0,,,11.0,4.0,,,2.0,1.0,3.0,1,0,,1.0,0,0,,2026-05-07,raw/api_football/fixture_players/2026-04-30/fixture_1208510_players.json
1208510,529,Barcelona,2670,Iñigo Martínez,90.0,5,D,7.2,False,False,,,,,0,0.0,,98.0,1.0,91,2.0,1.0,,7.0,6.0,,,,,,0,0,,,0,0,,2026-05-07,raw/api_football/fixture_players/2026-04-30/fixture_1208510_players.json
1208510,529,Barcelona,161928,Alejandro Balde,89.0,3,D,7.2,False,False,,,,,0,0.0,,51.0,1.0,45,1.0,1.0,1.0,7.0,4.0,3.0,,,3.0,,0,0,,,0,0,,2026-05-07,raw/api_football/fixture_players/2026-04-30/fixture_1208510_players.json
1208510,529,Barcelona,433396,Marc Bernal,83.0,28,M,6.9,False,False,,,,,0,0.0,,53.0,,51,1.0,,,9.0,3.0,2.0,2.0,,,2.0,1,0,,,0,0,,2026-05-07,raw/api_football/fixture_players/2026-04-30/fixture_1208510_players.json
1208510,529,Barcelona,133609,Pedri,90.0,8,M,8,False,False,,,,,0,0.0,,53.0,5.0,46,2.0,,1.0,6.0,4.0,3.0,2.0,1.0,,,0,0,,,0,0,,2026-05-07,raw/api_football/fixture_players/2026-04-30/fixture_1208510_players.json
1208510,529,Barcelona,386828,Lamine Yamal,89.0,19,M,7.5,False,False,,2.0,1.0,1.0,0,0.0,,36.0,,27,2.0,,,16.0,8.0,7.0,3.0,1.0,3.0,3.0,0,0,,,0,0,,2026-05-07,raw/api_football/fixture_players/2026-04-30/fixture_1208510_players.json
1208510,529,Barcelona,1496,Raphinha,90.0,11,M,8.7,False,False,,2.0,1.0,,0,0.0,,42.0,3.0,35,3.0,,2.0,14.0,9.0,5.0,3.0,1.0,3.0,,0,0,,,0,0,,2026-05-07,raw/api_football/fixture_players/2026-04-30/fixture_1208510_players.json
1208510,529,Barcelona,931,Ferran Torres,63.0,7,M,7.2,False,False,1.0,1.0,1.0,,0,0.0,,21.0,,16,,,,4.0,4.0,3.0,3.0,,1.0,,0,0,,,0,0,,2026-05-07,raw/api_football/fixture_players/2026-04-30/fixture_1208510_players.json
1208510,529,Barcelona,521,Robert Lewandowski,90.0,9,F,6.6,False,False,,5.0,2.0,1.0,0,0.0,,26.0,,15,,,,6.0,4.0,,,,2.0,1.0,1,0,,,0,0,,2026-05-07,raw/api_football/fixture_players/2026-04-30/fixture_1208510_players.json
1208510,529,Barcelona,340626,Fermín López,27.0,16,M,6.3,False,True,,,,,0,0.0,,9.0,,9,1.0,,,4.0,2.0,1.0,,1.0,1.0,,1,0,,,0,0,,2026-05-07,raw/api_football/fixture_players/2026-04-30/fixture_1208510_players.json
1208510,529,Barcelona,619,Eric García,13.0,24,D,6.7,False,True,,,,,0,0.0,,2.0,,2,1.0,,,2.0,2.0,,,,,,0,0,,,0,0,,2026-05-07,raw/api_football/fixture_players/2026-04-30/fixture_1208510_players.json
1208510,529,Barcelona,181701,Gerard Martín,1.0,35,D,,False,True,,,,,0,0.0,,2.0,,1,,,,,,,,,,,0,0,,,0,0,,2026-05-07,raw/api_football/fixture_players/2026-04-30/fixture_1208510_players.json
1208510,529,Barcelona,263530,Pau Víctor,1.0,18,F,,False,True,,,,,0,0.0,,2.0,,,,,,2.0,1.0,,,,1.0,1.0,0,0,,,0,0,,2026-05-07,raw/api_football/fixture_players/2026-04-30/fixture_1208510_players.json
1208510,529,Barcelona,126,Iñaki Peña,,13,G,,False,True,,,,,0,,,,,,,,,,,,,,,,0,0,,,0,0,,2026-05-07,raw/api_football/fixture_players/2026-04-30/fixture_1208510_players.json
1208510,529,Barcelona,336653,Ander Astralaga,,26,G,,False,True,,,,,0,,,,,,,,,,,,,,,,0,0,,,0,0,,2026-05-07,raw/api_football/fixture_players/2026-04-30/fixture_1208510_players.json
1208510,529,Barcelona,386859,Hector Fort,,32,D,,False,True,,,,,0,,,,,,,,,,,,,,,,0,0,,,0,0,,2026-05-07,raw/api_football/fixture_players/2026-04-30/fixture_1208510_players.json
1208510,529,Barcelona,336560,Alex Valle,,29,D,,False,True,,,,,0,,,,,,,,,,,,,,,,0,0,,,0,0,,2026-05-07,raw/api_football/fixture_players/2026-04-30/fixture_1208510_players.json
1208510,529,Barcelona,396624,Sergi Domínguez,,36,D,,False,True,,,,,0,,,,,,,,,,,,,,,,0,0,,,0,0,,2026-05-07,raw/api_football/fixture_players/2026-04-30/fixture_1208510_players.json
1208510,529,Barcelona,285909,Pablo Torre,,14,M,,False,True,,,,,0,,,,,,,,,,,,,,,,0,0,,,0,0,,2026-05-07,raw/api_football/fixture_players/2026-04-30/fixture_1208510_players.json
1208510,529,Barcelona,329728,Marc Casadó,,17,M,,False,True,,,,,0,,,,,,,,,,,,,,,,0,0,,,0,0,,2026-05-07,raw/api_football/fixture_players/2026-04-30/fixture_1208510_players.json
1208510,531,Athletic Club,312468,Alex Padilla,90.0,26,G,6.7,False,False,,,,,2,0.0,3.0,28.0,,14,,,,1.0,1.0,,,,1.0,,0,0,,,0,0,0.0,2026-05-07,raw/api_football/fixture_players/2026-04-30/fixture_1208510_players.json
1208510,531,Athletic Club,47276,Íñigo Lekue,90.0,15,D,6.2,False,False,,,,,0,0.0,,31.0,,27,1.0,,1.0,6.0,1.0,,,2.0,,3.0,1,0,,,0,0,,2026-05-07,raw/api_football/fixture_players/2026-04-30/fixture_1208510_players.json
1208510,531,Athletic Club,47278,Daniel Vivian,90.0,3,D,7,False,False,,,,,0,0.0,,44.0,,39,1.0,,2.0,3.0,3.0,,,,1.0,,0,0,,,0,0,,2026-05-07,raw/api_football/fixture_players/2026-04-30/fixture_1208510_players.json
1208510,531,Athletic Club,47271,Yeray Álvarez,90.0,5,D,7,False,False,,1.0,,,0,0.0,,37.0,1.0,30,1.0,1.0,4.0,14.0,7.0,3.0,2.0,,2.0,2.0,1,0,,,0,0,,2026-05-07,raw/api_football/fixture_players/2026-04-30/fixture_1208510_players.json
1208510,531,Athletic Club,47273,Yuri Berchiche,90.0,17,D,6.7,False,False,,,,,0,0.0,,18.0,1.0,16,2.0,1.0,,9.0,3.0,1.0,,1.0,1.0,4.0,0,0,,,0,0,,2026-05-07,raw/api_football/fixture_players/2026-04-30/fixture_1208510_players.json
1208510,531,Athletic Club,182617,Beñat Prados,78.0,24,M,6.7,False,False,,1.0,1.0,,0,0.0,,22.0,,20,1.0,,1.0,4.0,1.0,,,3.0,,,0,0,,,0,0,,2026-05-07,raw/api_football/fixture_players/2026-04-30/fixture_1208510_players.json
1208510,531,Athletic Club,47418,Mikel Vesga,63.0,6,M,6.5,False,False,,,,,0,0.0,,15.0,,10,1.0,,,5.0,1.0,,,3.0,,1.0,0,0,,,0,0,,2026-05-07,raw/api_football/fixture_players/2026-04-30/fixture_1208510_players.json
1208510,531,Athletic Club,30510,Álex Berenguer,72.0,7,M,7.2,False,False,,,,,0,0.0,,15.0,1.0,11,2.0,1.0,2.0,11.0,5.0,,,2.0,3.0,3.0,1,0,1.0,,0,0,,2026-05-07,raw/api_football/fixture_players/2026-04-30/fixture_1208510_players.json
1208510,531,Athletic Club,128398,Oihan Sancet,63.0,8,M,7,False,False,1.0,1.0,1.0,1.0,0,0.0,,19.0,,16,1.0,,,5.0,3.0,,,1.0,1.0,,0,0,,,1,0,,2026-05-07,raw/api_football/fixture_players/2026-04-30/fixture_1208510_players.json
1208510,531,Athletic Club,183799,Nico Williams,90.0,10,M,6.6,False,False,2.0,2.0,,,0,0.0,,18.0,1.0,13,2.0,,1.0,12.0,6.0,5.0,3.0,,1.0,1.0,0,0,,,0,0,,2026-05-07,raw/api_football/fixture_players/2026-04-30/fixture_1208510_players.json
1208510,531,Athletic Club,47294,Iñaki Williams,78.0,9,F,6.5,True,False,2.0,,,,0,0.0,,14.0,1.0,9,1.0,,,14.0,5.0,2.0,,,,,0,0,,,0,0,,2026-05-07,raw/api_football/fixture_players/2026-04-30/fixture_1208510_players.json
1208510,531,Athletic Club,383780,Mikel Jauregizar,27.0,31,M,6.7,False,True,,,,,0,0.0,,8.0,,7,2.0,,,3.0,2.0,,,,,,1,0,,,0,0,,2026-05-07,raw/api_football/fixture_players/2026-04-30/fixture_1208510_players.json
1208510,531,Athletic Club,332308,Unai Gómez,27.0,20,M,6.5,False,True,,,,,0,0.0,,3.0,,3,,,,3.0,1.0,,,,1.0,1.0,0,0,,,0,0,,2026-05-07,raw/api_football/fixture_players/2026-04-30/fixture_1208510_players.json
1208510,531,Athletic Club,288525,Malcom Ares,18.0,23,F,6.3,False,True,,,,,0,0.0,,8.0,,5,,,,4.0,,1.0,,1.0,,,0,0,,,0,0,,2026-05-07,raw/api_football/fixture_players/2026-04-30/fixture_1208510_players.json
1208510,531,Athletic Club,898,Ander Herrera,12.0,21,M,6.6,False,True,,,,,0,0.0,,10.0,,9,1.0,,,3.0,2.0,1.0,1.0,,,1.0,1,0,,,0,0,,2026-05-07,raw/api_football/fixture_players/2026-04-30/fixture_1208510_players.json
1208510,531,Athletic Club,47291,Gorka Guruzeta,12.0,12,F,6.5,False,True,,,,,0,0.0,,3.0,,3,,,,1.0,,1.0,,,,,0,0,,,0,0,,2026-05-07,raw/api_football/fixture_players/2026-04-30/fixture_1208510_players.json
1208510,531,Athletic Club,332302,Oier Gastesi,,34,G,,False,True,,,,,0,,,,,,,,,,,,,,,,0,0,,,0,0,,2026-05-07,raw/api_football/fixture_players/2026-04-30/fixture_1208510_players.json
1208510,531,Athletic Club,183848,Julen Agirrezabala,,13,G,,False,True,,,,,0,,,,,,,,,,,,,,,,0,0,,,0,0,,2026-05-07,raw/api_football/fixture_players/2026-04-30/fixture_1208510_players.json
1208510,531,Athletic Club,332305,Unai Eguíluz,,27,D,,False,True,,,,,0,,,,,,,,,,,,,,,,0,0,,,0,0,,2026-05-07,raw/api_football/fixture_players/2026-04-30/fixture_1208510_players.json
1208510,531,Athletic Club,336998,Adama Boiro,,32,D,,False,True,,,,,0,,,,,,,,,,,,,,,,0,0,,,0,0,,2026-05-07,raw/api_football/fixture_players/2026-04-30/fixture_1208510_players.json
1208510,531,Athletic Club,47275,Óscar de Marcos,,18,D,,False,True,,,,,0,,,,,,,,,,,,,,,,0,0,,,0,0,,2026-05-07,raw/api_football/fixture_players/2026-04-30/fixture_1208510_players.json
1208510,531,Athletic Club,47299,Andoni Gorosabel,,2,D,,False,True,,,,,0,,,,,,,,,,,,,,,,0,0,,,0,0,,2026-05-07,raw/api_football/fixture_players/2026-04-30/fixture_1208510_players.json
1208510,531,Athletic Club,179153,Javier Martón Ansó,,19,F,,False,True,,,,,0,,,,,,,,,,,,,,,,0,0,,,0,0,,2026-05-07,raw/api_football/fixture_players/2026-04-30/fixture_1208510_players.json
1208511,727,Osasuna,46646,Sergio Herrera,90.0,1,G,7,True,False,,,,,0,0.0,1.0,22.0,,8,,,,,,,,,,,1,0,,,0,0,0.0,2026-05-07,raw/api_football/fixture_players/2026-04-30/fixture_1208511_players.json
1208511,727,Osasuna,182181,Jesús Areso,80.0,12,D,6.9,False,False,,,,,0,0.0,,25.0,2.0,20,1.0,1.0,,10.0,3.0,2.0,,,1.0,1.0,1,0,,,0,0,,2026-05-07,raw/api_football/fixture_players/2026-04-30/fixture_1208511_players.json
1208511,727,Osasuna,47533,Alejandro Catena,90.0,24,D,7.7,False,False,,1.0,,,0,0.0,,40.0,,35,2.0,1.0,3.0,9.0,6.0,,,,1.0,2.0,0,0,,,0,0,,2026-05-07,raw/api_football/fixture_players/2026-04-30/fixture_1208511_players.json
1208511,727,Osasuna,182592,Jorge Herrando,90.0,5,D,7.2,False,False,,,,,0,0.0,,29.0,,23,,2.0,,5.0,2.0,,,,,,0,0,,,0,0,,2026-05-07,raw/api_football/fixture_players/2026-04-30/fixture_1208511_players.json
1208511,727,Osasuna,181259,Abel Bretones,90.0,23,D,7,False,False,,,,,0,0.0,,28.0,,16,4.0,1.0,1.0,9.0,5.0,2.0,,1.0,,,0,0,,,0,0,,2026-05-07,raw/api_football/fixture_players/2026-04-30/fixture_1208511_players.json
1208511,727,Osasuna,1825,Lucas Torró,90.0,6,M,6.6,False,False,,,,,0,0.0,,41.0,,29,2.0,,2.0,16.0,9.0,,,1.0,1.0,3.0,0,0,,,0,0,,2026-05-07,raw/api_football/fixture_players/2026-04-30/fixture_1208511_players.json
1208511,727,Osasuna,46658,Rubén García,71.0,14,M,7.9,False,False,,1.0,1.0,1.0,0,0.0,,27.0,1.0,23,2.0,,1.0,11.0,4.0,2.0,1.0,1.0,1.0,,0,0,,,0,0,,2026-05-07,raw/api_football/fixture_players/2026-04-30/fixture_1208511_players.json
1208511,727,Osasuna,46662,Jon Moncayola,90.0,7,M,7.5,False,False,,2.0,,,0,0.0,,40.0,2.0,32,5.0,,1.0,10.0,6.0,,,1.0,,1.0,0,0,,,0,0,,2026-05-07,raw/api_football/fixture_players/2026-04-30/fixture_1208511_players.json
1208511,727,Osasuna,67939,Aimar Oroz,79.0,10,M,7.3,False,False,,4.0,2.0,,0,0.0,,22.0,2.0,18,3.0,,,13.0,4.0,1.0,,2.0,1.0,1.0,0,0,,,0,0,,2026-05-07,raw/api_football/fixture_players/2026-04-30/fixture_1208511_players.json
1208511,727,Osasuna,286639,Bryan Zaragoza,90.0,19,M,7,False,False,,2.0,,,0,0.0,,18.0,1.0,14,2.0,,,14.0,6.0,4.0,2.0,1.0,2.0,1.0,0,0,,,0,0,,2026-05-07,raw/api_football/fixture_players/2026-04-30/fixture_1208511_players.json
1208511,727,Osasuna,46746,Ante Budimir,79.0,17,F,6.6,False,False,,1.0,1.0,,0,0.0,,9.0,,4,,,,11.0,2.0,,,,,,0,0,,,0,0,,2026-05-07,raw/api_football/fixture_players/2026-04-30/fixture_1208511_players.json
1208511,727,Osasuna,47574,Moi Gómez,19.0,16,M,6.6,False,True,,,,,0,0.0,,7.0,,7,1.0,,1.0,6.0,3.0,1.0,1.0,1.0,,1.0,0,0,,,0,0,,2026-05-07,raw/api_football/fixture_players/2026-04-30/fixture_1208511_players.json
1208511,727,Osasuna,182621,Iker Muñoz,4.0,18,M,,False,True,,,,,0,0.0,,,,,,,,,,,,,,,0,0,,,0,0,,2026-05-07,raw/api_football/fixture_players/2026-04-30/fixture_1208511_players.json
1208511,727,Osasuna,146751,Raúl García de Haro,11.0,9,F,6.3,False,True,1.0,,,,0,0.0,,2.0,,1,,,,4.0,2.0,,,1.0,1.0,,0,0,,,0,0,,2026-05-07,raw/api_football/fixture_players/2026-04-30/fixture_1208511_players.json
1208511,727,Osasuna,46657,Nacho Vidal,10.0,2,D,6.3,False,True,,,,,0,0.0,,2.0,,1,1.0,,,2.0,1.0,,,,,,0,0,,,0,0,,2026-05-07,raw/api_football/fixture_players/2026-04-30/fixture_1208511_players.json
1208511,727,Osasuna,139001,Pablo Ibáñez Lumbreras,14.0,8,M,6.9,False,True,,1.0,1.0,,0,0.0,,2.0,,2,,,1.0,,,,,,,,0,0,,,0,0,,2026-05-07,raw/api_football/fixture_players/2026-04-30/fixture_1208511_players.json
1208511,727,Osasuna,47448,Aitor Fernández,,13,G,,False,True,,,,,0,,,,,,,,,,,,,,,,0,0,,,0,0,,2026-05-07,raw/api_football/fixture_players/2026-04-30/fixture_1208511_players.json
1208511,727,Osasuna,348029,Dimitrios Stamatakis,,32,G,,False,True,,,,,0,,,,,,,,,,,,,,,,0,0,,,0,0,,2026-05-07,raw/api_football/fixture_players/2026-04-30/fixture_1208511_players.json
1208511,727,Osasuna,46967,Juan Cruz,,3,D,,False,True,,,,,0,,,,,,,,,,,,,,,,0,0,,,0,0,,2026-05-07,raw/api_football/fixture_players/2026-04-30/fixture_1208511_players.json
1208511,727,Osasuna,46652,Unai García,,4,D,,False,True,,,,,0,,,,,,,,,,,,,,,,0,0,,,0,0,,2026-05-07,raw/api_football/fixture_players/2026-04-30/fixture_1208511_players.json
1208511,727,Osasuna,46660,Javi Martínez,,21,M,,False,True,,,,,0,,,,,,,,,,,,,,,,0,0,,,0,0,,2026-05-07,raw/api_football/fixture_players/2026-04-30/fixture_1208511_players.json
1208511,727,Osasuna,288800,Iker Benito,,27,F,,False,True,,,,,0,,,,,,,,,,,,,,,,0,0,,,0,0,,2026-05-07,raw/api_football/fixture_players/2026-04-30/fixture_1208511_players.json
1208511,798,Mallorca,61142,Dominik Greif,90.0,1,G,7.3,False,False,,,,,1,0.0,4.0,27.0,,15,,,,,,,,,,,0,0,,,0,0,0.0,2026-05-07,raw/api_football/fixture_players/2026-04-30/fixture_1208511_players.json
1208511,798,Mallorca,26302,Pablo Maffeo,90.0,23,D,7.3,False,False,,1.0,,,0,0.0,,23.0,2.0,15,3.0,,,9.0,8.0,3.0,3.0,1.0,,,0,0,,,0,0,,2026-05-07,raw/api_football/fixture_players/2026-04-30/fixture_1208511_players.json
1208511,798,Mallorca,46738,Martin Valjent,90.0,24,D,7.3,False,False,,,,,0,0.0,,52.0,,47,1.0,,2.0,2.0,1.0,,,,,,0,0,,,0,0,,2026-05-07,raw/api_football/fixture_players/2026-04-30/fixture_1208511_players.json
1208511,798,Mallorca,46733,Antonio Raíllo,90.0,21,D,7.2,True,False,,,,,0,0.0,,57.0,,51,1.0,,1.0,12.0,8.0,,,,1.0,2.0,0,0,,,0,0,,2026-05-07,raw/api_football/fixture_players/2026-04-30/fixture_1208511_players.json
1208511,798,Mallorca,64268,Johan Mojica,90.0,22,D,7.2,False,False,,,,,0,0.0,,45.0,3.0,34,,1.0,,9.0,4.0,5.0,2.0,1.0,,1.0,0,0,,,0,0,,2026-05-07,raw/api_football/fixture_players/2026-04-30/fixture_1208511_players.json
1208511,798,Mallorca,190485,Samuel Costa,90.0,12,M,7,False,False,,,,,0,0.0,,48.0,1.0,35,2.0,,2.0,16.0,10.0,1.0,,,3.0,2.0,0,0,,,0,0,,2026-05-07,raw/api_football/fixture_players/2026-04-30/fixture_1208511_players.json
1208511,798,Mallorca,414,Omar Mascarell,62.0,5,M,6.6,False,False,,,,,0,0.0,,22.0,,19,4.0,1.0,1.0,11.0,7.0,1.0,,1.0,1.0,,0,0,,,0,0,,2026-05-07,raw/api_football/fixture_players/2026-04-30/fixture_1208511_players.json
1208511,798,Mallorca,47336,Sergi Darder,85.0,10,M,6.9,False,False,,1.0,1.0,,0,0.0,,28.0,,23,2.0,,,8.0,4.0,3.0,2.0,,,,0,0,,,0,0,,2026-05-07,raw/api_football/fixture_players/2026-04-30/fixture_1208511_players.json
1208511,798,Mallorca,25375,Takuma Asano,62.0,11,F,6.3,False,False,,2.0,,,0,0.0,,9.0,,8,,,,8.0,4.0,3.0,1.0,,2.0,1.0,0,0,,,0,0,,2026-05-07,raw/api_football/fixture_players/2026-04-30/fixture_1208511_players.json
1208511,798,Mallorca,50048,Vedat Muriqi,90.0,7,F,6.9,False,False,,1.0,,,0,0.0,,14.0,3.0,11,,,,12.0,5.0,,,,1.0,,0,0,,,0,0,,2026-05-07,raw/api_football/fixture_players/2026-04-30/fixture_1208511_players.json
1208511,798,Mallorca,46742,Dani Rodríguez,79.0,14,F,7.3,False,False,,,,,0,0.0,,17.0,,14,7.0,,,12.0,8.0,2.0,,,,1.0,0,0,,,0,0,,2026-05-07,raw/api_football/fixture_players/2026-04-30/fixture_1208511_players.json
1208511,798,Mallorca,1701,Manu Morlanes,28.0,8,M,7.2,False,True,,,,,0,0.0,,25.0,,22,2.0,1.0,,8.0,5.0,1.0,1.0,,1.0,,0,0,,,0,0,,2026-05-07,raw/api_football/fixture_players/2026-04-30/fixture_1208511_players.json
1208511,798,Mallorca,2001,Cyle Larin,28.0,17,F,6.2,False,True,,,,,0,0.0,,6.0,,6,1.0,,,8.0,1.0,4.0,,,,1.0,1,0,,,0,0,,2026-05-07,raw/api_football/fixture_players/2026-04-30/fixture_1208511_players.json
1208511,798,Mallorca,107194,Antonio Sánchez,11.0,18,M,6.5,False,True,,,,,0,0.0,,5.0,,5,,,,1.0,,,,1.0,,,0,0,,,0,0,,2026-05-07,raw/api_football/fixture_players/2026-04-30/fixture_1208511_players.json
1208511,798,Mallorca,46751,Abdón Prats,12.0,9,F,6.7,False,True,,,,,0,0.0,,1.0,,1,,,,4.0,2.0,,,,1.0,,0,0,,,0,0,,2026-05-07,raw/api_football/fixture_players/2026-04-30/fixture_1208511_players.json
1208511,798,Mallorca,179139,Leo Román,,13,G,,False,True,,,,,0,,,,,,,,,,,,,,,,0,0,,,0,0,,2026-05-07,raw/api_football/fixture_players/2026-04-30/fixture_1208511_players.json
1208511,798,Mallorca,47399,Iván Cuéllar,,25,G,,False,True,,,,,0,,,,,,,,,,,,,,,,0,0,,,0,0,,2026-05-07,raw/api_football/fixture_players/2026-04-30/fixture_1208511_players.json
1208511,798,Mallorca,37639,Siebe Van Der Heyden,,4,D,,False,True,,,,,0,,,,,,,,,,,,,,,,0,0,,,0,0,,2026-05-07,raw/api_football/fixture_players/2026-04-30/fixture_1208511_players.json
1208511,798,Mallorca,920,Toni Lato,,3,D,,False,True,,,,,0,,,,,,,,,,,,,,,,0,0,,,0,0,,2026-05-07,raw/api_football/fixture_players/2026-04-30/fixture_1208511_players.json
1208511,798,Mallorca,181582,José Copete,,6,D,,False,True,,,,,0,,,,,,,,,,,,,,,,0,0,,,0,0,,2026-05-07,raw/api_football/fixture_players/2026-04-30/fixture_1208511_players.json
1208511,798,Mallorca,297646,Daniel Luna,,33,M,,False,True,,,,,0,,,,,,,,,,,,,,,,0,0,,,0,0,,2026-05-07,raw/api_football/fixture_players/2026-04-30/fixture_1208511_players.json
1208511,798,Mallorca,482473,Marc Domenech,,30,F,,False,True,,,,,0,,,,,,,,,,,,,,,,0,0,,,0,0,,2026-05-07,raw/api_football/fixture_players/2026-04-30/fixture_1208511_players.json
1208511,798,Mallorca,411424,Jan Salas,,28,M,,False,True,,,,,0,,,,,,,,,,,,,,,,0,0,,,0,0,,2026-05-07,raw/api_football/fixture_players/2026-04-30/fixture_1208511_players.json
1208512,531,Athletic Club,183848,Julen Agirrezabala,90.0,13,G,6.9,False,False,,,,,0,0.0,,33.0,,23,,,,,,,,,,,0,0,,,0,0,0.0,2026-05-07,raw/api_football/fixture_players/2026-04-30/fixture_1208512_players.json
1208512,531,Athletic Club,47275,Óscar de Marcos,90.0,18,D,6.9,True,False,,,,,0,1.0,,44.0,1.0,33,2.0,,2.0,12.0,3.0,2.0,,2.0,,2.0,0,0,,,0,0,,2026-05-07,raw/api_football/fixture_players/2026-04-30/fixture_1208512_players.json
1208512,531,Athletic Club,47278,Daniel Vivian,90.0,3,D,7.3,False,False,,,,,0,0.0,,76.0,,68,1.0,,1.0,13.0,8.0,2.0,2.0,,2.0,,0,0,,,0,0,,2026-05-07,raw/api_football/fixture_players/2026-04-30/fixture_1208512_players.json
1208512,531,Athletic Club,47271,Yeray Álvarez,90.0,5,D,7.2,False,False,,,,,0,0.0,,57.0,,43,3.0,,2.0,5.0,4.0,,,,,1.0,0,0,,,0,0,,2026-05-07,raw/api_football/fixture_players/2026-04-30/fixture_1208512_players.json
1208512,531,Athletic Club,336998,Adama Boiro,79.0,32,D,7.2,False,False,,,,,0,0.0,,25.0,,19,2.0,1.0,1.0,13.0,8.0,3.0,2.0,,,2.0,0,0,,,0,0,,2026-05-07,raw/api_football/fixture_players/2026-04-30/fixture_1208512_players.json
1208512,531,Athletic Club,383780,Mikel Jauregizar,90.0,31,M,6.9,False,False,,,,,0,0.0,,44.0,2.0,39,2.0,,,11.0,4.0,,,3.0,1.0,1.0,0,0,,,0,0,,2026-05-07,raw/api_football/fixture_players/2026-04-30/fixture_1208512_players.json
1208512,531,Athletic Club,182617,Beñat Prados,71.0,24,M,7.6,False,False,,1.0,1.0,1.0,0,0.0,,40.0,1.0,33,2.0,,3.0,8.0,4.0,,,,1.0,1.0,1,0,,,0,0,,2026-05-07,raw/api_football/fixture_players/2026-04-30/fixture_1208512_players.json
1208512,531,Athletic Club,47294,Iñaki Williams,90.0,9,M,6.9,False,False,,2.0,1.0,,0,0.0,,24.0,2.0,14,,,,9.0,4.0,2.0,1.0,1.0,1.0,1.0,0,0,,,0,0,,2026-05-07,raw/api_football/fixture_players/2026-04-30/fixture_1208512_players.json
1208512,531,Athletic Club,128398,Oihan Sancet,71.0,8,M,6.6,False,False,,1.0,,,0,0.0,,30.0,1.0,24,,,1.0,8.0,3.0,3.0,2.0,1.0,1.0,1.0,0,0,,,0,0,,2026-05-07,raw/api_football/fixture_players/2026-04-30/fixture_1208512_players.json
1208512,531,Athletic Club,190489,Álvaro Djaló,58.0,11,M,6.5,False,False,,,,,0,0.0,,9.0,,7,,,,7.0,2.0,2.0,1.0,1.0,1.0,2.0,0,0,,,0,0,,2026-05-07,raw/api_football/fixture_players/2026-04-30/fixture_1208512_players.json
1208512,531,Athletic Club,47291,Gorka Guruzeta,70.0,12,F,6.6,False,False,,1.0,1.0,,0,0.0,,13.0,,10,1.0,,,9.0,2.0,1.0,,,,2.0,0,0,,,0,0,,2026-05-07,raw/api_football/fixture_players/2026-04-30/fixture_1208512_players.json
1208512,531,Athletic Club,183799,Nico Williams,32.0,10,F,6.9,False,True,,2.0,1.0,,0,0.0,,7.0,,5,,,,5.0,2.0,3.0,2.0,,,1.0,0,0,,,0,0,,2026-05-07,raw/api_football/fixture_players/2026-04-30/fixture_1208512_players.json
1208512,531,Athletic Club,47418,Mikel Vesga,20.0,6,M,6.9,False,True,,,,,0,0.0,,6.0,1.0,6,1.0,,,3.0,2.0,1.0,1.0,,,,0,0,,,0,0,,2026-05-07,raw/api_football/fixture_players/2026-04-30/fixture_1208512_players.json
1208512,531,Athletic Club,332308,Unai Gómez,19.0,20,M,6.9,False,True,,1.0,,,0,0.0,,3.0,,3,,,,4.0,4.0,2.0,2.0,,2.0,,0,0,,,0,0,,2026-05-07,raw/api_football/fixture_players/2026-04-30/fixture_1208512_players.json
1208512,531,Athletic Club,179153,Javier Martón Ansó,19.0,19,F,6.3,False,True,1.0,,,,0,0.0,,4.0,,3,,,,2.0,1.0,,,,,,0,0,,,0,0,,2026-05-07,raw/api_football/fixture_players/2026-04-30/fixture_1208512_players.json
1208512,531,Athletic Club,47276,Íñigo Lekue,11.0,15,D,6.3,False,True,,,,,0,0.0,,3.0,,1,,,,,,,,,,,0,0,,,0,0,,2026-05-07,raw/api_football/fixture_players/2026-04-30/fixture_1208512_players.json
1208512,531,Athletic Club,312468,Alex Padilla,,26,G,,False,True,,,,,0,,,,,,,,,,,,,,,,0,0,,,0,0,,2026-05-07,raw/api_football/fixture_players/2026-04-30/fixture_1208512_players.json
1208512,531,Athletic Club,332305,Unai Eguíluz,,27,D,,False,True,,,,,0,,,,,,,,,,,,,,,,0,0,,,0,0,,2026-05-07,raw/api_football/fixture_players/2026-04-30/fixture_1208512_players.json
1208512,531,Athletic Club,47299,Andoni Gorosabel,,2,D,,False,True,,,,,0,,,,,,,,,,,,,,,,0,0,,,0,0,,2026-05-07,raw/api_football/fixture_players/2026-04-30/fixture_1208512_players.json
1208512,531,Athletic Club,30510,Álex Berenguer,,7,F,,False,True,,,,,0,,,,,,,,,,,,,,,,0,0,,,0,0,,2026-05-07,raw/api_football/fixture_players/2026-04-30/fixture_1208512_players.json
1208512,531,Athletic Club,286593,Nico Serrano,,22,F,,False,True,,,,,0,,,,,,,,,,,,,,,,0,0,,,0,0,,2026-05-07,raw/api_football/fixture_players/2026-04-30/fixture_1208512_players.json
1208512,531,Athletic Club,898,Ander Herrera,,21,M,,False,True,,,,,0,,,,,,,,,,,,,,,,0,0,,,0,0,,2026-05-07,raw/api_football/fixture_players/2026-04-30/fixture_1208512_players.json
1208512,531,Athletic Club,288525,Malcom Ares,,23,F,,False,True,,,,,0,,,,,,,,,,,,,,,,0,0,,,0,0,,2026-05-07,raw/api_football/fixture_players/2026-04-30/fixture_1208512_players.json
1208512,532,Valencia,24760,Giorgi Mamardashvili,90.0,25,G,7.5,False,False,,,,,1,0.0,3.0,34.0,,23,,,,2.0,2.0,,,,1.0,,0,0,,,0,0,0.0,2026-05-07,raw/api_football/fixture_players/2026-04-30/fixture_1208512_players.json
1208512,532,Valencia,47251,Dimitri Foulquier,90.0,20,D,6.9,False,False,,,,,0,0.0,,40.0,,28,3.0,,,10.0,7.0,1.0,1.0,,2.0,2.0,1,0,,,0,0,,2026-05-07,raw/api_football/fixture_players/2026-04-30/fixture_1208512_players.json
1208512,532,Valencia,333672,César Tárrega,90.0,15,D,6.9,False,False,,,,,0,0.0,,54.0,,46,,2.0,1.0,4.0,,,,2.0,,,0,0,,,0,0,,2026-05-07,raw/api_football/fixture_players/2026-04-30/fixture_1208512_players.json
1208512,532,Valencia,333682,Cristhian Mosquera,90.0,3,D,6.6,False,False,,,,,0,0.0,,61.0,,53,,1.0,3.0,5.0,3.0,,,,,2.0,1,0,,,0,0,,2026-05-07,raw/api_football/fixture_players/2026-04-30/fixture_1208512_players.json
1208512,532,Valencia,162175,Jesús Vázquez,89.0,21,D,7.5,False,False,,1.0,,,0,0.0,,36.0,,22,6.0,2.0,,14.0,11.0,4.0,3.0,1.0,1.0,,0,0,,,0,0,,2026-05-07,raw/api_football/fixture_players/2026-04-30/fixture_1208512_players.json
1208512,532,Valencia,162127,Diego López,82.0,16,M,6.3,False,False,,,,,0,0.0,,25.0,,21,1.0,,,10.0,3.0,,,2.0,1.0,,0,0,,,0,0,,2026-05-07,raw/api_football/fixture_players/2026-04-30/fixture_1208512_players.json
1208512,532,Valencia,47463,Pepelu,82.0,18,M,7,True,False,,,,,0,0.0,,56.0,,43,4.0,,1.0,10.0,6.0,,,1.0,1.0,1.0,0,0,,,0,0,,2026-05-07,raw/api_football/fixture_players/2026-04-30/fixture_1208512_players.json
1208512,532,Valencia,919,Hugo Guillamón,90.0,6,M,6.9,False,False,,,,,0,0.0,,34.0,,26,2.0,,1.0,9.0,7.0,,,1.0,2.0,,0,0,,,0,0,,2026-05-07,raw/api_football/fixture_players/2026-04-30/fixture_1208512_players.json
1208512,532,Valencia,46933,Luis Rioja,90.0,22,M,6.9,False,False,2.0,,,,0,0.0,,21.0,,16,2.0,,3.0,12.0,7.0,4.0,3.0,2.0,1.0,,0,0,,,0,0,,2026-05-07,raw/api_football/fixture_players/2026-04-30/fixture_1208512_players.json
1208512,532,Valencia,47264,Hugo Duro,89.0,9,F,6.3,False,False,,,,,0,0.0,,16.0,,10,2.0,,1.0,12.0,4.0,2.0,,,1.0,1.0,0,0,,,0,0,,2026-05-07,raw/api_football/fixture_players/2026-04-30/fixture_1208512_players.json
1208512,532,Valencia,47013,Rafa Mir,59.0,11,F,6.2,False,False,,,,,0,0.0,,15.0,,8,1.0,,,6.0,3.0,,,1.0,1.0,1.0,1,0,,,0,0,,2026-05-07,raw/api_football/fixture_players/2026-04-30/fixture_1208512_players.json
1208512,532,Valencia,41157,André Almeida,31.0,10,M,6.9,False,True,,,,,0,0.0,,16.0,,15,2.0,,,6.0,3.0,,,,1.0,2.0,0,0,,,0,0,,2026-05-07,raw/api_football/fixture_players/2026-04-30/fixture_1208512_players.json
1208512,532,Valencia,315699,Javier Guerra,8.0,8,M,6.5,False,True,,,,,0,0.0,,3.0,,2,,,,1.0,,,,1.0,,,0,0,,,0,0,,2026-05-07,raw/api_football/fixture_players/2026-04-30/fixture_1208512_players.json
1208512,532,Valencia,348326,Martín Tejón,8.0,32,M,6.3,False,True,,,,,0,0.0,,1.0,,,,,,4.0,,1.0,,1.0,,,0,0,,,0,0,,2026-05-07,raw/api_football/fixture_players/2026-04-30/fixture_1208512_players.json
1208512,532,Valencia,1482,Thierry Correia,1.0,12,D,,False,True,,,,,0,0.0,,2.0,,1,,,,4.0,2.0,2.0,1.0,1.0,1.0,,0,0,,,0,0,,2026-05-07,raw/api_football/fixture_players/2026-04-30/fixture_1208512_players.json
1208512,532,Valencia,119232,Dani Gómez,1.0,17,F,,False,True,1.0,,,,0,0.0,,1.0,,,,,,,,,,,,,0,0,,,0,0,,2026-05-07,raw/api_football/fixture_players/2026-04-30/fixture_1208512_players.json
1208512,532,Valencia,47527,Stole Dimitrievski,,13,G,,False,True,,,,,0,,,,,,,,,,,,,,,,0,0,,,0,0,,2026-05-07,raw/api_football/fixture_players/2026-04-30/fixture_1208512_players.json
1208512,532,Valencia,412737,Raúl Jiménez Latorre,,34,G,,False,True,,,,,0,,,,,,,,,,,,,,,,0,0,,,0,0,,2026-05-07,raw/api_football/fixture_players/2026-04-30/fixture_1208512_players.json
1208512,532,Valencia,361385,Yarek Gasiorowski,,24,D,,False,True,,,,,0,,,,,,,,,,,,,,,,0,0,,,0,0,,2026-05-07,raw/api_football/fixture_players/2026-04-30/fixture_1208512_players.json
1208512,532,Valencia,327496,Rodrigo Abajas,,39,D,,False,True,,,,,0,,,,,,,,,,,,,,,,0,0,,,0,0,,2026-05-07,raw/api_football/fixture_players/2026-04-30/fixture_1208512_players.json
1208512,532,Valencia,442188,Iker Córdoba,,38,D,,False,True,,,,,0,,,,,,,,,,,,,,,,0,0,,,0,0,,2026-05-07,raw/api_football/fixture_players/2026-04-30/fixture_1208512_players.json
1208512,532,Valencia,288074,Alberto Mari,,19,F,,False,True,,,,,0,,,,,,,,,,,,,,,,0,0,,,0,0,,2026-05-07,raw/api_football/fixture_players/2026-04-30/fixture_1208512_players.json
1208515,798,Mallorca,179139,Leo Román,90.0,13,G,8.3,False,False,,,,,0,0.0,7.0,22.0,,16,,,,,,,,,,,0,0,,,0,0,0.0,2026-05-07,raw/api_football/fixture_players/2026-04-30/fixture_1208515_players.json
1208515,798,Mallorca,26302,Pablo Maffeo,90.0,23,D,7.2,False,False,,,,,0,0.0,,29.0,1.0,24,2.0,1.0,2.0,8.0,5.0,3.0,1.0,,1.0,,0,0,,,0,0,,2026-05-07,raw/api_football/fixture_players/2026-04-30/fixture_1208515_players.json
1208515,798,Mallorca,46738,Martin Valjent,90.0,24,D,7.2,False,False,,,,,0,0.0,,53.0,,46,,,,4.0,2.0,,,,,1.0,0,0,,,0,0,,2026-05-07,raw/api_football/fixture_players/2026-04-30/fixture_1208515_players.json
1208515,798,Mallorca,46733,Antonio Raíllo,90.0,21,D,7.2,True,False,,1.0,,,0,0.0,,48.0,,42,,1.0,1.0,4.0,1.0,,,,,1.0,0,0,,,0,0,,2026-05-07,raw/api_football/fixture_players/2026-04-30/fixture_1208515_players.json
1208515,798,Mallorca,64268,Johan Mojica,90.0,22,D,6.6,False,False,,1.0,,,0,0.0,,31.0,1.0,23,2.0,,1.0,8.0,2.0,1.0,,1.0,,2.0,0,0,,,0,0,,2026-05-07,raw/api_football/fixture_players/2026-04-30/fixture_1208515_players.json
1208515,798,Mallorca,190485,Samuel Costa,90.0,12,M,7.2,False,False,1.0,,,,0,0.0,,50.0,1.0,44,1.0,,2.0,12.0,7.0,,,2.0,4.0,1.0,0,0,,,0,0,,2026-05-07,raw/api_football/fixture_players/2026-04-30/fixture_1208515_players.json
1208515,798,Mallorca,1701,Manu Morlanes,73.0,8,M,7,False,False,,,,,0,0.0,,41.0,,38,2.0,1.0,2.0,7.0,2.0,,,1.0,,1.0,0,0,,,0,0,,2026-05-07,raw/api_football/fixture_players/2026-04-30/fixture_1208515_players.json
1208515,798,Mallorca,47336,Sergi Darder,82.0,10,M,7,False,False,,,,,0,0.0,,36.0,2.0,26,1.0,,,7.0,4.0,2.0,2.0,,,2.0,0,0,,,0,0,,2026-05-07,raw/api_football/fixture_players/2026-04-30/fixture_1208515_players.json
1208515,798,Mallorca,107194,Antonio Sánchez,65.0,18,F,7,False,False,,1.0,1.0,,0,0.0,,16.0,1.0,11,3.0,,,5.0,3.0,,,,,1.0,0,0,,,0,0,,2026-05-07,raw/api_football/fixture_players/2026-04-30/fixture_1208515_players.json
1208515,798,Mallorca,50048,Vedat Muriqi,82.0,7,F,7.3,False,False,,5.0,2.0,,0,0.0,,24.0,2.0,15,,,,10.0,6.0,1.0,1.0,,1.0,1.0,0,0,,,0,0,,2026-05-07,raw/api_football/fixture_players/2026-04-30/fixture_1208515_players.json
1208515,798,Mallorca,2001,Cyle Larin,65.0,17,F,6.5,False,False,2.0,,,,0,0.0,,12.0,,9,1.0,,,9.0,3.0,,,1.0,1.0,2.0,0,0,,,0,0,,2026-05-07,raw/api_football/fixture_players/2026-04-30/fixture_1208515_players.json
1208515,798,Mallorca,46742,Dani Rodríguez,25.0,14,M,7.3,False,True,,,,,0,0.0,,11.0,1.0,10,,,,3.0,3.0,1.0,1.0,,2.0,,0,0,,,0,0,,2026-05-07,raw/api_football/fixture_players/2026-04-30/fixture_1208515_players.json
1208515,798,Mallorca,25375,Takuma Asano,25.0,11,F,6.9,False,True,,1.0,,,0,0.0,,3.0,,2,1.0,,,2.0,2.0,1.0,1.0,,,,0,0,,,0,0,,2026-05-07,raw/api_football/fixture_players/2026-04-30/fixture_1208515_players.json
1208515,798,Mallorca,414,Omar Mascarell,17.0,5,M,6.6,False,True,,1.0,1.0,,0,0.0,,7.0,,6,,,,1.0,,,,,,1.0,0,0,,,0,0,,2026-05-07,raw/api_football/fixture_players/2026-04-30/fixture_1208515_players.json
1208515,798,Mallorca,46751,Abdón Prats,8.0,9,F,6.7,False,True,,,,,0,0.0,,,,,,,,2.0,1.0,,,,,,0,0,,,0,0,,2026-05-07,raw/api_football/fixture_players/2026-04-30/fixture_1208515_players.json
1208515,798,Mallorca,482473,Marc Domenech,8.0,30,F,6.3,False,True,,,,,0,0.0,,2.0,,2,,,,4.0,1.0,,,,,2.0,0,0,,,0,0,,2026-05-07,raw/api_football/fixture_players/2026-04-30/fixture_1208515_players.json
1208515,798,Mallorca,61142,Dominik Greif,,1,G,,False,True,,,,,0,,,,,,,,,,,,,,,,0,0,,,0,0,,2026-05-07,raw/api_football/fixture_players/2026-04-30/fixture_1208515_players.json
1208515,798,Mallorca,47399,Iván Cuéllar,,25,G,,False,True,,,,,0,,,,,,,,,,,,,,,,0,0,,,0,0,,2026-05-07,raw/api_football/fixture_players/2026-04-30/fixture_1208515_players.json
1208515,798,Mallorca,37639,Siebe Van Der Heyden,,4,D,,False,True,,,,,0,,,,,,,,,,,,,,,,0,0,,,0,0,,2026-05-07,raw/api_football/fixture_players/2026-04-30/fixture_1208515_players.json
1208515,798,Mallorca,181582,José Copete,,6,D,,False,True,,,,,0,,,,,,,,,,,,,,,,0,0,,,0,0,,2026-05-07,raw/api_football/fixture_players/2026-04-30/fixture_1208515_players.json
1208515,798,Mallorca,920,Toni Lato,,3,D,,False,True,,,,,0,,,,,,,,,,,,,,,,0,0,,,0,0,,2026-05-07,raw/api_football/fixture_players/2026-04-30/fixture_1208515_players.json
1208515,798,Mallorca,411424,Jan Salas,,28,M,,False,True,,,,,0,,,,,,,,,,,,,,,,0,0,,,0,0,,2026-05-07,raw/api_football/fixture_players/2026-04-30/fixture_1208515_players.json
1208515,798,Mallorca,297646,Daniel Luna,,33,M,,False,True,,,,,0,,,,,,,,,,,,,,,,0,0,,,0,0,,2026-05-07,raw/api_football/fixture_players/2026-04-30/fixture_1208515_players.json
1208515,536,Sevilla,19172,Ørjan Nyland,90.0,13,G,7.6,False,False,,,,,0,0.0,4.0,35.0,,22,,,,1.0,1.0,,,,,,0,0,,,0,0,0.0,2026-05-07,raw/api_football/fixture_players/2026-04-30/fixture_1208515_players.json
1208515,536,Sevilla,195923,José Ángel Carmona,90.0,32,D,7.3,False,False,,1.0,1.0,,0,0.0,,43.0,1.0,37,2.0,,2.0,9.0,4.0,1.0,1.0,1.0,,1.0,0,0,,,0,0,,2026-05-07,raw/api_football/fixture_players/2026-04-30/fixture_1208515_players.json
1208515,536,Sevilla,174918,Loïc Badé,90.0,22,D,7.3,False,False,,1.0,,,0,0.0,,63.0,,55,1.0,1.0,1.0,11.0,7.0,2.0,1.0,,,1.0,0,0,,,0,0,,2026-05-07,raw/api_football/fixture_players/2026-04-30/fixture_1208515_players.json
1208515,536,Sevilla,1489,Nemanja Gudelj,70.0,6,D,6.6,True,False,,,,,0,0.0,,47.0,,43,,,,1.0,,,,,,,0,0,,,0,0,,2026-05-07,raw/api_football/fixture_players/2026-04-30/fixture_1208515_players.json
1208515,536,Sevilla,47329,Adrià Pedrosa,90.0,3,D,7.3,False,False,,1.0,1.0,,0,0.0,,60.0,1.0,50,2.0,1.0,1.0,8.0,3.0,,,1.0,1.0,,0,0,,,0,0,,2026-05-07,raw/api_football/fixture_players/2026-04-30/fixture_1208515_players.json
1208515,536,Sevilla,957,Djibril Sow,90.0,20,M,7.2,False,False,,1.0,,,0,0.0,,46.0,2.0,42,2.0,,,12.0,7.0,,,1.0,4.0,2.0,1,0,,,0,0,,2026-05-07,raw/api_football/fixture_players/2026-04-30/fixture_1208515_players.json
1208515,536,Sevilla,1427,Albert Sambi Lokonga,63.0,12,M,7,False,False,,,,,0,0.0,,50.0,,44,1.0,,,6.0,5.0,,,,3.0,,0,0,,,0,0,,2026-05-07,raw/api_football/fixture_players/2026-04-30/fixture_1208515_players.json
1208515,536,Sevilla,48,Saúl Ñíguez,89.0,17,M,6.6,False,False,,2.0,1.0,,0,0.0,,35.0,1.0,26,3.0,,,12.0,4.0,,,2.0,1.0,2.0,0,1,,,0,0,,2026-05-07,raw/api_football/fixture_players/2026-04-30/fixture_1208515_players.json
1208515,536,Sevilla,25458,Dodi Lukebakio,70.0,11,F,7.5,False,False,,3.0,3.0,,0,0.0,,19.0,1.0,16,2.0,,1.0,8.0,4.0,4.0,1.0,,1.0,,0,0,,,0,0,,2026-05-07,raw/api_football/fixture_players/2026-04-30/fixture_1208515_players.json
1208515,536,Sevilla,2778,Kelechi Iheanacho,62.0,9,F,6.9,False,False,,1.0,1.0,,0,0.0,,7.0,2.0,5,,,,2.0,,,,,,1.0,0,0,,,0,0,,2026-05-07,raw/api_football/fixture_players/2026-04-30/fixture_1208515_players.json
1208515,536,Sevilla,39121,Chidera Ejuke,89.0,21,F,7.3,False,False,1.0,2.0,,,0,0.0,,45.0,6.0,41,,,,6.0,2.0,3.0,2.0,,,1.0,0,0,,,0,0,,2026-05-07,raw/api_football/fixture_players/2026-04-30/fixture_1208515_players.json
1208515,536,Sevilla,185398,Isaac Romero,28.0,7,F,6.6,False,True,,1.0,,,0,0.0,,6.0,,5,,,,7.0,4.0,,,1.0,3.0,1.0,0,0,,,0,0,,2026-05-07,raw/api_football/fixture_players/2026-04-30/fixture_1208515_players.json
1208515,536,Sevilla,182772,Juanlu Sánchez,27.0,26,M,6.6,False,True,,,,,0,0.0,,5.0,,5,,,3.0,,,,,,,,0,0,,,0,0,,2026-05-07,raw/api_football/fixture_players/2026-04-30/fixture_1208515_players.json
1208515,536,Sevilla,2054,Jesús Navas,20.0,16,D,6.6,False,True,,,,,0,0.0,,6.0,,6,,,,1.0,1.0,,,,1.0,1.0,0,0,,,0,0,,2026-05-07,raw/api_football/fixture_players/2026-04-30/fixture_1208515_players.json
1208515,536,Sevilla,433,Marcão,20.0,23,D,6.7,False,True,,,,,0,0.0,,18.0,,17,,,,1.0,1.0,,,,,,0,0,,,0,0,,2026-05-07,raw/api_football/fixture_players/2026-04-30/fixture_1208515_players.json
1208515,536,Sevilla,21004,Lucien Agoumé,1.0,18,M,,False,True,,,,,0,0.0,,,,,,,,1.0,1.0,,,,,,0,0,,,0,0,,2026-05-07,raw/api_football/fixture_players/2026-04-30/fixture_1208515_players.json
1208515,536,Sevilla,308346,Alberto Flores,,31,G,,False,True,,,,,0,,,,,,,,,,,,,,,,0,0,,,0,0,,2026-05-07,raw/api_football/fixture_players/2026-04-30/fixture_1208515_players.json
1208515,536,Sevilla,47016,Álvaro Fernández,,1,G,,False,True,,,,,0,,,,,,,,,,,,,,,,0,0,,,0,0,,2026-05-07,raw/api_football/fixture_players/2026-04-30/fixture_1208515_players.json
1208515,536,Sevilla,133110,Tanguy Nianzou,,24,D,,False,True,,,,,0,,,,,,,,,,,,,,,,0,0,,,0,0,,2026-05-07,raw/api_football/fixture_players/2026-04-30/fixture_1208515_players.json
1208515,536,Sevilla,297311,Kike Salas,,4,D,,False,True,,,,,0,,,,,,,,,,,,,,,,0,0,,,0,0,,2026-05-07,raw/api_football/fixture_players/2026-04-30/fixture_1208515_players.json
1208515,536,Sevilla,162126,Peque Fernández,,14,F,,False,True,,,,,0,,,,,,,,,,,,,,,,0,0,,,0,0,,2026-05-07,raw/api_football/fixture_players/2026-04-30/fixture_1208515_players.json
1208515,536,Sevilla,340152,Stanis Idumbo Muzambo,,27,M,,False,True,,,,,0,,,,,,,,,,,,,,,,0,0,,,0,0,,2026-05-07,raw/api_football/fixture_players/2026-04-30/fixture_1208515_players.json
1208517,728,Rayo Vallecano,156488,Dani Cárdenas,90.0,1,G,6.5,False,False,,,,,2,0.0,3.0,28.0,,14,,,,,,,,,,,0,0,,,0,0,0.0,2026-05-07,raw/api_football/fixture_players/2026-04-30/fixture_1208517_players.json
1208517,728,Rayo Vallecano,20520,Iván Balliu,90.0,20,D,6.3,False,False,,,,,0,0.0,,22.0,,18,1.0,1.0,,4.0,1.0,,,1.0,,1.0,0,0,,,0,0,,2026-05-07,raw/api_football/fixture_players/2026-04-30/fixture_1208517_players.json
1208517,728,Rayo Vallecano,18895,Florian Lejeune,90.0,24,D,7,False,False,,,,,0,0.0,,30.0,,22,2.0,3.0,1.0,4.0,3.0,,,,,,0,0,,,0,0,,2026-05-07,raw/api_football/fixture_players/2026-04-30/fixture_1208517_players.json
1208517,728,Rayo Vallecano,15900,Abdul Mumin,90.0,16,D,7.2,False,False,,,,,0,0.0,,29.0,,20,1.0,3.0,5.0,1.0,1.0,,,,,,1,0,,,0,0,,2026-05-07,raw/api_football/fixture_players/2026-04-30/fixture_1208517_players.json
1208517,728,Rayo Vallecano,46759,Alfonso Espino,90.0,22,D,7.3,False,False,,1.0,1.0,,0,0.0,,17.0,,13,6.0,2.0,2.0,21.0,10.0,1.0,1.0,5.0,3.0,6.0,0,0,,,0,0,,2026-05-07,raw/api_football/fixture_players/2026-04-30/fixture_1208517_players.json
1208517,728,Rayo Vallecano,128582,Jorge de Frutos,64.0,19,M,6.9,False,False,,,,,0,1.0,,17.0,1.0,17,2.0,,,11.0,5.0,3.0,1.0,2.0,2.0,1.0,0,0,,,0,0,,2026-05-07,raw/api_football/fixture_players/2026-04-30/fixture_1208517_players.json
1208517,728,Rayo Vallecano,47285,Unai López,56.0,17,M,7.3,False,False,1.0,1.0,1.0,1.0,0,0.0,,18.0,,14,,,1.0,2.0,,,,1.0,,1.0,0,0,,,0,0,,2026-05-07,raw/api_football/fixture_players/2026-04-30/fixture_1208517_players.json
1208517,728,Rayo Vallecano,47109,Óscar Valentín,68.0,23,M,6.3,True,False,,,,,0,0.0,,20.0,,16,,,1.0,4.0,2.0,,,2.0,1.0,1.0,0,0,,,0,0,,2026-05-07,raw/api_football/fixture_players/2026-04-30/fixture_1208517_players.json
1208517,728,Rayo Vallecano,47543,Álvaro García,56.0,18,M,7.2,False,False,1.0,2.0,1.0,,0,0.0,,20.0,,17,1.0,,3.0,3.0,1.0,,,,,1.0,0,0,,,0,0,,2026-05-07,raw/api_football/fixture_players/2026-04-30/fixture_1208517_players.json
1208517,728,Rayo Vallecano,52,Sergio Camello,64.0,14,F,6.9,False,False,1.0,,,,0,0.0,,17.0,3.0,12,,1.0,,6.0,4.0,1.0,,,,,0,0,,,0,0,,2026-05-07,raw/api_football/fixture_players/2026-04-30/fixture_1208517_players.json
1208517,728,Rayo Vallecano,131546,Isi Palazón,90.0,7,F,6.5,False,False,,1.0,,,0,0.0,,18.0,,14,2.0,,1.0,14.0,4.0,2.0,,2.0,2.0,2.0,1,0,,,0,0,,2026-05-07,raw/api_football/fixture_players/2026-04-30/fixture_1208517_players.json
1208517,728,Rayo Vallecano,41552,Ismaila Ciss,34.0,6,M,6.3,False,True,,,,,0,0.0,,10.0,,9,2.0,,1.0,9.0,5.0,1.0,1.0,1.0,1.0,3.0,1,0,,,0,0,,2026-05-07,raw/api_football/fixture_players/2026-04-30/fixture_1208517_players.json
1208517,728,Rayo Vallecano,47554,Adrián Embarba,34.0,21,F,6.9,False,True,1.0,1.0,1.0,,0,0.0,,9.0,1.0,7,1.0,,1.0,3.0,1.0,,,1.0,,1.0,0,0,,,0,0,,2026-05-07,raw/api_football/fixture_players/2026-04-30/fixture_1208517_players.json
1208517,728,Rayo Vallecano,122657,Randy Nteka,26.0,11,M,6.7,False,True,,,,,0,0.0,,3.0,,2,,1.0,,6.0,3.0,1.0,,,1.0,,0,0,,,0,0,,2026-05-07,raw/api_football/fixture_players/2026-04-30/fixture_1208517_players.json
1208517,728,Rayo Vallecano,47414,Gerard Gumbau,26.0,15,M,6.7,False,True,,1.0,,,0,0.0,,2.0,,1,2.0,,,4.0,2.0,,,,,,0,0,,,0,0,,2026-05-07,raw/api_football/fixture_players/2026-04-30/fixture_1208517_players.json
1208517,728,Rayo Vallecano,181734,Josep Chavarría,22.0,3,D,6.6,False,True,,,,,0,0.0,,10.0,,5,1.0,,1.0,3.0,3.0,,,,1.0,,0,0,,,0,0,,2026-05-07,raw/api_football/fixture_players/2026-04-30/fixture_1208517_players.json
1208517,728,Rayo Vallecano,11379,Augusto Batalla,,13,G,,False,True,,,,,0,,,,,,,,,,,,,,,,0,0,,,0,0,,2026-05-07,raw/api_football/fixture_players/2026-04-30/fixture_1208517_players.json
1208517,728,Rayo Vallecano,46654,Aridane Hernández,,5,D,,False,True,,,,,0,,,,,,,,,,,,,,,,0,0,,,0,0,,2026-05-07,raw/api_football/fixture_players/2026-04-30/fixture_1208517_players.json
1208517,728,Rayo Vallecano,1703,Andrei Rațiu,,2,D,,False,True,,,,,0,,,,,,,,,,,,,,,,0,0,,,0,0,,2026-05-07,raw/api_football/fixture_players/2026-04-30/fixture_1208517_players.json
1208517,728,Rayo Vallecano,333292,Pelayo Fernández,,27,D,,False,True,,,,,0,,,,,,,,,,,,,,,,0,0,,,0,0,,2026-05-07,raw/api_football/fixture_players/2026-04-30/fixture_1208517_players.json
1208517,728,Rayo Vallecano,47557,Óscar Trejo,,8,M,,False,True,,,,,0,,,,,,,,,,,,,,,,0,0,,,0,0,,2026-05-07,raw/api_football/fixture_players/2026-04-30/fixture_1208517_players.json
1208517,728,Rayo Vallecano,46887,Pedro Díaz,,4,M,,False,True,,,,,0,,,,,,,,,,,,,,,,0,0,,,0,0,,2026-05-07,raw/api_football/fixture_players/2026-04-30/fixture_1208517_players.json
1208517,728,Rayo Vallecano,303115,Etienne Eto'o Pineda,,28,F,,False,True,,,,,0,,,,,,,,,,,,,,,,0,0,,,0,0,,2026-05-07,raw/api_football/fixture_players/2026-04-30/fixture_1208517_players.json
1208517,529,Barcelona,127,Marc-André ter Stegen,90.0,1,G,6.9,True,False,,,,,1,0.0,3.0,28.0,,23,,,,2.0,2.0,,,,1.0,,0,0,,,0,0,0.0,2026-05-07,raw/api_football/fixture_players/2026-04-30/fixture_1208517_players.json
1208517,529,Barcelona,1257,Jules Koundé,90.0,23,D,6.9,False,False,,1.0,,,0,0.0,,61.0,2.0,48,2.0,,,9.0,2.0,1.0,,1.0,,2.0,0,0,,,0,0,,2026-05-07,raw/api_football/fixture_players/2026-04-30/fixture_1208517_players.json
1208517,529,Barcelona,396623,Pau Cubarsí,90.0,2,D,7.2,False,False,,,,,0,0.0,,74.0,,71,1.0,,,7.0,5.0,,,,,,0,0,,,0,0,,2026-05-07,raw/api_football/fixture_players/2026-04-30/fixture_1208517_players.json
1208517,529,Barcelona,2670,Iñigo Martínez,90.0,5,D,7.2,False,False,,1.0,1.0,,0,0.0,,50.0,1.0,47,1.0,,,6.0,3.0,,,,1.0,,0,0,,,0,0,,2026-05-07,raw/api_football/fixture_players/2026-04-30/fixture_1208517_players.json
1208517,529,Barcelona,181701,Gerard Martín,65.0,35,D,6.7,False,False,,,,,0,0.0,,36.0,1.0,31,,,,5.0,3.0,1.0,,,2.0,1.0,0,0,,,0,0,,2026-05-07,raw/api_football/fixture_players/2026-04-30/fixture_1208517_players.json
1208517,529,Barcelona,433396,Marc Bernal,90.0,28,M,7.3,False,False,,1.0,1.0,,0,0.0,,56.0,1.0,49,3.0,,1.0,10.0,6.0,,,,2.0,2.0,1,0,,,0,0,,2026-05-07,raw/api_football/fixture_players/2026-04-30/fixture_1208517_players.json
1208517,529,Barcelona,133609,Pedri,89.0,8,M,7.9,False,False,,1.0,1.0,1.0,0,0.0,,60.0,3.0,50,1.0,,1.0,10.0,6.0,2.0,1.0,1.0,4.0,1.0,0,0,,,0,0,,2026-05-07,raw/api_football/fixture_players/2026-04-30/fixture_1208517_players.json
1208517,529,Barcelona,386828,Lamine Yamal,89.0,19,M,8,False,False,1.0,1.0,1.0,,0,1.0,,54.0,4.0,41,,,1.0,14.0,8.0,10.0,6.0,,2.0,1.0,0,0,,,0,0,,2026-05-07,raw/api_football/fixture_players/2026-04-30/fixture_1208517_players.json
1208517,529,Barcelona,1496,Raphinha,90.0,11,M,7.3,False,False,,2.0,,,0,1.0,,36.0,3.0,25,,,,6.0,3.0,4.0,3.0,,,1.0,0,0,,,0,0,,2026-05-07,raw/api_football/fixture_players/2026-04-30/fixture_1208517_players.json
1208517,529,Barcelona,931,Ferran Torres,45.0,7,M,6.9,False,False,,1.0,,,0,0.0,,15.0,,12,,,,3.0,2.0,2.0,2.0,,,1.0,0,0,,,0,0,,2026-05-07,raw/api_football/fixture_players/2026-04-30/fixture_1208517_players.json
1208517,529,Barcelona,521,Robert Lewandowski,90.0,9,F,6.7,False,False,,1.0,,,0,0.0,,18.0,,10,,,,10.0,4.0,2.0,,1.0,3.0,1.0,0,0,,,0,0,,2026-05-07,raw/api_football/fixture_players/2026-04-30/fixture_1208517_players.json
1208517,529,Barcelona,1323,Dani Olmo,45.0,20,M,7.9,False,True,,2.0,1.0,1.0,0,0.0,,25.0,2.0,21,,,,6.0,3.0,2.0,2.0,,1.0,,0,0,,,0,0,,2026-05-07,raw/api_football/fixture_players/2026-04-30/fixture_1208517_players.json
1208517,529,Barcelona,161928,Alejandro Balde,25.0,3,D,6.3,False,True,,,,,0,0.0,,11.0,,11,,,,3.0,1.0,1.0,,,,1.0,0,0,,,0,0,,2026-05-07,raw/api_football/fixture_players/2026-04-30/fixture_1208517_players.json
1208517,529,Barcelona,340626,Fermín López,11.0,16,M,6.7,False,True,,,,,0,0.0,,4.0,,4,,,,3.0,2.0,1.0,1.0,,,,0,0,,,0,0,,2026-05-07,raw/api_football/fixture_players/2026-04-30/fixture_1208517_players.json
1208517,529,Barcelona,263530,Pau Víctor,1.0,18,F,,False,True,,,,,0,0.0,,1.0,,1,,1.0,,1.0,,,,,,,0,0,,,0,0,,2026-05-07,raw/api_football/fixture_players/2026-04-30/fixture_1208517_players.json
1208517,529,Barcelona,336653,Ander Astralaga,,26,G,,False,True,,,,,0,,,,,,,,,,,,,,,,0,0,,,0,0,,2026-05-07,raw/api_football/fixture_players/2026-04-30/fixture_1208517_players.json
1208517,529,Barcelona,126,Iñaki Peña,,13,G,,False,True,,,,,0,,,,,,,,,,,,,,,,0,0,,,0,0,,2026-05-07,raw/api_football/fixture_players/2026-04-30/fixture_1208517_players.json
1208517,529,Barcelona,386859,Hector Fort,,32,D,,False,True,,,,,0,,,,,,,,,,,,,,,,0,0,,,0,0,,2026-05-07,raw/api_football/fixture_players/2026-04-30/fixture_1208517_players.json
1208517,529,Barcelona,396624,Sergi Domínguez,,36,D,,False,True,,,,,0,,,,,,,,,,,,,,,,0,0,,,0,0,,2026-05-07,raw/api_football/fixture_players/2026-04-30/fixture_1208517_players.json
1208517,529,Barcelona,441244,Andrés Cuenca,,39,D,,False,True,,,,,0,,,,,,,,,,,,,,,,0,0,,,0,0,,2026-05-07,raw/api_football/fixture_players/2026-04-30/fixture_1208517_players.json
1208517,529,Barcelona,329728,Marc Casadó,,17,M,,False,True,,,,,0,,,,,,,,,,,,,,,,0,0,,,0,0,,2026-05-07,raw/api_football/fixture_players/2026-04-30/fixture_1208517_players.json
1208517,529,Barcelona,285909,Pablo Torre,,14,M,,False,True,,,,,0,,,,,,,,,,,,,,,,0,0,,,0,0,,2026-05-07,raw/api_football/fixture_players/2026-04-30/fixture_1208517_players.json
1208518,533,Villarreal,122956,Diego Conde,90.0,13,G,6.2,False,False,,,,,3,0.0,4.0,16.0,,15,,,,2.0,,,,2.0,,,0,0,,,0,0,0.0,2026-05-07,raw/api_football/fixture_players/2026-04-30/fixture_1208518_players.json
1208518,533,Villarreal,18794,Kiko Femenía,90.0,17,D,7.3,False,False,,1.0,,,0,0.0,,62.0,1.0,56,1.0,3.0,1.0,3.0,2.0,1.0,1.0,,,1.0,1,0,,,0,0,,2026-05-07,raw/api_football/fixture_players/2026-04-30/fixture_1208518_players.json
1208518,533,Villarreal,314,Raúl Albiol,90.0,3,D,7.2,True,False,,,,,0,0.0,,42.0,,42,1.0,1.0,,4.0,3.0,,,,1.0,1.0,0,0,,,0,0,,2026-05-07,raw/api_football/fixture_players/2026-04-30/fixture_1208518_players.json
1208518,533,Villarreal,885,Eric Bailly,58.0,4,D,6.3,False,False,,1.0,,,0,0.0,,36.0,,33,1.0,,1.0,5.0,2.0,,,1.0,,2.0,0,0,,,0,0,,2026-05-07,raw/api_football/fixture_players/2026-04-30/fixture_1208518_players.json
1208518,533,Villarreal,70500,Sergi Cardona,90.0,23,D,8.9,False,False,1.0,3.0,1.0,1.0,0,1.0,,41.0,3.0,34,3.0,1.0,1.0,9.0,5.0,,,3.0,1.0,1.0,0,0,,,0,0,,2026-05-07,raw/api_football/fixture_players/2026-04-30/fixture_1208518_players.json
1208518,533,Villarreal,184226,Yéremy Pino,58.0,21,M,6.9,False,False,,1.0,,,0,0.0,,24.0,,23,1.0,,,2.0,2.0,,,,,,0,0,,,0,0,,2026-05-07,raw/api_football/fixture_players/2026-04-30/fixture_1208518_players.json
1208518,533,Villarreal,47541,Santi Comesaña,90.0,14,M,7.2,False,False,1.0,1.0,,,0,0.0,,61.0,,57,2.0,2.0,2.0,6.0,2.0,1.0,,,,1.0,1,0,,,0,0,,2026-05-07,raw/api_football/fixture_players/2026-04-30/fixture_1208518_players.json
1208518,533,Villarreal,928,Dani Parejo,90.0,10,M,7.3,False,False,,2.0,2.0,1.0,0,0.0,,55.0,1.0,51,2.0,1.0,,7.0,4.0,1.0,1.0,3.0,1.0,,0,0,,,0,1,,2026-05-07,raw/api_football/fixture_players/2026-04-30/fixture_1208518_players.json
1208518,533,Villarreal,182219,Alejandro Baena,72.0,16,M,7.9,False,False,,4.0,2.0,,0,0.0,,25.0,8.0,16,,,1.0,6.0,4.0,1.0,,,2.0,,0,0,,,0,0,,2026-05-07,raw/api_football/fixture_players/2026-04-30/fixture_1208518_players.json
1208518,533,Villarreal,1707,Gerard Moreno,45.0,7,F,7.9,False,False,,2.0,1.0,,0,1.0,,22.0,3.0,18,1.0,,,3.0,2.0,,,,,,0,0,,,0,0,,2026-05-07,raw/api_football/fixture_players/2026-04-30/fixture_1208518_players.json
1208518,533,Villarreal,83,Arnaut Danjuma,59.0,9,F,6.3,False,False,,,,,0,0.0,,9.0,,9,1.0,,,2.0,1.0,1.0,,,,,0,0,,,0,0,,2026-05-07,raw/api_football/fixture_players/2026-04-30/fixture_1208518_players.json
1208518,533,Villarreal,18906,Ayoze Pérez,45.0,22,F,6.9,False,True,,1.0,,,0,0.0,,9.0,1.0,8,1.0,,,5.0,3.0,1.0,1.0,,1.0,1.0,0,0,,,0,0,,2026-05-07,raw/api_football/fixture_players/2026-04-30/fixture_1208518_players.json
1208518,533,Villarreal,21997,Logan Costa,32.0,2,D,6.5,False,True,,,,,0,0.0,,18.0,,17,,,,3.0,1.0,,,,,,0,0,,,0,0,,2026-05-07,raw/api_football/fixture_players/2026-04-30/fixture_1208518_players.json
1208518,533,Villarreal,3246,Nicolas Pépé,32.0,19,F,7.3,False,True,,1.0,1.0,,0,0.0,,11.0,1.0,10,,,,2.0,1.0,1.0,1.0,1.0,,,1,0,,,0,0,,2026-05-07,raw/api_football/fixture_players/2026-04-30/fixture_1208518_players.json
1208518,533,Villarreal,343684,Thierno Barry,31.0,15,F,7.3,False,True,,2.0,1.0,1.0,0,0.0,,5.0,,3,,,,8.0,4.0,1.0,,,1.0,,0,0,1.0,,0,0,,2026-05-07,raw/api_football/fixture_players/2026-04-30/fixture_1208518_players.json
1208518,533,Villarreal,20696,Pape Gueye,18.0,18,M,6.7,False,True,,1.0,1.0,,0,0.0,,14.0,,10,,,,1.0,,,,,,1.0,1,0,,,0,0,,2026-05-07,raw/api_football/fixture_players/2026-04-30/fixture_1208518_players.json
1208518,533,Villarreal,278619,Luiz Júnior,,1,G,,False,True,,,,,0,,,,,,,,,,,,,,,,0,0,,,0,0,,2026-05-07,raw/api_football/fixture_players/2026-04-30/fixture_1208518_players.json
1208518,533,Villarreal,435552,Pau Navarro,,26,D,,False,True,,,,,0,,,,,,,,,,,,,,,,0,0,,,0,0,,2026-05-07,raw/api_football/fixture_players/2026-04-30/fixture_1208518_players.json
1208518,533,Villarreal,161931,Arnau Solà,,27,D,,False,True,,,,,0,,,,,,,,,,,,,,,,0,0,,,0,0,,2026-05-07,raw/api_football/fixture_players/2026-04-30/fixture_1208518_players.json
1208518,533,Villarreal,288112,Willy Kambwala,,5,D,,False,True,,,,,0,,,,,,,,,,,,,,,,0,0,,,0,0,,2026-05-07,raw/api_football/fixture_players/2026-04-30/fixture_1208518_players.json
1208518,533,Villarreal,187987,Ramón Terrats,,20,M,,False,True,,,,,0,,,,,,,,,,,,,,,,0,0,,,0,0,,2026-05-07,raw/api_football/fixture_players/2026-04-30/fixture_1208518_players.json
1208518,533,Villarreal,290740,Ilias Akhomach,,11,F,,False,True,,,,,0,,,,,,,,,,,,,,,,0,0,,,0,0,,2026-05-07,raw/api_football/fixture_players/2026-04-30/fixture_1208518_players.json
1208518,538,Celta Vigo,47427,Iván Villar,90.0,1,G,7.9,True,False,,,,,4,0.0,6.0,28.0,,21,,,,1.0,,,,,,,0,0,,,0,0,1.0,2026-05-07,raw/api_football/fixture_players/2026-04-30/fixture_1208518_players.json
1208518,538,Celta Vigo,1364,Jailson,90.0,16,D,6.2,False,False,,,,,0,0.0,,76.0,,67,1.0,1.0,,6.0,3.0,,,,,,0,0,,,0,0,,2026-05-07,raw/api_football/fixture_players/2026-04-30/fixture_1208518_players.json
1208518,538,Celta Vigo,47988,Carl Starfelt,90.0,2,D,7,False,False,,2.0,1.0,1.0,0,0.0,,69.0,,68,,,1.0,5.0,2.0,,,,,,0,0,,,0,0,,2026-05-07,raw/api_football/fixture_players/2026-04-30/fixture_1208518_players.json
1208518,538,Celta Vigo,18896,Javier Manquillo,70.0,22,D,6.5,False,False,,,,,0,0.0,,46.0,,46,1.0,1.0,1.0,3.0,1.0,1.0,,,,1.0,0,0,,,0,0,,2026-05-07,raw/api_football/fixture_players/2026-04-30/fixture_1208518_players.json
1208518,538,Celta Vigo,162712,Óscar Mingueza,90.0,3,M,7.9,False,False,,1.0,1.0,1.0,0,1.0,,67.0,1.0,51,2.0,,,4.0,3.0,2.0,1.0,,,,0,0,,,0,0,,2026-05-07,raw/api_football/fixture_players/2026-04-30/fixture_1208518_players.json
1208518,538,Celta Vigo,286796,Damián Rodríguez,90.0,25,M,6.9,False,False,,,,,0,0.0,,77.0,2.0,71,1.0,,,7.0,3.0,,,1.0,2.0,1.0,0,0,,,0,0,,2026-05-07,raw/api_football/fixture_players/2026-04-30/fixture_1208518_players.json
1208518,538,Celta Vigo,162123,Ilaix Moriba,58.0,6,M,6.9,False,False,,,,,0,0.0,,29.0,1.0,27,,,1.0,3.0,,,,2.0,,1.0,1,0,,,0,0,,2026-05-07,raw/api_football/fixture_players/2026-04-30/fixture_1208518_players.json
1208518,538,Celta Vigo,157988,Sergio Carreira,58.0,5,M,6.7,False,False,,,,,0,0.0,,27.0,,23,1.0,,,4.0,1.0,,,,,,0,0,,,0,0,,2026-05-07,raw/api_football/fixture_players/2026-04-30/fixture_1208518_players.json
1208518,538,Celta Vigo,119213,Alfon González,70.0,12,F,6.7,False,False,,3.0,2.0,,0,0.0,,14.0,2.0,10,1.0,,,12.0,7.0,5.0,4.0,,2.0,1.0,0,0,,,0,0,,2026-05-07,raw/api_football/fixture_players/2026-04-30/fixture_1208518_players.json
1208518,538,Celta Vigo,47348,Borja Iglesias,74.0,7,F,7.5,False,False,,1.0,1.0,1.0,0,0.0,,18.0,,14,,,,3.0,3.0,2.0,2.0,,1.0,,0,0,,,0,0,,2026-05-07,raw/api_football/fixture_players/2026-04-30/fixture_1208518_players.json
1208518,538,Celta Vigo,22235,Jonathan Bamba,90.0,17,F,7.6,False,False,,1.0,1.0,,0,0.0,,41.0,4.0,36,1.0,,2.0,9.0,4.0,4.0,3.0,1.0,,,0,0,,,0,0,,2026-05-07,raw/api_football/fixture_players/2026-04-30/fixture_1208518_players.json
1208518,538,Celta Vigo,329720,Hugo Álvarez,32.0,30,M,6.2,False,True,1.0,,,,0,0.0,,23.0,,22,2.0,,,3.0,2.0,,,,,1.0,1,0,,1.0,0,0,,2026-05-07,raw/api_football/fixture_players/2026-04-30/fixture_1208518_players.json
1208518,538,Celta Vigo,47435,Fran Beltrán,32.0,8,M,7,False,True,,,,,0,0.0,,28.0,1.0,28,,,,1.0,,,,,,,0,0,,,0,0,,2026-05-07,raw/api_football/fixture_players/2026-04-30/fixture_1208518_players.json
1208518,538,Celta Vigo,269163,Williot Swedberg,20.0,19,M,6.2,False,True,,4.0,3.0,,0,0.0,,7.0,1.0,5,,,,5.0,2.0,,,,1.0,2.0,1,0,,,0,0,,2026-05-07,raw/api_football/fixture_players/2026-04-30/fixture_1208518_players.json
1208518,538,Celta Vigo,47445,Iago Aspas,20.0,10,F,6.9,False,True,,,,,0,0.0,,13.0,1.0,13,,,,,,,,,,,0,0,,,0,0,,2026-05-07,raw/api_football/fixture_players/2026-04-30/fixture_1208518_players.json
1208518,538,Celta Vigo,26845,Anastasios Douvikas,16.0,9,F,6.3,False,True,,2.0,,,0,0.0,,2.0,,2,,,,2.0,1.0,1.0,,,1.0,,0,0,,,0,0,,2026-05-07,raw/api_football/fixture_players/2026-04-30/fixture_1208518_players.json
1208518,538,Celta Vigo,18835,Vicente Guaita,,13,G,,False,True,,,,,0,,,,,,,,,,,,,,,,0,0,,,0,0,,2026-05-07,raw/api_football/fixture_players/2026-04-30/fixture_1208518_players.json
1208518,538,Celta Vigo,182730,Marc Vidal,,26,G,,False,True,,,,,0,,,,,,,,,,,,,,,,0,0,,,0,0,,2026-05-07,raw/api_football/fixture_players/2026-04-30/fixture_1208518_players.json
1208518,538,Celta Vigo,1926,Joseph Aidoo,,15,D,,False,True,,,,,0,,,,,,,,,,,,,,,,0,0,,,0,0,,2026-05-07,raw/api_football/fixture_players/2026-04-30/fixture_1208518_players.json
1208518,538,Celta Vigo,286559,Carlos Domínguez,,24,D,,False,True,,,,,0,,,,,,,,,,,,,,,,0,0,,,0,0,,2026-05-07,raw/api_football/fixture_players/2026-04-30/fixture_1208518_players.json
1208518,538,Celta Vigo,384135,Javi Rodríguez,,32,D,,False,True,,,,,0,,,,,,,,,,,,,,,,0,0,,,0,0,,2026-05-07,raw/api_football/fixture_players/2026-04-30/fixture_1208518_players.json
1208518,538,Celta Vigo,313651,Hugo Sotelo,,33,M,,False,True,,,,,0,,,,,,,,,,,,,,,,0,0,,,0,0,,2026-05-07,raw/api_football/fixture_players/2026-04-30/fixture_1208518_players.json
1208518,538,Celta Vigo,320517,Pablo Durán,,18,F,,False,True,,,,,0,,,,,,,,,,,,,,,,0,0,,,0,0,,2026-05-07,raw/api_football/fixture_players/2026-04-30/fixture_1208518_players.json
1208520,720,Valladolid,169295,Karl Hein,90.0,13,G,7.3,False,False,,,,,0,0.0,1.0,24.0,,24,,,,,,,,,,,0,0,,,0,0,0.0,2026-05-07,raw/api_football/fixture_players/2026-04-30/fixture_1208520_players.json
1208520,720,Valladolid,47078,Luis Pérez,90.0,2,D,7.5,False,False,,,,,0,0.0,,40.0,2.0,29,,,1.0,6.0,4.0,1.0,,,3.0,,0,0,,,0,0,,2026-05-07,raw/api_football/fixture_players/2026-04-30/fixture_1208520_players.json
1208520,720,Valladolid,740,Javi Sánchez,90.0,5,D,7.2,True,False,,,,,0,0.0,,78.0,,71,,,1.0,4.0,2.0,,,,,1.0,0,0,,,0,0,,2026-05-07,raw/api_football/fixture_players/2026-04-30/fixture_1208520_players.json
1208520,720,Valladolid,279822,Flavien Boyomo,90.0,6,D,7.5,False,False,,1.0,,,0,0.0,,78.0,,72,5.0,1.0,,7.0,6.0,,,,,,0,0,,,0,0,,2026-05-07,raw/api_football/fixture_players/2026-04-30/fixture_1208520_players.json
1208520,720,Valladolid,56283,Lucas Rosa,90.0,22,D,7.2,False,False,,,,,0,0.0,,47.0,1.0,42,2.0,,1.0,5.0,3.0,1.0,1.0,1.0,,1.0,0,0,,,0,0,,2026-05-07,raw/api_football/fixture_players/2026-04-30/fixture_1208520_players.json
1208520,720,Valladolid,107153,Kike Pérez,62.0,8,M,7,False,False,,1.0,,,0,0.0,,46.0,1.0,42,2.0,1.0,,9.0,3.0,,,1.0,1.0,4.0,0,0,,,0,0,,2026-05-07,raw/api_football/fixture_players/2026-04-30/fixture_1208520_players.json
1208520,720,Valladolid,14341,Stanko Jurić,90.0,20,M,7.2,False,False,,,,,0,0.0,,65.0,,57,5.0,,,15.0,9.0,1.0,1.0,2.0,,2.0,1,0,,,0,0,,2026-05-07,raw/api_football/fixture_players/2026-04-30/fixture_1208520_players.json
1208520,720,Valladolid,8587,Selim Amallah,89.0,21,M,7.9,False,False,,2.0,2.0,,0,0.0,,28.0,,25,3.0,,1.0,18.0,12.0,8.0,5.0,1.0,4.0,1.0,0,0,,,0,0,,2026-05-07,raw/api_football/fixture_players/2026-04-30/fixture_1208520_players.json
1208520,720,Valladolid,104793,Amath Ndiaye,62.0,19,F,6.9,False,False,,2.0,,,0,0.0,,14.0,1.0,12,,,,5.0,1.0,1.0,,1.0,1.0,2.0,0,0,,,0,0,,2026-05-07,raw/api_football/fixture_players/2026-04-30/fixture_1208520_players.json
1208520,720,Valladolid,8518,Mamadou Sylla,62.0,7,F,6.7,False,False,,,,,0,0.0,,8.0,,5,,,,2.0,2.0,,,,1.0,,0,0,,,0,0,,2026-05-07,raw/api_football/fixture_players/2026-04-30/fixture_1208520_players.json
1208520,720,Valladolid,264470,Raúl Moro,81.0,11,F,7.5,False,False,,1.0,,,0,0.0,,29.0,1.0,22,1.0,,,9.0,6.0,5.0,3.0,1.0,1.0,,0,0,,,0,0,,2026-05-07,raw/api_football/fixture_players/2026-04-30/fixture_1208520_players.json
1208520,720,Valladolid,181463,Víctor Meseguer,28.0,4,M,6.6,False,True,,1.0,,,0,0.0,,17.0,,17,1.0,,1.0,5.0,2.0,,,1.0,1.0,1.0,0,0,,,0,0,,2026-05-07,raw/api_football/fixture_players/2026-04-30/fixture_1208520_players.json
1208520,720,Valladolid,46979,Iván Sánchez,28.0,10,M,6.9,False,True,,,,,0,0.0,,9.0,1.0,7,,,,4.0,3.0,1.0,1.0,,2.0,,0,0,,,0,0,,2026-05-07,raw/api_football/fixture_players/2026-04-30/fixture_1208520_players.json
1208520,720,Valladolid,162028,Juanmi Latasa,28.0,14,F,7.2,False,True,,3.0,,,0,0.0,,8.0,,6,,,,9.0,7.0,,,,2.0,1.0,0,0,,,0,0,,2026-05-07,raw/api_football/fixture_players/2026-04-30/fixture_1208520_players.json
1208520,720,Valladolid,122233,Marcos André,9.0,9,F,6.3,False,True,,,,,0,0.0,,2.0,,1,,,,2.0,1.0,,,1.0,1.0,,0,0,,,0,0,,2026-05-07,raw/api_football/fixture_players/2026-04-30/fixture_1208520_players.json
1208520,720,Valladolid,331004,Ivan Cantalejo,1.0,28,M,,False,True,,,,,0,0.0,,,1.0,,,,,,,,,,,,0,0,,,0,0,,2026-05-07,raw/api_football/fixture_players/2026-04-30/fixture_1208520_players.json
1208520,720,Valladolid,41320,André Ferreira,,1,G,,False,True,,,,,0,,,,,,,,,,,,,,,,0,0,,,0,0,,2026-05-07,raw/api_football/fixture_players/2026-04-30/fixture_1208520_players.json
1208520,720,Valladolid,298064,David Torres,,3,D,,False,True,,,,,0,,,,,,,,,,,,,,,,0,0,,,0,0,,2026-05-07,raw/api_football/fixture_players/2026-04-30/fixture_1208520_players.json
1208520,720,Valladolid,332304,Raúl Chasco,,30,M,,False,True,,,,,0,,,,,,,,,,,,,,,,0,0,,,0,0,,2026-05-07,raw/api_football/fixture_players/2026-04-30/fixture_1208520_players.json
1208520,720,Valladolid,361386,Koke,,32,D,,False,True,,,,,0,,,,,,,,,,,,,,,,0,0,,,0,0,,2026-05-07,raw/api_football/fixture_players/2026-04-30/fixture_1208520_players.json
1208520,720,Valladolid,48372,Eray Cömert,,15,D,,False,True,,,,,0,,,,,,,,,,,,,,,,0,0,,,0,0,,2026-05-07,raw/api_football/fixture_players/2026-04-30/fixture_1208520_players.json
1208520,720,Valladolid,343205,Mario Martin,,12,M,,False,True,,,,,0,,,,,,,,,,,,,,,,0,0,,,0,0,,2026-05-07,raw/api_football/fixture_players/2026-04-30/fixture_1208520_players.json
1208520,720,Valladolid,2459,Darwin Machís,,18,F,,False,True,,,,,0,,,,,,,,,,,,,,,,0,0,,,0,0,,2026-05-07,raw/api_football/fixture_players/2026-04-30/fixture_1208520_players.json
1208520,537,Leganes,2036,Juan Soriano,90.0,1,G,7.2,False,False,,,,,0,0.0,2.0,26.0,,11,,,,,,,,,,,0,0,,,0,0,0.0,2026-05-07,raw/api_football/fixture_players/2026-04-30/fixture_1208520_players.json
1208520,537,Leganes,21701,Valentin Rosier,90.0,12,D,7.3,False,False,,,,,0,0.0,,18.0,1.0,12,2.0,,3.0,13.0,5.0,2.0,2.0,4.0,1.0,2.0,0,0,,,0,0,,2026-05-07,raw/api_football/fixture_players/2026-04-30/fixture_1208520_players.json
1208520,537,Leganes,47080,Jorge Sáenz,90.0,3,D,7.2,False,False,,,,,0,0.0,,60.0,,52,2.0,,,9.0,4.0,,,,,2.0,1,0,,,0,0,,2026-05-07,raw/api_football/fixture_players/2026-04-30/fixture_1208520_players.json
1208520,537,Leganes,123047,Sergio González,90.0,6,D,6.9,True,False,1.0,,,,0,0.0,,48.0,1.0,45,1.0,,,7.0,2.0,,,,1.0,2.0,1,0,,,0,0,,2026-05-07,raw/api_football/fixture_players/2026-04-30/fixture_1208520_players.json
1208520,537,Leganes,46849,Javier Hernández,90.0,20,D,7,False,False,,1.0,,,0,0.0,,35.0,,28,1.0,,1.0,9.0,3.0,,,1.0,,4.0,0,0,,,0,0,,2026-05-07,raw/api_football/fixture_players/2026-04-30/fixture_1208520_players.json
1208520,537,Leganes,41976,Yvan Neyou,85.0,17,M,6.9,False,False,,1.0,,,0,0.0,,41.0,,39,,,1.0,9.0,4.0,2.0,2.0,2.0,2.0,2.0,1,0,,,0,0,,2026-05-07,raw/api_football/fixture_players/2026-04-30/fixture_1208520_players.json
1208520,537,Leganes,302051,Seydouba Cisse,66.0,8,M,6.7,False,False,,,,,0,0.0,,29.0,1.0,28,1.0,,,8.0,3.0,1.0,,1.0,1.0,1.0,0,0,,,0,0,,2026-05-07,raw/api_football/fixture_players/2026-04-30/fixture_1208520_players.json
1208520,537,Leganes,185202,Juan Cruz,66.0,11,M,6.6,False,False,,,,,0,0.0,,22.0,1.0,15,1.0,,1.0,7.0,2.0,1.0,1.0,1.0,,2.0,0,0,,,0,0,,2026-05-07,raw/api_football/fixture_players/2026-04-30/fixture_1208520_players.json
1208520,537,Leganes,5974,Julián Chicco,71.0,24,M,6.9,False,False,,,,,0,0.0,,18.0,,16,4.0,,1.0,10.0,6.0,1.0,1.0,1.0,1.0,,0,0,,,0,0,,2026-05-07,raw/api_football/fixture_players/2026-04-30/fixture_1208520_players.json
1208520,537,Leganes,129657,Enric Franquesa,45.0,15,M,6.7,False,False,,,,,0,0.0,,9.0,,9,,1.0,,2.0,1.0,,,,1.0,1.0,1,0,,,0,0,,2026-05-07,raw/api_football/fixture_players/2026-04-30/fixture_1208520_players.json
1208520,537,Leganes,47494,Miguel de la Fuente,90.0,9,F,6.2,False,False,1.0,,,,0,0.0,,10.0,,6,,,,10.0,1.0,3.0,,1.0,1.0,1.0,0,0,,,0,0,,2026-05-07,raw/api_football/fixture_players/2026-04-30/fixture_1208520_players.json
1208520,537,Leganes,47416,Óscar Rodríguez,45.0,7,M,7,False,True,,2.0,1.0,,0,0.0,,17.0,1.0,12,,,,9.0,5.0,4.0,3.0,,2.0,1.0,1,0,,,0,0,,2026-05-07,raw/api_football/fixture_players/2026-04-30/fixture_1208520_players.json
1208520,537,Leganes,47361,Darko Brašanac,24.0,14,M,6.7,False,True,,,,,0,0.0,,7.0,,6,,,,2.0,1.0,,,,1.0,,0,0,,,0,0,,2026-05-07,raw/api_football/fixture_players/2026-04-30/fixture_1208520_players.json
1208520,537,Leganes,47321,Roberto López,24.0,21,M,6.6,False,True,,1.0,,,0,0.0,,9.0,,8,,,,,,,,,,,0,0,,,0,0,,2026-05-07,raw/api_football/fixture_players/2026-04-30/fixture_1208520_players.json
1208520,537,Leganes,2060,Munir El Haddadi,19.0,23,F,6.3,False,True,,,,,0,0.0,,6.0,,4,,,,4.0,2.0,1.0,,,1.0,,0,0,,,0,0,,2026-05-07,raw/api_football/fixture_players/2026-04-30/fixture_1208520_players.json
1208520,537,Leganes,2433,Renato Tapia,11.0,5,M,6.3,False,True,,,,,0,0.0,,5.0,,4,,,,1.0,,,,,,1.0,0,0,,,0,0,,2026-05-07,raw/api_football/fixture_players/2026-04-30/fixture_1208520_players.json
1208520,537,Leganes,327495,Alvin,,36,G,,False,True,,,,,0,,,,,,,,,,,,,,,,0,0,,,0,0,,2026-05-07,raw/api_football/fixture_players/2026-04-30/fixture_1208520_players.json
1208520,537,Leganes,2813,Marko Dmitrović,,13,G,,False,True,,,,,0,,,,,,,,,,,,,,,,0,0,,,0,0,,2026-05-07,raw/api_football/fixture_players/2026-04-30/fixture_1208520_players.json
1208520,537,Leganes,162122,Adrià Altimira,,2,D,,False,True,,,,,0,,,,,,,,,,,,,,,,0,0,,,0,0,,2026-05-07,raw/api_football/fixture_players/2026-04-30/fixture_1208520_players.json
1208520,537,Leganes,2575,Jackson Porozo,,4,D,,False,True,,,,,0,,,,,,,,,,,,,,,,0,0,,,0,0,,2026-05-07,raw/api_football/fixture_players/2026-04-30/fixture_1208520_players.json
1208520,537,Leganes,131492,Aritz Arambarri,,22,D,,False,True,,,,,0,,,,,,,,,,,,,,,,0,0,,,0,0,,2026-05-07,raw/api_football/fixture_players/2026-04-30/fixture_1208520_players.json
1208520,537,Leganes,1708,Dani Raba,,10,F,,False,True,,,,,0,,,,,,,,,,,,,,,,0,0,,,0,0,,2026-05-07,raw/api_football/fixture_players/2026-04-30/fixture_1208520_players.json
1208520,537,Leganes,184481,Diego Garcia,,19,F,,False,True,,,,,0,,,,,,,,,,,,,,,,0,0,,,0,0,,2026-05-07,raw/api_football/fixture_players/2026-04-30/fixture_1208520_players.json
1212910,720,Valladolid,169295,Karl Hein,90.0,13,G,7.5,False,False,,,,,0,0.0,2.0,31.0,,17,,,,,,,,,,,0,0,,,0,0,0.0,2026-05-07,raw/api_football/fixture_players/2026-04-30/fixture_1212910_players.json
1212910,720,Valladolid,47078,Luis Pérez,90.0,2,D,7.9,False,False,,,,,0,0.0,,42.0,2.0,36,1.0,,2.0,10.0,6.0,3.0,3.0,,1.0,1.0,0,0,,,0,0,,2026-05-07,raw/api_football/fixture_players/2026-04-30/fixture_1212910_players.json
1212910,720,Valladolid,740,Javi Sánchez,62.0,5,D,7,True,False,,,,,0,0.0,,40.0,1.0,37,,,,7.0,3.0,,,,,1.0,0,0,,,0,0,,2026-05-07,raw/api_football/fixture_players/2026-04-30/fixture_1212910_players.json
1212910,720,Valladolid,279822,Flavien Boyomo,90.0,6,D,6.9,False,False,,,,,0,0.0,,56.0,,53,,,1.0,3.0,,,,,,1.0,0,0,,,0,0,,2026-05-07,raw/api_football/fixture_players/2026-04-30/fixture_1212910_players.json
1212910,720,Valladolid,56283,Lucas Rosa,90.0,22,D,7,False,False,,,,,0,0.0,,34.0,1.0,26,1.0,1.0,,6.0,1.0,,,,,3.0,1,0,,,0,0,,2026-05-07,raw/api_football/fixture_players/2026-04-30/fixture_1212910_players.json
1212910,720,Valladolid,104793,Amath Ndiaye,70.0,19,M,7.5,False,False,,1.0,,,0,1.0,,20.0,3.0,16,,,,4.0,3.0,2.0,2.0,,,,0,0,,,0,0,,2026-05-07,raw/api_football/fixture_players/2026-04-30/fixture_1212910_players.json
1212910,720,Valladolid,107153,Kike Pérez,82.0,8,M,7.2,False,False,1.0,,,,0,0.0,,43.0,1.0,40,2.0,,2.0,14.0,7.0,3.0,1.0,1.0,4.0,2.0,0,0,,,0,0,,2026-05-07,raw/api_football/fixture_players/2026-04-30/fixture_1212910_players.json
1212910,720,Valladolid,48372,Eray Cömert,82.0,15,M,6.6,False,False,,2.0,,,0,0.0,,29.0,,21,2.0,1.0,,5.0,4.0,,,,,,0,0,,,0,0,,2026-05-07,raw/api_football/fixture_players/2026-04-30/fixture_1212910_players.json
1212910,720,Valladolid,8587,Selim Amallah,69.0,21,M,7.3,False,False,,1.0,,,0,0.0,,22.0,,19,1.0,,1.0,9.0,4.0,2.0,2.0,,1.0,2.0,0,0,,,0,0,,2026-05-07,raw/api_football/fixture_players/2026-04-30/fixture_1212910_players.json
1212910,720,Valladolid,264470,Raúl Moro,90.0,11,M,7.7,False,False,,1.0,1.0,1.0,0,0.0,,27.0,2.0,18,,,,11.0,5.0,8.0,5.0,,,1.0,0,0,,,0,0,,2026-05-07,raw/api_football/fixture_players/2026-04-30/fixture_1212910_players.json
1212910,720,Valladolid,8518,Mamadou Sylla,90.0,7,F,6.5,False,False,4.0,2.0,,,0,0.0,,12.0,1.0,8,,,,6.0,1.0,,,,,1.0,0,0,,,0,0,,2026-05-07,raw/api_football/fixture_players/2026-04-30/fixture_1212910_players.json
1212910,720,Valladolid,14341,Stanko Jurić,28.0,20,M,6.7,False,True,,,,,0,0.0,,17.0,,15,,1.0,,2.0,,,,1.0,,1.0,0,0,,,0,0,,2026-05-07,raw/api_football/fixture_players/2026-04-30/fixture_1212910_players.json
1212910,720,Valladolid,46979,Iván Sánchez,20.0,10,M,6.6,False,True,,,,,0,0.0,,2.0,,2,1.0,,2.0,4.0,2.0,,,,1.0,2.0,1,0,,,0,0,,2026-05-07,raw/api_football/fixture_players/2026-04-30/fixture_1212910_players.json
1212910,720,Valladolid,181463,Víctor Meseguer,21.0,4,M,6.6,False,True,,,,,0,0.0,,7.0,,7,1.0,,,3.0,2.0,,,,,,0,0,,,0,0,,2026-05-07,raw/api_football/fixture_players/2026-04-30/fixture_1212910_players.json
1212910,720,Valladolid,298064,David Torres,8.0,3,D,6.7,False,True,,,,,0,0.0,,2.0,,1,,,,,,,,,,,0,0,,,0,0,,2026-05-07,raw/api_football/fixture_players/2026-04-30/fixture_1212910_players.json
1212910,720,Valladolid,331004,Ivan Cantalejo,8.0,28,M,6.3,False,True,1.0,,,,0,0.0,,3.0,,3,,,,1.0,,,,,,,0,0,,,0,0,,2026-05-07,raw/api_football/fixture_players/2026-04-30/fixture_1212910_players.json
1212910,720,Valladolid,329725,Arnau Rafús,,26,G,,False,True,,,,,0,,,,,,,,,,,,,,,,0,0,,,0,0,,2026-05-07,raw/api_football/fixture_players/2026-04-30/fixture_1212910_players.json
1212910,720,Valladolid,332304,Raúl Chasco,,30,M,,False,True,,,,,0,,,,,,,,,,,,,,,,0,0,,,0,0,,2026-05-07,raw/api_football/fixture_players/2026-04-30/fixture_1212910_players.json
1212910,720,Valladolid,361386,Koke,,32,D,,False,True,,,,,0,,,,,,,,,,,,,,,,0,0,,,0,0,,2026-05-07,raw/api_football/fixture_players/2026-04-30/fixture_1212910_players.json
1212910,720,Valladolid,2459,Darwin Machís,,18,F,,False,True,,,,,0,,,,,,,,,,,,,,,,0,0,,,0,0,,2026-05-07,raw/api_football/fixture_players/2026-04-30/fixture_1212910_players.json
1212910,720,Valladolid,46919,César de la Hoz,,16,M,,False,True,,,,,0,,,,,,,,,,,,,,,,0,0,,,0,0,,2026-05-07,raw/api_football/fixture_players/2026-04-30/fixture_1212910_players.json
1212910,720,Valladolid,122233,Marcos André,,9,F,,False,True,,,,,0,,,,,,,,,,,,,,,,0,0,,,0,0,,2026-05-07,raw/api_football/fixture_players/2026-04-30/fixture_1212910_players.json
1212910,720,Valladolid,292219,Stipe Biuk,,17,F,,False,True,,,,,0,,,,,,,,,,,,,,,,0,0,,,0,0,,2026-05-07,raw/api_football/fixture_players/2026-04-30/fixture_1212910_players.json
1212910,540,Espanyol,182718,Joan García,90.0,1,G,6.5,False,False,,,,,1,0.0,,28.0,,22,,,,,,,,,,,0,0,,,0,0,0.0,2026-05-07,raw/api_football/fixture_players/2026-04-30/fixture_1212910_players.json
1212910,540,Espanyol,46709,Álvaro Tejero,70.0,12,D,6.9,False,False,,1.0,,,0,0.0,,25.0,2.0,18,,,,3.0,2.0,,,1.0,1.0,,0,0,,,0,0,,2026-05-07,raw/api_football/fixture_players/2026-04-30/fixture_1212910_players.json
1212910,540,Espanyol,286601,Omar El Hilali,90.0,23,D,6.7,False,False,,,,,0,0.0,,44.0,,38,2.0,1.0,,7.0,3.0,,,3.0,,1.0,0,0,,,0,0,,2026-05-07,raw/api_football/fixture_players/2026-04-30/fixture_1212910_players.json
1212910,540,Espanyol,2042,Sergi Gómez,90.0,3,D,7.3,True,False,,1.0,1.0,,0,0.0,,72.0,,66,,2.0,1.0,4.0,2.0,,,,,,0,0,,,0,0,,2026-05-07,raw/api_football/fixture_players/2026-04-30/fixture_1212910_players.json
1212910,540,Espanyol,47249,Leandro Cabrera,90.0,6,D,7.2,False,False,,,,,0,0.0,,87.0,1.0,66,,1.0,2.0,8.0,6.0,,,,,,0,0,,,0,0,,2026-05-07,raw/api_football/fixture_players/2026-04-30/fixture_1212910_players.json
1212910,540,Espanyol,184420,Carlos Romero,90.0,22,D,6.5,False,False,,,,,0,0.0,,41.0,1.0,32,1.0,,,6.0,1.0,,,2.0,,,0,0,,,0,0,,2026-05-07,raw/api_football/fixture_players/2026-04-30/fixture_1212910_players.json
1212910,540,Espanyol,47398,Pere Milla,57.0,11,M,6.2,False,False,,,,,0,0.0,,18.0,1.0,12,,,,6.0,2.0,,,3.0,2.0,,0,0,,,0,0,,2026-05-07,raw/api_football/fixture_players/2026-04-30/fixture_1212910_players.json
1212910,540,Espanyol,67940,José Gragera,78.0,15,M,6.5,False,False,,,,,0,0.0,,47.0,,42,3.0,,1.0,12.0,5.0,1.0,,2.0,,3.0,0,0,,,0,0,,2026-05-07,raw/api_football/fixture_players/2026-04-30/fixture_1212910_players.json
1212910,540,Espanyol,127426,Pol Lozano,57.0,10,M,6.3,False,False,,,,,0,0.0,,28.0,,24,1.0,,,4.0,1.0,,,,,1.0,0,0,,,0,0,,2026-05-07,raw/api_football/fixture_players/2026-04-30/fixture_1212910_players.json
1212910,540,Espanyol,311344,Alejo Véliz,70.0,9,F,7.3,False,False,1.0,1.0,1.0,,0,0.0,,15.0,,9,1.0,1.0,1.0,10.0,8.0,1.0,1.0,,2.0,,0,0,,,0,0,,2026-05-07,raw/api_football/fixture_players/2026-04-30/fixture_1212910_players.json
1212910,540,Espanyol,47349,Javi Puado,90.0,7,F,6.9,False,False,,3.0,,,0,0.0,,26.0,,22,,,,6.0,4.0,1.0,,,2.0,,0,0,,,0,0,,2026-05-07,raw/api_football/fixture_players/2026-04-30/fixture_1212910_players.json
1212910,540,Espanyol,1234,Alex Král,33.0,20,M,6.9,False,True,,,,,0,0.0,,20.0,,16,2.0,,,3.0,3.0,,,,1.0,,0,0,,,0,0,,2026-05-07,raw/api_football/fixture_players/2026-04-30/fixture_1212910_players.json
1212910,540,Espanyol,8683,Irvin Cardona,33.0,24,F,6.7,False,True,,1.0,,,0,0.0,,8.0,,6,,,,4.0,1.0,,,2.0,1.0,1.0,1,0,,,0,0,,2026-05-07,raw/api_football/fixture_players/2026-04-30/fixture_1212910_players.json
1212910,540,Espanyol,182674,Jofre Carreras,20.0,17,F,7.3,False,True,,,,,0,0.0,,7.0,1.0,6,1.0,,,5.0,5.0,1.0,1.0,,3.0,,0,0,,,0,0,,2026-05-07,raw/api_football/fixture_players/2026-04-30/fixture_1212910_players.json
1212910,540,Espanyol,297742,Antoniu Roca,20.0,31,F,6.6,False,True,,,,,0,0.0,,4.0,1.0,3,,,1.0,6.0,3.0,,,,3.0,2.0,1,0,,,0,0,,2026-05-07,raw/api_football/fixture_players/2026-04-30/fixture_1212910_players.json
1212910,540,Espanyol,47195,Álvaro Aguado,12.0,18,M,7,False,True,,,,,0,0.0,,9.0,1.0,8,1.0,,,1.0,1.0,,,,,,0,0,,,0,0,,2026-05-07,raw/api_football/fixture_players/2026-04-30/fixture_1212910_players.json
1212910,540,Espanyol,47352,Fernando Pacheco,,13,G,,False,True,,,,,0,,,,,,,,,,,,,,,,0,0,,,0,0,,2026-05-07,raw/api_football/fixture_players/2026-04-30/fixture_1212910_players.json
1212910,540,Espanyol,182735,Angel Fortuno,,33,G,,False,True,,,,,0,,,,,,,,,,,,,,,,0,0,,,0,0,,2026-05-07,raw/api_football/fixture_players/2026-04-30/fixture_1212910_players.json
1212910,540,Espanyol,46764,Brian Oliván,,14,D,,False,True,,,,,0,,,,,,,,,,,,,,,,0,0,,,0,0,,2026-05-07,raw/api_football/fixture_players/2026-04-30/fixture_1212910_players.json
1212910,540,Espanyol,47478,Fernando Calero,,5,D,,False,True,,,,,0,,,,,,,,,,,,,,,,0,0,,,0,0,,2026-05-07,raw/api_football/fixture_players/2026-04-30/fixture_1212910_players.json
1212910,540,Espanyol,438284,Rafael Bauza,,35,M,,False,True,,,,,0,,,,,,,,,,,,,,,,0,0,,,0,0,,2026-05-07,raw/api_football/fixture_players/2026-04-30/fixture_1212910_players.json
1212910,540,Espanyol,46775,Salvi Sánchez,,19,M,,False,True,,,,,0,,,,,,,,,,,,,,,,0,0,,,0,0,,2026-05-07,raw/api_football/fixture_players/2026-04-30/fixture_1212910_players.json
1212910,540,Espanyol,419912,Omar Sadik,,32,F,,False,True,,,,,0,,,,,,,,,,,,,,,,0,0,,,0,0,,2026-05-07,raw/api_football/fixture_players/2026-04-30/fixture_1212910_players.json
1212911,540,Espanyol,182718,Joan García,90.0,1,G,6.6,False,False,,1.0,1.0,,1,0.0,2.0,26.0,,16,,,,2.0,1.0,,,,,,0,0,,,0,0,0.0,2026-05-07,raw/api_football/fixture_players/2026-04-30/fixture_1212911_players.json
1212911,540,Espanyol,286601,Omar El Hilali,87.0,23,D,6.9,False,False,,,,,0,0.0,,31.0,1.0,28,1.0,,1.0,4.0,2.0,,,,1.0,2.0,0,0,,,0,0,,2026-05-07,raw/api_football/fixture_players/2026-04-30/fixture_1212911_players.json
1212911,540,Espanyol,30924,Marash Kumbulla,90.0,4,D,7,False,False,,,,,0,0.0,,23.0,,18,2.0,1.0,1.0,6.0,5.0,,,,2.0,1.0,1,0,,,0,0,,2026-05-07,raw/api_football/fixture_players/2026-04-30/fixture_1212911_players.json
1212911,540,Espanyol,47249,Leandro Cabrera,90.0,6,D,6.6,False,False,,,,,0,0.0,,42.0,,26,3.0,1.0,1.0,6.0,3.0,,,,,1.0,0,0,,,0,0,,2026-05-07,raw/api_football/fixture_players/2026-04-30/fixture_1212911_players.json
1212911,540,Espanyol,184420,Carlos Romero,87.0,22,D,6.9,False,False,,,,,0,0.0,,15.0,1.0,11,3.0,,1.0,9.0,6.0,4.0,2.0,,1.0,,0,0,,,0,0,,2026-05-07,raw/api_football/fixture_players/2026-04-30/fixture_1212911_players.json
1212911,540,Espanyol,182674,Jofre Carreras,83.0,17,M,6.6,False,False,,2.0,1.0,,0,0.0,,20.0,2.0,17,1.0,,1.0,9.0,4.0,2.0,1.0,,2.0,2.0,0,0,,,0,0,,2026-05-07,raw/api_football/fixture_players/2026-04-30/fixture_1212911_players.json
1212911,540,Espanyol,1234,Alex Král,90.0,20,M,6.7,False,False,,,,,0,0.0,,30.0,,21,1.0,,1.0,5.0,3.0,3.0,1.0,,,,0,0,,,0,0,,2026-05-07,raw/api_football/fixture_players/2026-04-30/fixture_1212911_players.json
1212911,540,Espanyol,67940,José Gragera,83.0,15,M,6.7,False,False,,,,,0,0.0,,12.0,,10,3.0,,,10.0,4.0,,,,,5.0,0,0,,,0,0,,2026-05-07,raw/api_football/fixture_players/2026-04-30/fixture_1212911_players.json
1212911,540,Espanyol,8683,Irvin Cardona,68.0,24,M,6.6,False,False,,,,,0,0.0,,12.0,1.0,7,1.0,,,3.0,2.0,,,1.0,1.0,,0,0,,,0,0,,2026-05-07,raw/api_football/fixture_players/2026-04-30/fixture_1212911_players.json
1212911,540,Espanyol,311344,Alejo Véliz,90.0,9,F,6.3,False,False,1.0,4.0,2.0,,0,0.0,,10.0,,10,,,,12.0,8.0,,,,7.0,3.0,1,0,,,0,0,,2026-05-07,raw/api_football/fixture_players/2026-04-30/fixture_1212911_players.json
1212911,540,Espanyol,47349,Javi Puado,90.0,7,F,7.2,True,False,,2.0,,,0,0.0,,12.0,1.0,9,1.0,,,4.0,2.0,2.0,,,1.0,,0,0,,,0,0,,2026-05-07,raw/api_football/fixture_players/2026-04-30/fixture_1212911_players.json
1212911,540,Espanyol,46764,Brian Oliván,22.0,14,D,6.7,False,True,,,,,0,0.0,,3.0,1.0,2,,,1.0,3.0,1.0,,,1.0,1.0,,0,0,,,0,0,,2026-05-07,raw/api_football/fixture_players/2026-04-30/fixture_1212911_players.json
1212911,540,Espanyol,47195,Álvaro Aguado,16.0,18,M,6.9,False,True,,,,,0,0.0,,10.0,,7,1.0,,,2.0,2.0,1.0,1.0,,,,0,0,,,0,0,,2026-05-07,raw/api_football/fixture_players/2026-04-30/fixture_1212911_players.json
1212911,540,Espanyol,297742,Antoniu Roca,16.0,31,F,6.7,False,True,,,,,0,0.0,,2.0,,1,1.0,,,1.0,1.0,,,,,,0,0,,,0,0,,2026-05-07,raw/api_football/fixture_players/2026-04-30/fixture_1212911_players.json
1212911,540,Espanyol,46709,Álvaro Tejero,12.0,12,D,6.7,False,True,,,,,0,0.0,,7.0,,7,,,,,,,,,,,0,0,,,0,0,,2026-05-07,raw/api_football/fixture_players/2026-04-30/fixture_1212911_players.json
1212911,540,Espanyol,47398,Pere Milla,12.0,11,M,6.7,False,True,,,,,0,0.0,,4.0,,2,,,,3.0,2.0,,,,2.0,,0,0,,,0,0,,2026-05-07,raw/api_football/fixture_players/2026-04-30/fixture_1212911_players.json
1212911,540,Espanyol,182735,Angel Fortuno,,33,G,,False,True,,,,,0,,,,,,,,,,,,,,,,0,0,,,0,0,,2026-05-07,raw/api_football/fixture_players/2026-04-30/fixture_1212911_players.json
1212911,540,Espanyol,47352,Fernando Pacheco,,13,G,,False,True,,,,,0,,,,,,,,,,,,,,,,0,0,,,0,0,,2026-05-07,raw/api_football/fixture_players/2026-04-30/fixture_1212911_players.json
1212911,540,Espanyol,2042,Sergi Gómez,,3,D,,False,True,,,,,0,,,,,,,,,,,,,,,,0,0,,,0,0,,2026-05-07,raw/api_football/fixture_players/2026-04-30/fixture_1212911_players.json
1212911,540,Espanyol,47478,Fernando Calero,,5,D,,False,True,,,,,0,,,,,,,,,,,,,,,,0,0,,,0,0,,2026-05-07,raw/api_football/fixture_players/2026-04-30/fixture_1212911_players.json
1212911,540,Espanyol,127426,Pol Lozano,,10,M,,False,True,,,,,0,,,,,,,,,,,,,,,,0,0,,,0,0,,2026-05-07,raw/api_football/fixture_players/2026-04-30/fixture_1212911_players.json
1212911,540,Espanyol,438284,Rafael Bauza,,35,M,,False,True,,,,,0,,,,,,,,,,,,,,,,0,0,,,0,0,,2026-05-07,raw/api_football/fixture_players/2026-04-30/fixture_1212911_players.json
1212911,540,Espanyol,46775,Salvi Sánchez,,19,M,,False,True,,,,,0,,,,,,,,,,,,,,,,0,0,,,0,0,,2026-05-07,raw/api_football/fixture_players/2026-04-30/fixture_1212911_players.json
1212911,548,Real Sociedad,47269,Álex Remiro,90.0,1,G,7.3,False,False,,,,,0,0.0,3.0,36.0,,30,,,,,,,,,,,0,0,,,0,0,0.0,2026-05-07,raw/api_football/fixture_players/2026-04-30/fixture_1212911_players.json
1212911,548,Real Sociedad,2202,Hamari Traoré,83.0,18,D,7,False,False,,,,,0,1.0,,54.0,2.0,50,1.0,,1.0,4.0,1.0,2.0,,,,1.0,0,0,,,0,0,,2026-05-07,raw/api_football/fixture_players/2026-04-30/fixture_1212911_players.json
1212911,548,Real Sociedad,47298,Aritz Elustondo,90.0,6,D,7.9,False,False,,,,,0,0.0,,61.0,,52,1.0,4.0,,2.0,2.0,,,,1.0,,0,0,,,0,0,,2026-05-07,raw/api_football/fixture_players/2026-04-30/fixture_1212911_players.json
1212911,548,Real Sociedad,182546,Jon Pacheco,90.0,20,D,6.6,False,False,,,,,0,0.0,,82.0,,74,,,1.0,9.0,3.0,,,,1.0,5.0,0,0,,,0,0,,2026-05-07,raw/api_football/fixture_players/2026-04-30/fixture_1212911_players.json
1212911,548,Real Sociedad,182636,Javi López,90.0,12,D,6.9,False,False,,,,,0,0.0,,46.0,1.0,43,1.0,,1.0,5.0,1.0,1.0,,,,2.0,0,0,,,0,0,,2026-05-07,raw/api_football/fixture_players/2026-04-30/fixture_1212911_players.json
1212911,548,Real Sociedad,47315,Martín Zubimendi,90.0,4,M,7.2,False,False,,,,,0,0.0,,66.0,,63,1.0,,4.0,6.0,3.0,,,,1.0,3.0,0,0,,,0,0,,2026-05-07,raw/api_football/fixture_players/2026-04-30/fixture_1212911_players.json
1212911,548,Real Sociedad,23,Sergio Gómez,90.0,17,M,7.7,False,False,1.0,2.0,1.0,,0,0.0,,55.0,2.0,46,3.0,,,7.0,4.0,3.0,1.0,,,,0,0,,,0,0,,2026-05-07,raw/api_football/fixture_players/2026-04-30/fixture_1212911_players.json
1212911,548,Real Sociedad,47440,Brais Méndez,66.0,23,M,6.2,False,False,,1.0,,,0,0.0,,36.0,,30,2.0,,,14.0,5.0,2.0,,1.0,3.0,1.0,0,0,,,0,0,,2026-05-07,raw/api_football/fixture_players/2026-04-30/fixture_1212911_players.json
1212911,548,Real Sociedad,183744,Beñat Turrientes,67.0,22,M,7.2,False,False,,1.0,,,0,0.0,,37.0,,35,2.0,,,6.0,3.0,,,1.0,1.0,2.0,1,0,,,0,0,,2026-05-07,raw/api_football/fixture_players/2026-04-30/fixture_1212911_players.json
1212911,548,Real Sociedad,37938,Sheraldo Becker,86.0,11,M,7.2,False,False,1.0,1.0,1.0,,0,0.0,,14.0,,11,,,,4.0,4.0,,,,4.0,,0,0,,,0,0,,2026-05-07,raw/api_football/fixture_players/2026-04-30/fixture_1212911_players.json
1212911,548,Real Sociedad,47323,Mikel Oyarzabal,67.0,10,F,6.9,True,False,,,,,0,0.0,,13.0,1.0,10,,,,4.0,2.0,,,,1.0,,1,0,,,0,0,,2026-05-07,raw/api_football/fixture_players/2026-04-30/fixture_1212911_players.json
1212911,548,Real Sociedad,182603,Jon Ander Olasagasti,24.0,16,M,6.7,False,True,,,,,0,0.0,,13.0,,11,1.0,,,3.0,1.0,,,2.0,,,0,0,,,0,0,,2026-05-07,raw/api_football/fixture_players/2026-04-30/fixture_1212911_players.json
1212911,548,Real Sociedad,32862,Takefusa Kubo,23.0,14,F,7.3,False,True,,1.0,1.0,1.0,0,0.0,,4.0,,2,,,,5.0,2.0,2.0,1.0,1.0,1.0,,0,0,,,0,0,,2026-05-07,raw/api_football/fixture_players/2026-04-30/fixture_1212911_players.json
1212911,548,Real Sociedad,31406,Umar Sadiq,23.0,19,F,6.7,False,True,,,,,0,0.0,,3.0,,2,,,,7.0,2.0,,,,1.0,2.0,0,0,,,0,0,,2026-05-07,raw/api_football/fixture_players/2026-04-30/fixture_1212911_players.json
1212911,548,Real Sociedad,199044,Jon Aramburu,16.0,27,D,6.3,False,True,,,,,0,0.0,,1.0,,1,,,1.0,2.0,,1.0,,,,1.0,0,0,,,0,0,,2026-05-07,raw/api_football/fixture_players/2026-04-30/fixture_1212911_players.json
1212911,548,Real Sociedad,290106,Pablo Marín,13.0,28,M,6.3,False,True,,,,,0,0.0,,1.0,,1,,,,1.0,,,,,,1.0,0,0,,,0,0,,2026-05-07,raw/api_football/fixture_players/2026-04-30/fixture_1212911_players.json
1212911,548,Real Sociedad,189831,Egoitz Arana,,35,G,,False,True,,,,,0,,,,,,,,,,,,,,,,0,0,,,0,0,,2026-05-07,raw/api_football/fixture_players/2026-04-30/fixture_1212911_players.json
1212911,548,Real Sociedad,189832,Unai Marrero,,13,G,,False,True,,,,,0,,,,,,,,,,,,,,,,0,0,,,0,0,,2026-05-07,raw/api_football/fixture_players/2026-04-30/fixture_1212911_players.json
1212911,548,Real Sociedad,183699,Urko González,,15,M,,False,True,,,,,0,,,,,,,,,,,,,,,,0,0,,,0,0,,2026-05-07,raw/api_football/fixture_players/2026-04-30/fixture_1212911_players.json
1212911,548,Real Sociedad,405073,Jon Martin,,31,D,,False,True,,,,,0,,,,,,,,,,,,,,,,0,0,,,0,0,,2026-05-07,raw/api_football/fixture_players/2026-04-30/fixture_1212911_players.json
1212911,548,Real Sociedad,47303,Aihen Muñoz,,3,D,,False,True,,,,,0,,,,,,,,,,,,,,,,0,0,,,0,0,,2026-05-07,raw/api_football/fixture_players/2026-04-30/fixture_1212911_players.json
1212911,548,Real Sociedad,287652,Jon Magunazelaia,,25,M,,False,True,,,,,0,,,,,,,,,,,,,,,,0,0,,,0,0,,2026-05-07,raw/api_football/fixture_players/2026-04-30/fixture_1212911_players.json
1212911,548,Real Sociedad,7332,Luka Sučić,,24,M,,False,True,,,,,0,,,,,,,,,,,,,,,,0,0,,,0,0,,2026-05-07,raw/api_football/fixture_players/2026-04-30/fixture_1212911_players.json
