fixture_id,team_id,team_name,formation,coach_id,coach_name,player_id,player_name,player_number,player_pos,player_grid,is_starter,ingestion_date,source_file
1208514,547,Girona,4-4-2,82,Míchel Sánchez,158,P. Gazzaniga,13,G,1:1,True,2026-05-04,raw/api_football/fixture_lineups/2026-04-29/fixture_1208514_lineups.json
1208514,547,Girona,4-4-2,82,Míchel Sánchez,162434,Alejandro Francés,16,D,2:4,True,2026-05-04,raw/api_football/fixture_lineups/2026-04-29/fixture_1208514_lineups.json
1208514,547,Girona,4-4-2,82,Míchel Sánchez,47334,David López,5,D,2:3,True,2026-05-04,raw/api_football/fixture_lineups/2026-04-29/fixture_1208514_lineups.json
1208514,547,Girona,4-4-2,82,Míchel Sánchez,531,D. Blind,17,D,2:2,True,2026-05-04,raw/api_football/fixture_lineups/2026-04-29/fixture_1208514_lineups.json
1208514,547,Girona,4-4-2,82,Míchel Sánchez,162032,Miguel Gutiérrez,3,D,2:1,True,2026-05-04,raw/api_football/fixture_lineups/2026-04-29/fixture_1208514_lineups.json
1208514,547,Girona,4-4-2,82,Míchel Sánchez,2182,V. Tsyhankov,8,M,3:4,True,2026-05-04,raw/api_football/fixture_lineups/2026-04-29/fixture_1208514_lineups.json
1208514,547,Girona,4-4-2,82,Míchel Sánchez,2449,Y. Herrera,21,M,3:3,True,2026-05-04,raw/api_football/fixture_lineups/2026-04-29/fixture_1208514_lineups.json
1208514,547,Girona,4-4-2,82,Míchel Sánchez,1700,Iván Martín,23,M,3:2,True,2026-05-04,raw/api_football/fixture_lineups/2026-04-29/fixture_1208514_lineups.json
1208514,547,Girona,4-4-2,82,Míchel Sánchez,2061,Bryan Gil,20,M,3:1,True,2026-05-04,raw/api_football/fixture_lineups/2026-04-29/fixture_1208514_lineups.json
1208514,547,Girona,4-4-2,82,Míchel Sánchez,155,Abel Ruiz,9,F,4:2,True,2026-05-04,raw/api_football/fixture_lineups/2026-04-29/fixture_1208514_lineups.json
1208514,547,Girona,4-4-2,82,Míchel Sánchez,109564,B. Miovski,19,F,4:1,True,2026-05-04,raw/api_football/fixture_lineups/2026-04-29/fixture_1208514_lineups.json
1208514,547,Girona,4-4-2,82,Míchel Sánchez,18949,Oriol Romeu,14,M,,False,2026-05-04,raw/api_football/fixture_lineups/2026-04-29/fixture_1208514_lineups.json
1208514,547,Girona,4-4-2,82,Míchel Sánchez,2617,C. Stuani,7,F,,False,2026-05-04,raw/api_football/fixture_lineups/2026-04-29/fixture_1208514_lineups.json
1208514,547,Girona,4-4-2,82,Míchel Sánchez,281795,Y. Asprilla,10,M,,False,2026-05-04,raw/api_football/fixture_lineups/2026-04-29/fixture_1208514_lineups.json
1208514,547,Girona,4-4-2,82,Míchel Sánchez,547,D. van de Beek,6,M,,False,2026-05-04,raw/api_football/fixture_lineups/2026-04-29/fixture_1208514_lineups.json
1208514,547,Girona,4-4-2,82,Míchel Sánchez,47520,Portu,24,F,,False,2026-05-04,raw/api_football/fixture_lineups/2026-04-29/fixture_1208514_lineups.json
1208514,547,Girona,4-4-2,82,Míchel Sánchez,47153,Juan Carlos,1,G,,False,2026-05-04,raw/api_football/fixture_lineups/2026-04-29/fixture_1208514_lineups.json
1208514,547,Girona,4-4-2,82,Míchel Sánchez,306727,J. Solís,22,M,,False,2026-05-04,raw/api_football/fixture_lineups/2026-04-29/fixture_1208514_lineups.json
1208514,547,Girona,4-4-2,82,Míchel Sánchez,1557,Pau López,25,G,,False,2026-05-04,raw/api_football/fixture_lineups/2026-04-29/fixture_1208514_lineups.json
1208514,547,Girona,4-4-2,82,Míchel Sánchez,283668,Arnau Martínez,4,D,,False,2026-05-04,raw/api_football/fixture_lineups/2026-04-29/fixture_1208514_lineups.json
1208514,547,Girona,4-4-2,82,Míchel Sánchez,336674,G. Misehouy,27,M,,False,2026-05-04,raw/api_football/fixture_lineups/2026-04-29/fixture_1208514_lineups.json
1208514,547,Girona,4-4-2,82,Míchel Sánchez,47511,Juanpe,15,D,,False,2026-05-04,raw/api_football/fixture_lineups/2026-04-29/fixture_1208514_lineups.json
1208514,547,Girona,4-4-2,82,Míchel Sánchez,66407,L. Krejčí,18,D,,False,2026-05-04,raw/api_football/fixture_lineups/2026-04-29/fixture_1208514_lineups.json
1208514,727,Osasuna,4-2-3-1,1597,Vicente Moreno,46646,Sergio Herrera,1,G,1:1,True,2026-05-04,raw/api_football/fixture_lineups/2026-04-29/fixture_1208514_lineups.json
1208514,727,Osasuna,4-2-3-1,1597,Vicente Moreno,46657,Nacho Vidal,2,D,2:4,True,2026-05-04,raw/api_football/fixture_lineups/2026-04-29/fixture_1208514_lineups.json
1208514,727,Osasuna,4-2-3-1,1597,Vicente Moreno,47533,Catena,24,D,2:3,True,2026-05-04,raw/api_football/fixture_lineups/2026-04-29/fixture_1208514_lineups.json
1208514,727,Osasuna,4-2-3-1,1597,Vicente Moreno,182592,Jorge Herrando,5,D,2:2,True,2026-05-04,raw/api_football/fixture_lineups/2026-04-29/fixture_1208514_lineups.json
1208514,727,Osasuna,4-2-3-1,1597,Vicente Moreno,46967,Juan Cruz,3,D,2:1,True,2026-05-04,raw/api_football/fixture_lineups/2026-04-29/fixture_1208514_lineups.json
1208514,727,Osasuna,4-2-3-1,1597,Vicente Moreno,1825,Lucas Torró,6,M,3:2,True,2026-05-04,raw/api_football/fixture_lineups/2026-04-29/fixture_1208514_lineups.json
1208514,727,Osasuna,4-2-3-1,1597,Vicente Moreno,47574,Moi Gómez,16,M,3:1,True,2026-05-04,raw/api_football/fixture_lineups/2026-04-29/fixture_1208514_lineups.json
1208514,727,Osasuna,4-2-3-1,1597,Vicente Moreno,46662,Moncayola,7,M,4:3,True,2026-05-04,raw/api_football/fixture_lineups/2026-04-29/fixture_1208514_lineups.json
1208514,727,Osasuna,4-2-3-1,1597,Vicente Moreno,67939,Aimar Oroz,10,M,4:2,True,2026-05-04,raw/api_football/fixture_lineups/2026-04-29/fixture_1208514_lineups.json
1208514,727,Osasuna,4-2-3-1,1597,Vicente Moreno,286639,Bryan Zaragoza,19,M,4:1,True,2026-05-04,raw/api_football/fixture_lineups/2026-04-29/fixture_1208514_lineups.json
1208514,727,Osasuna,4-2-3-1,1597,Vicente Moreno,46746,A. Budimir,17,F,5:1,True,2026-05-04,raw/api_football/fixture_lineups/2026-04-29/fixture_1208514_lineups.json
1208514,727,Osasuna,4-2-3-1,1597,Vicente Moreno,46658,Rubén García,14,M,,False,2026-05-04,raw/api_football/fixture_lineups/2026-04-29/fixture_1208514_lineups.json
1208514,727,Osasuna,4-2-3-1,1597,Vicente Moreno,146751,Raúl García,9,F,,False,2026-05-04,raw/api_football/fixture_lineups/2026-04-29/fixture_1208514_lineups.json
1208514,727,Osasuna,4-2-3-1,1597,Vicente Moreno,139001,Pablo Ibáñez,8,M,,False,2026-05-04,raw/api_football/fixture_lineups/2026-04-29/fixture_1208514_lineups.json
1208514,727,Osasuna,4-2-3-1,1597,Vicente Moreno,288800,Iker Benito,27,F,,False,2026-05-04,raw/api_football/fixture_lineups/2026-04-29/fixture_1208514_lineups.json
1208514,727,Osasuna,4-2-3-1,1597,Vicente Moreno,46660,Javi Martínez,21,M,,False,2026-05-04,raw/api_football/fixture_lineups/2026-04-29/fixture_1208514_lineups.json
1208514,727,Osasuna,4-2-3-1,1597,Vicente Moreno,348029,D. Stamatakis,32,G,,False,2026-05-04,raw/api_football/fixture_lineups/2026-04-29/fixture_1208514_lineups.json
1208514,727,Osasuna,4-2-3-1,1597,Vicente Moreno,47448,Aitor Fernández,13,G,,False,2026-05-04,raw/api_football/fixture_lineups/2026-04-29/fixture_1208514_lineups.json
1208514,727,Osasuna,4-2-3-1,1597,Vicente Moreno,182181,Jesús Areso,12,D,,False,2026-05-04,raw/api_football/fixture_lineups/2026-04-29/fixture_1208514_lineups.json
1208514,727,Osasuna,4-2-3-1,1597,Vicente Moreno,47419,José Arnáiz,20,F,,False,2026-05-04,raw/api_football/fixture_lineups/2026-04-29/fixture_1208514_lineups.json
1208514,727,Osasuna,4-2-3-1,1597,Vicente Moreno,181259,Abel Bretones,23,M,,False,2026-05-04,raw/api_football/fixture_lineups/2026-04-29/fixture_1208514_lineups.json
1208514,727,Osasuna,4-2-3-1,1597,Vicente Moreno,46652,Unai García,4,D,,False,2026-05-04,raw/api_football/fixture_lineups/2026-04-29/fixture_1208514_lineups.json
1208516,534,Las Palmas,4-1-4-1,49,Luis Carrión,124,J. Cillessen,1,G,1:1,True,2026-05-04,raw/api_football/fixture_lineups/2026-04-29/fixture_1208516_lineups.json
1208516,534,Las Palmas,4-1-4-1,49,Luis Carrión,162026,Marvin Park,2,D,2:4,True,2026-05-04,raw/api_football/fixture_lineups/2026-04-29/fixture_1208516_lineups.json
1208516,534,Las Palmas,4-1-4-1,49,Luis Carrión,131535,Álex Suárez,4,D,2:3,True,2026-05-04,raw/api_football/fixture_lineups/2026-04-29/fixture_1208516_lineups.json
1208516,534,Las Palmas,4-1-4-1,49,Luis Carrión,44811,S. McKenna,15,D,2:2,True,2026-05-04,raw/api_football/fixture_lineups/2026-04-29/fixture_1208516_lineups.json
1208516,534,Las Palmas,4-1-4-1,49,Luis Carrión,162475,Mika Mármol,3,D,2:1,True,2026-05-04,raw/api_football/fixture_lineups/2026-04-29/fixture_1208516_lineups.json
1208516,534,Las Palmas,4-1-4-1,49,Luis Carrión,47464,José Campaña,8,M,3:1,True,2026-05-04,raw/api_football/fixture_lineups/2026-04-29/fixture_1208516_lineups.json
1208516,534,Las Palmas,4-1-4-1,49,Luis Carrión,47324,Sandro Ramírez,19,M,4:4,True,2026-05-04,raw/api_football/fixture_lineups/2026-04-29/fixture_1208516_lineups.json
1208516,534,Las Palmas,4-1-4-1,49,Luis Carrión,46860,Javi Muñoz,5,M,4:3,True,2026-05-04,raw/api_football/fixture_lineups/2026-04-29/fixture_1208516_lineups.json
1208516,534,Las Palmas,4-1-4-1,49,Luis Carrión,70315,Kirian Rodríguez,20,M,4:2,True,2026-05-04,raw/api_football/fixture_lineups/2026-04-29/fixture_1208516_lineups.json
1208516,534,Las Palmas,4-1-4-1,49,Luis Carrión,182519,Alberto Moleiro,10,M,4:1,True,2026-05-04,raw/api_football/fixture_lineups/2026-04-29/fixture_1208516_lineups.json
1208516,534,Las Palmas,4-1-4-1,49,Luis Carrión,19337,O. McBurnie,16,F,5:1,True,2026-05-04,raw/api_football/fixture_lineups/2026-04-29/fixture_1208516_lineups.json
1208516,534,Las Palmas,4-1-4-1,49,Luis Carrión,47111,Benito Ramírez,11,M,,False,2026-05-04,raw/api_football/fixture_lineups/2026-04-29/fixture_1208516_lineups.json
1208516,534,Las Palmas,4-1-4-1,49,Luis Carrión,46854,Viti Rozada,18,M,,False,2026-05-04,raw/api_football/fixture_lineups/2026-04-29/fixture_1208516_lineups.json
1208516,534,Las Palmas,4-1-4-1,49,Luis Carrión,2671,Jaime Mata,17,F,,False,2026-05-04,raw/api_football/fixture_lineups/2026-04-29/fixture_1208516_lineups.json
1208516,534,Las Palmas,4-1-4-1,49,Luis Carrión,21709,E. Loiodice,12,M,,False,2026-05-04,raw/api_football/fixture_lineups/2026-04-29/fixture_1208516_lineups.json
1208516,534,Las Palmas,4-1-4-1,49,Luis Carrión,122230,Manu Fuster,14,M,,False,2026-05-04,raw/api_football/fixture_lineups/2026-04-29/fixture_1208516_lineups.json
1208516,534,Las Palmas,4-1-4-1,49,Luis Carrión,47052,Álex Muñoz,23,D,,False,2026-05-04,raw/api_football/fixture_lineups/2026-04-29/fixture_1208516_lineups.json
1208516,534,Las Palmas,4-1-4-1,49,Luis Carrión,440748,Álvaro Killane,30,G,,False,2026-05-04,raw/api_football/fixture_lineups/2026-04-29/fixture_1208516_lineups.json
1208516,534,Las Palmas,4-1-4-1,49,Luis Carrión,47393,Marc Cardona,9,F,,False,2026-05-04,raw/api_football/fixture_lineups/2026-04-29/fixture_1208516_lineups.json
1208516,534,Las Palmas,4-1-4-1,49,Luis Carrión,431890,Juanma Herzog,28,D,,False,2026-05-04,raw/api_football/fixture_lineups/2026-04-29/fixture_1208516_lineups.json
1208516,534,Las Palmas,4-1-4-1,49,Luis Carrión,47004,Fabio González,6,M,,False,2026-05-04,raw/api_football/fixture_lineups/2026-04-29/fixture_1208516_lineups.json
1208516,534,Las Palmas,4-1-4-1,49,Luis Carrión,182694,Iván Gil,21,M,,False,2026-05-04,raw/api_football/fixture_lineups/2026-04-29/fixture_1208516_lineups.json
1208516,534,Las Palmas,4-1-4-1,49,Luis Carrión,453885,A. Bassinga,26,M,,False,2026-05-04,raw/api_football/fixture_lineups/2026-04-29/fixture_1208516_lineups.json
1208516,541,Real Madrid,4-2-3-1,2407,C. Ancelotti,730,T. Courtois,1,G,1:1,True,2026-05-04,raw/api_football/fixture_lineups/2026-04-29/fixture_1208516_lineups.json
1208516,541,Real Madrid,4-2-3-1,2407,C. Ancelotti,757,Lucas Vázquez,17,D,2:4,True,2026-05-04,raw/api_football/fixture_lineups/2026-04-29/fixture_1208516_lineups.json
1208516,541,Real Madrid,4-2-3-1,2407,C. Ancelotti,372,Éder Militão,3,D,2:3,True,2026-05-04,raw/api_football/fixture_lineups/2026-04-29/fixture_1208516_lineups.json
1208516,541,Real Madrid,4-2-3-1,2407,C. Ancelotti,2285,A. Rüdiger,22,D,2:2,True,2026-05-04,raw/api_football/fixture_lineups/2026-04-29/fixture_1208516_lineups.json
1208516,541,Real Madrid,4-2-3-1,2407,C. Ancelotti,653,F. Mendy,23,D,2:1,True,2026-05-04,raw/api_football/fixture_lineups/2026-04-29/fixture_1208516_lineups.json
1208516,541,Real Madrid,4-2-3-1,2407,C. Ancelotti,756,F. Valverde,8,M,3:2,True,2026-05-04,raw/api_football/fixture_lineups/2026-04-29/fixture_1208516_lineups.json
1208516,541,Real Madrid,4-2-3-1,2407,C. Ancelotti,1271,A. Tchouaméni,14,M,3:1,True,2026-05-04,raw/api_football/fixture_lineups/2026-04-29/fixture_1208516_lineups.json
1208516,541,Real Madrid,4-2-3-1,2407,C. Ancelotti,744,Brahim Díaz,21,M,4:3,True,2026-05-04,raw/api_football/fixture_lineups/2026-04-29/fixture_1208516_lineups.json
1208516,541,Real Madrid,4-2-3-1,2407,C. Ancelotti,754,L. Modrić,10,M,4:2,True,2026-05-04,raw/api_football/fixture_lineups/2026-04-29/fixture_1208516_lineups.json
1208516,541,Real Madrid,4-2-3-1,2407,C. Ancelotti,762,Vinícius Júnior,7,M,4:1,True,2026-05-04,raw/api_football/fixture_lineups/2026-04-29/fixture_1208516_lineups.json
1208516,541,Real Madrid,4-2-3-1,2407,C. Ancelotti,278,K. Mbappé,9,F,5:1,True,2026-05-04,raw/api_football/fixture_lineups/2026-04-29/fixture_1208516_lineups.json
1208516,541,Real Madrid,4-2-3-1,2407,C. Ancelotti,10009,Rodrygo,11,F,,False,2026-05-04,raw/api_football/fixture_lineups/2026-04-29/fixture_1208516_lineups.json
1208516,541,Real Madrid,4-2-3-1,2407,C. Ancelotti,736,Fran García,20,D,,False,2026-05-04,raw/api_football/fixture_lineups/2026-04-29/fixture_1208516_lineups.json
1208516,541,Real Madrid,4-2-3-1,2407,C. Ancelotti,291964,A. Güler,15,M,,False,2026-05-04,raw/api_football/fixture_lineups/2026-04-29/fixture_1208516_lineups.json
1208516,541,Real Madrid,4-2-3-1,2407,C. Ancelotti,733,Dani Carvajal,2,D,,False,2026-05-04,raw/api_football/fixture_lineups/2026-04-29/fixture_1208516_lineups.json
1208516,541,Real Madrid,4-2-3-1,2407,C. Ancelotti,377122,Endrick,16,F,,False,2026-05-04,raw/api_football/fixture_lineups/2026-04-29/fixture_1208516_lineups.json
1208516,541,Real Madrid,4-2-3-1,2407,C. Ancelotti,396475,Fran González,26,G,,False,2026-05-04,raw/api_football/fixture_lineups/2026-04-29/fixture_1208516_lineups.json
1208516,541,Real Madrid,4-2-3-1,2407,C. Ancelotti,386305,Jacobo Ramón,31,D,,False,2026-05-04,raw/api_football/fixture_lineups/2026-04-29/fixture_1208516_lineups.json
1208516,541,Real Madrid,4-2-3-1,2407,C. Ancelotti,748,Dani Ceballos,19,M,,False,2026-05-04,raw/api_football/fixture_lineups/2026-04-29/fixture_1208516_lineups.json
1208516,541,Real Madrid,4-2-3-1,2407,C. Ancelotti,47400,A. Lunin,13,G,,False,2026-05-04,raw/api_football/fixture_lineups/2026-04-29/fixture_1208516_lineups.json
1208519,548,Real Sociedad,4-4-2,1586,Imanol Alguacil,47269,Álex Remiro,1,G,1:1,True,2026-05-04,raw/api_football/fixture_lineups/2026-04-29/fixture_1208519_lineups.json
1208519,548,Real Sociedad,4-4-2,1586,Imanol Alguacil,2202,H. Traoré,18,D,2:4,True,2026-05-04,raw/api_football/fixture_lineups/2026-04-29/fixture_1208519_lineups.json
1208519,548,Real Sociedad,4-4-2,1586,Imanol Alguacil,47314,Zubeldia,5,D,2:3,True,2026-05-04,raw/api_football/fixture_lineups/2026-04-29/fixture_1208519_lineups.json
1208519,548,Real Sociedad,4-4-2,1586,Imanol Alguacil,182546,Jon Pacheco,20,D,2:2,True,2026-05-04,raw/api_football/fixture_lineups/2026-04-29/fixture_1208519_lineups.json
1208519,548,Real Sociedad,4-4-2,1586,Imanol Alguacil,182636,Javi López,12,D,2:1,True,2026-05-04,raw/api_football/fixture_lineups/2026-04-29/fixture_1208519_lineups.json
1208519,548,Real Sociedad,4-4-2,1586,Imanol Alguacil,32862,T. Kubo,14,M,3:4,True,2026-05-04,raw/api_football/fixture_lineups/2026-04-29/fixture_1208519_lineups.json
1208519,548,Real Sociedad,4-4-2,1586,Imanol Alguacil,47315,Martín Zubimendi,4,M,3:3,True,2026-05-04,raw/api_football/fixture_lineups/2026-04-29/fixture_1208519_lineups.json
1208519,548,Real Sociedad,4-4-2,1586,Imanol Alguacil,47440,Brais Méndez,23,M,3:2,True,2026-05-04,raw/api_football/fixture_lineups/2026-04-29/fixture_1208519_lineups.json
1208519,548,Real Sociedad,4-4-2,1586,Imanol Alguacil,23,Sergio Gómez,17,M,3:1,True,2026-05-04,raw/api_football/fixture_lineups/2026-04-29/fixture_1208519_lineups.json
1208519,548,Real Sociedad,4-4-2,1586,Imanol Alguacil,37938,S. Becker,11,F,4:2,True,2026-05-04,raw/api_football/fixture_lineups/2026-04-29/fixture_1208519_lineups.json
1208519,548,Real Sociedad,4-4-2,1586,Imanol Alguacil,47323,Mikel Oyarzabal,10,F,4:1,True,2026-05-04,raw/api_football/fixture_lineups/2026-04-29/fixture_1208519_lineups.json
1208519,548,Real Sociedad,4-4-2,1586,Imanol Alguacil,405073,Jon Martín,31,D,,False,2026-05-04,raw/api_football/fixture_lineups/2026-04-29/fixture_1208519_lineups.json
1208519,548,Real Sociedad,4-4-2,1586,Imanol Alguacil,31406,U. Sadiq,19,F,,False,2026-05-04,raw/api_football/fixture_lineups/2026-04-29/fixture_1208519_lineups.json
1208519,548,Real Sociedad,4-4-2,1586,Imanol Alguacil,182603,Jon Olasagasti,16,M,,False,2026-05-04,raw/api_football/fixture_lineups/2026-04-29/fixture_1208519_lineups.json
1208519,548,Real Sociedad,4-4-2,1586,Imanol Alguacil,290106,Pablo Marín,28,M,,False,2026-05-04,raw/api_football/fixture_lineups/2026-04-29/fixture_1208519_lineups.json
1208519,548,Real Sociedad,4-4-2,1586,Imanol Alguacil,183744,Beñat Turrientes,22,M,,False,2026-05-04,raw/api_football/fixture_lineups/2026-04-29/fixture_1208519_lineups.json
1208519,548,Real Sociedad,4-4-2,1586,Imanol Alguacil,183699,Urko González,15,M,,False,2026-05-04,raw/api_football/fixture_lineups/2026-04-29/fixture_1208519_lineups.json
1208519,548,Real Sociedad,4-4-2,1586,Imanol Alguacil,7332,L. Sučić,24,M,,False,2026-05-04,raw/api_football/fixture_lineups/2026-04-29/fixture_1208519_lineups.json
1208519,548,Real Sociedad,4-4-2,1586,Imanol Alguacil,189832,Unai Marrero,13,G,,False,2026-05-04,raw/api_football/fixture_lineups/2026-04-29/fixture_1208519_lineups.json
1208519,548,Real Sociedad,4-4-2,1586,Imanol Alguacil,47303,Aihen Muñoz,3,D,,False,2026-05-04,raw/api_football/fixture_lineups/2026-04-29/fixture_1208519_lineups.json
1208519,548,Real Sociedad,4-4-2,1586,Imanol Alguacil,199044,J. Aramburu,27,D,,False,2026-05-04,raw/api_football/fixture_lineups/2026-04-29/fixture_1208519_lineups.json
1208519,548,Real Sociedad,4-4-2,1586,Imanol Alguacil,287652,Jon Magunazelaia,25,M,,False,2026-05-04,raw/api_football/fixture_lineups/2026-04-29/fixture_1208519_lineups.json
1208519,548,Real Sociedad,4-4-2,1586,Imanol Alguacil,337843,Aitor Fraga,32,G,,False,2026-05-04,raw/api_football/fixture_lineups/2026-04-29/fixture_1208519_lineups.json
1208519,542,Alaves,4-2-3-1,45,Luis García,47353,Antonio Sivera,1,G,1:1,True,2026-05-04,raw/api_football/fixture_lineups/2026-04-29/fixture_1208519_lineups.json
1208519,542,Alaves,4-2-3-1,45,Luis García,162170,Hugo Novoa,16,D,2:4,True,2026-05-04,raw/api_football/fixture_lineups/2026-04-29/fixture_1208519_lineups.json
1208519,542,Alaves,4-2-3-1,45,Luis García,46813,A. Abqar,5,D,2:3,True,2026-05-04,raw/api_football/fixture_lineups/2026-04-29/fixture_1208519_lineups.json
1208519,542,Alaves,4-2-3-1,45,Luis García,295383,Adrián Pica,36,D,2:2,True,2026-05-04,raw/api_football/fixture_lineups/2026-04-29/fixture_1208519_lineups.json
1208519,542,Alaves,4-2-3-1,45,Luis García,70476,M. Diarra,22,D,2:1,True,2026-05-04,raw/api_football/fixture_lineups/2026-04-29/fixture_1208519_lineups.json
1208519,542,Alaves,4-2-3-1,45,Luis García,47309,Ander Guevara,6,M,3:2,True,2026-05-04,raw/api_football/fixture_lineups/2026-04-29/fixture_1208519_lineups.json
1208519,542,Alaves,4-2-3-1,45,Luis García,6085,C. Benavídez,23,M,3:1,True,2026-05-04,raw/api_football/fixture_lineups/2026-04-29/fixture_1208519_lineups.json
1208519,542,Alaves,4-2-3-1,45,Luis García,187214,Carlos Vicente,7,M,4:3,True,2026-05-04,raw/api_football/fixture_lineups/2026-04-29/fixture_1208519_lineups.json
1208519,542,Alaves,4-2-3-1,45,Luis García,104821,Jon Guridi,18,M,4:2,True,2026-05-04,raw/api_football/fixture_lineups/2026-04-29/fixture_1208519_lineups.json
1208519,542,Alaves,4-2-3-1,45,Luis García,183751,A. Rebbach,21,M,4:1,True,2026-05-04,raw/api_football/fixture_lineups/2026-04-29/fixture_1208519_lineups.json
1208519,542,Alaves,4-2-3-1,45,Luis García,104853,Asier Villalibre,9,F,5:1,True,2026-05-04,raw/api_football/fixture_lineups/2026-04-29/fixture_1208519_lineups.json
1208519,542,Alaves,4-2-3-1,45,Luis García,46740,Stoichkov,19,F,,False,2026-05-04,raw/api_football/fixture_lineups/2026-04-29/fixture_1208519_lineups.json
1208519,542,Alaves,4-2-3-1,45,Luis García,47396,Kike García,17,F,,False,2026-05-04,raw/api_football/fixture_lineups/2026-04-29/fixture_1208519_lineups.json
1208519,542,Alaves,4-2-3-1,45,Luis García,64309,Manu Sánchez,3,D,,False,2026-05-04,raw/api_football/fixture_lineups/2026-04-29/fixture_1208519_lineups.json
1208519,542,Alaves,4-2-3-1,45,Luis García,47181,Toni Martínez,11,F,,False,2026-05-04,raw/api_football/fixture_lineups/2026-04-29/fixture_1208519_lineups.json
1208519,542,Alaves,4-2-3-1,45,Luis García,162686,Antonio Blanco,8,M,,False,2026-05-04,raw/api_football/fixture_lineups/2026-04-29/fixture_1208519_lineups.json
1208519,542,Alaves,4-2-3-1,45,Luis García,324750,Carlos Martín,15,F,,False,2026-05-04,raw/api_football/fixture_lineups/2026-04-29/fixture_1208519_lineups.json
1208519,542,Alaves,4-2-3-1,45,Luis García,311773,S. Mouriño,12,D,,False,2026-05-04,raw/api_football/fixture_lineups/2026-04-29/fixture_1208519_lineups.json
1208519,542,Alaves,4-2-3-1,45,Luis García,163060,A. Rodríguez,31,G,,False,2026-05-04,raw/api_football/fixture_lineups/2026-04-29/fixture_1208519_lineups.json
1208519,542,Alaves,4-2-3-1,45,Luis García,51241,T. Conechny,10,F,,False,2026-05-04,raw/api_football/fixture_lineups/2026-04-29/fixture_1208519_lineups.json
1208519,542,Alaves,4-2-3-1,45,Luis García,122471,Jesús Owono,13,G,,False,2026-05-04,raw/api_football/fixture_lineups/2026-04-29/fixture_1208519_lineups.json
1208519,542,Alaves,4-2-3-1,45,Luis García,263812,L. Romero,20,F,,False,2026-05-04,raw/api_football/fixture_lineups/2026-04-29/fixture_1208519_lineups.json
1208519,542,Alaves,4-2-3-1,45,Luis García,6233,N. Tenaglia,14,D,,False,2026-05-04,raw/api_football/fixture_lineups/2026-04-29/fixture_1208519_lineups.json
1208521,531,Athletic Club,4-2-3-1,1582,Ernesto Valverde,183848,Julen Agirrezabala,13,G,1:1,True,2026-05-04,raw/api_football/fixture_lineups/2026-04-29/fixture_1208521_lineups.json
1208521,531,Athletic Club,4-2-3-1,1582,Ernesto Valverde,47276,Lekue,15,D,2:4,True,2026-05-04,raw/api_football/fixture_lineups/2026-04-29/fixture_1208521_lineups.json
1208521,531,Athletic Club,4-2-3-1,1582,Ernesto Valverde,47278,Dani Vivian,3,D,2:3,True,2026-05-04,raw/api_football/fixture_lineups/2026-04-29/fixture_1208521_lineups.json
1208521,531,Athletic Club,4-2-3-1,1582,Ernesto Valverde,47271,Yeray,5,D,2:2,True,2026-05-04,raw/api_football/fixture_lineups/2026-04-29/fixture_1208521_lineups.json
1208521,531,Athletic Club,4-2-3-1,1582,Ernesto Valverde,47273,Yuri,17,D,2:1,True,2026-05-04,raw/api_football/fixture_lineups/2026-04-29/fixture_1208521_lineups.json
1208521,531,Athletic Club,4-2-3-1,1582,Ernesto Valverde,898,Ander Herrera,21,M,3:2,True,2026-05-04,raw/api_football/fixture_lineups/2026-04-29/fixture_1208521_lineups.json
1208521,531,Athletic Club,4-2-3-1,1582,Ernesto Valverde,182617,Beñat Prados,24,M,3:1,True,2026-05-04,raw/api_football/fixture_lineups/2026-04-29/fixture_1208521_lineups.json
1208521,531,Athletic Club,4-2-3-1,1582,Ernesto Valverde,47294,I. Williams,9,M,4:3,True,2026-05-04,raw/api_football/fixture_lineups/2026-04-29/fixture_1208521_lineups.json
1208521,531,Athletic Club,4-2-3-1,1582,Ernesto Valverde,128398,Oihan Sancet,8,M,4:2,True,2026-05-04,raw/api_football/fixture_lineups/2026-04-29/fixture_1208521_lineups.json
1208521,531,Athletic Club,4-2-3-1,1582,Ernesto Valverde,183799,Nico Williams,10,M,4:1,True,2026-05-04,raw/api_football/fixture_lineups/2026-04-29/fixture_1208521_lineups.json
1208521,531,Athletic Club,4-2-3-1,1582,Ernesto Valverde,47291,Gorka Guruzeta,12,F,5:1,True,2026-05-04,raw/api_football/fixture_lineups/2026-04-29/fixture_1208521_lineups.json
1208521,531,Athletic Club,4-2-3-1,1582,Ernesto Valverde,47418,Mikel Vesga,6,M,,False,2026-05-04,raw/api_football/fixture_lineups/2026-04-29/fixture_1208521_lineups.json
1208521,531,Athletic Club,4-2-3-1,1582,Ernesto Valverde,190489,Álvaro Djaló,11,F,,False,2026-05-04,raw/api_football/fixture_lineups/2026-04-29/fixture_1208521_lineups.json
1208521,531,Athletic Club,4-2-3-1,1582,Ernesto Valverde,383780,Mikel Jauregizar,23,M,,False,2026-05-04,raw/api_football/fixture_lineups/2026-04-29/fixture_1208521_lineups.json
1208521,531,Athletic Club,4-2-3-1,1582,Ernesto Valverde,30510,Álex Berenguer,7,F,,False,2026-05-04,raw/api_football/fixture_lineups/2026-04-29/fixture_1208521_lineups.json
1208521,531,Athletic Club,4-2-3-1,1582,Ernesto Valverde,332308,Unai Gómez,20,M,,False,2026-05-04,raw/api_football/fixture_lineups/2026-04-29/fixture_1208521_lineups.json
1208521,531,Athletic Club,4-2-3-1,1582,Ernesto Valverde,47275,De Marcos,18,D,,False,2026-05-04,raw/api_football/fixture_lineups/2026-04-29/fixture_1208521_lineups.json
1208521,531,Athletic Club,4-2-3-1,1582,Ernesto Valverde,47299,Andoni Gorosabel,2,D,,False,2026-05-04,raw/api_football/fixture_lineups/2026-04-29/fixture_1208521_lineups.json
1208521,531,Athletic Club,4-2-3-1,1582,Ernesto Valverde,47277,Unai Núñez,14,D,,False,2026-05-04,raw/api_football/fixture_lineups/2026-04-29/fixture_1208521_lineups.json
1208521,531,Athletic Club,4-2-3-1,1582,Ernesto Valverde,312468,Á. Padilla,26,G,,False,2026-05-04,raw/api_football/fixture_lineups/2026-04-29/fixture_1208521_lineups.json
1208521,531,Athletic Club,4-2-3-1,1582,Ernesto Valverde,179153,Javi Martón,19,F,,False,2026-05-04,raw/api_football/fixture_lineups/2026-04-29/fixture_1208521_lineups.json
1208521,531,Athletic Club,4-2-3-1,1582,Ernesto Valverde,336998,Adama Boiro,32,D,,False,2026-05-04,raw/api_football/fixture_lineups/2026-04-29/fixture_1208521_lineups.json
1208521,531,Athletic Club,4-2-3-1,1582,Ernesto Valverde,183849,Aitor Paredes,4,D,,False,2026-05-04,raw/api_football/fixture_lineups/2026-04-29/fixture_1208521_lineups.json
1208521,530,Atletico Madrid,3-4-2-1,1595,D. Simeone,2465,J. Musso,1,G,1:1,True,2026-05-04,raw/api_football/fixture_lineups/2026-04-29/fixture_1208521_lineups.json
1208521,530,Atletico Madrid,3-4-2-1,1595,D. Simeone,47301,Robin Le Normand,24,D,2:3,True,2026-05-04,raw/api_football/fixture_lineups/2026-04-29/fixture_1208521_lineups.json
1208521,530,Atletico Madrid,3-4-2-1,1595,D. Simeone,31,J. Giménez,2,D,2:2,True,2026-05-04,raw/api_football/fixture_lineups/2026-04-29/fixture_1208521_lineups.json
1208521,530,Atletico Madrid,3-4-2-1,1595,D. Simeone,22225,Reinildo,23,D,2:1,True,2026-05-04,raw/api_football/fixture_lineups/2026-04-29/fixture_1208521_lineups.json
1208521,530,Atletico Madrid,3-4-2-1,1595,D. Simeone,753,Marcos Llorente,14,M,3:4,True,2026-05-04,raw/api_football/fixture_lineups/2026-04-29/fixture_1208521_lineups.json
1208521,530,Atletico Madrid,3-4-2-1,1595,D. Simeone,336594,Pablo Barrios,8,M,3:3,True,2026-05-04,raw/api_football/fixture_lineups/2026-04-29/fixture_1208521_lineups.json
1208521,530,Atletico Madrid,3-4-2-1,1595,D. Simeone,50,Koke,6,M,3:2,True,2026-05-04,raw/api_football/fixture_lineups/2026-04-29/fixture_1208521_lineups.json
1208521,530,Atletico Madrid,3-4-2-1,1595,D. Simeone,126936,Samuel Lino,12,M,3:1,True,2026-05-04,raw/api_football/fixture_lineups/2026-04-29/fixture_1208521_lineups.json
1208521,530,Atletico Madrid,3-4-2-1,1595,D. Simeone,56,A. Griezmann,7,F,4:2,True,2026-05-04,raw/api_football/fixture_lineups/2026-04-29/fixture_1208521_lineups.json
1208521,530,Atletico Madrid,3-4-2-1,1595,D. Simeone,67972,C. Gallagher,4,F,4:1,True,2026-05-04,raw/api_football/fixture_lineups/2026-04-29/fixture_1208521_lineups.json
1208521,530,Atletico Madrid,3-4-2-1,1595,D. Simeone,6009,J. Alvarez,19,F,5:1,True,2026-05-04,raw/api_football/fixture_lineups/2026-04-29/fixture_1208521_lineups.json
1208521,530,Atletico Madrid,3-4-2-1,1595,D. Simeone,136117,Rodrigo Riquelme,17,M,,False,2026-05-04,raw/api_football/fixture_lineups/2026-04-29/fixture_1208521_lineups.json
1208521,530,Atletico Madrid,3-4-2-1,1595,D. Simeone,8492,A. Sørloth,9,F,,False,2026-05-04,raw/api_football/fixture_lineups/2026-04-29/fixture_1208521_lineups.json
1208521,530,Atletico Madrid,3-4-2-1,1595,D. Simeone,2472,R. De Paul,5,M,,False,2026-05-04,raw/api_football/fixture_lineups/2026-04-29/fixture_1208521_lineups.json
1208521,530,Atletico Madrid,3-4-2-1,1595,D. Simeone,323935,G. Simeone,22,F,,False,2026-05-04,raw/api_football/fixture_lineups/2026-04-29/fixture_1208521_lineups.json
1208521,530,Atletico Madrid,3-4-2-1,1595,D. Simeone,53,Á. Correa,10,F,,False,2026-05-04,raw/api_football/fixture_lineups/2026-04-29/fixture_1208521_lineups.json
1208521,530,Atletico Madrid,3-4-2-1,1595,D. Simeone,133,C. Lenglet,15,D,,False,2026-05-04,raw/api_football/fixture_lineups/2026-04-29/fixture_1208521_lineups.json
1208521,530,Atletico Madrid,3-4-2-1,1595,D. Simeone,47566,Javi Galán,21,D,,False,2026-05-04,raw/api_football/fixture_lineups/2026-04-29/fixture_1208521_lineups.json
1208521,530,Atletico Madrid,3-4-2-1,1595,D. Simeone,2280,César Azpilicueta,3,D,,False,2026-05-04,raw/api_football/fixture_lineups/2026-04-29/fixture_1208521_lineups.json
1208521,530,Atletico Madrid,3-4-2-1,1595,D. Simeone,6503,N. Molina,16,D,,False,2026-05-04,raw/api_football/fixture_lineups/2026-04-29/fixture_1208521_lineups.json
1208521,530,Atletico Madrid,3-4-2-1,1595,D. Simeone,333379,Antonio Gomis,31,G,,False,2026-05-04,raw/api_football/fixture_lineups/2026-04-29/fixture_1208521_lineups.json
1208521,530,Atletico Madrid,3-4-2-1,1595,D. Simeone,20,A. Witsel,20,D,,False,2026-05-04,raw/api_football/fixture_lineups/2026-04-29/fixture_1208521_lineups.json
1208522,529,Barcelona,4-3-3,6472,H. Flick,127,M. ter Stegen,1,G,1:1,True,2026-05-04,raw/api_football/fixture_lineups/2026-04-29/fixture_1208522_lineups.json
1208522,529,Barcelona,4-3-3,6472,H. Flick,1257,J. Koundé,23,D,2:4,True,2026-05-04,raw/api_football/fixture_lineups/2026-04-29/fixture_1208522_lineups.json
1208522,529,Barcelona,4-3-3,6472,H. Flick,396623,Pau Cubarsí,2,D,2:3,True,2026-05-04,raw/api_football/fixture_lineups/2026-04-29/fixture_1208522_lineups.json
1208522,529,Barcelona,4-3-3,6472,H. Flick,2670,Iñigo Martínez,5,D,2:2,True,2026-05-04,raw/api_football/fixture_lineups/2026-04-29/fixture_1208522_lineups.json
1208522,529,Barcelona,4-3-3,6472,H. Flick,161928,Alejandro Balde,3,D,2:1,True,2026-05-04,raw/api_football/fixture_lineups/2026-04-29/fixture_1208522_lineups.json
1208522,529,Barcelona,4-3-3,6472,H. Flick,1323,Dani Olmo,20,M,3:3,True,2026-05-04,raw/api_football/fixture_lineups/2026-04-29/fixture_1208522_lineups.json
1208522,529,Barcelona,4-3-3,6472,H. Flick,329728,Marc Casadó,17,M,3:2,True,2026-05-04,raw/api_football/fixture_lineups/2026-04-29/fixture_1208522_lineups.json
1208522,529,Barcelona,4-3-3,6472,H. Flick,133609,Pedri,8,M,3:1,True,2026-05-04,raw/api_football/fixture_lineups/2026-04-29/fixture_1208522_lineups.json
1208522,529,Barcelona,4-3-3,6472,H. Flick,386828,Lamine Yamal,19,F,4:3,True,2026-05-04,raw/api_football/fixture_lineups/2026-04-29/fixture_1208522_lineups.json
1208522,529,Barcelona,4-3-3,6472,H. Flick,521,R. Lewandowski,9,F,4:2,True,2026-05-04,raw/api_football/fixture_lineups/2026-04-29/fixture_1208522_lineups.json
1208522,529,Barcelona,4-3-3,6472,H. Flick,1496,Raphinha,11,F,4:1,True,2026-05-04,raw/api_football/fixture_lineups/2026-04-29/fixture_1208522_lineups.json
1208522,529,Barcelona,4-3-3,6472,H. Flick,396624,Sergi Domínguez,36,D,,False,2026-05-04,raw/api_football/fixture_lineups/2026-04-29/fixture_1208522_lineups.json
1208522,529,Barcelona,4-3-3,6472,H. Flick,619,Eric García,24,D,,False,2026-05-04,raw/api_football/fixture_lineups/2026-04-29/fixture_1208522_lineups.json
1208522,529,Barcelona,4-3-3,6472,H. Flick,340626,Fermín López,16,M,,False,2026-05-04,raw/api_football/fixture_lineups/2026-04-29/fixture_1208522_lineups.json
1208522,529,Barcelona,4-3-3,6472,H. Flick,931,Ferran Torres,7,F,,False,2026-05-04,raw/api_football/fixture_lineups/2026-04-29/fixture_1208522_lineups.json
1208522,529,Barcelona,4-3-3,6472,H. Flick,285909,Pablo Torre,14,M,,False,2026-05-04,raw/api_football/fixture_lineups/2026-04-29/fixture_1208522_lineups.json
1208522,529,Barcelona,4-3-3,6472,H. Flick,263530,Pau Víctor,18,F,,False,2026-05-04,raw/api_football/fixture_lineups/2026-04-29/fixture_1208522_lineups.json
1208522,529,Barcelona,4-3-3,6472,H. Flick,336653,Ander Astralaga,26,G,,False,2026-05-04,raw/api_football/fixture_lineups/2026-04-29/fixture_1208522_lineups.json
1208522,529,Barcelona,4-3-3,6472,H. Flick,181701,Gerard Martín,35,D,,False,2026-05-04,raw/api_football/fixture_lineups/2026-04-29/fixture_1208522_lineups.json
1208522,529,Barcelona,4-3-3,6472,H. Flick,126,Iñaki Peña,13,G,,False,2026-05-04,raw/api_football/fixture_lineups/2026-04-29/fixture_1208522_lineups.json
1208522,529,Barcelona,4-3-3,6472,H. Flick,386859,Héctor Fort,32,D,,False,2026-05-04,raw/api_football/fixture_lineups/2026-04-29/fixture_1208522_lineups.json
1208522,720,Valladolid,4-1-4-1,783,P. Pezzolano,169295,K. Hein,13,G,1:1,True,2026-05-04,raw/api_football/fixture_lineups/2026-04-29/fixture_1208522_lineups.json
1208522,720,Valladolid,4-1-4-1,783,P. Pezzolano,47078,Luis Pérez,2,D,2:4,True,2026-05-04,raw/api_football/fixture_lineups/2026-04-29/fixture_1208522_lineups.json
1208522,720,Valladolid,4-1-4-1,783,P. Pezzolano,48372,E. Cömert,15,D,2:3,True,2026-05-04,raw/api_football/fixture_lineups/2026-04-29/fixture_1208522_lineups.json
1208522,720,Valladolid,4-1-4-1,783,P. Pezzolano,740,Javi Sánchez,5,D,2:2,True,2026-05-04,raw/api_football/fixture_lineups/2026-04-29/fixture_1208522_lineups.json
1208522,720,Valladolid,4-1-4-1,783,P. Pezzolano,56283,Lucas Rosa,22,D,2:1,True,2026-05-04,raw/api_football/fixture_lineups/2026-04-29/fixture_1208522_lineups.json
1208522,720,Valladolid,4-1-4-1,783,P. Pezzolano,14341,S. Jurić,20,M,3:1,True,2026-05-04,raw/api_football/fixture_lineups/2026-04-29/fixture_1208522_lineups.json
1208522,720,Valladolid,4-1-4-1,783,P. Pezzolano,46979,Iván Sánchez,10,M,4:4,True,2026-05-04,raw/api_football/fixture_lineups/2026-04-29/fixture_1208522_lineups.json
1208522,720,Valladolid,4-1-4-1,783,P. Pezzolano,107153,Kike Pérez,8,M,4:3,True,2026-05-04,raw/api_football/fixture_lineups/2026-04-29/fixture_1208522_lineups.json
1208522,720,Valladolid,4-1-4-1,783,P. Pezzolano,8587,S. Amallah,21,M,4:2,True,2026-05-04,raw/api_football/fixture_lineups/2026-04-29/fixture_1208522_lineups.json
1208522,720,Valladolid,4-1-4-1,783,P. Pezzolano,264470,Raúl Moro,11,M,4:1,True,2026-05-04,raw/api_football/fixture_lineups/2026-04-29/fixture_1208522_lineups.json
1208522,720,Valladolid,4-1-4-1,783,P. Pezzolano,122233,Marcos André,9,F,5:1,True,2026-05-04,raw/api_football/fixture_lineups/2026-04-29/fixture_1208522_lineups.json
1208522,720,Valladolid,4-1-4-1,783,P. Pezzolano,162028,Juanmi Latasa,14,F,,False,2026-05-04,raw/api_football/fixture_lineups/2026-04-29/fixture_1208522_lineups.json
1208522,720,Valladolid,4-1-4-1,783,P. Pezzolano,331004,Chuky,28,M,,False,2026-05-04,raw/api_football/fixture_lineups/2026-04-29/fixture_1208522_lineups.json
1208522,720,Valladolid,4-1-4-1,783,P. Pezzolano,343205,Mario Martín,12,M,,False,2026-05-04,raw/api_football/fixture_lineups/2026-04-29/fixture_1208522_lineups.json
1208522,720,Valladolid,4-1-4-1,783,P. Pezzolano,72048,C. Özkacar,6,D,,False,2026-05-04,raw/api_football/fixture_lineups/2026-04-29/fixture_1208522_lineups.json
1208522,720,Valladolid,4-1-4-1,783,P. Pezzolano,181463,Víctor Meseguer,4,M,,False,2026-05-04,raw/api_football/fixture_lineups/2026-04-29/fixture_1208522_lineups.json
1208522,720,Valladolid,4-1-4-1,783,P. Pezzolano,104793,A. Ndiaye,19,F,,False,2026-05-04,raw/api_football/fixture_lineups/2026-04-29/fixture_1208522_lineups.json
1208522,720,Valladolid,4-1-4-1,783,P. Pezzolano,8518,M. Sylla,7,F,,False,2026-05-04,raw/api_football/fixture_lineups/2026-04-29/fixture_1208522_lineups.json
1208522,720,Valladolid,4-1-4-1,783,P. Pezzolano,298064,David Torres,3,D,,False,2026-05-04,raw/api_football/fixture_lineups/2026-04-29/fixture_1208522_lineups.json
1208522,720,Valladolid,4-1-4-1,783,P. Pezzolano,2459,D. Machís,18,F,,False,2026-05-04,raw/api_football/fixture_lineups/2026-04-29/fixture_1208522_lineups.json
1208522,720,Valladolid,4-1-4-1,783,P. Pezzolano,41320,André Ferreira,1,G,,False,2026-05-04,raw/api_football/fixture_lineups/2026-04-29/fixture_1208522_lineups.json
1208522,720,Valladolid,4-1-4-1,783,P. Pezzolano,332304,Raúl Chasco,30,M,,False,2026-05-04,raw/api_football/fixture_lineups/2026-04-29/fixture_1208522_lineups.json
1208522,720,Valladolid,4-1-4-1,783,P. Pezzolano,361386,Koke,32,D,,False,2026-05-04,raw/api_football/fixture_lineups/2026-04-29/fixture_1208522_lineups.json
1208523,546,Getafe,4-2-3-1,1596,José Bordalás,47247,David Soria,13,G,1:1,True,2026-05-04,raw/api_football/fixture_lineups/2026-04-29/fixture_1208523_lineups.json
1208523,546,Getafe,4-2-3-1,1596,José Bordalás,119742,Juan Iglesias,21,D,2:4,True,2026-05-04,raw/api_football/fixture_lineups/2026-04-29/fixture_1208523_lineups.json
1208523,546,Getafe,4-2-3-1,1596,José Bordalás,47250,D. Dakonam,2,D,2:3,True,2026-05-04,raw/api_football/fixture_lineups/2026-04-29/fixture_1208523_lineups.json
1208523,546,Getafe,4-2-3-1,1596,José Bordalás,6168,O. Alderete,15,D,2:2,True,2026-05-04,raw/api_football/fixture_lineups/2026-04-29/fixture_1208523_lineups.json
1208523,546,Getafe,4-2-3-1,1596,José Bordalás,18867,Diego Rico,16,D,2:1,True,2026-05-04,raw/api_football/fixture_lineups/2026-04-29/fixture_1208523_lineups.json
1208523,546,Getafe,4-2-3-1,1596,José Bordalás,47085,Luis Milla,5,M,3:2,True,2026-05-04,raw/api_football/fixture_lineups/2026-04-29/fixture_1208523_lineups.json
1208523,546,Getafe,4-2-3-1,1596,José Bordalás,325415,N. Aberdin,27,M,3:1,True,2026-05-04,raw/api_football/fixture_lineups/2026-04-29/fixture_1208523_lineups.json
1208523,546,Getafe,4-2-3-1,1596,José Bordalás,67955,Carles Pérez,17,M,4:3,True,2026-05-04,raw/api_football/fixture_lineups/2026-04-29/fixture_1208523_lineups.json
1208523,546,Getafe,4-2-3-1,1596,José Bordalás,403554,C. Uche,6,M,4:2,True,2026-05-04,raw/api_football/fixture_lineups/2026-04-29/fixture_1208523_lineups.json
1208523,546,Getafe,4-2-3-1,1596,José Bordalás,47306,Álex Sola,7,M,4:1,True,2026-05-04,raw/api_football/fixture_lineups/2026-04-29/fixture_1208523_lineups.json
1208523,546,Getafe,4-2-3-1,1596,José Bordalás,68483,B. Yıldırım,10,F,5:1,True,2026-05-04,raw/api_football/fixture_lineups/2026-04-29/fixture_1208523_lineups.json
1208523,546,Getafe,4-2-3-1,1596,José Bordalás,47258,M. Arambarri,8,M,,False,2026-05-04,raw/api_football/fixture_lineups/2026-04-29/fixture_1208523_lineups.json
1208523,546,Getafe,4-2-3-1,1596,José Bordalás,143,Carles Aleñá,11,M,,False,2026-05-04,raw/api_football/fixture_lineups/2026-04-29/fixture_1208523_lineups.json
1208523,546,Getafe,4-2-3-1,1596,José Bordalás,270516,P. González,19,F,,False,2026-05-04,raw/api_football/fixture_lineups/2026-04-29/fixture_1208523_lineups.json
1208523,546,Getafe,4-2-3-1,1596,José Bordalás,293297,J. Patrick,31,M,,False,2026-05-04,raw/api_football/fixture_lineups/2026-04-29/fixture_1208523_lineups.json
1208523,546,Getafe,4-2-3-1,1596,José Bordalás,364415,Yellu Santiago,20,M,,False,2026-05-04,raw/api_football/fixture_lineups/2026-04-29/fixture_1208523_lineups.json
1208523,546,Getafe,4-2-3-1,1596,José Bordalás,2039,Juan Berrocal,4,D,,False,2026-05-04,raw/api_football/fixture_lineups/2026-04-29/fixture_1208523_lineups.json
1208523,546,Getafe,4-2-3-1,1596,José Bordalás,309364,Coba,29,F,,False,2026-05-04,raw/api_football/fixture_lineups/2026-04-29/fixture_1208523_lineups.json
1208523,546,Getafe,4-2-3-1,1596,José Bordalás,66491,J. Letáček,1,G,,False,2026-05-04,raw/api_football/fixture_lineups/2026-04-29/fixture_1208523_lineups.json
1208523,546,Getafe,4-2-3-1,1596,José Bordalás,333373,Gorka Rivera,30,D,,False,2026-05-04,raw/api_football/fixture_lineups/2026-04-29/fixture_1208523_lineups.json
1208523,546,Getafe,4-2-3-1,1596,José Bordalás,46795,Domingos Duarte,22,D,,False,2026-05-04,raw/api_football/fixture_lineups/2026-04-29/fixture_1208523_lineups.json
1208523,546,Getafe,4-2-3-1,1596,José Bordalás,465838,Alberto Risco,26,M,,False,2026-05-04,raw/api_football/fixture_lineups/2026-04-29/fixture_1208523_lineups.json
1208523,548,Real Sociedad,4-4-1-1,1586,Imanol Alguacil,47269,Álex Remiro,1,G,1:1,True,2026-05-04,raw/api_football/fixture_lineups/2026-04-29/fixture_1208523_lineups.json
1208523,548,Real Sociedad,4-4-1-1,1586,Imanol Alguacil,2202,H. Traoré,18,D,2:4,True,2026-05-04,raw/api_football/fixture_lineups/2026-04-29/fixture_1208523_lineups.json
1208523,548,Real Sociedad,4-4-1-1,1586,Imanol Alguacil,47314,Zubeldia,5,D,2:3,True,2026-05-04,raw/api_football/fixture_lineups/2026-04-29/fixture_1208523_lineups.json
1208523,548,Real Sociedad,4-4-1-1,1586,Imanol Alguacil,182546,Jon Pacheco,20,D,2:2,True,2026-05-04,raw/api_football/fixture_lineups/2026-04-29/fixture_1208523_lineups.json
1208523,548,Real Sociedad,4-4-1-1,1586,Imanol Alguacil,199044,J. Aramburu,27,D,2:1,True,2026-05-04,raw/api_football/fixture_lineups/2026-04-29/fixture_1208523_lineups.json
1208523,548,Real Sociedad,4-4-1-1,1586,Imanol Alguacil,32862,T. Kubo,14,M,3:4,True,2026-05-04,raw/api_football/fixture_lineups/2026-04-29/fixture_1208523_lineups.json
1208523,548,Real Sociedad,4-4-1-1,1586,Imanol Alguacil,47315,Martín Zubimendi,4,M,3:3,True,2026-05-04,raw/api_football/fixture_lineups/2026-04-29/fixture_1208523_lineups.json
1208523,548,Real Sociedad,4-4-1-1,1586,Imanol Alguacil,183744,Beñat Turrientes,22,M,3:2,True,2026-05-04,raw/api_football/fixture_lineups/2026-04-29/fixture_1208523_lineups.json
1208523,548,Real Sociedad,4-4-1-1,1586,Imanol Alguacil,23,Sergio Gómez,17,M,3:1,True,2026-05-04,raw/api_football/fixture_lineups/2026-04-29/fixture_1208523_lineups.json
1208523,548,Real Sociedad,4-4-1-1,1586,Imanol Alguacil,47440,Brais Méndez,23,F,4:1,True,2026-05-04,raw/api_football/fixture_lineups/2026-04-29/fixture_1208523_lineups.json
1208523,548,Real Sociedad,4-4-1-1,1586,Imanol Alguacil,31406,U. Sadiq,19,F,5:1,True,2026-05-04,raw/api_football/fixture_lineups/2026-04-29/fixture_1208523_lineups.json
1208523,548,Real Sociedad,4-4-1-1,1586,Imanol Alguacil,47317,Barrenetxea,7,F,,False,2026-05-04,raw/api_football/fixture_lineups/2026-04-29/fixture_1208523_lineups.json
1208523,548,Real Sociedad,4-4-1-1,1586,Imanol Alguacil,405073,Jon Martín,31,D,,False,2026-05-04,raw/api_football/fixture_lineups/2026-04-29/fixture_1208523_lineups.json
1208523,548,Real Sociedad,4-4-1-1,1586,Imanol Alguacil,182636,Javi López,12,D,,False,2026-05-04,raw/api_football/fixture_lineups/2026-04-29/fixture_1208523_lineups.json
1208523,548,Real Sociedad,4-4-1-1,1586,Imanol Alguacil,37938,S. Becker,11,F,,False,2026-05-04,raw/api_football/fixture_lineups/2026-04-29/fixture_1208523_lineups.json
1208523,548,Real Sociedad,4-4-1-1,1586,Imanol Alguacil,47303,Aihen Muñoz,3,D,,False,2026-05-04,raw/api_football/fixture_lineups/2026-04-29/fixture_1208523_lineups.json
1208523,548,Real Sociedad,4-4-1-1,1586,Imanol Alguacil,61774,O. Óskarsson,9,F,,False,2026-05-04,raw/api_football/fixture_lineups/2026-04-29/fixture_1208523_lineups.json
1208523,548,Real Sociedad,4-4-1-1,1586,Imanol Alguacil,182603,Jon Olasagasti,16,M,,False,2026-05-04,raw/api_football/fixture_lineups/2026-04-29/fixture_1208523_lineups.json
1208523,548,Real Sociedad,4-4-1-1,1586,Imanol Alguacil,290106,Pablo Marín,28,M,,False,2026-05-04,raw/api_football/fixture_lineups/2026-04-29/fixture_1208523_lineups.json
1208523,548,Real Sociedad,4-4-1-1,1586,Imanol Alguacil,287652,Jon Magunazelaia,25,M,,False,2026-05-04,raw/api_football/fixture_lineups/2026-04-29/fixture_1208523_lineups.json
1208523,548,Real Sociedad,4-4-1-1,1586,Imanol Alguacil,189831,Egoitz Arana,35,G,,False,2026-05-04,raw/api_football/fixture_lineups/2026-04-29/fixture_1208523_lineups.json
1208523,548,Real Sociedad,4-4-1-1,1586,Imanol Alguacil,189832,Unai Marrero,13,G,,False,2026-05-04,raw/api_football/fixture_lineups/2026-04-29/fixture_1208523_lineups.json
1208524,532,Valencia,4-4-2,3234,Rubén Baraja,24760,G. Mamardashvili,25,G,1:1,True,2026-05-04,raw/api_football/fixture_lineups/2026-04-29/fixture_1208524_lineups.json
1208524,532,Valencia,4-4-2,3234,Rubén Baraja,1482,Thierry Correia,12,D,2:4,True,2026-05-04,raw/api_football/fixture_lineups/2026-04-29/fixture_1208524_lineups.json
1208524,532,Valencia,4-4-2,3234,Rubén Baraja,333672,César Tárrega,15,D,2:3,True,2026-05-04,raw/api_football/fixture_lineups/2026-04-29/fixture_1208524_lineups.json
1208524,532,Valencia,4-4-2,3234,Rubén Baraja,333682,Cristhian Mosquera,3,D,2:2,True,2026-05-04,raw/api_football/fixture_lineups/2026-04-29/fixture_1208524_lineups.json
1208524,532,Valencia,4-4-2,3234,Rubén Baraja,162175,Jesús Vázquez,21,D,2:1,True,2026-05-04,raw/api_football/fixture_lineups/2026-04-29/fixture_1208524_lineups.json
1208524,532,Valencia,4-4-2,3234,Rubén Baraja,162127,Diego López,16,M,3:4,True,2026-05-04,raw/api_football/fixture_lineups/2026-04-29/fixture_1208524_lineups.json
1208524,532,Valencia,4-4-2,3234,Rubén Baraja,919,Hugo Guillamón,6,M,3:3,True,2026-05-04,raw/api_football/fixture_lineups/2026-04-29/fixture_1208524_lineups.json
1208524,532,Valencia,4-4-2,3234,Rubén Baraja,47463,Pepelu,18,M,3:2,True,2026-05-04,raw/api_football/fixture_lineups/2026-04-29/fixture_1208524_lineups.json
1208524,532,Valencia,4-4-2,3234,Rubén Baraja,46933,Luis Rioja,22,M,3:1,True,2026-05-04,raw/api_football/fixture_lineups/2026-04-29/fixture_1208524_lineups.json
1208524,532,Valencia,4-4-2,3234,Rubén Baraja,41157,André Almeida,10,F,4:2,True,2026-05-04,raw/api_football/fixture_lineups/2026-04-29/fixture_1208524_lineups.json
1208524,532,Valencia,4-4-2,3234,Rubén Baraja,47264,Hugo Duro,9,F,4:1,True,2026-05-04,raw/api_football/fixture_lineups/2026-04-29/fixture_1208524_lineups.json
1208524,532,Valencia,4-4-2,3234,Rubén Baraja,47251,D. Foulquier,20,D,,False,2026-05-04,raw/api_football/fixture_lineups/2026-04-29/fixture_1208524_lineups.json
1208524,532,Valencia,4-4-2,3234,Rubén Baraja,47013,Rafa Mir,11,F,,False,2026-05-04,raw/api_football/fixture_lineups/2026-04-29/fixture_1208524_lineups.json
1208524,532,Valencia,4-4-2,3234,Rubén Baraja,315699,Javi Guerra,8,M,,False,2026-05-04,raw/api_football/fixture_lineups/2026-04-29/fixture_1208524_lineups.json
1208524,532,Valencia,4-4-2,3234,Rubén Baraja,19352,Sergi Canós,7,M,,False,2026-05-04,raw/api_football/fixture_lineups/2026-04-29/fixture_1208524_lineups.json
1208524,532,Valencia,4-4-2,3234,Rubén Baraja,412737,Raúl Jiménez,34,G,,False,2026-05-04,raw/api_football/fixture_lineups/2026-04-29/fixture_1208524_lineups.json
1208524,532,Valencia,4-4-2,3234,Rubén Baraja,327496,Rodrigo Abajas,39,D,,False,2026-05-04,raw/api_football/fixture_lineups/2026-04-29/fixture_1208524_lineups.json
1208524,532,Valencia,4-4-2,3234,Rubén Baraja,119232,Dani Gómez,17,F,,False,2026-05-04,raw/api_football/fixture_lineups/2026-04-29/fixture_1208524_lineups.json
1208524,532,Valencia,4-4-2,3234,Rubén Baraja,361385,Yarek Gąsiorowski,24,D,,False,2026-05-04,raw/api_football/fixture_lineups/2026-04-29/fixture_1208524_lineups.json
1208524,532,Valencia,4-4-2,3234,Rubén Baraja,158378,E. Barrenechea,5,M,,False,2026-05-04,raw/api_football/fixture_lineups/2026-04-29/fixture_1208524_lineups.json
1208524,532,Valencia,4-4-2,3234,Rubén Baraja,47527,S. Dimitrievski,13,G,,False,2026-05-04,raw/api_football/fixture_lineups/2026-04-29/fixture_1208524_lineups.json
1208524,532,Valencia,4-4-2,3234,Rubén Baraja,348326,Martín Tejón,32,M,,False,2026-05-04,raw/api_football/fixture_lineups/2026-04-29/fixture_1208524_lineups.json
1208524,532,Valencia,4-4-2,3234,Rubén Baraja,442188,Iker Córdoba,38,D,,False,2026-05-04,raw/api_football/fixture_lineups/2026-04-29/fixture_1208524_lineups.json
1208524,533,Villarreal,4-4-2,1585,Marcelino,122956,Diego Conde,13,G,1:1,True,2026-05-04,raw/api_football/fixture_lineups/2026-04-29/fixture_1208524_lineups.json
1208524,533,Villarreal,4-4-2,1585,Marcelino,18794,Kiko Femenía,17,D,2:4,True,2026-05-04,raw/api_football/fixture_lineups/2026-04-29/fixture_1208524_lineups.json
1208524,533,Villarreal,4-4-2,1585,Marcelino,314,Raúl Albiol,3,D,2:3,True,2026-05-04,raw/api_football/fixture_lineups/2026-04-29/fixture_1208524_lineups.json
1208524,533,Villarreal,4-4-2,1585,Marcelino,21997,Logan Costa,2,D,2:2,True,2026-05-04,raw/api_football/fixture_lineups/2026-04-29/fixture_1208524_lineups.json
1208524,533,Villarreal,4-4-2,1585,Marcelino,70500,Sergi Cardona,23,D,2:1,True,2026-05-04,raw/api_football/fixture_lineups/2026-04-29/fixture_1208524_lineups.json
1208524,533,Villarreal,4-4-2,1585,Marcelino,184226,Yeremy Pino,21,M,3:4,True,2026-05-04,raw/api_football/fixture_lineups/2026-04-29/fixture_1208524_lineups.json
1208524,533,Villarreal,4-4-2,1585,Marcelino,928,Dani Parejo,10,M,3:3,True,2026-05-04,raw/api_football/fixture_lineups/2026-04-29/fixture_1208524_lineups.json
1208524,533,Villarreal,4-4-2,1585,Marcelino,20696,P. Gueye,18,M,3:2,True,2026-05-04,raw/api_football/fixture_lineups/2026-04-29/fixture_1208524_lineups.json
1208524,533,Villarreal,4-4-2,1585,Marcelino,47541,Santi Comesaña,14,M,3:1,True,2026-05-04,raw/api_football/fixture_lineups/2026-04-29/fixture_1208524_lineups.json
1208524,533,Villarreal,4-4-2,1585,Marcelino,343684,T. Barry,15,F,4:2,True,2026-05-04,raw/api_football/fixture_lineups/2026-04-29/fixture_1208524_lineups.json
1208524,533,Villarreal,4-4-2,1585,Marcelino,18906,Ayoze Pérez,22,F,4:1,True,2026-05-04,raw/api_football/fixture_lineups/2026-04-29/fixture_1208524_lineups.json
1208524,533,Villarreal,4-4-2,1585,Marcelino,290740,I. Akhomach,11,F,,False,2026-05-04,raw/api_football/fixture_lineups/2026-04-29/fixture_1208524_lineups.json
1208524,533,Villarreal,4-4-2,1585,Marcelino,187987,Ramon Terrats,20,M,,False,2026-05-04,raw/api_football/fixture_lineups/2026-04-29/fixture_1208524_lineups.json
1208524,533,Villarreal,4-4-2,1585,Marcelino,258,Juan Bernat,12,D,,False,2026-05-04,raw/api_football/fixture_lineups/2026-04-29/fixture_1208524_lineups.json
1208524,533,Villarreal,4-4-2,1585,Marcelino,161931,Arnau Solà,27,D,,False,2026-05-04,raw/api_football/fixture_lineups/2026-04-29/fixture_1208524_lineups.json
1208524,533,Villarreal,4-4-2,1585,Marcelino,278619,Luíz Júnior,1,G,,False,2026-05-04,raw/api_football/fixture_lineups/2026-04-29/fixture_1208524_lineups.json
1208524,533,Villarreal,4-4-2,1585,Marcelino,435552,Pau Navarro,26,D,,False,2026-05-04,raw/api_football/fixture_lineups/2026-04-29/fixture_1208524_lineups.json
1208524,533,Villarreal,4-4-2,1585,Marcelino,411702,Pau Cabanes,33,F,,False,2026-05-04,raw/api_football/fixture_lineups/2026-04-29/fixture_1208524_lineups.json
1208524,533,Villarreal,4-4-2,1585,Marcelino,391131,Dani Requena,30,M,,False,2026-05-04,raw/api_football/fixture_lineups/2026-04-29/fixture_1208524_lineups.json
1208524,533,Villarreal,4-4-2,1585,Marcelino,378284,E. Eyong,36,F,,False,2026-05-04,raw/api_football/fixture_lineups/2026-04-29/fixture_1208524_lineups.json
1208524,533,Villarreal,4-4-2,1585,Marcelino,336637,Espigares,28,D,,False,2026-05-04,raw/api_football/fixture_lineups/2026-04-29/fixture_1208524_lineups.json
1208525,542,Alaves,4-4-2,45,Luis García,47353,Antonio Sivera,1,G,1:1,True,2026-05-04,raw/api_football/fixture_lineups/2026-04-29/fixture_1208525_lineups.json
1208525,542,Alaves,4-4-2,45,Luis García,6233,N. Tenaglia,14,D,2:4,True,2026-05-04,raw/api_football/fixture_lineups/2026-04-29/fixture_1208525_lineups.json
1208525,542,Alaves,4-4-2,45,Luis García,46813,A. Abqar,5,D,2:3,True,2026-05-04,raw/api_football/fixture_lineups/2026-04-29/fixture_1208525_lineups.json
1208525,542,Alaves,4-4-2,45,Luis García,40419,A. Sedlar,4,D,2:2,True,2026-05-04,raw/api_football/fixture_lineups/2026-04-29/fixture_1208525_lineups.json
1208525,542,Alaves,4-4-2,45,Luis García,64309,Manu Sánchez,3,D,2:1,True,2026-05-04,raw/api_football/fixture_lineups/2026-04-29/fixture_1208525_lineups.json
1208525,542,Alaves,4-4-2,45,Luis García,187214,Carlos Vicente,7,M,3:4,True,2026-05-04,raw/api_football/fixture_lineups/2026-04-29/fixture_1208525_lineups.json
1208525,542,Alaves,4-4-2,45,Luis García,104821,Jon Guridi,18,M,3:3,True,2026-05-04,raw/api_football/fixture_lineups/2026-04-29/fixture_1208525_lineups.json
1208525,542,Alaves,4-4-2,45,Luis García,162686,Antonio Blanco,8,M,3:2,True,2026-05-04,raw/api_football/fixture_lineups/2026-04-29/fixture_1208525_lineups.json
1208525,542,Alaves,4-4-2,45,Luis García,51241,T. Conechny,10,M,3:1,True,2026-05-04,raw/api_football/fixture_lineups/2026-04-29/fixture_1208525_lineups.json
1208525,542,Alaves,4-4-2,45,Luis García,46740,Stoichkov,19,F,4:2,True,2026-05-04,raw/api_football/fixture_lineups/2026-04-29/fixture_1208525_lineups.json
1208525,542,Alaves,4-4-2,45,Luis García,47396,Kike García,17,F,4:1,True,2026-05-04,raw/api_football/fixture_lineups/2026-04-29/fixture_1208525_lineups.json
1208525,542,Alaves,4-4-2,45,Luis García,324750,Carlos Martín,15,F,,False,2026-05-04,raw/api_football/fixture_lineups/2026-04-29/fixture_1208525_lineups.json
1208525,542,Alaves,4-4-2,45,Luis García,47181,Toni Martínez,11,F,,False,2026-05-04,raw/api_football/fixture_lineups/2026-04-29/fixture_1208525_lineups.json
1208525,542,Alaves,4-4-2,45,Luis García,47309,Ander Guevara,6,M,,False,2026-05-04,raw/api_football/fixture_lineups/2026-04-29/fixture_1208525_lineups.json
1208525,542,Alaves,4-4-2,45,Luis García,263812,L. Romero,20,F,,False,2026-05-04,raw/api_football/fixture_lineups/2026-04-29/fixture_1208525_lineups.json
1208525,542,Alaves,4-4-2,45,Luis García,162170,Hugo Novoa,16,F,,False,2026-05-04,raw/api_football/fixture_lineups/2026-04-29/fixture_1208525_lineups.json
1208525,542,Alaves,4-4-2,45,Luis García,183751,A. Rebbach,21,F,,False,2026-05-04,raw/api_football/fixture_lineups/2026-04-29/fixture_1208525_lineups.json
1208525,542,Alaves,4-4-2,45,Luis García,6085,C. Benavídez,23,M,,False,2026-05-04,raw/api_football/fixture_lineups/2026-04-29/fixture_1208525_lineups.json
1208525,542,Alaves,4-4-2,45,Luis García,122471,Jesús Owono,13,G,,False,2026-05-04,raw/api_football/fixture_lineups/2026-04-29/fixture_1208525_lineups.json
1208525,542,Alaves,4-4-2,45,Luis García,311773,S. Mouriño,12,D,,False,2026-05-04,raw/api_football/fixture_lineups/2026-04-29/fixture_1208525_lineups.json
1208525,542,Alaves,4-4-2,45,Luis García,295383,Adrián Pica,36,D,,False,2026-05-04,raw/api_football/fixture_lineups/2026-04-29/fixture_1208525_lineups.json
1208525,542,Alaves,4-4-2,45,Luis García,104853,Asier Villalibre,9,F,,False,2026-05-04,raw/api_football/fixture_lineups/2026-04-29/fixture_1208525_lineups.json
1208525,542,Alaves,4-4-2,45,Luis García,70476,M. Diarra,22,D,,False,2026-05-04,raw/api_football/fixture_lineups/2026-04-29/fixture_1208525_lineups.json
1208525,534,Las Palmas,4-5-1,49,Luis Carrión,124,J. Cillessen,1,G,1:1,True,2026-05-04,raw/api_football/fixture_lineups/2026-04-29/fixture_1208525_lineups.json
1208525,534,Las Palmas,4-5-1,49,Luis Carrión,46854,Viti Rozada,18,D,2:4,True,2026-05-04,raw/api_football/fixture_lineups/2026-04-29/fixture_1208525_lineups.json
1208525,534,Las Palmas,4-5-1,49,Luis Carrión,131535,Álex Suárez,4,D,2:3,True,2026-05-04,raw/api_football/fixture_lineups/2026-04-29/fixture_1208525_lineups.json
1208525,534,Las Palmas,4-5-1,49,Luis Carrión,44811,S. McKenna,15,D,2:2,True,2026-05-04,raw/api_football/fixture_lineups/2026-04-29/fixture_1208525_lineups.json
1208525,534,Las Palmas,4-5-1,49,Luis Carrión,162475,Mika Mármol,3,D,2:1,True,2026-05-04,raw/api_football/fixture_lineups/2026-04-29/fixture_1208525_lineups.json
1208525,534,Las Palmas,4-5-1,49,Luis Carrión,2671,Jaime Mata,17,M,3:5,True,2026-05-04,raw/api_football/fixture_lineups/2026-04-29/fixture_1208525_lineups.json
1208525,534,Las Palmas,4-5-1,49,Luis Carrión,46860,Javi Muñoz,5,M,3:4,True,2026-05-04,raw/api_football/fixture_lineups/2026-04-29/fixture_1208525_lineups.json
1208525,534,Las Palmas,4-5-1,49,Luis Carrión,47464,José Campaña,8,M,3:3,True,2026-05-04,raw/api_football/fixture_lineups/2026-04-29/fixture_1208525_lineups.json
1208525,534,Las Palmas,4-5-1,49,Luis Carrión,70315,Kirian Rodríguez,20,M,3:2,True,2026-05-04,raw/api_football/fixture_lineups/2026-04-29/fixture_1208525_lineups.json
1208525,534,Las Palmas,4-5-1,49,Luis Carrión,122230,Manu Fuster,14,M,3:1,True,2026-05-04,raw/api_football/fixture_lineups/2026-04-29/fixture_1208525_lineups.json
1208525,534,Las Palmas,4-5-1,49,Luis Carrión,19337,O. McBurnie,16,F,4:1,True,2026-05-04,raw/api_football/fixture_lineups/2026-04-29/fixture_1208525_lineups.json
1208525,534,Las Palmas,4-5-1,49,Luis Carrión,182519,Alberto Moleiro,10,M,,False,2026-05-04,raw/api_football/fixture_lineups/2026-04-29/fixture_1208525_lineups.json
1208525,534,Las Palmas,4-5-1,49,Luis Carrión,47324,Sandro Ramírez,19,F,,False,2026-05-04,raw/api_football/fixture_lineups/2026-04-29/fixture_1208525_lineups.json
1208525,534,Las Palmas,4-5-1,49,Luis Carrión,162026,Marvin Park,2,D,,False,2026-05-04,raw/api_football/fixture_lineups/2026-04-29/fixture_1208525_lineups.json
1208525,534,Las Palmas,4-5-1,49,Luis Carrión,21709,E. Loiodice,12,M,,False,2026-05-04,raw/api_football/fixture_lineups/2026-04-29/fixture_1208525_lineups.json
1208525,534,Las Palmas,4-5-1,49,Luis Carrión,47393,Marc Cardona,9,F,,False,2026-05-04,raw/api_football/fixture_lineups/2026-04-29/fixture_1208525_lineups.json
1208525,534,Las Palmas,4-5-1,49,Luis Carrión,47111,Benito Ramírez,11,M,,False,2026-05-04,raw/api_football/fixture_lineups/2026-04-29/fixture_1208525_lineups.json
1208525,534,Las Palmas,4-5-1,49,Luis Carrión,47004,Fabio González,6,M,,False,2026-05-04,raw/api_football/fixture_lineups/2026-04-29/fixture_1208525_lineups.json
1208525,534,Las Palmas,4-5-1,49,Luis Carrión,431890,Juanma Herzog,28,D,,False,2026-05-04,raw/api_football/fixture_lineups/2026-04-29/fixture_1208525_lineups.json
1208525,534,Las Palmas,4-5-1,49,Luis Carrión,440748,Álvaro Killane,30,G,,False,2026-05-04,raw/api_football/fixture_lineups/2026-04-29/fixture_1208525_lineups.json
1208525,534,Las Palmas,4-5-1,49,Luis Carrión,47052,Álex Muñoz,23,D,,False,2026-05-04,raw/api_football/fixture_lineups/2026-04-29/fixture_1208525_lineups.json
1208525,534,Las Palmas,4-5-1,49,Luis Carrión,182694,Iván Gil,21,M,,False,2026-05-04,raw/api_football/fixture_lineups/2026-04-29/fixture_1208525_lineups.json
1208525,534,Las Palmas,4-5-1,49,Luis Carrión,486068,Víctor Puig,31,G,,False,2026-05-04,raw/api_football/fixture_lineups/2026-04-29/fixture_1208525_lineups.json
1208526,537,Leganes,4-2-3-1,1100,Borja Jiménez,2036,Juan Soriano,1,G,1:1,True,2026-05-04,raw/api_football/fixture_lineups/2026-04-29/fixture_1208526_lineups.json
1208526,537,Leganes,4-2-3-1,1100,Borja Jiménez,162122,Adrià Alti,2,D,2:4,True,2026-05-04,raw/api_football/fixture_lineups/2026-04-29/fixture_1208526_lineups.json
1208526,537,Leganes,4-2-3-1,1100,Borja Jiménez,47080,Jorge Sáenz,3,D,2:3,True,2026-05-04,raw/api_football/fixture_lineups/2026-04-29/fixture_1208526_lineups.json
1208526,537,Leganes,4-2-3-1,1100,Borja Jiménez,123047,Sergio González,6,D,2:2,True,2026-05-04,raw/api_football/fixture_lineups/2026-04-29/fixture_1208526_lineups.json
1208526,537,Leganes,4-2-3-1,1100,Borja Jiménez,46849,Javi Hernández,20,D,2:1,True,2026-05-04,raw/api_football/fixture_lineups/2026-04-29/fixture_1208526_lineups.json
1208526,537,Leganes,4-2-3-1,1100,Borja Jiménez,2433,R. Tapia,5,M,3:2,True,2026-05-04,raw/api_football/fixture_lineups/2026-04-29/fixture_1208526_lineups.json
1208526,537,Leganes,4-2-3-1,1100,Borja Jiménez,47361,D. Brašanac,14,M,3:1,True,2026-05-04,raw/api_football/fixture_lineups/2026-04-29/fixture_1208526_lineups.json
1208526,537,Leganes,4-2-3-1,1100,Borja Jiménez,1708,Dani Raba,10,M,4:3,True,2026-05-04,raw/api_football/fixture_lineups/2026-04-29/fixture_1208526_lineups.json
1208526,537,Leganes,4-2-3-1,1100,Borja Jiménez,47416,Óscar Rodríguez,7,M,4:2,True,2026-05-04,raw/api_football/fixture_lineups/2026-04-29/fixture_1208526_lineups.json
1208526,537,Leganes,4-2-3-1,1100,Borja Jiménez,2060,M. El Haddadi,23,M,4:1,True,2026-05-04,raw/api_football/fixture_lineups/2026-04-29/fixture_1208526_lineups.json
1208526,537,Leganes,4-2-3-1,1100,Borja Jiménez,184481,Diego García,19,F,5:1,True,2026-05-04,raw/api_football/fixture_lineups/2026-04-29/fixture_1208526_lineups.json
1208526,537,Leganes,4-2-3-1,1100,Borja Jiménez,185202,Juan Cruz,11,M,,False,2026-05-04,raw/api_football/fixture_lineups/2026-04-29/fixture_1208526_lineups.json
1208526,537,Leganes,4-2-3-1,1100,Borja Jiménez,129657,Enric Franquesa,15,D,,False,2026-05-04,raw/api_football/fixture_lineups/2026-04-29/fixture_1208526_lineups.json
1208526,537,Leganes,4-2-3-1,1100,Borja Jiménez,41976,Y. Neyou,17,M,,False,2026-05-04,raw/api_football/fixture_lineups/2026-04-29/fixture_1208526_lineups.json
1208526,537,Leganes,4-2-3-1,1100,Borja Jiménez,21701,V. Rosier,12,D,,False,2026-05-04,raw/api_football/fixture_lineups/2026-04-29/fixture_1208526_lineups.json
1208526,537,Leganes,4-2-3-1,1100,Borja Jiménez,302051,S. Cissé,8,M,,False,2026-05-04,raw/api_football/fixture_lineups/2026-04-29/fixture_1208526_lineups.json
1208526,537,Leganes,4-2-3-1,1100,Borja Jiménez,47494,Miguel de la Fuente,9,F,,False,2026-05-04,raw/api_football/fixture_lineups/2026-04-29/fixture_1208526_lineups.json
1208526,537,Leganes,4-2-3-1,1100,Borja Jiménez,2575,J. Porozo,4,D,,False,2026-05-04,raw/api_football/fixture_lineups/2026-04-29/fixture_1208526_lineups.json
1208526,537,Leganes,4-2-3-1,1100,Borja Jiménez,327495,Alvin,36,G,,False,2026-05-04,raw/api_football/fixture_lineups/2026-04-29/fixture_1208526_lineups.json
1208526,537,Leganes,4-2-3-1,1100,Borja Jiménez,5974,J. Chicco,24,M,,False,2026-05-04,raw/api_football/fixture_lineups/2026-04-29/fixture_1208526_lineups.json
1208526,537,Leganes,4-2-3-1,1100,Borja Jiménez,47321,Roberto López,21,M,,False,2026-05-04,raw/api_football/fixture_lineups/2026-04-29/fixture_1208526_lineups.json
1208526,537,Leganes,4-2-3-1,1100,Borja Jiménez,2813,M. Dmitrović,13,G,,False,2026-05-04,raw/api_football/fixture_lineups/2026-04-29/fixture_1208526_lineups.json
1208526,798,Mallorca,4-3-3,1588,Arrasate,61142,D. Greif,1,G,1:1,True,2026-05-04,raw/api_football/fixture_lineups/2026-04-29/fixture_1208526_lineups.json
1208526,798,Mallorca,4-3-3,1588,Arrasate,26302,Pablo Maffeo,23,D,2:4,True,2026-05-04,raw/api_football/fixture_lineups/2026-04-29/fixture_1208526_lineups.json
1208526,798,Mallorca,4-3-3,1588,Arrasate,46738,M. Valjent,24,D,2:3,True,2026-05-04,raw/api_football/fixture_lineups/2026-04-29/fixture_1208526_lineups.json
1208526,798,Mallorca,4-3-3,1588,Arrasate,46733,Raíllo,21,D,2:2,True,2026-05-04,raw/api_football/fixture_lineups/2026-04-29/fixture_1208526_lineups.json
1208526,798,Mallorca,4-3-3,1588,Arrasate,920,Toni Lato,3,D,2:1,True,2026-05-04,raw/api_football/fixture_lineups/2026-04-29/fixture_1208526_lineups.json
1208526,798,Mallorca,4-3-3,1588,Arrasate,190485,Samú Costa,12,M,3:3,True,2026-05-04,raw/api_football/fixture_lineups/2026-04-29/fixture_1208526_lineups.json
1208526,798,Mallorca,4-3-3,1588,Arrasate,1701,Manu Morlanes,8,M,3:2,True,2026-05-04,raw/api_football/fixture_lineups/2026-04-29/fixture_1208526_lineups.json
1208526,798,Mallorca,4-3-3,1588,Arrasate,46742,Dani Rodríguez,14,M,3:1,True,2026-05-04,raw/api_football/fixture_lineups/2026-04-29/fixture_1208526_lineups.json
1208526,798,Mallorca,4-3-3,1588,Arrasate,25375,T. Asano,11,F,4:3,True,2026-05-04,raw/api_football/fixture_lineups/2026-04-29/fixture_1208526_lineups.json
1208526,798,Mallorca,4-3-3,1588,Arrasate,50048,V. Muriqi,7,F,4:2,True,2026-05-04,raw/api_football/fixture_lineups/2026-04-29/fixture_1208526_lineups.json
1208526,798,Mallorca,4-3-3,1588,Arrasate,482473,Marc Domenech,30,F,4:1,True,2026-05-04,raw/api_football/fixture_lineups/2026-04-29/fixture_1208526_lineups.json
1208526,798,Mallorca,4-3-3,1588,Arrasate,107194,Antonio Sánchez,18,M,,False,2026-05-04,raw/api_football/fixture_lineups/2026-04-29/fixture_1208526_lineups.json
1208526,798,Mallorca,4-3-3,1588,Arrasate,84086,Robert Navarro,27,M,,False,2026-05-04,raw/api_football/fixture_lineups/2026-04-29/fixture_1208526_lineups.json
1208526,798,Mallorca,4-3-3,1588,Arrasate,47336,Darder,10,M,,False,2026-05-04,raw/api_football/fixture_lineups/2026-04-29/fixture_1208526_lineups.json
1208526,798,Mallorca,4-3-3,1588,Arrasate,64268,J. Mojica,22,D,,False,2026-05-04,raw/api_football/fixture_lineups/2026-04-29/fixture_1208526_lineups.json
1208526,798,Mallorca,4-3-3,1588,Arrasate,181582,Copete,6,D,,False,2026-05-04,raw/api_football/fixture_lineups/2026-04-29/fixture_1208526_lineups.json
1208526,798,Mallorca,4-3-3,1588,Arrasate,414,Omar Mascarell,5,M,,False,2026-05-04,raw/api_football/fixture_lineups/2026-04-29/fixture_1208526_lineups.json
1208526,798,Mallorca,4-3-3,1588,Arrasate,2001,C. Larin,17,F,,False,2026-05-04,raw/api_football/fixture_lineups/2026-04-29/fixture_1208526_lineups.json
1208526,798,Mallorca,4-3-3,1588,Arrasate,47399,Iván Cuéllar,25,G,,False,2026-05-04,raw/api_football/fixture_lineups/2026-04-29/fixture_1208526_lineups.json
1208526,798,Mallorca,4-3-3,1588,Arrasate,46751,Abdón Prats,9,F,,False,2026-05-04,raw/api_football/fixture_lineups/2026-04-29/fixture_1208526_lineups.json
1208526,798,Mallorca,4-3-3,1588,Arrasate,297646,D. Luna,33,M,,False,2026-05-04,raw/api_football/fixture_lineups/2026-04-29/fixture_1208526_lineups.json
1208526,798,Mallorca,4-3-3,1588,Arrasate,179139,Leo Román,13,G,,False,2026-05-04,raw/api_football/fixture_lineups/2026-04-29/fixture_1208526_lineups.json
1208526,798,Mallorca,4-3-3,1588,Arrasate,37639,S. Van der Heyden,4,D,,False,2026-05-04,raw/api_football/fixture_lineups/2026-04-29/fixture_1208526_lineups.json
1208527,541,Real Madrid,4-3-3,2407,C. Ancelotti,730,T. Courtois,1,G,1:1,True,2026-05-04,raw/api_football/fixture_lineups/2026-04-29/fixture_1208527_lineups.json
1208527,541,Real Madrid,4-3-3,2407,C. Ancelotti,733,Dani Carvajal,2,D,2:4,True,2026-05-04,raw/api_football/fixture_lineups/2026-04-29/fixture_1208527_lineups.json
1208527,541,Real Madrid,4-3-3,2407,C. Ancelotti,372,Éder Militão,3,D,2:3,True,2026-05-04,raw/api_football/fixture_lineups/2026-04-29/fixture_1208527_lineups.json
1208527,541,Real Madrid,4-3-3,2407,C. Ancelotti,2285,A. Rüdiger,22,D,2:2,True,2026-05-04,raw/api_football/fixture_lineups/2026-04-29/fixture_1208527_lineups.json
1208527,541,Real Madrid,4-3-3,2407,C. Ancelotti,653,F. Mendy,23,D,2:1,True,2026-05-04,raw/api_football/fixture_lineups/2026-04-29/fixture_1208527_lineups.json
1208527,541,Real Madrid,4-3-3,2407,C. Ancelotti,756,F. Valverde,8,M,3:3,True,2026-05-04,raw/api_football/fixture_lineups/2026-04-29/fixture_1208527_lineups.json
1208527,541,Real Madrid,4-3-3,2407,C. Ancelotti,1271,A. Tchouaméni,14,M,3:2,True,2026-05-04,raw/api_football/fixture_lineups/2026-04-29/fixture_1208527_lineups.json
1208527,541,Real Madrid,4-3-3,2407,C. Ancelotti,748,Dani Ceballos,19,M,3:1,True,2026-05-04,raw/api_football/fixture_lineups/2026-04-29/fixture_1208527_lineups.json
1208527,541,Real Madrid,4-3-3,2407,C. Ancelotti,10009,Rodrygo,11,F,4:3,True,2026-05-04,raw/api_football/fixture_lineups/2026-04-29/fixture_1208527_lineups.json
1208527,541,Real Madrid,4-3-3,2407,C. Ancelotti,278,K. Mbappé,9,F,4:2,True,2026-05-04,raw/api_football/fixture_lineups/2026-04-29/fixture_1208527_lineups.json
1208527,541,Real Madrid,4-3-3,2407,C. Ancelotti,762,Vinícius Júnior,7,F,4:1,True,2026-05-04,raw/api_football/fixture_lineups/2026-04-29/fixture_1208527_lineups.json
1208527,541,Real Madrid,4-3-3,2407,C. Ancelotti,744,Brahim Díaz,21,M,,False,2026-05-04,raw/api_football/fixture_lineups/2026-04-29/fixture_1208527_lineups.json
1208527,541,Real Madrid,4-3-3,2407,C. Ancelotti,736,Fran García,20,D,,False,2026-05-04,raw/api_football/fixture_lineups/2026-04-29/fixture_1208527_lineups.json
1208527,541,Real Madrid,4-3-3,2407,C. Ancelotti,754,L. Modrić,10,M,,False,2026-05-04,raw/api_football/fixture_lineups/2026-04-29/fixture_1208527_lineups.json
1208527,541,Real Madrid,4-3-3,2407,C. Ancelotti,377122,Endrick,16,F,,False,2026-05-04,raw/api_football/fixture_lineups/2026-04-29/fixture_1208527_lineups.json
1208527,541,Real Madrid,4-3-3,2407,C. Ancelotti,757,Lucas Vázquez,17,M,,False,2026-05-04,raw/api_football/fixture_lineups/2026-04-29/fixture_1208527_lineups.json
1208527,541,Real Madrid,4-3-3,2407,C. Ancelotti,291964,A. Güler,15,M,,False,2026-05-04,raw/api_football/fixture_lineups/2026-04-29/fixture_1208527_lineups.json
1208527,541,Real Madrid,4-3-3,2407,C. Ancelotti,47400,A. Lunin,13,G,,False,2026-05-04,raw/api_football/fixture_lineups/2026-04-29/fixture_1208527_lineups.json
1208527,541,Real Madrid,4-3-3,2407,C. Ancelotti,396475,Fran González,26,G,,False,2026-05-04,raw/api_football/fixture_lineups/2026-04-29/fixture_1208527_lineups.json
1208527,541,Real Madrid,4-3-3,2407,C. Ancelotti,386305,Jacobo Ramón,31,D,,False,2026-05-04,raw/api_football/fixture_lineups/2026-04-29/fixture_1208527_lineups.json
1208527,543,Real Betis,4-2-3-1,3,M. Pellegrini,46672,Rui Silva,1,G,1:1,True,2026-05-04,raw/api_football/fixture_lineups/2026-04-29/fixture_1208527_lineups.json
1208527,543,Real Betis,4-2-3-1,3,M. Pellegrini,1264,Y. Sabaly,23,D,2:4,True,2026-05-04,raw/api_football/fixture_lineups/2026-04-29/fixture_1208527_lineups.json
1208527,543,Real Betis,4-2-3-1,3,M. Pellegrini,47302,Diego Llorente,3,D,2:3,True,2026-05-04,raw/api_football/fixture_lineups/2026-04-29/fixture_1208527_lineups.json
1208527,543,Real Betis,4-2-3-1,3,M. Pellegrini,195100,Natan,6,D,2:2,True,2026-05-04,raw/api_football/fixture_lineups/2026-04-29/fixture_1208527_lineups.json
1208527,543,Real Betis,4-2-3-1,3,M. Pellegrini,20600,R. Perraud,15,D,2:1,True,2026-05-04,raw/api_football/fixture_lineups/2026-04-29/fixture_1208527_lineups.json
1208527,543,Real Betis,4-2-3-1,3,M. Pellegrini,47341,Marc Roca,21,M,3:2,True,2026-05-04,raw/api_football/fixture_lineups/2026-04-29/fixture_1208527_lineups.json
1208527,543,Real Betis,4-2-3-1,3,M. Pellegrini,1580,William Carvalho,14,M,3:1,True,2026-05-04,raw/api_football/fixture_lineups/2026-04-29/fixture_1208527_lineups.json
1208527,543,Real Betis,4-2-3-1,3,M. Pellegrini,185477,Rodri,17,M,4:3,True,2026-05-04,raw/api_football/fixture_lineups/2026-04-29/fixture_1208527_lineups.json
1208527,543,Real Betis,4-2-3-1,3,M. Pellegrini,1697,Pablo Fornals,18,M,4:2,True,2026-05-04,raw/api_football/fixture_lineups/2026-04-29/fixture_1208527_lineups.json
1208527,543,Real Betis,4-2-3-1,3,M. Pellegrini,181421,A. Ezzalzouli,10,M,4:1,True,2026-05-04,raw/api_football/fixture_lineups/2026-04-29/fixture_1208527_lineups.json
1208527,543,Real Betis,4-2-3-1,3,M. Pellegrini,47119,Aitor Ruibal,24,F,5:1,True,2026-05-04,raw/api_football/fixture_lineups/2026-04-29/fixture_1208527_lineups.json
1208527,543,Real Betis,4-2-3-1,3,M. Pellegrini,133185,J. Cardoso,4,M,,False,2026-05-04,raw/api_football/fixture_lineups/2026-04-29/fixture_1208527_lineups.json
1208527,543,Real Betis,4-2-3-1,3,M. Pellegrini,340279,Vitor Roque,8,F,,False,2026-05-04,raw/api_football/fixture_lineups/2026-04-29/fixture_1208527_lineups.json
1208527,543,Real Betis,4-2-3-1,3,M. Pellegrini,400948,Assane Diao,38,F,,False,2026-05-04,raw/api_football/fixture_lineups/2026-04-29/fixture_1208527_lineups.json
1208527,543,Real Betis,4-2-3-1,3,M. Pellegrini,128985,Iker Losada,19,M,,False,2026-05-04,raw/api_football/fixture_lineups/2026-04-29/fixture_1208527_lineups.json
1208527,543,Real Betis,4-2-3-1,3,M. Pellegrini,47320,Juanmi,7,F,,False,2026-05-04,raw/api_football/fixture_lineups/2026-04-29/fixture_1208527_lineups.json
1208527,543,Real Betis,4-2-3-1,3,M. Pellegrini,18812,Adrián,13,G,,False,2026-05-04,raw/api_football/fixture_lineups/2026-04-29/fixture_1208527_lineups.json
1208527,543,Real Betis,4-2-3-1,3,M. Pellegrini,47579,E. Ávila,9,F,,False,2026-05-04,raw/api_football/fixture_lineups/2026-04-29/fixture_1208527_lineups.json
1208527,543,Real Betis,4-2-3-1,3,M. Pellegrini,270973,Lucas Alcázar,43,D,,False,2026-05-04,raw/api_football/fixture_lineups/2026-04-29/fixture_1208527_lineups.json
1208527,543,Real Betis,4-2-3-1,3,M. Pellegrini,286084,Sergi Altimira,16,M,,False,2026-05-04,raw/api_football/fixture_lineups/2026-04-29/fixture_1208527_lineups.json
1208527,543,Real Betis,4-2-3-1,3,M. Pellegrini,1439,Héctor Bellerín,2,D,,False,2026-05-04,raw/api_football/fixture_lineups/2026-04-29/fixture_1208527_lineups.json
1208527,543,Real Betis,4-2-3-1,3,M. Pellegrini,179996,Fran Vieites,25,G,,False,2026-05-04,raw/api_football/fixture_lineups/2026-04-29/fixture_1208527_lineups.json
1208527,543,Real Betis,4-2-3-1,3,M. Pellegrini,1631,R. Rodríguez,12,D,,False,2026-05-04,raw/api_football/fixture_lineups/2026-04-29/fixture_1208527_lineups.json
1208528,727,Osasuna,4-1-4-1,1597,Vicente Moreno,46646,Sergio Herrera,1,G,1:1,True,2026-05-04,raw/api_football/fixture_lineups/2026-04-29/fixture_1208528_lineups.json
1208528,727,Osasuna,4-1-4-1,1597,Vicente Moreno,182181,Jesús Areso,12,D,2:4,True,2026-05-04,raw/api_football/fixture_lineups/2026-04-29/fixture_1208528_lineups.json
1208528,727,Osasuna,4-1-4-1,1597,Vicente Moreno,47533,Catena,24,D,2:3,True,2026-05-04,raw/api_football/fixture_lineups/2026-04-29/fixture_1208528_lineups.json
1208528,727,Osasuna,4-1-4-1,1597,Vicente Moreno,279822,E. Boyomo,22,D,2:2,True,2026-05-04,raw/api_football/fixture_lineups/2026-04-29/fixture_1208528_lineups.json
1208528,727,Osasuna,4-1-4-1,1597,Vicente Moreno,181259,Abel Bretones,23,D,2:1,True,2026-05-04,raw/api_football/fixture_lineups/2026-04-29/fixture_1208528_lineups.json
1208528,727,Osasuna,4-1-4-1,1597,Vicente Moreno,1825,Lucas Torró,6,M,3:1,True,2026-05-04,raw/api_football/fixture_lineups/2026-04-29/fixture_1208528_lineups.json
1208528,727,Osasuna,4-1-4-1,1597,Vicente Moreno,46658,Rubén García,14,M,4:4,True,2026-05-04,raw/api_football/fixture_lineups/2026-04-29/fixture_1208528_lineups.json
1208528,727,Osasuna,4-1-4-1,1597,Vicente Moreno,46662,Moncayola,7,M,4:3,True,2026-05-04,raw/api_football/fixture_lineups/2026-04-29/fixture_1208528_lineups.json
1208528,727,Osasuna,4-1-4-1,1597,Vicente Moreno,67939,Aimar Oroz,10,M,4:2,True,2026-05-04,raw/api_football/fixture_lineups/2026-04-29/fixture_1208528_lineups.json
1208528,727,Osasuna,4-1-4-1,1597,Vicente Moreno,286639,Bryan Zaragoza,19,M,4:1,True,2026-05-04,raw/api_football/fixture_lineups/2026-04-29/fixture_1208528_lineups.json
1208528,727,Osasuna,4-1-4-1,1597,Vicente Moreno,46746,A. Budimir,17,F,5:1,True,2026-05-04,raw/api_football/fixture_lineups/2026-04-29/fixture_1208528_lineups.json
1208528,727,Osasuna,4-1-4-1,1597,Vicente Moreno,47391,Rubén Peña,15,D,,False,2026-05-04,raw/api_football/fixture_lineups/2026-04-29/fixture_1208528_lineups.json
1208528,727,Osasuna,4-1-4-1,1597,Vicente Moreno,146751,Raúl García,9,F,,False,2026-05-04,raw/api_football/fixture_lineups/2026-04-29/fixture_1208528_lineups.json
1208528,727,Osasuna,4-1-4-1,1597,Vicente Moreno,288800,Iker Benito,27,F,,False,2026-05-04,raw/api_football/fixture_lineups/2026-04-29/fixture_1208528_lineups.json
1208528,727,Osasuna,4-1-4-1,1597,Vicente Moreno,139001,Pablo Ibáñez,8,M,,False,2026-05-04,raw/api_football/fixture_lineups/2026-04-29/fixture_1208528_lineups.json
1208528,727,Osasuna,4-1-4-1,1597,Vicente Moreno,47574,Moi Gómez,16,M,,False,2026-05-04,raw/api_football/fixture_lineups/2026-04-29/fixture_1208528_lineups.json
1208528,727,Osasuna,4-1-4-1,1597,Vicente Moreno,46652,Unai García,4,D,,False,2026-05-04,raw/api_football/fixture_lineups/2026-04-29/fixture_1208528_lineups.json
1208528,727,Osasuna,4-1-4-1,1597,Vicente Moreno,46657,Nacho Vidal,2,D,,False,2026-05-04,raw/api_football/fixture_lineups/2026-04-29/fixture_1208528_lineups.json
1208528,727,Osasuna,4-1-4-1,1597,Vicente Moreno,47419,José Arnáiz,20,F,,False,2026-05-04,raw/api_football/fixture_lineups/2026-04-29/fixture_1208528_lineups.json
1208528,727,Osasuna,4-1-4-1,1597,Vicente Moreno,47448,Aitor Fernández,13,G,,False,2026-05-04,raw/api_football/fixture_lineups/2026-04-29/fixture_1208528_lineups.json
1208528,727,Osasuna,4-1-4-1,1597,Vicente Moreno,46967,Juan Cruz,3,D,,False,2026-05-04,raw/api_football/fixture_lineups/2026-04-29/fixture_1208528_lineups.json
1208528,727,Osasuna,4-1-4-1,1597,Vicente Moreno,182592,Jorge Herrando,5,D,,False,2026-05-04,raw/api_football/fixture_lineups/2026-04-29/fixture_1208528_lineups.json
1208528,727,Osasuna,4-1-4-1,1597,Vicente Moreno,46660,Javi Martínez,21,M,,False,2026-05-04,raw/api_football/fixture_lineups/2026-04-29/fixture_1208528_lineups.json
1208528,538,Celta Vigo,3-4-3,18101,Claudio Giráldez,47427,Iván Villar,1,G,1:1,True,2026-05-04,raw/api_football/fixture_lineups/2026-04-29/fixture_1208528_lineups.json
1208528,538,Celta Vigo,3-4-3,18101,Claudio Giráldez,384135,Javi Rodríguez,32,D,2:3,True,2026-05-04,raw/api_football/fixture_lineups/2026-04-29/fixture_1208528_lineups.json
1208528,538,Celta Vigo,3-4-3,18101,Claudio Giráldez,1364,Jailson,16,D,2:2,True,2026-05-04,raw/api_football/fixture_lineups/2026-04-29/fixture_1208528_lineups.json
1208528,538,Celta Vigo,3-4-3,18101,Claudio Giráldez,286559,Carlos Domínguez,24,D,2:1,True,2026-05-04,raw/api_football/fixture_lineups/2026-04-29/fixture_1208528_lineups.json
1208528,538,Celta Vigo,3-4-3,18101,Claudio Giráldez,162712,Óscar Mingueza,3,M,3:4,True,2026-05-04,raw/api_football/fixture_lineups/2026-04-29/fixture_1208528_lineups.json
1208528,538,Celta Vigo,3-4-3,18101,Claudio Giráldez,47435,Fran Beltrán,8,M,3:3,True,2026-05-04,raw/api_football/fixture_lineups/2026-04-29/fixture_1208528_lineups.json
1208528,538,Celta Vigo,3-4-3,18101,Claudio Giráldez,162123,I. Moriba,6,M,3:2,True,2026-05-04,raw/api_football/fixture_lineups/2026-04-29/fixture_1208528_lineups.json
1208528,538,Celta Vigo,3-4-3,18101,Claudio Giráldez,329720,Hugo Álvarez,30,M,3:1,True,2026-05-04,raw/api_football/fixture_lineups/2026-04-29/fixture_1208528_lineups.json
1208528,538,Celta Vigo,3-4-3,18101,Claudio Giráldez,47445,Iago Aspas,10,F,4:3,True,2026-05-04,raw/api_football/fixture_lineups/2026-04-29/fixture_1208528_lineups.json
1208528,538,Celta Vigo,3-4-3,18101,Claudio Giráldez,47348,Borja Iglesias,7,F,4:2,True,2026-05-04,raw/api_football/fixture_lineups/2026-04-29/fixture_1208528_lineups.json
1208528,538,Celta Vigo,3-4-3,18101,Claudio Giráldez,269163,W. Swedberg,19,F,4:1,True,2026-05-04,raw/api_football/fixture_lineups/2026-04-29/fixture_1208528_lineups.json
1208528,538,Celta Vigo,3-4-3,18101,Claudio Giráldez,119213,Alfon González,12,F,,False,2026-05-04,raw/api_football/fixture_lineups/2026-04-29/fixture_1208528_lineups.json
1208528,538,Celta Vigo,3-4-3,18101,Claudio Giráldez,47988,C. Starfelt,2,D,,False,2026-05-04,raw/api_football/fixture_lineups/2026-04-29/fixture_1208528_lineups.json
1208528,538,Celta Vigo,3-4-3,18101,Claudio Giráldez,286796,Damián Rodríguez,25,M,,False,2026-05-04,raw/api_football/fixture_lineups/2026-04-29/fixture_1208528_lineups.json
1208528,538,Celta Vigo,3-4-3,18101,Claudio Giráldez,26845,T. Douvikas,9,F,,False,2026-05-04,raw/api_football/fixture_lineups/2026-04-29/fixture_1208528_lineups.json
1208528,538,Celta Vigo,3-4-3,18101,Claudio Giráldez,313651,Hugo Sotelo,33,M,,False,2026-05-04,raw/api_football/fixture_lineups/2026-04-29/fixture_1208528_lineups.json
1208528,538,Celta Vigo,3-4-3,18101,Claudio Giráldez,18835,Vicente Guaita,13,G,,False,2026-05-04,raw/api_football/fixture_lineups/2026-04-29/fixture_1208528_lineups.json
1208528,538,Celta Vigo,3-4-3,18101,Claudio Giráldez,320517,Pablo Durán,18,F,,False,2026-05-04,raw/api_football/fixture_lineups/2026-04-29/fixture_1208528_lineups.json
1208528,538,Celta Vigo,3-4-3,18101,Claudio Giráldez,1926,J. Aidoo,15,D,,False,2026-05-04,raw/api_football/fixture_lineups/2026-04-29/fixture_1208528_lineups.json
1208528,538,Celta Vigo,3-4-3,18101,Claudio Giráldez,157988,Sergio Carreira,5,D,,False,2026-05-04,raw/api_football/fixture_lineups/2026-04-29/fixture_1208528_lineups.json
1208528,538,Celta Vigo,3-4-3,18101,Claudio Giráldez,18896,Javier Manquillo,22,D,,False,2026-05-04,raw/api_football/fixture_lineups/2026-04-29/fixture_1208528_lineups.json
1208528,538,Celta Vigo,3-4-3,18101,Claudio Giráldez,22235,J. Bamba,17,F,,False,2026-05-04,raw/api_football/fixture_lineups/2026-04-29/fixture_1208528_lineups.json
1208528,538,Celta Vigo,3-4-3,18101,Claudio Giráldez,286795,César Fernández,27,G,,False,2026-05-04,raw/api_football/fixture_lineups/2026-04-29/fixture_1208528_lineups.json
1208529,536,Sevilla,4-2-3-1,5391,García Pimienta,19172,Ø. Nyland,13,G,1:1,True,2026-05-04,raw/api_football/fixture_lineups/2026-04-29/fixture_1208529_lineups.json
1208529,536,Sevilla,4-2-3-1,5391,García Pimienta,195923,José Ángel Carmona,32,D,2:4,True,2026-05-04,raw/api_football/fixture_lineups/2026-04-29/fixture_1208529_lineups.json
1208529,536,Sevilla,4-2-3-1,5391,García Pimienta,174918,L. Badé,22,D,2:3,True,2026-05-04,raw/api_football/fixture_lineups/2026-04-29/fixture_1208529_lineups.json
1208529,536,Sevilla,4-2-3-1,5391,García Pimienta,433,Marcão,23,D,2:2,True,2026-05-04,raw/api_football/fixture_lineups/2026-04-29/fixture_1208529_lineups.json
1208529,536,Sevilla,4-2-3-1,5391,García Pimienta,319572,V. Barco,19,D,2:1,True,2026-05-04,raw/api_football/fixture_lineups/2026-04-29/fixture_1208529_lineups.json
1208529,536,Sevilla,4-2-3-1,5391,García Pimienta,21004,L. Agoumé,18,M,3:2,True,2026-05-04,raw/api_football/fixture_lineups/2026-04-29/fixture_1208529_lineups.json
1208529,536,Sevilla,4-2-3-1,5391,García Pimienta,1427,A. Sambi Lokonga,12,M,3:1,True,2026-05-04,raw/api_football/fixture_lineups/2026-04-29/fixture_1208529_lineups.json
1208529,536,Sevilla,4-2-3-1,5391,García Pimienta,25458,D. Lukébakio,11,M,4:3,True,2026-05-04,raw/api_football/fixture_lineups/2026-04-29/fixture_1208529_lineups.json
1208529,536,Sevilla,4-2-3-1,5391,García Pimienta,182772,Juanlu Sánchez,26,M,4:2,True,2026-05-04,raw/api_football/fixture_lineups/2026-04-29/fixture_1208529_lineups.json
1208529,536,Sevilla,4-2-3-1,5391,García Pimienta,39121,C. Ejuke,21,M,4:1,True,2026-05-04,raw/api_football/fixture_lineups/2026-04-29/fixture_1208529_lineups.json
1208529,536,Sevilla,4-2-3-1,5391,García Pimienta,185398,Isaac Romero,7,F,5:1,True,2026-05-04,raw/api_football/fixture_lineups/2026-04-29/fixture_1208529_lineups.json
1208529,536,Sevilla,4-2-3-1,5391,García Pimienta,2054,Jesús Navas,16,D,,False,2026-05-04,raw/api_football/fixture_lineups/2026-04-29/fixture_1208529_lineups.json
1208529,536,Sevilla,4-2-3-1,5391,García Pimienta,162126,Peque Fernández,14,F,,False,2026-05-04,raw/api_football/fixture_lineups/2026-04-29/fixture_1208529_lineups.json
1208529,536,Sevilla,4-2-3-1,5391,García Pimienta,340152,S. Idumbo,27,M,,False,2026-05-04,raw/api_football/fixture_lineups/2026-04-29/fixture_1208529_lineups.json
1208529,536,Sevilla,4-2-3-1,5391,García Pimienta,957,D. Sow,20,M,,False,2026-05-04,raw/api_football/fixture_lineups/2026-04-29/fixture_1208529_lineups.json
1208529,536,Sevilla,4-2-3-1,5391,García Pimienta,47016,Álvaro Fernández,1,G,,False,2026-05-04,raw/api_football/fixture_lineups/2026-04-29/fixture_1208529_lineups.json
1208529,536,Sevilla,4-2-3-1,5391,García Pimienta,2778,K. Ịheanachọ,9,F,,False,2026-05-04,raw/api_football/fixture_lineups/2026-04-29/fixture_1208529_lineups.json
1208529,536,Sevilla,4-2-3-1,5391,García Pimienta,297311,Kike Salas,4,D,,False,2026-05-04,raw/api_football/fixture_lineups/2026-04-29/fixture_1208529_lineups.json
1208529,536,Sevilla,4-2-3-1,5391,García Pimienta,2468,G. Montiel,15,D,,False,2026-05-04,raw/api_football/fixture_lineups/2026-04-29/fixture_1208529_lineups.json
1208529,536,Sevilla,4-2-3-1,5391,García Pimienta,47329,Adrià Pedrosa,3,D,,False,2026-05-04,raw/api_football/fixture_lineups/2026-04-29/fixture_1208529_lineups.json
1208529,536,Sevilla,4-2-3-1,5391,García Pimienta,133110,T. Nianzou,24,D,,False,2026-05-04,raw/api_football/fixture_lineups/2026-04-29/fixture_1208529_lineups.json
1208529,536,Sevilla,4-2-3-1,5391,García Pimienta,331330,Matías Árbol,33,G,,False,2026-05-04,raw/api_football/fixture_lineups/2026-04-29/fixture_1208529_lineups.json
1208529,536,Sevilla,4-2-3-1,5391,García Pimienta,1489,N. Gudelj,6,M,,False,2026-05-04,raw/api_football/fixture_lineups/2026-04-29/fixture_1208529_lineups.json
1208529,547,Girona,4-3-3,82,Míchel Sánchez,158,P. Gazzaniga,13,G,1:1,True,2026-05-04,raw/api_football/fixture_lineups/2026-04-29/fixture_1208529_lineups.json
1208529,547,Girona,4-3-3,82,Míchel Sánchez,162434,Alejandro Francés,16,D,2:4,True,2026-05-04,raw/api_football/fixture_lineups/2026-04-29/fixture_1208529_lineups.json
1208529,547,Girona,4-3-3,82,Míchel Sánchez,47334,David López,5,D,2:3,True,2026-05-04,raw/api_football/fixture_lineups/2026-04-29/fixture_1208529_lineups.json
1208529,547,Girona,4-3-3,82,Míchel Sánchez,531,D. Blind,17,D,2:2,True,2026-05-04,raw/api_football/fixture_lineups/2026-04-29/fixture_1208529_lineups.json
1208529,547,Girona,4-3-3,82,Míchel Sánchez,162032,Miguel Gutiérrez,3,D,2:1,True,2026-05-04,raw/api_football/fixture_lineups/2026-04-29/fixture_1208529_lineups.json
1208529,547,Girona,4-3-3,82,Míchel Sánchez,1700,Iván Martín,23,M,3:3,True,2026-05-04,raw/api_football/fixture_lineups/2026-04-29/fixture_1208529_lineups.json
1208529,547,Girona,4-3-3,82,Míchel Sánchez,18949,Oriol Romeu,14,M,3:2,True,2026-05-04,raw/api_football/fixture_lineups/2026-04-29/fixture_1208529_lineups.json
1208529,547,Girona,4-3-3,82,Míchel Sánchez,2449,Y. Herrera,21,M,3:1,True,2026-05-04,raw/api_football/fixture_lineups/2026-04-29/fixture_1208529_lineups.json
1208529,547,Girona,4-3-3,82,Míchel Sánchez,2182,V. Tsyhankov,8,F,4:3,True,2026-05-04,raw/api_football/fixture_lineups/2026-04-29/fixture_1208529_lineups.json
1208529,547,Girona,4-3-3,82,Míchel Sánchez,155,Abel Ruiz,9,F,4:2,True,2026-05-04,raw/api_football/fixture_lineups/2026-04-29/fixture_1208529_lineups.json
1208529,547,Girona,4-3-3,82,Míchel Sánchez,2061,Bryan Gil,20,F,4:1,True,2026-05-04,raw/api_football/fixture_lineups/2026-04-29/fixture_1208529_lineups.json
1208529,547,Girona,4-3-3,82,Míchel Sánchez,83,A. Danjuma,11,F,,False,2026-05-04,raw/api_football/fixture_lineups/2026-04-29/fixture_1208529_lineups.json
1208529,547,Girona,4-3-3,82,Míchel Sánchez,306727,J. Solís,22,M,,False,2026-05-04,raw/api_football/fixture_lineups/2026-04-29/fixture_1208529_lineups.json
1208529,547,Girona,4-3-3,82,Míchel Sánchez,281795,Y. Asprilla,10,M,,False,2026-05-04,raw/api_football/fixture_lineups/2026-04-29/fixture_1208529_lineups.json
1208529,547,Girona,4-3-3,82,Míchel Sánchez,283668,Arnau Martínez,4,D,,False,2026-05-04,raw/api_football/fixture_lineups/2026-04-29/fixture_1208529_lineups.json
1208529,547,Girona,4-3-3,82,Míchel Sánchez,47520,Portu,24,F,,False,2026-05-04,raw/api_football/fixture_lineups/2026-04-29/fixture_1208529_lineups.json
1208529,547,Girona,4-3-3,82,Míchel Sánchez,336674,G. Misehouy,27,M,,False,2026-05-04,raw/api_football/fixture_lineups/2026-04-29/fixture_1208529_lineups.json
1208529,547,Girona,4-3-3,82,Míchel Sánchez,109564,B. Miovski,19,F,,False,2026-05-04,raw/api_football/fixture_lineups/2026-04-29/fixture_1208529_lineups.json
1208529,547,Girona,4-3-3,82,Míchel Sánchez,66407,L. Krejčí,18,D,,False,2026-05-04,raw/api_football/fixture_lineups/2026-04-29/fixture_1208529_lineups.json
1208529,547,Girona,4-3-3,82,Míchel Sánchez,547,D. van de Beek,6,M,,False,2026-05-04,raw/api_football/fixture_lineups/2026-04-29/fixture_1208529_lineups.json
1208529,547,Girona,4-3-3,82,Míchel Sánchez,1557,Pau López,25,G,,False,2026-05-04,raw/api_football/fixture_lineups/2026-04-29/fixture_1208529_lineups.json
1208529,547,Girona,4-3-3,82,Míchel Sánchez,2617,C. Stuani,7,F,,False,2026-05-04,raw/api_football/fixture_lineups/2026-04-29/fixture_1208529_lineups.json
1208529,547,Girona,4-3-3,82,Míchel Sánchez,47511,Juanpe,15,D,,False,2026-05-04,raw/api_football/fixture_lineups/2026-04-29/fixture_1208529_lineups.json
1208530,530,Atletico Madrid,5-3-2,1595,D. Simeone,29,J. Oblak,13,G,1:1,True,2026-05-04,raw/api_football/fixture_lineups/2026-04-29/fixture_1208530_lineups.json
1208530,530,Atletico Madrid,5-3-2,1595,D. Simeone,753,Marcos Llorente,14,D,2:5,True,2026-05-04,raw/api_football/fixture_lineups/2026-04-29/fixture_1208530_lineups.json
1208530,530,Atletico Madrid,5-3-2,1595,D. Simeone,47301,Robin Le Normand,24,D,2:4,True,2026-05-04,raw/api_football/fixture_lineups/2026-04-29/fixture_1208530_lineups.json
1208530,530,Atletico Madrid,5-3-2,1595,D. Simeone,31,J. Giménez,2,D,2:3,True,2026-05-04,raw/api_football/fixture_lineups/2026-04-29/fixture_1208530_lineups.json
1208530,530,Atletico Madrid,5-3-2,1595,D. Simeone,2280,César Azpilicueta,3,D,2:2,True,2026-05-04,raw/api_football/fixture_lineups/2026-04-29/fixture_1208530_lineups.json
1208530,530,Atletico Madrid,5-3-2,1595,D. Simeone,126936,Samuel Lino,12,D,2:1,True,2026-05-04,raw/api_football/fixture_lineups/2026-04-29/fixture_1208530_lineups.json
1208530,530,Atletico Madrid,5-3-2,1595,D. Simeone,2472,R. De Paul,5,M,3:3,True,2026-05-04,raw/api_football/fixture_lineups/2026-04-29/fixture_1208530_lineups.json
1208530,530,Atletico Madrid,5-3-2,1595,D. Simeone,50,Koke,6,M,3:2,True,2026-05-04,raw/api_football/fixture_lineups/2026-04-29/fixture_1208530_lineups.json
1208530,530,Atletico Madrid,5-3-2,1595,D. Simeone,67972,C. Gallagher,4,M,3:1,True,2026-05-04,raw/api_football/fixture_lineups/2026-04-29/fixture_1208530_lineups.json
1208530,530,Atletico Madrid,5-3-2,1595,D. Simeone,56,A. Griezmann,7,F,4:2,True,2026-05-04,raw/api_football/fixture_lineups/2026-04-29/fixture_1208530_lineups.json
1208530,530,Atletico Madrid,5-3-2,1595,D. Simeone,8492,A. Sørloth,9,F,4:1,True,2026-05-04,raw/api_football/fixture_lineups/2026-04-29/fixture_1208530_lineups.json
1208530,530,Atletico Madrid,5-3-2,1595,D. Simeone,6009,J. Alvarez,19,F,,False,2026-05-04,raw/api_football/fixture_lineups/2026-04-29/fixture_1208530_lineups.json
1208530,530,Atletico Madrid,5-3-2,1595,D. Simeone,53,Á. Correa,10,F,,False,2026-05-04,raw/api_football/fixture_lineups/2026-04-29/fixture_1208530_lineups.json
1208530,530,Atletico Madrid,5-3-2,1595,D. Simeone,136117,Rodrigo Riquelme,17,M,,False,2026-05-04,raw/api_football/fixture_lineups/2026-04-29/fixture_1208530_lineups.json
1208530,530,Atletico Madrid,5-3-2,1595,D. Simeone,323935,G. Simeone,22,F,,False,2026-05-04,raw/api_football/fixture_lineups/2026-04-29/fixture_1208530_lineups.json
1208530,530,Atletico Madrid,5-3-2,1595,D. Simeone,22225,Reinildo,23,D,,False,2026-05-04,raw/api_football/fixture_lineups/2026-04-29/fixture_1208530_lineups.json
1208530,530,Atletico Madrid,5-3-2,1595,D. Simeone,2465,J. Musso,1,G,,False,2026-05-04,raw/api_football/fixture_lineups/2026-04-29/fixture_1208530_lineups.json
1208530,530,Atletico Madrid,5-3-2,1595,D. Simeone,333379,Antonio Gomis,31,G,,False,2026-05-04,raw/api_football/fixture_lineups/2026-04-29/fixture_1208530_lineups.json
1208530,530,Atletico Madrid,5-3-2,1595,D. Simeone,133,C. Lenglet,15,D,,False,2026-05-04,raw/api_football/fixture_lineups/2026-04-29/fixture_1208530_lineups.json
1208530,530,Atletico Madrid,5-3-2,1595,D. Simeone,20,A. Witsel,20,D,,False,2026-05-04,raw/api_football/fixture_lineups/2026-04-29/fixture_1208530_lineups.json
1208530,530,Atletico Madrid,5-3-2,1595,D. Simeone,303378,Javi Serrano,29,M,,False,2026-05-04,raw/api_football/fixture_lineups/2026-04-29/fixture_1208530_lineups.json
1208530,530,Atletico Madrid,5-3-2,1595,D. Simeone,47566,Javi Galán,21,D,,False,2026-05-04,raw/api_football/fixture_lineups/2026-04-29/fixture_1208530_lineups.json
1208530,530,Atletico Madrid,5-3-2,1595,D. Simeone,6503,N. Molina,16,D,,False,2026-05-04,raw/api_football/fixture_lineups/2026-04-29/fixture_1208530_lineups.json
1208530,532,Valencia,4-4-2,3234,Rubén Baraja,24760,G. Mamardashvili,25,G,1:1,True,2026-05-04,raw/api_football/fixture_lineups/2026-04-29/fixture_1208530_lineups.json
1208530,532,Valencia,4-4-2,3234,Rubén Baraja,47251,D. Foulquier,20,D,2:4,True,2026-05-04,raw/api_football/fixture_lineups/2026-04-29/fixture_1208530_lineups.json
1208530,532,Valencia,4-4-2,3234,Rubén Baraja,333672,César Tárrega,15,D,2:3,True,2026-05-04,raw/api_football/fixture_lineups/2026-04-29/fixture_1208530_lineups.json
1208530,532,Valencia,4-4-2,3234,Rubén Baraja,333682,Cristhian Mosquera,3,D,2:2,True,2026-05-04,raw/api_football/fixture_lineups/2026-04-29/fixture_1208530_lineups.json
1208530,532,Valencia,4-4-2,3234,Rubén Baraja,1482,Thierry Correia,12,D,2:1,True,2026-05-04,raw/api_football/fixture_lineups/2026-04-29/fixture_1208530_lineups.json
1208530,532,Valencia,4-4-2,3234,Rubén Baraja,162127,Diego López,16,M,3:4,True,2026-05-04,raw/api_football/fixture_lineups/2026-04-29/fixture_1208530_lineups.json
1208530,532,Valencia,4-4-2,3234,Rubén Baraja,919,Hugo Guillamón,6,M,3:3,True,2026-05-04,raw/api_football/fixture_lineups/2026-04-29/fixture_1208530_lineups.json
1208530,532,Valencia,4-4-2,3234,Rubén Baraja,47463,Pepelu,18,M,3:2,True,2026-05-04,raw/api_football/fixture_lineups/2026-04-29/fixture_1208530_lineups.json
1208530,532,Valencia,4-4-2,3234,Rubén Baraja,46933,Luis Rioja,22,M,3:1,True,2026-05-04,raw/api_football/fixture_lineups/2026-04-29/fixture_1208530_lineups.json
1208530,532,Valencia,4-4-2,3234,Rubén Baraja,315699,Javi Guerra,8,F,4:2,True,2026-05-04,raw/api_football/fixture_lineups/2026-04-29/fixture_1208530_lineups.json
1208530,532,Valencia,4-4-2,3234,Rubén Baraja,119232,Dani Gómez,17,F,4:1,True,2026-05-04,raw/api_football/fixture_lineups/2026-04-29/fixture_1208530_lineups.json
1208530,532,Valencia,4-4-2,3234,Rubén Baraja,158378,E. Barrenechea,5,M,,False,2026-05-04,raw/api_football/fixture_lineups/2026-04-29/fixture_1208530_lineups.json
1208530,532,Valencia,4-4-2,3234,Rubén Baraja,19352,Sergi Canós,7,M,,False,2026-05-04,raw/api_football/fixture_lineups/2026-04-29/fixture_1208530_lineups.json
1208530,532,Valencia,4-4-2,3234,Rubén Baraja,162175,Jesús Vázquez,21,D,,False,2026-05-04,raw/api_football/fixture_lineups/2026-04-29/fixture_1208530_lineups.json
1208530,532,Valencia,4-4-2,3234,Rubén Baraja,348326,Martín Tejón,32,M,,False,2026-05-04,raw/api_football/fixture_lineups/2026-04-29/fixture_1208530_lineups.json
1208530,532,Valencia,4-4-2,3234,Rubén Baraja,161963,Germán Valera,30,F,,False,2026-05-04,raw/api_football/fixture_lineups/2026-04-29/fixture_1208530_lineups.json
1208530,532,Valencia,4-4-2,3234,Rubén Baraja,8718,M. Caufriez,2,D,,False,2026-05-04,raw/api_football/fixture_lineups/2026-04-29/fixture_1208530_lineups.json
1208530,532,Valencia,4-4-2,3234,Rubén Baraja,47527,S. Dimitrievski,13,G,,False,2026-05-04,raw/api_football/fixture_lineups/2026-04-29/fixture_1208530_lineups.json
1208530,532,Valencia,4-4-2,3234,Rubén Baraja,270498,W. Madrigal,42,F,,False,2026-05-04,raw/api_football/fixture_lineups/2026-04-29/fixture_1208530_lineups.json
1208530,532,Valencia,4-4-2,3234,Rubén Baraja,361385,Yarek Gąsiorowski,24,D,,False,2026-05-04,raw/api_football/fixture_lineups/2026-04-29/fixture_1208530_lineups.json
1208531,543,Real Betis,4-2-3-1,3,M. Pellegrini,46672,Rui Silva,1,G,1:1,True,2026-05-04,raw/api_football/fixture_lineups/2026-04-29/fixture_1208531_lineups.json
1208531,543,Real Betis,4-2-3-1,3,M. Pellegrini,1264,Y. Sabaly,23,D,2:4,True,2026-05-04,raw/api_football/fixture_lineups/2026-04-29/fixture_1208531_lineups.json
1208531,543,Real Betis,4-2-3-1,3,M. Pellegrini,47302,Diego Llorente,3,D,2:3,True,2026-05-04,raw/api_football/fixture_lineups/2026-04-29/fixture_1208531_lineups.json
1208531,543,Real Betis,4-2-3-1,3,M. Pellegrini,195100,Natan,6,D,2:2,True,2026-05-04,raw/api_football/fixture_lineups/2026-04-29/fixture_1208531_lineups.json
1208531,543,Real Betis,4-2-3-1,3,M. Pellegrini,20600,R. Perraud,15,D,2:1,True,2026-05-04,raw/api_football/fixture_lineups/2026-04-29/fixture_1208531_lineups.json
1208531,543,Real Betis,4-2-3-1,3,M. Pellegrini,47341,Marc Roca,21,M,3:2,True,2026-05-04,raw/api_football/fixture_lineups/2026-04-29/fixture_1208531_lineups.json
1208531,543,Real Betis,4-2-3-1,3,M. Pellegrini,1580,William Carvalho,14,M,3:1,True,2026-05-04,raw/api_football/fixture_lineups/2026-04-29/fixture_1208531_lineups.json
1208531,543,Real Betis,4-2-3-1,3,M. Pellegrini,47579,E. Ávila,9,M,4:3,True,2026-05-04,raw/api_football/fixture_lineups/2026-04-29/fixture_1208531_lineups.json
1208531,543,Real Betis,4-2-3-1,3,M. Pellegrini,1697,Pablo Fornals,18,M,4:2,True,2026-05-04,raw/api_football/fixture_lineups/2026-04-29/fixture_1208531_lineups.json
1208531,543,Real Betis,4-2-3-1,3,M. Pellegrini,181421,A. Ezzalzouli,10,M,4:1,True,2026-05-04,raw/api_football/fixture_lineups/2026-04-29/fixture_1208531_lineups.json
1208531,543,Real Betis,4-2-3-1,3,M. Pellegrini,400948,Assane Diao,38,F,5:1,True,2026-05-04,raw/api_football/fixture_lineups/2026-04-29/fixture_1208531_lineups.json
1208531,543,Real Betis,4-2-3-1,3,M. Pellegrini,286084,Sergi Altimira,16,M,,False,2026-05-04,raw/api_football/fixture_lineups/2026-04-29/fixture_1208531_lineups.json
1208531,543,Real Betis,4-2-3-1,3,M. Pellegrini,1578,G. Lo Celso,20,M,,False,2026-05-04,raw/api_football/fixture_lineups/2026-04-29/fixture_1208531_lineups.json
1208531,543,Real Betis,4-2-3-1,3,M. Pellegrini,340279,Vitor Roque,8,F,,False,2026-05-04,raw/api_football/fixture_lineups/2026-04-29/fixture_1208531_lineups.json
1208531,543,Real Betis,4-2-3-1,3,M. Pellegrini,1439,Héctor Bellerín,2,D,,False,2026-05-04,raw/api_football/fixture_lineups/2026-04-29/fixture_1208531_lineups.json
1208531,543,Real Betis,4-2-3-1,3,M. Pellegrini,47119,Aitor Ruibal,24,D,,False,2026-05-04,raw/api_football/fixture_lineups/2026-04-29/fixture_1208531_lineups.json
1208531,543,Real Betis,4-2-3-1,3,M. Pellegrini,18812,Adrián,13,G,,False,2026-05-04,raw/api_football/fixture_lineups/2026-04-29/fixture_1208531_lineups.json
1208531,543,Real Betis,4-2-3-1,3,M. Pellegrini,270973,Lucas Alcázar,43,D,,False,2026-05-04,raw/api_football/fixture_lineups/2026-04-29/fixture_1208531_lineups.json
1208531,543,Real Betis,4-2-3-1,3,M. Pellegrini,443162,Jesús Rodríguez,36,F,,False,2026-05-04,raw/api_football/fixture_lineups/2026-04-29/fixture_1208531_lineups.json
1208531,543,Real Betis,4-2-3-1,3,M. Pellegrini,128985,Iker Losada,19,M,,False,2026-05-04,raw/api_football/fixture_lineups/2026-04-29/fixture_1208531_lineups.json
1208531,543,Real Betis,4-2-3-1,3,M. Pellegrini,179996,Fran Vieites,25,G,,False,2026-05-04,raw/api_football/fixture_lineups/2026-04-29/fixture_1208531_lineups.json
1208531,543,Real Betis,4-2-3-1,3,M. Pellegrini,1631,R. Rodríguez,12,D,,False,2026-05-04,raw/api_football/fixture_lineups/2026-04-29/fixture_1208531_lineups.json
1208531,543,Real Betis,4-2-3-1,3,M. Pellegrini,133185,J. Cardoso,4,M,,False,2026-05-04,raw/api_football/fixture_lineups/2026-04-29/fixture_1208531_lineups.json
1208531,537,Leganes,4-2-3-1,1100,Borja Jiménez,2036,Juan Soriano,1,G,1:1,True,2026-05-04,raw/api_football/fixture_lineups/2026-04-29/fixture_1208531_lineups.json
1208531,537,Leganes,4-2-3-1,1100,Borja Jiménez,21701,V. Rosier,12,D,2:4,True,2026-05-04,raw/api_football/fixture_lineups/2026-04-29/fixture_1208531_lineups.json
1208531,537,Leganes,4-2-3-1,1100,Borja Jiménez,47080,Jorge Sáenz,3,D,2:3,True,2026-05-04,raw/api_football/fixture_lineups/2026-04-29/fixture_1208531_lineups.json
1208531,537,Leganes,4-2-3-1,1100,Borja Jiménez,123047,Sergio González,6,D,2:2,True,2026-05-04,raw/api_football/fixture_lineups/2026-04-29/fixture_1208531_lineups.json
1208531,537,Leganes,4-2-3-1,1100,Borja Jiménez,46849,Javi Hernández,20,D,2:1,True,2026-05-04,raw/api_football/fixture_lineups/2026-04-29/fixture_1208531_lineups.json
1208531,537,Leganes,4-2-3-1,1100,Borja Jiménez,47361,D. Brašanac,14,M,3:2,True,2026-05-04,raw/api_football/fixture_lineups/2026-04-29/fixture_1208531_lineups.json
1208531,537,Leganes,4-2-3-1,1100,Borja Jiménez,41976,Y. Neyou,17,M,3:1,True,2026-05-04,raw/api_football/fixture_lineups/2026-04-29/fixture_1208531_lineups.json
1208531,537,Leganes,4-2-3-1,1100,Borja Jiménez,185202,Juan Cruz,11,M,4:3,True,2026-05-04,raw/api_football/fixture_lineups/2026-04-29/fixture_1208531_lineups.json
1208531,537,Leganes,4-2-3-1,1100,Borja Jiménez,47416,Óscar Rodríguez,7,M,4:2,True,2026-05-04,raw/api_football/fixture_lineups/2026-04-29/fixture_1208531_lineups.json
1208531,537,Leganes,4-2-3-1,1100,Borja Jiménez,129657,Enric Franquesa,15,M,4:1,True,2026-05-04,raw/api_football/fixture_lineups/2026-04-29/fixture_1208531_lineups.json
1208531,537,Leganes,4-2-3-1,1100,Borja Jiménez,1826,S. Haller,18,F,5:1,True,2026-05-04,raw/api_football/fixture_lineups/2026-04-29/fixture_1208531_lineups.json
1208531,537,Leganes,4-2-3-1,1100,Borja Jiménez,162122,Adrià Alti,2,D,,False,2026-05-04,raw/api_football/fixture_lineups/2026-04-29/fixture_1208531_lineups.json
1208531,537,Leganes,4-2-3-1,1100,Borja Jiménez,403,M. Nastasić,22,D,,False,2026-05-04,raw/api_football/fixture_lineups/2026-04-29/fixture_1208531_lineups.json
1208531,537,Leganes,4-2-3-1,1100,Borja Jiménez,302051,S. Cissé,8,M,,False,2026-05-04,raw/api_football/fixture_lineups/2026-04-29/fixture_1208531_lineups.json
1208531,537,Leganes,4-2-3-1,1100,Borja Jiménez,2433,R. Tapia,5,M,,False,2026-05-04,raw/api_football/fixture_lineups/2026-04-29/fixture_1208531_lineups.json
1208531,537,Leganes,4-2-3-1,1100,Borja Jiménez,5974,J. Chicco,24,M,,False,2026-05-04,raw/api_football/fixture_lineups/2026-04-29/fixture_1208531_lineups.json
1208531,537,Leganes,4-2-3-1,1100,Borja Jiménez,47494,Miguel de la Fuente,9,F,,False,2026-05-04,raw/api_football/fixture_lineups/2026-04-29/fixture_1208531_lineups.json
1208531,537,Leganes,4-2-3-1,1100,Borja Jiménez,184481,Diego García,19,F,,False,2026-05-04,raw/api_football/fixture_lineups/2026-04-29/fixture_1208531_lineups.json
1208531,537,Leganes,4-2-3-1,1100,Borja Jiménez,2060,M. El Haddadi,23,F,,False,2026-05-04,raw/api_football/fixture_lineups/2026-04-29/fixture_1208531_lineups.json
1208531,537,Leganes,4-2-3-1,1100,Borja Jiménez,2575,J. Porozo,4,D,,False,2026-05-04,raw/api_football/fixture_lineups/2026-04-29/fixture_1208531_lineups.json
1208531,537,Leganes,4-2-3-1,1100,Borja Jiménez,47321,Roberto López,21,M,,False,2026-05-04,raw/api_football/fixture_lineups/2026-04-29/fixture_1208531_lineups.json
1208531,537,Leganes,4-2-3-1,1100,Borja Jiménez,1708,Dani Raba,10,F,,False,2026-05-04,raw/api_football/fixture_lineups/2026-04-29/fixture_1208531_lineups.json
1208531,537,Leganes,4-2-3-1,1100,Borja Jiménez,2813,M. Dmitrović,13,G,,False,2026-05-04,raw/api_football/fixture_lineups/2026-04-29/fixture_1208531_lineups.json
1208532,538,Celta Vigo,3-4-3,18101,Claudio Giráldez,18835,Vicente Guaita,13,G,1:1,True,2026-05-04,raw/api_football/fixture_lineups/2026-04-29/fixture_1208532_lineups.json
1208532,538,Celta Vigo,3-4-3,18101,Claudio Giráldez,384135,Javi Rodríguez,32,D,2:3,True,2026-05-04,raw/api_football/fixture_lineups/2026-04-29/fixture_1208532_lineups.json
1208532,538,Celta Vigo,3-4-3,18101,Claudio Giráldez,47988,C. Starfelt,2,D,2:2,True,2026-05-04,raw/api_football/fixture_lineups/2026-04-29/fixture_1208532_lineups.json
1208532,538,Celta Vigo,3-4-3,18101,Claudio Giráldez,1364,Jailson,16,D,2:1,True,2026-05-04,raw/api_football/fixture_lineups/2026-04-29/fixture_1208532_lineups.json
1208532,538,Celta Vigo,3-4-3,18101,Claudio Giráldez,162712,Óscar Mingueza,3,M,3:4,True,2026-05-04,raw/api_football/fixture_lineups/2026-04-29/fixture_1208532_lineups.json
1208532,538,Celta Vigo,3-4-3,18101,Claudio Giráldez,313651,Hugo Sotelo,33,M,3:3,True,2026-05-04,raw/api_football/fixture_lineups/2026-04-29/fixture_1208532_lineups.json
1208532,538,Celta Vigo,3-4-3,18101,Claudio Giráldez,47435,Fran Beltrán,8,M,3:2,True,2026-05-04,raw/api_football/fixture_lineups/2026-04-29/fixture_1208532_lineups.json
1208532,538,Celta Vigo,3-4-3,18101,Claudio Giráldez,329720,Hugo Álvarez,30,M,3:1,True,2026-05-04,raw/api_football/fixture_lineups/2026-04-29/fixture_1208532_lineups.json
1208532,538,Celta Vigo,3-4-3,18101,Claudio Giráldez,47445,Iago Aspas,10,F,4:3,True,2026-05-04,raw/api_football/fixture_lineups/2026-04-29/fixture_1208532_lineups.json
1208532,538,Celta Vigo,3-4-3,18101,Claudio Giráldez,47348,Borja Iglesias,7,F,4:2,True,2026-05-04,raw/api_football/fixture_lineups/2026-04-29/fixture_1208532_lineups.json
1208532,538,Celta Vigo,3-4-3,18101,Claudio Giráldez,320517,Pablo Durán,18,F,4:1,True,2026-05-04,raw/api_football/fixture_lineups/2026-04-29/fixture_1208532_lineups.json
1208532,538,Celta Vigo,3-4-3,18101,Claudio Giráldez,26845,T. Douvikas,9,F,,False,2026-05-04,raw/api_football/fixture_lineups/2026-04-29/fixture_1208532_lineups.json
1208532,538,Celta Vigo,3-4-3,18101,Claudio Giráldez,286796,Damián Rodríguez,25,M,,False,2026-05-04,raw/api_football/fixture_lineups/2026-04-29/fixture_1208532_lineups.json
1208532,538,Celta Vigo,3-4-3,18101,Claudio Giráldez,2278,Marcos Alonso,20,D,,False,2026-05-04,raw/api_football/fixture_lineups/2026-04-29/fixture_1208532_lineups.json
1208532,538,Celta Vigo,3-4-3,18101,Claudio Giráldez,269163,W. Swedberg,19,M,,False,2026-05-04,raw/api_football/fixture_lineups/2026-04-29/fixture_1208532_lineups.json
1208532,538,Celta Vigo,3-4-3,18101,Claudio Giráldez,1926,J. Aidoo,15,D,,False,2026-05-04,raw/api_football/fixture_lineups/2026-04-29/fixture_1208532_lineups.json
1208532,538,Celta Vigo,3-4-3,18101,Claudio Giráldez,286795,César Fernández,27,G,,False,2026-05-04,raw/api_football/fixture_lineups/2026-04-29/fixture_1208532_lineups.json
1208532,538,Celta Vigo,3-4-3,18101,Claudio Giráldez,304383,T. Allende,23,F,,False,2026-05-04,raw/api_football/fixture_lineups/2026-04-29/fixture_1208532_lineups.json
1208532,538,Celta Vigo,3-4-3,18101,Claudio Giráldez,157988,Sergio Carreira,5,D,,False,2026-05-04,raw/api_football/fixture_lineups/2026-04-29/fixture_1208532_lineups.json
1208532,538,Celta Vigo,3-4-3,18101,Claudio Giráldez,162123,I. Moriba,6,M,,False,2026-05-04,raw/api_football/fixture_lineups/2026-04-29/fixture_1208532_lineups.json
1208532,538,Celta Vigo,3-4-3,18101,Claudio Giráldez,47427,Iván Villar,1,G,,False,2026-05-04,raw/api_football/fixture_lineups/2026-04-29/fixture_1208532_lineups.json
1208532,538,Celta Vigo,3-4-3,18101,Claudio Giráldez,570,F. Cervi,11,M,,False,2026-05-04,raw/api_football/fixture_lineups/2026-04-29/fixture_1208532_lineups.json
1208532,538,Celta Vigo,3-4-3,18101,Claudio Giráldez,22235,J. Bamba,17,F,,False,2026-05-04,raw/api_football/fixture_lineups/2026-04-29/fixture_1208532_lineups.json
1208532,720,Valladolid,5-3-2,783,P. Pezzolano,169295,K. Hein,13,G,1:1,True,2026-05-04,raw/api_football/fixture_lineups/2026-04-29/fixture_1208532_lineups.json
1208532,720,Valladolid,5-3-2,783,P. Pezzolano,47078,Luis Pérez,2,D,2:5,True,2026-05-04,raw/api_football/fixture_lineups/2026-04-29/fixture_1208532_lineups.json
1208532,720,Valladolid,5-3-2,783,P. Pezzolano,48372,E. Cömert,15,D,2:4,True,2026-05-04,raw/api_football/fixture_lineups/2026-04-29/fixture_1208532_lineups.json
1208532,720,Valladolid,5-3-2,783,P. Pezzolano,72048,C. Özkacar,6,D,2:3,True,2026-05-04,raw/api_football/fixture_lineups/2026-04-29/fixture_1208532_lineups.json
1208532,720,Valladolid,5-3-2,783,P. Pezzolano,56283,Lucas Rosa,22,D,2:2,True,2026-05-04,raw/api_football/fixture_lineups/2026-04-29/fixture_1208532_lineups.json
1208532,720,Valladolid,5-3-2,783,P. Pezzolano,104793,A. Ndiaye,19,D,2:1,True,2026-05-04,raw/api_football/fixture_lineups/2026-04-29/fixture_1208532_lineups.json
1208532,720,Valladolid,5-3-2,783,P. Pezzolano,107153,Kike Pérez,8,M,3:3,True,2026-05-04,raw/api_football/fixture_lineups/2026-04-29/fixture_1208532_lineups.json
1208532,720,Valladolid,5-3-2,783,P. Pezzolano,343205,Mario Martín,12,M,3:2,True,2026-05-04,raw/api_football/fixture_lineups/2026-04-29/fixture_1208532_lineups.json
1208532,720,Valladolid,5-3-2,783,P. Pezzolano,8587,S. Amallah,21,M,3:1,True,2026-05-04,raw/api_football/fixture_lineups/2026-04-29/fixture_1208532_lineups.json
1208532,720,Valladolid,5-3-2,783,P. Pezzolano,331004,Chuky,28,F,4:2,True,2026-05-04,raw/api_football/fixture_lineups/2026-04-29/fixture_1208532_lineups.json
1208532,720,Valladolid,5-3-2,783,P. Pezzolano,162028,Juanmi Latasa,14,F,4:1,True,2026-05-04,raw/api_football/fixture_lineups/2026-04-29/fixture_1208532_lineups.json
1208532,720,Valladolid,5-3-2,783,P. Pezzolano,264470,Raúl Moro,11,F,,False,2026-05-04,raw/api_football/fixture_lineups/2026-04-29/fixture_1208532_lineups.json
1208532,720,Valladolid,5-3-2,783,P. Pezzolano,46979,Iván Sánchez,10,M,,False,2026-05-04,raw/api_football/fixture_lineups/2026-04-29/fixture_1208532_lineups.json
1208532,720,Valladolid,5-3-2,783,P. Pezzolano,181463,Víctor Meseguer,4,M,,False,2026-05-04,raw/api_football/fixture_lineups/2026-04-29/fixture_1208532_lineups.json
1208532,720,Valladolid,5-3-2,783,P. Pezzolano,14341,S. Jurić,20,M,,False,2026-05-04,raw/api_football/fixture_lineups/2026-04-29/fixture_1208532_lineups.json
1208532,720,Valladolid,5-3-2,783,P. Pezzolano,18902,Kenedy,24,M,,False,2026-05-04,raw/api_football/fixture_lineups/2026-04-29/fixture_1208532_lineups.json
1208532,720,Valladolid,5-3-2,783,P. Pezzolano,8518,M. Sylla,7,F,,False,2026-05-04,raw/api_football/fixture_lineups/2026-04-29/fixture_1208532_lineups.json
1208532,720,Valladolid,5-3-2,783,P. Pezzolano,298064,David Torres,3,D,,False,2026-05-04,raw/api_football/fixture_lineups/2026-04-29/fixture_1208532_lineups.json
1208532,720,Valladolid,5-3-2,783,P. Pezzolano,41320,André Ferreira,1,G,,False,2026-05-04,raw/api_football/fixture_lineups/2026-04-29/fixture_1208532_lineups.json
1208532,720,Valladolid,5-3-2,783,P. Pezzolano,2459,D. Machís,18,F,,False,2026-05-04,raw/api_football/fixture_lineups/2026-04-29/fixture_1208532_lineups.json
1208532,720,Valladolid,5-3-2,783,P. Pezzolano,122233,Marcos André,9,F,,False,2026-05-04,raw/api_football/fixture_lineups/2026-04-29/fixture_1208532_lineups.json
1208532,720,Valladolid,5-3-2,783,P. Pezzolano,46919,César de la Hoz,16,M,,False,2026-05-04,raw/api_football/fixture_lineups/2026-04-29/fixture_1208532_lineups.json
1208533,798,Mallorca,4-2-3-1,1588,Arrasate,61142,D. Greif,1,G,1:1,True,2026-05-04,raw/api_football/fixture_lineups/2026-04-29/fixture_1208533_lineups.json
1208533,798,Mallorca,4-2-3-1,1588,Arrasate,107194,Antonio Sánchez,18,D,2:4,True,2026-05-04,raw/api_football/fixture_lineups/2026-04-29/fixture_1208533_lineups.json
1208533,798,Mallorca,4-2-3-1,1588,Arrasate,46738,M. Valjent,24,D,2:3,True,2026-05-04,raw/api_football/fixture_lineups/2026-04-29/fixture_1208533_lineups.json
1208533,798,Mallorca,4-2-3-1,1588,Arrasate,46733,Raíllo,21,D,2:2,True,2026-05-04,raw/api_football/fixture_lineups/2026-04-29/fixture_1208533_lineups.json
1208533,798,Mallorca,4-2-3-1,1588,Arrasate,920,Toni Lato,3,D,2:1,True,2026-05-04,raw/api_football/fixture_lineups/2026-04-29/fixture_1208533_lineups.json
1208533,798,Mallorca,4-2-3-1,1588,Arrasate,1701,Manu Morlanes,8,M,3:2,True,2026-05-04,raw/api_football/fixture_lineups/2026-04-29/fixture_1208533_lineups.json
1208533,798,Mallorca,4-2-3-1,1588,Arrasate,190485,Samú Costa,12,M,3:1,True,2026-05-04,raw/api_football/fixture_lineups/2026-04-29/fixture_1208533_lineups.json
1208533,798,Mallorca,4-2-3-1,1588,Arrasate,25375,T. Asano,11,M,4:3,True,2026-05-04,raw/api_football/fixture_lineups/2026-04-29/fixture_1208533_lineups.json
1208533,798,Mallorca,4-2-3-1,1588,Arrasate,46742,Dani Rodríguez,14,M,4:2,True,2026-05-04,raw/api_football/fixture_lineups/2026-04-29/fixture_1208533_lineups.json
1208533,798,Mallorca,4-2-3-1,1588,Arrasate,482473,Marc Domenech,30,M,4:1,True,2026-05-04,raw/api_football/fixture_lineups/2026-04-29/fixture_1208533_lineups.json
1208533,798,Mallorca,4-2-3-1,1588,Arrasate,50048,V. Muriqi,7,F,5:1,True,2026-05-04,raw/api_football/fixture_lineups/2026-04-29/fixture_1208533_lineups.json
1208533,798,Mallorca,4-2-3-1,1588,Arrasate,47514,Valery,16,D,,False,2026-05-04,raw/api_football/fixture_lineups/2026-04-29/fixture_1208533_lineups.json
1208533,798,Mallorca,4-2-3-1,1588,Arrasate,84086,Robert Navarro,27,M,,False,2026-05-04,raw/api_football/fixture_lineups/2026-04-29/fixture_1208533_lineups.json
1208533,798,Mallorca,4-2-3-1,1588,Arrasate,47336,Darder,10,M,,False,2026-05-04,raw/api_football/fixture_lineups/2026-04-29/fixture_1208533_lineups.json
1208533,798,Mallorca,4-2-3-1,1588,Arrasate,64268,J. Mojica,22,D,,False,2026-05-04,raw/api_football/fixture_lineups/2026-04-29/fixture_1208533_lineups.json
1208533,798,Mallorca,4-2-3-1,1588,Arrasate,181582,Copete,6,D,,False,2026-05-04,raw/api_football/fixture_lineups/2026-04-29/fixture_1208533_lineups.json
1208533,798,Mallorca,4-2-3-1,1588,Arrasate,2001,C. Larin,17,F,,False,2026-05-04,raw/api_football/fixture_lineups/2026-04-29/fixture_1208533_lineups.json
1208533,798,Mallorca,4-2-3-1,1588,Arrasate,414,Omar Mascarell,5,M,,False,2026-05-04,raw/api_football/fixture_lineups/2026-04-29/fixture_1208533_lineups.json
1208533,798,Mallorca,4-2-3-1,1588,Arrasate,46751,Abdón Prats,9,F,,False,2026-05-04,raw/api_football/fixture_lineups/2026-04-29/fixture_1208533_lineups.json
1208533,798,Mallorca,4-2-3-1,1588,Arrasate,297646,D. Luna,33,M,,False,2026-05-04,raw/api_football/fixture_lineups/2026-04-29/fixture_1208533_lineups.json
1208533,798,Mallorca,4-2-3-1,1588,Arrasate,195962,Chiquinho,20,F,,False,2026-05-04,raw/api_football/fixture_lineups/2026-04-29/fixture_1208533_lineups.json
1208533,798,Mallorca,4-2-3-1,1588,Arrasate,47399,Iván Cuéllar,25,G,,False,2026-05-04,raw/api_football/fixture_lineups/2026-04-29/fixture_1208533_lineups.json
1208533,798,Mallorca,4-2-3-1,1588,Arrasate,179139,Leo Román,13,G,,False,2026-05-04,raw/api_football/fixture_lineups/2026-04-29/fixture_1208533_lineups.json
1208533,533,Villarreal,4-4-2,1585,Marcelino,122956,Diego Conde,13,G,1:1,True,2026-05-04,raw/api_football/fixture_lineups/2026-04-29/fixture_1208533_lineups.json
1208533,533,Villarreal,4-4-2,1585,Marcelino,18794,Kiko Femenía,17,D,2:4,True,2026-05-04,raw/api_football/fixture_lineups/2026-04-29/fixture_1208533_lineups.json
1208533,533,Villarreal,4-4-2,1585,Marcelino,314,Raúl Albiol,3,D,2:3,True,2026-05-04,raw/api_football/fixture_lineups/2026-04-29/fixture_1208533_lineups.json
1208533,533,Villarreal,4-4-2,1585,Marcelino,21997,Logan Costa,2,D,2:2,True,2026-05-04,raw/api_football/fixture_lineups/2026-04-29/fixture_1208533_lineups.json
1208533,533,Villarreal,4-4-2,1585,Marcelino,70500,Sergi Cardona,23,D,2:1,True,2026-05-04,raw/api_football/fixture_lineups/2026-04-29/fixture_1208533_lineups.json
1208533,533,Villarreal,4-4-2,1585,Marcelino,290740,I. Akhomach,11,M,3:4,True,2026-05-04,raw/api_football/fixture_lineups/2026-04-29/fixture_1208533_lineups.json
1208533,533,Villarreal,4-4-2,1585,Marcelino,47541,Santi Comesaña,14,M,3:3,True,2026-05-04,raw/api_football/fixture_lineups/2026-04-29/fixture_1208533_lineups.json
1208533,533,Villarreal,4-4-2,1585,Marcelino,928,Dani Parejo,10,M,3:2,True,2026-05-04,raw/api_football/fixture_lineups/2026-04-29/fixture_1208533_lineups.json
1208533,533,Villarreal,4-4-2,1585,Marcelino,182219,Álex Baena,16,M,3:1,True,2026-05-04,raw/api_football/fixture_lineups/2026-04-29/fixture_1208533_lineups.json
1208533,533,Villarreal,4-4-2,1585,Marcelino,18906,Ayoze Pérez,22,F,4:2,True,2026-05-04,raw/api_football/fixture_lineups/2026-04-29/fixture_1208533_lineups.json
1208533,533,Villarreal,4-4-2,1585,Marcelino,343684,T. Barry,15,F,4:1,True,2026-05-04,raw/api_football/fixture_lineups/2026-04-29/fixture_1208533_lineups.json
1208533,533,Villarreal,4-4-2,1585,Marcelino,184226,Yeremy Pino,21,M,,False,2026-05-04,raw/api_football/fixture_lineups/2026-04-29/fixture_1208533_lineups.json
1208533,533,Villarreal,4-4-2,1585,Marcelino,3246,N. Pépé,19,F,,False,2026-05-04,raw/api_football/fixture_lineups/2026-04-29/fixture_1208533_lineups.json
1208533,533,Villarreal,4-4-2,1585,Marcelino,187987,Ramon Terrats,20,M,,False,2026-05-04,raw/api_football/fixture_lineups/2026-04-29/fixture_1208533_lineups.json
1208533,533,Villarreal,4-4-2,1585,Marcelino,258,Juan Bernat,12,D,,False,2026-05-04,raw/api_football/fixture_lineups/2026-04-29/fixture_1208533_lineups.json
1208533,533,Villarreal,4-4-2,1585,Marcelino,278619,Luíz Júnior,1,G,,False,2026-05-04,raw/api_football/fixture_lineups/2026-04-29/fixture_1208533_lineups.json
1208533,533,Villarreal,4-4-2,1585,Marcelino,885,E. Bailly,4,D,,False,2026-05-04,raw/api_football/fixture_lineups/2026-04-29/fixture_1208533_lineups.json
1208533,533,Villarreal,4-4-2,1585,Marcelino,1461,Denis Suárez,6,M,,False,2026-05-04,raw/api_football/fixture_lineups/2026-04-29/fixture_1208533_lineups.json
1208533,533,Villarreal,4-4-2,1585,Marcelino,435552,Pau Navarro,26,D,,False,2026-05-04,raw/api_football/fixture_lineups/2026-04-29/fixture_1208533_lineups.json
1208534,534,Las Palmas,4-5-1,49,Luis Carrión,124,J. Cillessen,1,G,1:1,True,2026-05-04,raw/api_football/fixture_lineups/2026-04-29/fixture_1208534_lineups.json
1208534,534,Las Palmas,4-5-1,49,Luis Carrión,162026,Marvin Park,2,D,2:4,True,2026-05-04,raw/api_football/fixture_lineups/2026-04-29/fixture_1208534_lineups.json
1208534,534,Las Palmas,4-5-1,49,Luis Carrión,131535,Álex Suárez,4,D,2:3,True,2026-05-04,raw/api_football/fixture_lineups/2026-04-29/fixture_1208534_lineups.json
1208534,534,Las Palmas,4-5-1,49,Luis Carrión,44811,S. McKenna,15,D,2:2,True,2026-05-04,raw/api_football/fixture_lineups/2026-04-29/fixture_1208534_lineups.json
1208534,534,Las Palmas,4-5-1,49,Luis Carrión,162475,Mika Mármol,3,D,2:1,True,2026-05-04,raw/api_football/fixture_lineups/2026-04-29/fixture_1208534_lineups.json
1208534,534,Las Palmas,4-5-1,49,Luis Carrión,47324,Sandro Ramírez,19,M,3:5,True,2026-05-04,raw/api_football/fixture_lineups/2026-04-29/fixture_1208534_lineups.json
1208534,534,Las Palmas,4-5-1,49,Luis Carrión,46860,Javi Muñoz,5,M,3:4,True,2026-05-04,raw/api_football/fixture_lineups/2026-04-29/fixture_1208534_lineups.json
1208534,534,Las Palmas,4-5-1,49,Luis Carrión,47464,José Campaña,8,M,3:3,True,2026-05-04,raw/api_football/fixture_lineups/2026-04-29/fixture_1208534_lineups.json
1208534,534,Las Palmas,4-5-1,49,Luis Carrión,70315,Kirian Rodríguez,20,M,3:2,True,2026-05-04,raw/api_football/fixture_lineups/2026-04-29/fixture_1208534_lineups.json
1208534,534,Las Palmas,4-5-1,49,Luis Carrión,182519,Alberto Moleiro,10,M,3:1,True,2026-05-04,raw/api_football/fixture_lineups/2026-04-29/fixture_1208534_lineups.json
1208534,534,Las Palmas,4-5-1,49,Luis Carrión,19337,O. McBurnie,16,F,4:1,True,2026-05-04,raw/api_football/fixture_lineups/2026-04-29/fixture_1208534_lineups.json
1208534,534,Las Palmas,4-5-1,49,Luis Carrión,47004,Fabio González,6,M,,False,2026-05-04,raw/api_football/fixture_lineups/2026-04-29/fixture_1208534_lineups.json
1208534,534,Las Palmas,4-5-1,49,Luis Carrión,47052,Álex Muñoz,23,D,,False,2026-05-04,raw/api_football/fixture_lineups/2026-04-29/fixture_1208534_lineups.json
1208534,534,Las Palmas,4-5-1,49,Luis Carrión,129791,Fábio Silva,37,F,,False,2026-05-04,raw/api_football/fixture_lineups/2026-04-29/fixture_1208534_lineups.json
1208534,534,Las Palmas,4-5-1,49,Luis Carrión,2671,Jaime Mata,17,F,,False,2026-05-04,raw/api_football/fixture_lineups/2026-04-29/fixture_1208534_lineups.json
1208534,534,Las Palmas,4-5-1,49,Luis Carrión,47111,Benito Ramírez,11,M,,False,2026-05-04,raw/api_football/fixture_lineups/2026-04-29/fixture_1208534_lineups.json
1208534,534,Las Palmas,4-5-1,49,Luis Carrión,122230,Manu Fuster,14,M,,False,2026-05-04,raw/api_football/fixture_lineups/2026-04-29/fixture_1208534_lineups.json
1208534,534,Las Palmas,4-5-1,49,Luis Carrión,1304,D. Horkaš,13,G,,False,2026-05-04,raw/api_football/fixture_lineups/2026-04-29/fixture_1208534_lineups.json
1208534,534,Las Palmas,4-5-1,49,Luis Carrión,21709,E. Loiodice,12,M,,False,2026-05-04,raw/api_football/fixture_lineups/2026-04-29/fixture_1208534_lineups.json
1208534,534,Las Palmas,4-5-1,49,Luis Carrión,47393,Marc Cardona,9,F,,False,2026-05-04,raw/api_football/fixture_lineups/2026-04-29/fixture_1208534_lineups.json
1208534,534,Las Palmas,4-5-1,49,Luis Carrión,46854,Viti Rozada,18,M,,False,2026-05-04,raw/api_football/fixture_lineups/2026-04-29/fixture_1208534_lineups.json
1208534,534,Las Palmas,4-5-1,49,Luis Carrión,308678,Dário Essugo,29,M,,False,2026-05-04,raw/api_football/fixture_lineups/2026-04-29/fixture_1208534_lineups.json
1208534,534,Las Palmas,4-5-1,49,Luis Carrión,431890,Juanma Herzog,28,D,,False,2026-05-04,raw/api_football/fixture_lineups/2026-04-29/fixture_1208534_lineups.json
1208534,531,Athletic Club,4-2-3-1,1582,Ernesto Valverde,183848,Julen Agirrezabala,13,G,1:1,True,2026-05-04,raw/api_football/fixture_lineups/2026-04-29/fixture_1208534_lineups.json
1208534,531,Athletic Club,4-2-3-1,1582,Ernesto Valverde,47275,De Marcos,18,D,2:4,True,2026-05-04,raw/api_football/fixture_lineups/2026-04-29/fixture_1208534_lineups.json
1208534,531,Athletic Club,4-2-3-1,1582,Ernesto Valverde,47278,Dani Vivian,3,D,2:3,True,2026-05-04,raw/api_football/fixture_lineups/2026-04-29/fixture_1208534_lineups.json
1208534,531,Athletic Club,4-2-3-1,1582,Ernesto Valverde,183849,Aitor Paredes,4,D,2:2,True,2026-05-04,raw/api_football/fixture_lineups/2026-04-29/fixture_1208534_lineups.json
1208534,531,Athletic Club,4-2-3-1,1582,Ernesto Valverde,47273,Yuri,17,D,2:1,True,2026-05-04,raw/api_football/fixture_lineups/2026-04-29/fixture_1208534_lineups.json
1208534,531,Athletic Club,4-2-3-1,1582,Ernesto Valverde,383780,Mikel Jauregizar,23,M,3:2,True,2026-05-04,raw/api_football/fixture_lineups/2026-04-29/fixture_1208534_lineups.json
1208534,531,Athletic Club,4-2-3-1,1582,Ernesto Valverde,47007,Ruíz de Galarreta,16,M,3:1,True,2026-05-04,raw/api_football/fixture_lineups/2026-04-29/fixture_1208534_lineups.json
1208534,531,Athletic Club,4-2-3-1,1582,Ernesto Valverde,47294,I. Williams,9,M,4:3,True,2026-05-04,raw/api_football/fixture_lineups/2026-04-29/fixture_1208534_lineups.json
1208534,531,Athletic Club,4-2-3-1,1582,Ernesto Valverde,128398,Oihan Sancet,8,M,4:2,True,2026-05-04,raw/api_football/fixture_lineups/2026-04-29/fixture_1208534_lineups.json
1208534,531,Athletic Club,4-2-3-1,1582,Ernesto Valverde,183799,Nico Williams,10,M,4:1,True,2026-05-04,raw/api_football/fixture_lineups/2026-04-29/fixture_1208534_lineups.json
1208534,531,Athletic Club,4-2-3-1,1582,Ernesto Valverde,47291,Gorka Guruzeta,12,F,5:1,True,2026-05-04,raw/api_football/fixture_lineups/2026-04-29/fixture_1208534_lineups.json
1208534,531,Athletic Club,4-2-3-1,1582,Ernesto Valverde,182617,Beñat Prados,24,D,,False,2026-05-04,raw/api_football/fixture_lineups/2026-04-29/fixture_1208534_lineups.json
1208534,531,Athletic Club,4-2-3-1,1582,Ernesto Valverde,47418,Mikel Vesga,6,M,,False,2026-05-04,raw/api_football/fixture_lineups/2026-04-29/fixture_1208534_lineups.json
1208534,531,Athletic Club,4-2-3-1,1582,Ernesto Valverde,332308,Unai Gómez,20,M,,False,2026-05-04,raw/api_football/fixture_lineups/2026-04-29/fixture_1208534_lineups.json
1208534,531,Athletic Club,4-2-3-1,1582,Ernesto Valverde,30510,Álex Berenguer,7,F,,False,2026-05-04,raw/api_football/fixture_lineups/2026-04-29/fixture_1208534_lineups.json
1208534,531,Athletic Club,4-2-3-1,1582,Ernesto Valverde,47299,Andoni Gorosabel,2,D,,False,2026-05-04,raw/api_football/fixture_lineups/2026-04-29/fixture_1208534_lineups.json
1208534,531,Athletic Club,4-2-3-1,1582,Ernesto Valverde,190489,Álvaro Djaló,11,F,,False,2026-05-04,raw/api_football/fixture_lineups/2026-04-29/fixture_1208534_lineups.json
1208534,531,Athletic Club,4-2-3-1,1582,Ernesto Valverde,898,Ander Herrera,21,M,,False,2026-05-04,raw/api_football/fixture_lineups/2026-04-29/fixture_1208534_lineups.json
1208534,531,Athletic Club,4-2-3-1,1582,Ernesto Valverde,47277,Unai Núñez,14,D,,False,2026-05-04,raw/api_football/fixture_lineups/2026-04-29/fixture_1208534_lineups.json
1208534,531,Athletic Club,4-2-3-1,1582,Ernesto Valverde,312468,Á. Padilla,26,G,,False,2026-05-04,raw/api_football/fixture_lineups/2026-04-29/fixture_1208534_lineups.json
1208534,531,Athletic Club,4-2-3-1,1582,Ernesto Valverde,336998,Adama Boiro,32,D,,False,2026-05-04,raw/api_football/fixture_lineups/2026-04-29/fixture_1208534_lineups.json
1208534,531,Athletic Club,4-2-3-1,1582,Ernesto Valverde,47276,Lekue,15,D,,False,2026-05-04,raw/api_football/fixture_lineups/2026-04-29/fixture_1208534_lineups.json
1208534,531,Athletic Club,4-2-3-1,1582,Ernesto Valverde,286593,Nico Serrano,22,F,,False,2026-05-04,raw/api_football/fixture_lineups/2026-04-29/fixture_1208534_lineups.json
1208535,547,Girona,4-2-3-1,82,Míchel Sánchez,158,P. Gazzaniga,13,G,1:1,True,2026-05-04,raw/api_football/fixture_lineups/2026-04-29/fixture_1208535_lineups.json
1208535,547,Girona,4-2-3-1,82,Míchel Sánchez,162434,Alejandro Francés,16,D,2:4,True,2026-05-04,raw/api_football/fixture_lineups/2026-04-29/fixture_1208535_lineups.json
1208535,547,Girona,4-2-3-1,82,Míchel Sánchez,47334,David López,5,D,2:3,True,2026-05-04,raw/api_football/fixture_lineups/2026-04-29/fixture_1208535_lineups.json
1208535,547,Girona,4-2-3-1,82,Míchel Sánchez,531,D. Blind,17,D,2:2,True,2026-05-04,raw/api_football/fixture_lineups/2026-04-29/fixture_1208535_lineups.json
1208535,547,Girona,4-2-3-1,82,Míchel Sánchez,162032,Miguel Gutiérrez,3,D,2:1,True,2026-05-04,raw/api_football/fixture_lineups/2026-04-29/fixture_1208535_lineups.json
1208535,547,Girona,4-2-3-1,82,Míchel Sánchez,1700,Iván Martín,23,M,3:2,True,2026-05-04,raw/api_football/fixture_lineups/2026-04-29/fixture_1208535_lineups.json
1208535,547,Girona,4-2-3-1,82,Míchel Sánchez,306727,J. Solís,22,M,3:1,True,2026-05-04,raw/api_football/fixture_lineups/2026-04-29/fixture_1208535_lineups.json
1208535,547,Girona,4-2-3-1,82,Míchel Sánchez,2061,Bryan Gil,20,M,4:3,True,2026-05-04,raw/api_football/fixture_lineups/2026-04-29/fixture_1208535_lineups.json
1208535,547,Girona,4-2-3-1,82,Míchel Sánchez,2182,V. Tsyhankov,8,M,4:2,True,2026-05-04,raw/api_football/fixture_lineups/2026-04-29/fixture_1208535_lineups.json
1208535,547,Girona,4-2-3-1,82,Míchel Sánchez,83,A. Danjuma,11,M,4:1,True,2026-05-04,raw/api_football/fixture_lineups/2026-04-29/fixture_1208535_lineups.json
1208535,547,Girona,4-2-3-1,82,Míchel Sánchez,155,Abel Ruiz,9,F,5:1,True,2026-05-04,raw/api_football/fixture_lineups/2026-04-29/fixture_1208535_lineups.json
1208535,547,Girona,4-2-3-1,82,Míchel Sánchez,281795,Y. Asprilla,10,M,,False,2026-05-04,raw/api_football/fixture_lineups/2026-04-29/fixture_1208535_lineups.json
1208535,547,Girona,4-2-3-1,82,Míchel Sánchez,47520,Portu,24,F,,False,2026-05-04,raw/api_football/fixture_lineups/2026-04-29/fixture_1208535_lineups.json
1208535,547,Girona,4-2-3-1,82,Míchel Sánchez,2617,C. Stuani,7,F,,False,2026-05-04,raw/api_football/fixture_lineups/2026-04-29/fixture_1208535_lineups.json
1208535,547,Girona,4-2-3-1,82,Míchel Sánchez,547,D. van de Beek,6,M,,False,2026-05-04,raw/api_football/fixture_lineups/2026-04-29/fixture_1208535_lineups.json
1208535,547,Girona,4-2-3-1,82,Míchel Sánchez,283668,Arnau Martínez,4,D,,False,2026-05-04,raw/api_football/fixture_lineups/2026-04-29/fixture_1208535_lineups.json
1208535,547,Girona,4-2-3-1,82,Míchel Sánchez,66407,L. Krejčí,18,D,,False,2026-05-04,raw/api_football/fixture_lineups/2026-04-29/fixture_1208535_lineups.json
1208535,547,Girona,4-2-3-1,82,Míchel Sánchez,1557,Pau López,25,G,,False,2026-05-04,raw/api_football/fixture_lineups/2026-04-29/fixture_1208535_lineups.json
1208535,547,Girona,4-2-3-1,82,Míchel Sánchez,47153,Juan Carlos,1,G,,False,2026-05-04,raw/api_football/fixture_lineups/2026-04-29/fixture_1208535_lineups.json
1208535,547,Girona,4-2-3-1,82,Míchel Sánchez,47511,Juanpe,15,D,,False,2026-05-04,raw/api_football/fixture_lineups/2026-04-29/fixture_1208535_lineups.json
1208535,547,Girona,4-2-3-1,82,Míchel Sánchez,333447,Raul Martínez,37,M,,False,2026-05-04,raw/api_football/fixture_lineups/2026-04-29/fixture_1208535_lineups.json
1208535,547,Girona,4-2-3-1,82,Míchel Sánchez,109564,B. Miovski,19,F,,False,2026-05-04,raw/api_football/fixture_lineups/2026-04-29/fixture_1208535_lineups.json
1208535,547,Girona,4-2-3-1,82,Míchel Sánchez,336674,G. Misehouy,27,M,,False,2026-05-04,raw/api_football/fixture_lineups/2026-04-29/fixture_1208535_lineups.json
1208535,529,Barcelona,4-2-3-1,6472,H. Flick,127,M. ter Stegen,1,G,1:1,True,2026-05-04,raw/api_football/fixture_lineups/2026-04-29/fixture_1208535_lineups.json
1208535,529,Barcelona,4-2-3-1,6472,H. Flick,1257,J. Koundé,23,D,2:4,True,2026-05-04,raw/api_football/fixture_lineups/2026-04-29/fixture_1208535_lineups.json
1208535,529,Barcelona,4-2-3-1,6472,H. Flick,396623,Pau Cubarsí,2,D,2:3,True,2026-05-04,raw/api_football/fixture_lineups/2026-04-29/fixture_1208535_lineups.json
1208535,529,Barcelona,4-2-3-1,6472,H. Flick,2670,Iñigo Martínez,5,D,2:2,True,2026-05-04,raw/api_football/fixture_lineups/2026-04-29/fixture_1208535_lineups.json
1208535,529,Barcelona,4-2-3-1,6472,H. Flick,161928,Alejandro Balde,3,D,2:1,True,2026-05-04,raw/api_football/fixture_lineups/2026-04-29/fixture_1208535_lineups.json
1208535,529,Barcelona,4-2-3-1,6472,H. Flick,329728,Marc Casadó,17,M,3:2,True,2026-05-04,raw/api_football/fixture_lineups/2026-04-29/fixture_1208535_lineups.json
1208535,529,Barcelona,4-2-3-1,6472,H. Flick,133609,Pedri,8,M,3:1,True,2026-05-04,raw/api_football/fixture_lineups/2026-04-29/fixture_1208535_lineups.json
1208535,529,Barcelona,4-2-3-1,6472,H. Flick,386828,Lamine Yamal,19,M,4:3,True,2026-05-04,raw/api_football/fixture_lineups/2026-04-29/fixture_1208535_lineups.json
1208535,529,Barcelona,4-2-3-1,6472,H. Flick,1323,Dani Olmo,20,M,4:2,True,2026-05-04,raw/api_football/fixture_lineups/2026-04-29/fixture_1208535_lineups.json
1208535,529,Barcelona,4-2-3-1,6472,H. Flick,1496,Raphinha,11,M,4:1,True,2026-05-04,raw/api_football/fixture_lineups/2026-04-29/fixture_1208535_lineups.json
1208535,529,Barcelona,4-2-3-1,6472,H. Flick,521,R. Lewandowski,9,F,5:1,True,2026-05-04,raw/api_football/fixture_lineups/2026-04-29/fixture_1208535_lineups.json
1208535,529,Barcelona,4-2-3-1,6472,H. Flick,386859,Héctor Fort,32,D,,False,2026-05-04,raw/api_football/fixture_lineups/2026-04-29/fixture_1208535_lineups.json
1208535,529,Barcelona,4-2-3-1,6472,H. Flick,619,Eric García,24,D,,False,2026-05-04,raw/api_football/fixture_lineups/2026-04-29/fixture_1208535_lineups.json
1208535,529,Barcelona,4-2-3-1,6472,H. Flick,263530,Pau Víctor,18,F,,False,2026-05-04,raw/api_football/fixture_lineups/2026-04-29/fixture_1208535_lineups.json
1208535,529,Barcelona,4-2-3-1,6472,H. Flick,931,Ferran Torres,7,F,,False,2026-05-04,raw/api_football/fixture_lineups/2026-04-29/fixture_1208535_lineups.json
1208535,529,Barcelona,4-2-3-1,6472,H. Flick,181701,Gerard Martín,35,D,,False,2026-05-04,raw/api_football/fixture_lineups/2026-04-29/fixture_1208535_lineups.json
1208535,529,Barcelona,4-2-3-1,6472,H. Flick,383647,D. Kochen,31,G,,False,2026-05-04,raw/api_football/fixture_lineups/2026-04-29/fixture_1208535_lineups.json
1208535,529,Barcelona,4-2-3-1,6472,H. Flick,396624,Sergi Domínguez,36,D,,False,2026-05-04,raw/api_football/fixture_lineups/2026-04-29/fixture_1208535_lineups.json
1208535,529,Barcelona,4-2-3-1,6472,H. Flick,126,Iñaki Peña,13,G,,False,2026-05-04,raw/api_football/fixture_lineups/2026-04-29/fixture_1208535_lineups.json
1208535,529,Barcelona,4-2-3-1,6472,H. Flick,441232,Guille Fernández,41,M,,False,2026-05-04,raw/api_football/fixture_lineups/2026-04-29/fixture_1208535_lineups.json
1208535,529,Barcelona,4-2-3-1,6472,H. Flick,285909,Pablo Torre,14,M,,False,2026-05-04,raw/api_football/fixture_lineups/2026-04-29/fixture_1208535_lineups.json
1208536,536,Sevilla,3-4-3,5391,García Pimienta,19172,Ø. Nyland,13,G,1:1,True,2026-05-04,raw/api_football/fixture_lineups/2026-04-29/fixture_1208536_lineups.json
1208536,536,Sevilla,3-4-3,5391,García Pimienta,195923,José Ángel Carmona,32,D,2:3,True,2026-05-04,raw/api_football/fixture_lineups/2026-04-29/fixture_1208536_lineups.json
1208536,536,Sevilla,3-4-3,5391,García Pimienta,133110,T. Nianzou,24,D,2:2,True,2026-05-04,raw/api_football/fixture_lineups/2026-04-29/fixture_1208536_lineups.json
1208536,536,Sevilla,3-4-3,5391,García Pimienta,433,Marcão,23,D,2:1,True,2026-05-04,raw/api_football/fixture_lineups/2026-04-29/fixture_1208536_lineups.json
1208536,536,Sevilla,3-4-3,5391,García Pimienta,2054,Jesús Navas,16,M,3:4,True,2026-05-04,raw/api_football/fixture_lineups/2026-04-29/fixture_1208536_lineups.json
1208536,536,Sevilla,3-4-3,5391,García Pimienta,1489,N. Gudelj,6,M,3:3,True,2026-05-04,raw/api_football/fixture_lineups/2026-04-29/fixture_1208536_lineups.json
1208536,536,Sevilla,3-4-3,5391,García Pimienta,957,D. Sow,20,M,3:2,True,2026-05-04,raw/api_football/fixture_lineups/2026-04-29/fixture_1208536_lineups.json
1208536,536,Sevilla,3-4-3,5391,García Pimienta,47329,Adrià Pedrosa,3,M,3:1,True,2026-05-04,raw/api_football/fixture_lineups/2026-04-29/fixture_1208536_lineups.json
1208536,536,Sevilla,3-4-3,5391,García Pimienta,162126,Peque Fernández,14,F,4:3,True,2026-05-04,raw/api_football/fixture_lineups/2026-04-29/fixture_1208536_lineups.json
1208536,536,Sevilla,3-4-3,5391,García Pimienta,185398,Isaac Romero,7,F,4:2,True,2026-05-04,raw/api_football/fixture_lineups/2026-04-29/fixture_1208536_lineups.json
1208536,536,Sevilla,3-4-3,5391,García Pimienta,39121,C. Ejuke,21,F,4:1,True,2026-05-04,raw/api_football/fixture_lineups/2026-04-29/fixture_1208536_lineups.json
1208536,536,Sevilla,3-4-3,5391,García Pimienta,25458,D. Lukébakio,11,F,,False,2026-05-04,raw/api_football/fixture_lineups/2026-04-29/fixture_1208536_lineups.json
1208536,536,Sevilla,3-4-3,5391,García Pimienta,182772,Juanlu Sánchez,26,M,,False,2026-05-04,raw/api_football/fixture_lineups/2026-04-29/fixture_1208536_lineups.json
1208536,536,Sevilla,3-4-3,5391,García Pimienta,21004,L. Agoumé,18,M,,False,2026-05-04,raw/api_football/fixture_lineups/2026-04-29/fixture_1208536_lineups.json
1208536,536,Sevilla,3-4-3,5391,García Pimienta,297311,Kike Salas,4,D,,False,2026-05-04,raw/api_football/fixture_lineups/2026-04-29/fixture_1208536_lineups.json
1208536,536,Sevilla,3-4-3,5391,García Pimienta,319572,V. Barco,19,D,,False,2026-05-04,raw/api_football/fixture_lineups/2026-04-29/fixture_1208536_lineups.json
1208536,536,Sevilla,3-4-3,5391,García Pimienta,2468,G. Montiel,15,D,,False,2026-05-04,raw/api_football/fixture_lineups/2026-04-29/fixture_1208536_lineups.json
1208536,536,Sevilla,3-4-3,5391,García Pimienta,47016,Álvaro Fernández,1,G,,False,2026-05-04,raw/api_football/fixture_lineups/2026-04-29/fixture_1208536_lineups.json
1208536,536,Sevilla,3-4-3,5391,García Pimienta,340152,S. Idumbo,27,M,,False,2026-05-04,raw/api_football/fixture_lineups/2026-04-29/fixture_1208536_lineups.json
1208536,536,Sevilla,3-4-3,5391,García Pimienta,119235,Pedro Ortiz,8,M,,False,2026-05-04,raw/api_football/fixture_lineups/2026-04-29/fixture_1208536_lineups.json
1208536,536,Sevilla,3-4-3,5391,García Pimienta,308346,Alberto Flores,31,G,,False,2026-05-04,raw/api_football/fixture_lineups/2026-04-29/fixture_1208536_lineups.json
1208536,536,Sevilla,3-4-3,5391,García Pimienta,2778,K. Ịheanachọ,9,F,,False,2026-05-04,raw/api_football/fixture_lineups/2026-04-29/fixture_1208536_lineups.json
1208536,536,Sevilla,3-4-3,5391,García Pimienta,360411,Alberto Collado,30,M,,False,2026-05-04,raw/api_football/fixture_lineups/2026-04-29/fixture_1208536_lineups.json
1208536,546,Getafe,4-4-2,1596,José Bordalás,47247,David Soria,13,G,1:1,True,2026-05-04,raw/api_football/fixture_lineups/2026-04-29/fixture_1208536_lineups.json
1208536,546,Getafe,4-4-2,1596,José Bordalás,119742,Juan Iglesias,21,D,2:4,True,2026-05-04,raw/api_football/fixture_lineups/2026-04-29/fixture_1208536_lineups.json
1208536,546,Getafe,4-4-2,1596,José Bordalás,47250,D. Dakonam,2,D,2:3,True,2026-05-04,raw/api_football/fixture_lineups/2026-04-29/fixture_1208536_lineups.json
1208536,546,Getafe,4-4-2,1596,José Bordalás,2039,Juan Berrocal,4,D,2:2,True,2026-05-04,raw/api_football/fixture_lineups/2026-04-29/fixture_1208536_lineups.json
1208536,546,Getafe,4-4-2,1596,José Bordalás,18867,Diego Rico,16,D,2:1,True,2026-05-04,raw/api_football/fixture_lineups/2026-04-29/fixture_1208536_lineups.json
1208536,546,Getafe,4-4-2,1596,José Bordalás,67955,Carles Pérez,17,M,3:4,True,2026-05-04,raw/api_football/fixture_lineups/2026-04-29/fixture_1208536_lineups.json
1208536,546,Getafe,4-4-2,1596,José Bordalás,47258,M. Arambarri,8,M,3:3,True,2026-05-04,raw/api_football/fixture_lineups/2026-04-29/fixture_1208536_lineups.json
1208536,546,Getafe,4-4-2,1596,José Bordalás,47085,Luis Milla,5,M,3:2,True,2026-05-04,raw/api_football/fixture_lineups/2026-04-29/fixture_1208536_lineups.json
1208536,546,Getafe,4-4-2,1596,José Bordalás,47306,Álex Sola,7,M,3:1,True,2026-05-04,raw/api_football/fixture_lineups/2026-04-29/fixture_1208536_lineups.json
1208536,546,Getafe,4-4-2,1596,José Bordalás,403554,C. Uche,6,F,4:2,True,2026-05-04,raw/api_football/fixture_lineups/2026-04-29/fixture_1208536_lineups.json
1208536,546,Getafe,4-4-2,1596,José Bordalás,68483,B. Yıldırım,10,F,4:1,True,2026-05-04,raw/api_football/fixture_lineups/2026-04-29/fixture_1208536_lineups.json
1208536,546,Getafe,4-4-2,1596,José Bordalás,333373,Gorka Rivera,30,D,,False,2026-05-04,raw/api_football/fixture_lineups/2026-04-29/fixture_1208536_lineups.json
1208536,546,Getafe,4-4-2,1596,José Bordalás,143,Carles Aleñá,11,M,,False,2026-05-04,raw/api_football/fixture_lineups/2026-04-29/fixture_1208536_lineups.json
1208536,546,Getafe,4-4-2,1596,José Bordalás,270516,P. González,19,F,,False,2026-05-04,raw/api_football/fixture_lineups/2026-04-29/fixture_1208536_lineups.json
1208536,546,Getafe,4-4-2,1596,José Bordalás,364415,Yellu Santiago,20,M,,False,2026-05-04,raw/api_football/fixture_lineups/2026-04-29/fixture_1208536_lineups.json
1208536,546,Getafe,4-4-2,1596,José Bordalás,465838,Alberto Risco,26,M,,False,2026-05-04,raw/api_football/fixture_lineups/2026-04-29/fixture_1208536_lineups.json
1208536,546,Getafe,4-4-2,1596,José Bordalás,293297,J. Patrick,31,M,,False,2026-05-04,raw/api_football/fixture_lineups/2026-04-29/fixture_1208536_lineups.json
1208536,546,Getafe,4-4-2,1596,José Bordalás,46795,Domingos Duarte,22,D,,False,2026-05-04,raw/api_football/fixture_lineups/2026-04-29/fixture_1208536_lineups.json
1208536,546,Getafe,4-4-2,1596,José Bordalás,352859,Guillem Trilla,33,D,,False,2026-05-04,raw/api_football/fixture_lineups/2026-04-29/fixture_1208536_lineups.json
1208536,546,Getafe,4-4-2,1596,José Bordalás,309364,Coba,29,F,,False,2026-05-04,raw/api_football/fixture_lineups/2026-04-29/fixture_1208536_lineups.json
1208536,546,Getafe,4-4-2,1596,José Bordalás,66491,J. Letáček,1,G,,False,2026-05-04,raw/api_football/fixture_lineups/2026-04-29/fixture_1208536_lineups.json
1208537,728,Rayo Vallecano,4-2-3-1,21839,Iñigo Pérez,11379,A. Batalla,13,G,1:1,True,2026-05-04,raw/api_football/fixture_lineups/2026-04-29/fixture_1208537_lineups.json
1208537,728,Rayo Vallecano,4-2-3-1,21839,Iñigo Pérez,1703,A. Rațiu,2,D,2:4,True,2026-05-04,raw/api_football/fixture_lineups/2026-04-29/fixture_1208537_lineups.json
1208537,728,Rayo Vallecano,4-2-3-1,21839,Iñigo Pérez,18895,F. Lejeune,24,D,2:3,True,2026-05-04,raw/api_football/fixture_lineups/2026-04-29/fixture_1208537_lineups.json
1208537,728,Rayo Vallecano,4-2-3-1,21839,Iñigo Pérez,15900,A. Mumin,16,D,2:2,True,2026-05-04,raw/api_football/fixture_lineups/2026-04-29/fixture_1208537_lineups.json
1208537,728,Rayo Vallecano,4-2-3-1,21839,Iñigo Pérez,181734,Pep Chavarría,3,D,2:1,True,2026-05-04,raw/api_football/fixture_lineups/2026-04-29/fixture_1208537_lineups.json
1208537,728,Rayo Vallecano,4-2-3-1,21839,Iñigo Pérez,47109,Óscar Valentín,23,M,3:2,True,2026-05-04,raw/api_football/fixture_lineups/2026-04-29/fixture_1208537_lineups.json
1208537,728,Rayo Vallecano,4-2-3-1,21839,Iñigo Pérez,47414,Gerard Gumbau,15,M,3:1,True,2026-05-04,raw/api_football/fixture_lineups/2026-04-29/fixture_1208537_lineups.json
1208537,728,Rayo Vallecano,4-2-3-1,21839,Iñigo Pérez,47554,Adri Embarba,21,M,4:3,True,2026-05-04,raw/api_football/fixture_lineups/2026-04-29/fixture_1208537_lineups.json
1208537,728,Rayo Vallecano,4-2-3-1,21839,Iñigo Pérez,47557,Ó. Trejo,8,M,4:2,True,2026-05-04,raw/api_football/fixture_lineups/2026-04-29/fixture_1208537_lineups.json
1208537,728,Rayo Vallecano,4-2-3-1,21839,Iñigo Pérez,47543,Álvaro García,18,M,4:1,True,2026-05-04,raw/api_football/fixture_lineups/2026-04-29/fixture_1208537_lineups.json
1208537,728,Rayo Vallecano,4-2-3-1,21839,Iñigo Pérez,52,Sergio Camello,14,F,5:1,True,2026-05-04,raw/api_football/fixture_lineups/2026-04-29/fixture_1208537_lineups.json
1208537,728,Rayo Vallecano,4-2-3-1,21839,Iñigo Pérez,128582,Jorge de Frutos,19,F,,False,2026-05-04,raw/api_football/fixture_lineups/2026-04-29/fixture_1208537_lineups.json
1208537,728,Rayo Vallecano,4-2-3-1,21839,Iñigo Pérez,131546,Isi Palazón,7,M,,False,2026-05-04,raw/api_football/fixture_lineups/2026-04-29/fixture_1208537_lineups.json
1208537,728,Rayo Vallecano,4-2-3-1,21839,Iñigo Pérez,47285,Unai López,17,M,,False,2026-05-04,raw/api_football/fixture_lineups/2026-04-29/fixture_1208537_lineups.json
1208537,728,Rayo Vallecano,4-2-3-1,21839,Iñigo Pérez,47495,Sergi Guardiola,12,F,,False,2026-05-04,raw/api_football/fixture_lineups/2026-04-29/fixture_1208537_lineups.json
1208537,728,Rayo Vallecano,4-2-3-1,21839,Iñigo Pérez,517,J. Rodríguez,10,M,,False,2026-05-04,raw/api_football/fixture_lineups/2026-04-29/fixture_1208537_lineups.json
1208537,728,Rayo Vallecano,4-2-3-1,21839,Iñigo Pérez,122657,Randy Nteka,11,M,,False,2026-05-04,raw/api_football/fixture_lineups/2026-04-29/fixture_1208537_lineups.json
1208537,728,Rayo Vallecano,4-2-3-1,21839,Iñigo Pérez,20520,I. Balliu,20,D,,False,2026-05-04,raw/api_football/fixture_lineups/2026-04-29/fixture_1208537_lineups.json
1208537,728,Rayo Vallecano,4-2-3-1,21839,Iñigo Pérez,156488,Dani Cárdenas,1,G,,False,2026-05-04,raw/api_football/fixture_lineups/2026-04-29/fixture_1208537_lineups.json
1208537,728,Rayo Vallecano,4-2-3-1,21839,Iñigo Pérez,41552,P. Ciss,6,M,,False,2026-05-04,raw/api_football/fixture_lineups/2026-04-29/fixture_1208537_lineups.json
1208537,728,Rayo Vallecano,4-2-3-1,21839,Iñigo Pérez,46654,Aridane Hernández,5,D,,False,2026-05-04,raw/api_football/fixture_lineups/2026-04-29/fixture_1208537_lineups.json
1208537,728,Rayo Vallecano,4-2-3-1,21839,Iñigo Pérez,46887,Pedro Díaz,4,M,,False,2026-05-04,raw/api_football/fixture_lineups/2026-04-29/fixture_1208537_lineups.json
1208537,728,Rayo Vallecano,4-2-3-1,21839,Iñigo Pérez,47551,Raúl de Tomás,9,F,,False,2026-05-04,raw/api_football/fixture_lineups/2026-04-29/fixture_1208537_lineups.json
1208537,727,Osasuna,4-3-3,1597,Vicente Moreno,46646,Sergio Herrera,1,G,1:1,True,2026-05-04,raw/api_football/fixture_lineups/2026-04-29/fixture_1208537_lineups.json
1208537,727,Osasuna,4-3-3,1597,Vicente Moreno,182181,Jesús Areso,12,D,2:4,True,2026-05-04,raw/api_football/fixture_lineups/2026-04-29/fixture_1208537_lineups.json
1208537,727,Osasuna,4-3-3,1597,Vicente Moreno,47533,Catena,24,D,2:3,True,2026-05-04,raw/api_football/fixture_lineups/2026-04-29/fixture_1208537_lineups.json
1208537,727,Osasuna,4-3-3,1597,Vicente Moreno,279822,E. Boyomo,22,D,2:2,True,2026-05-04,raw/api_football/fixture_lineups/2026-04-29/fixture_1208537_lineups.json
1208537,727,Osasuna,4-3-3,1597,Vicente Moreno,181259,Abel Bretones,23,D,2:1,True,2026-05-04,raw/api_football/fixture_lineups/2026-04-29/fixture_1208537_lineups.json
1208537,727,Osasuna,4-3-3,1597,Vicente Moreno,46662,Moncayola,7,M,3:3,True,2026-05-04,raw/api_football/fixture_lineups/2026-04-29/fixture_1208537_lineups.json
1208537,727,Osasuna,4-3-3,1597,Vicente Moreno,1825,Lucas Torró,6,M,3:2,True,2026-05-04,raw/api_football/fixture_lineups/2026-04-29/fixture_1208537_lineups.json
1208537,727,Osasuna,4-3-3,1597,Vicente Moreno,67939,Aimar Oroz,10,M,3:1,True,2026-05-04,raw/api_football/fixture_lineups/2026-04-29/fixture_1208537_lineups.json
1208537,727,Osasuna,4-3-3,1597,Vicente Moreno,46658,Rubén García,14,F,4:3,True,2026-05-04,raw/api_football/fixture_lineups/2026-04-29/fixture_1208537_lineups.json
1208537,727,Osasuna,4-3-3,1597,Vicente Moreno,146751,Raúl García,9,F,4:2,True,2026-05-04,raw/api_football/fixture_lineups/2026-04-29/fixture_1208537_lineups.json
1208537,727,Osasuna,4-3-3,1597,Vicente Moreno,286639,Bryan Zaragoza,19,F,4:1,True,2026-05-04,raw/api_football/fixture_lineups/2026-04-29/fixture_1208537_lineups.json
1208537,727,Osasuna,4-3-3,1597,Vicente Moreno,139001,Pablo Ibáñez,8,M,,False,2026-05-04,raw/api_football/fixture_lineups/2026-04-29/fixture_1208537_lineups.json
1208537,727,Osasuna,4-3-3,1597,Vicente Moreno,46746,A. Budimir,17,F,,False,2026-05-04,raw/api_football/fixture_lineups/2026-04-29/fixture_1208537_lineups.json
1208537,727,Osasuna,4-3-3,1597,Vicente Moreno,47391,Rubén Peña,15,D,,False,2026-05-04,raw/api_football/fixture_lineups/2026-04-29/fixture_1208537_lineups.json
1208537,727,Osasuna,4-3-3,1597,Vicente Moreno,47419,José Arnáiz,20,F,,False,2026-05-04,raw/api_football/fixture_lineups/2026-04-29/fixture_1208537_lineups.json
1208537,727,Osasuna,4-3-3,1597,Vicente Moreno,47574,Moi Gómez,16,M,,False,2026-05-04,raw/api_football/fixture_lineups/2026-04-29/fixture_1208537_lineups.json
1208537,727,Osasuna,4-3-3,1597,Vicente Moreno,46660,Javi Martínez,21,M,,False,2026-05-04,raw/api_football/fixture_lineups/2026-04-29/fixture_1208537_lineups.json
1208537,727,Osasuna,4-3-3,1597,Vicente Moreno,46657,Nacho Vidal,2,D,,False,2026-05-04,raw/api_football/fixture_lineups/2026-04-29/fixture_1208537_lineups.json
1208537,727,Osasuna,4-3-3,1597,Vicente Moreno,288800,Iker Benito,27,F,,False,2026-05-04,raw/api_football/fixture_lineups/2026-04-29/fixture_1208537_lineups.json
1208537,727,Osasuna,4-3-3,1597,Vicente Moreno,46967,Juan Cruz,3,D,,False,2026-05-04,raw/api_football/fixture_lineups/2026-04-29/fixture_1208537_lineups.json
1208537,727,Osasuna,4-3-3,1597,Vicente Moreno,47448,Aitor Fernández,13,G,,False,2026-05-04,raw/api_football/fixture_lineups/2026-04-29/fixture_1208537_lineups.json
1208537,727,Osasuna,4-3-3,1597,Vicente Moreno,182592,Jorge Herrando,5,D,,False,2026-05-04,raw/api_football/fixture_lineups/2026-04-29/fixture_1208537_lineups.json
1208537,727,Osasuna,4-3-3,1597,Vicente Moreno,46652,Unai García,4,D,,False,2026-05-04,raw/api_football/fixture_lineups/2026-04-29/fixture_1208537_lineups.json
1208538,548,Real Sociedad,4-5-1,1586,Imanol Alguacil,47269,Álex Remiro,1,G,1:1,True,2026-05-04,raw/api_football/fixture_lineups/2026-04-29/fixture_1208538_lineups.json
1208538,548,Real Sociedad,4-5-1,1586,Imanol Alguacil,199044,J. Aramburu,27,D,2:4,True,2026-05-04,raw/api_football/fixture_lineups/2026-04-29/fixture_1208538_lineups.json
1208538,548,Real Sociedad,4-5-1,1586,Imanol Alguacil,47314,Zubeldia,5,D,2:3,True,2026-05-04,raw/api_football/fixture_lineups/2026-04-29/fixture_1208538_lineups.json
1208538,548,Real Sociedad,4-5-1,1586,Imanol Alguacil,21694,N. Aguerd,21,D,2:2,True,2026-05-04,raw/api_football/fixture_lineups/2026-04-29/fixture_1208538_lineups.json
1208538,548,Real Sociedad,4-5-1,1586,Imanol Alguacil,182636,Javi López,12,D,2:1,True,2026-05-04,raw/api_football/fixture_lineups/2026-04-29/fixture_1208538_lineups.json
1208538,548,Real Sociedad,4-5-1,1586,Imanol Alguacil,32862,T. Kubo,14,M,3:5,True,2026-05-04,raw/api_football/fixture_lineups/2026-04-29/fixture_1208538_lineups.json
1208538,548,Real Sociedad,4-5-1,1586,Imanol Alguacil,7332,L. Sučić,24,M,3:4,True,2026-05-04,raw/api_football/fixture_lineups/2026-04-29/fixture_1208538_lineups.json
1208538,548,Real Sociedad,4-5-1,1586,Imanol Alguacil,47315,Martín Zubimendi,4,M,3:3,True,2026-05-04,raw/api_football/fixture_lineups/2026-04-29/fixture_1208538_lineups.json
1208538,548,Real Sociedad,4-5-1,1586,Imanol Alguacil,23,Sergio Gómez,17,M,3:2,True,2026-05-04,raw/api_football/fixture_lineups/2026-04-29/fixture_1208538_lineups.json
1208538,548,Real Sociedad,4-5-1,1586,Imanol Alguacil,37938,S. Becker,11,M,3:1,True,2026-05-04,raw/api_football/fixture_lineups/2026-04-29/fixture_1208538_lineups.json
1208538,548,Real Sociedad,4-5-1,1586,Imanol Alguacil,31406,U. Sadiq,19,F,4:1,True,2026-05-04,raw/api_football/fixture_lineups/2026-04-29/fixture_1208538_lineups.json
1208538,548,Real Sociedad,4-5-1,1586,Imanol Alguacil,47317,Barrenetxea,7,F,,False,2026-05-04,raw/api_football/fixture_lineups/2026-04-29/fixture_1208538_lineups.json
1208538,548,Real Sociedad,4-5-1,1586,Imanol Alguacil,61774,O. Óskarsson,9,F,,False,2026-05-04,raw/api_football/fixture_lineups/2026-04-29/fixture_1208538_lineups.json
1208538,548,Real Sociedad,4-5-1,1586,Imanol Alguacil,182546,Jon Pacheco,20,D,,False,2026-05-04,raw/api_football/fixture_lineups/2026-04-29/fixture_1208538_lineups.json
1208538,548,Real Sociedad,4-5-1,1586,Imanol Alguacil,183744,Beñat Turrientes,22,M,,False,2026-05-04,raw/api_football/fixture_lineups/2026-04-29/fixture_1208538_lineups.json
1208538,548,Real Sociedad,4-5-1,1586,Imanol Alguacil,47303,Aihen Muñoz,3,D,,False,2026-05-04,raw/api_football/fixture_lineups/2026-04-29/fixture_1208538_lineups.json
1208538,548,Real Sociedad,4-5-1,1586,Imanol Alguacil,47298,Aritz Elustondo,6,D,,False,2026-05-04,raw/api_football/fixture_lineups/2026-04-29/fixture_1208538_lineups.json
1208538,548,Real Sociedad,4-5-1,1586,Imanol Alguacil,737,Odriozola,2,D,,False,2026-05-04,raw/api_football/fixture_lineups/2026-04-29/fixture_1208538_lineups.json
1208538,548,Real Sociedad,4-5-1,1586,Imanol Alguacil,182603,Jon Olasagasti,16,M,,False,2026-05-04,raw/api_football/fixture_lineups/2026-04-29/fixture_1208538_lineups.json
1208538,548,Real Sociedad,4-5-1,1586,Imanol Alguacil,47323,Mikel Oyarzabal,10,F,,False,2026-05-04,raw/api_football/fixture_lineups/2026-04-29/fixture_1208538_lineups.json
1208538,548,Real Sociedad,4-5-1,1586,Imanol Alguacil,290106,Pablo Marín,28,M,,False,2026-05-04,raw/api_football/fixture_lineups/2026-04-29/fixture_1208538_lineups.json
1208538,548,Real Sociedad,4-5-1,1586,Imanol Alguacil,405073,Jon Martín,31,D,,False,2026-05-04,raw/api_football/fixture_lineups/2026-04-29/fixture_1208538_lineups.json
1208538,548,Real Sociedad,4-5-1,1586,Imanol Alguacil,189832,Unai Marrero,13,G,,False,2026-05-04,raw/api_football/fixture_lineups/2026-04-29/fixture_1208538_lineups.json
1208538,541,Real Madrid,4-2-3-1,2407,C. Ancelotti,730,T. Courtois,1,G,1:1,True,2026-05-04,raw/api_football/fixture_lineups/2026-04-29/fixture_1208538_lineups.json
1208538,541,Real Madrid,4-2-3-1,2407,C. Ancelotti,733,Dani Carvajal,2,D,2:4,True,2026-05-04,raw/api_football/fixture_lineups/2026-04-29/fixture_1208538_lineups.json
1208538,541,Real Madrid,4-2-3-1,2407,C. Ancelotti,372,Éder Militão,3,D,2:3,True,2026-05-04,raw/api_football/fixture_lineups/2026-04-29/fixture_1208538_lineups.json
1208538,541,Real Madrid,4-2-3-1,2407,C. Ancelotti,2285,A. Rüdiger,22,D,2:2,True,2026-05-04,raw/api_football/fixture_lineups/2026-04-29/fixture_1208538_lineups.json
1208538,541,Real Madrid,4-2-3-1,2407,C. Ancelotti,653,F. Mendy,23,D,2:1,True,2026-05-04,raw/api_football/fixture_lineups/2026-04-29/fixture_1208538_lineups.json
1208538,541,Real Madrid,4-2-3-1,2407,C. Ancelotti,756,F. Valverde,8,M,3:2,True,2026-05-04,raw/api_football/fixture_lineups/2026-04-29/fixture_1208538_lineups.json
1208538,541,Real Madrid,4-2-3-1,2407,C. Ancelotti,754,L. Modrić,10,M,3:1,True,2026-05-04,raw/api_football/fixture_lineups/2026-04-29/fixture_1208538_lineups.json
1208538,541,Real Madrid,4-2-3-1,2407,C. Ancelotti,744,Brahim Díaz,21,M,4:3,True,2026-05-04,raw/api_football/fixture_lineups/2026-04-29/fixture_1208538_lineups.json
1208538,541,Real Madrid,4-2-3-1,2407,C. Ancelotti,291964,A. Güler,15,M,4:2,True,2026-05-04,raw/api_football/fixture_lineups/2026-04-29/fixture_1208538_lineups.json
1208538,541,Real Madrid,4-2-3-1,2407,C. Ancelotti,762,Vinícius Júnior,7,M,4:1,True,2026-05-04,raw/api_football/fixture_lineups/2026-04-29/fixture_1208538_lineups.json
1208538,541,Real Madrid,4-2-3-1,2407,C. Ancelotti,278,K. Mbappé,9,F,5:1,True,2026-05-04,raw/api_football/fixture_lineups/2026-04-29/fixture_1208538_lineups.json
1208538,541,Real Madrid,4-2-3-1,2407,C. Ancelotti,10009,Rodrygo,11,F,,False,2026-05-04,raw/api_football/fixture_lineups/2026-04-29/fixture_1208538_lineups.json
1208538,541,Real Madrid,4-2-3-1,2407,C. Ancelotti,757,Lucas Vázquez,17,M,,False,2026-05-04,raw/api_football/fixture_lineups/2026-04-29/fixture_1208538_lineups.json
1208538,541,Real Madrid,4-2-3-1,2407,C. Ancelotti,377122,Endrick,16,F,,False,2026-05-04,raw/api_football/fixture_lineups/2026-04-29/fixture_1208538_lineups.json
1208538,541,Real Madrid,4-2-3-1,2407,C. Ancelotti,388871,Chema Andrés,36,M,,False,2026-05-04,raw/api_football/fixture_lineups/2026-04-29/fixture_1208538_lineups.json
1208538,541,Real Madrid,4-2-3-1,2407,C. Ancelotti,736,Fran García,20,D,,False,2026-05-04,raw/api_football/fixture_lineups/2026-04-29/fixture_1208538_lineups.json
1208538,541,Real Madrid,4-2-3-1,2407,C. Ancelotti,386872,Sergio Mestre,34,G,,False,2026-05-04,raw/api_football/fixture_lineups/2026-04-29/fixture_1208538_lineups.json
1208538,541,Real Madrid,4-2-3-1,2407,C. Ancelotti,47400,A. Lunin,13,G,,False,2026-05-04,raw/api_football/fixture_lineups/2026-04-29/fixture_1208538_lineups.json
1208538,541,Real Madrid,4-2-3-1,2407,C. Ancelotti,741,Jesús Vallejo,18,D,,False,2026-05-04,raw/api_football/fixture_lineups/2026-04-29/fixture_1208538_lineups.json
1208550,798,Mallorca,4-2-3-1,1588,Arrasate,179139,Leo Román,13,G,1:1,True,2026-05-04,raw/api_football/fixture_lineups/2026-04-29/fixture_1208550_lineups.json
1208550,798,Mallorca,4-2-3-1,1588,Arrasate,107194,Antonio Sánchez,18,D,2:4,True,2026-05-04,raw/api_football/fixture_lineups/2026-04-29/fixture_1208550_lineups.json
1208550,798,Mallorca,4-2-3-1,1588,Arrasate,46733,Raíllo,21,D,2:3,True,2026-05-04,raw/api_football/fixture_lineups/2026-04-29/fixture_1208550_lineups.json
1208550,798,Mallorca,4-2-3-1,1588,Arrasate,181582,Copete,6,D,2:2,True,2026-05-04,raw/api_football/fixture_lineups/2026-04-29/fixture_1208550_lineups.json
1208550,798,Mallorca,4-2-3-1,1588,Arrasate,64268,J. Mojica,22,D,2:1,True,2026-05-04,raw/api_football/fixture_lineups/2026-04-29/fixture_1208550_lineups.json
1208550,798,Mallorca,4-2-3-1,1588,Arrasate,190485,Samú Costa,12,M,3:2,True,2026-05-04,raw/api_football/fixture_lineups/2026-04-29/fixture_1208550_lineups.json
1208550,798,Mallorca,4-2-3-1,1588,Arrasate,414,Omar Mascarell,5,M,3:1,True,2026-05-04,raw/api_football/fixture_lineups/2026-04-29/fixture_1208550_lineups.json
1208550,798,Mallorca,4-2-3-1,1588,Arrasate,84086,Robert Navarro,27,M,4:3,True,2026-05-04,raw/api_football/fixture_lineups/2026-04-29/fixture_1208550_lineups.json
1208550,798,Mallorca,4-2-3-1,1588,Arrasate,46751,Abdón Prats,9,M,4:2,True,2026-05-04,raw/api_football/fixture_lineups/2026-04-29/fixture_1208550_lineups.json
1208550,798,Mallorca,4-2-3-1,1588,Arrasate,47336,Darder,10,M,4:1,True,2026-05-04,raw/api_football/fixture_lineups/2026-04-29/fixture_1208550_lineups.json
1208550,798,Mallorca,4-2-3-1,1588,Arrasate,2001,C. Larin,17,F,5:1,True,2026-05-04,raw/api_football/fixture_lineups/2026-04-29/fixture_1208550_lineups.json
1208550,798,Mallorca,4-2-3-1,1588,Arrasate,25375,T. Asano,11,F,,False,2026-05-04,raw/api_football/fixture_lineups/2026-04-29/fixture_1208550_lineups.json
1208550,798,Mallorca,4-2-3-1,1588,Arrasate,50048,V. Muriqi,7,F,,False,2026-05-04,raw/api_football/fixture_lineups/2026-04-29/fixture_1208550_lineups.json
1208550,798,Mallorca,4-2-3-1,1588,Arrasate,46742,Dani Rodríguez,14,M,,False,2026-05-04,raw/api_football/fixture_lineups/2026-04-29/fixture_1208550_lineups.json
1208550,798,Mallorca,4-2-3-1,1588,Arrasate,47514,Valery,16,D,,False,2026-05-04,raw/api_football/fixture_lineups/2026-04-29/fixture_1208550_lineups.json
1208550,798,Mallorca,4-2-3-1,1588,Arrasate,1701,Manu Morlanes,8,M,,False,2026-05-04,raw/api_football/fixture_lineups/2026-04-29/fixture_1208550_lineups.json
1208550,798,Mallorca,4-2-3-1,1588,Arrasate,482473,Marc Domenech,30,F,,False,2026-05-04,raw/api_football/fixture_lineups/2026-04-29/fixture_1208550_lineups.json
1208550,798,Mallorca,4-2-3-1,1588,Arrasate,195962,Chiquinho,20,F,,False,2026-05-04,raw/api_football/fixture_lineups/2026-04-29/fixture_1208550_lineups.json
1208550,798,Mallorca,4-2-3-1,1588,Arrasate,47399,Iván Cuéllar,25,G,,False,2026-05-04,raw/api_football/fixture_lineups/2026-04-29/fixture_1208550_lineups.json
1208550,798,Mallorca,4-2-3-1,1588,Arrasate,61142,D. Greif,1,G,,False,2026-05-04,raw/api_football/fixture_lineups/2026-04-29/fixture_1208550_lineups.json
1208550,798,Mallorca,4-2-3-1,1588,Arrasate,297646,D. Luna,33,M,,False,2026-05-04,raw/api_football/fixture_lineups/2026-04-29/fixture_1208550_lineups.json
1208550,798,Mallorca,4-2-3-1,1588,Arrasate,108519,Mateu Morey,2,D,,False,2026-05-04,raw/api_football/fixture_lineups/2026-04-29/fixture_1208550_lineups.json
1208550,798,Mallorca,4-2-3-1,1588,Arrasate,46738,M. Valjent,24,D,,False,2026-05-04,raw/api_football/fixture_lineups/2026-04-29/fixture_1208550_lineups.json
1208550,548,Real Sociedad,4-1-4-1,1586,Imanol Alguacil,47269,Álex Remiro,1,G,1:1,True,2026-05-04,raw/api_football/fixture_lineups/2026-04-29/fixture_1208550_lineups.json
1208550,548,Real Sociedad,4-1-4-1,1586,Imanol Alguacil,47298,Aritz Elustondo,6,D,2:4,True,2026-05-04,raw/api_football/fixture_lineups/2026-04-29/fixture_1208550_lineups.json
1208550,548,Real Sociedad,4-1-4-1,1586,Imanol Alguacil,47314,Zubeldia,5,D,2:3,True,2026-05-04,raw/api_football/fixture_lineups/2026-04-29/fixture_1208550_lineups.json
1208550,548,Real Sociedad,4-1-4-1,1586,Imanol Alguacil,21694,N. Aguerd,21,D,2:2,True,2026-05-04,raw/api_football/fixture_lineups/2026-04-29/fixture_1208550_lineups.json
1208550,548,Real Sociedad,4-1-4-1,1586,Imanol Alguacil,47303,Aihen Muñoz,3,D,2:1,True,2026-05-04,raw/api_football/fixture_lineups/2026-04-29/fixture_1208550_lineups.json
1208550,548,Real Sociedad,4-1-4-1,1586,Imanol Alguacil,47315,Martín Zubimendi,4,M,3:1,True,2026-05-04,raw/api_football/fixture_lineups/2026-04-29/fixture_1208550_lineups.json
1208550,548,Real Sociedad,4-1-4-1,1586,Imanol Alguacil,23,Sergio Gómez,17,M,4:4,True,2026-05-04,raw/api_football/fixture_lineups/2026-04-29/fixture_1208550_lineups.json
1208550,548,Real Sociedad,4-1-4-1,1586,Imanol Alguacil,183744,Beñat Turrientes,22,M,4:3,True,2026-05-04,raw/api_football/fixture_lineups/2026-04-29/fixture_1208550_lineups.json
1208550,548,Real Sociedad,4-1-4-1,1586,Imanol Alguacil,7332,L. Sučić,24,M,4:2,True,2026-05-04,raw/api_football/fixture_lineups/2026-04-29/fixture_1208550_lineups.json
1208550,548,Real Sociedad,4-1-4-1,1586,Imanol Alguacil,47317,Barrenetxea,7,M,4:1,True,2026-05-04,raw/api_football/fixture_lineups/2026-04-29/fixture_1208550_lineups.json
1208550,548,Real Sociedad,4-1-4-1,1586,Imanol Alguacil,47323,Mikel Oyarzabal,10,F,5:1,True,2026-05-04,raw/api_football/fixture_lineups/2026-04-29/fixture_1208550_lineups.json
1208550,548,Real Sociedad,4-1-4-1,1586,Imanol Alguacil,32862,T. Kubo,14,F,,False,2026-05-04,raw/api_football/fixture_lineups/2026-04-29/fixture_1208550_lineups.json
1208550,548,Real Sociedad,4-1-4-1,1586,Imanol Alguacil,61774,O. Óskarsson,9,F,,False,2026-05-04,raw/api_football/fixture_lineups/2026-04-29/fixture_1208550_lineups.json
1208550,548,Real Sociedad,4-1-4-1,1586,Imanol Alguacil,737,Odriozola,2,D,,False,2026-05-04,raw/api_football/fixture_lineups/2026-04-29/fixture_1208550_lineups.json
1208550,548,Real Sociedad,4-1-4-1,1586,Imanol Alguacil,290106,Pablo Marín,28,M,,False,2026-05-04,raw/api_football/fixture_lineups/2026-04-29/fixture_1208550_lineups.json
1208550,548,Real Sociedad,4-1-4-1,1586,Imanol Alguacil,37938,S. Becker,11,F,,False,2026-05-04,raw/api_football/fixture_lineups/2026-04-29/fixture_1208550_lineups.json
1208550,548,Real Sociedad,4-1-4-1,1586,Imanol Alguacil,199044,J. Aramburu,27,D,,False,2026-05-04,raw/api_football/fixture_lineups/2026-04-29/fixture_1208550_lineups.json
1208550,548,Real Sociedad,4-1-4-1,1586,Imanol Alguacil,189832,Unai Marrero,13,G,,False,2026-05-04,raw/api_football/fixture_lineups/2026-04-29/fixture_1208550_lineups.json
1208550,548,Real Sociedad,4-1-4-1,1586,Imanol Alguacil,31406,U. Sadiq,19,F,,False,2026-05-04,raw/api_football/fixture_lineups/2026-04-29/fixture_1208550_lineups.json
1208550,548,Real Sociedad,4-1-4-1,1586,Imanol Alguacil,182546,Jon Pacheco,20,D,,False,2026-05-04,raw/api_football/fixture_lineups/2026-04-29/fixture_1208550_lineups.json
1208550,548,Real Sociedad,4-1-4-1,1586,Imanol Alguacil,287652,Jon Magunazelaia,25,M,,False,2026-05-04,raw/api_football/fixture_lineups/2026-04-29/fixture_1208550_lineups.json
1208550,548,Real Sociedad,4-1-4-1,1586,Imanol Alguacil,182603,Jon Olasagasti,16,M,,False,2026-05-04,raw/api_football/fixture_lineups/2026-04-29/fixture_1208550_lineups.json
1208550,548,Real Sociedad,4-1-4-1,1586,Imanol Alguacil,405073,Jon Martín,31,D,,False,2026-05-04,raw/api_football/fixture_lineups/2026-04-29/fixture_1208550_lineups.json
1212912,530,Atletico Madrid,5-3-2,1595,D. Simeone,29,J. Oblak,13,G,1:1,True,2026-05-04,raw/api_football/fixture_lineups/2026-04-29/fixture_1212912_lineups.json
1212912,530,Atletico Madrid,5-3-2,1595,D. Simeone,6503,N. Molina,16,D,2:5,True,2026-05-04,raw/api_football/fixture_lineups/2026-04-29/fixture_1212912_lineups.json
1212912,530,Atletico Madrid,5-3-2,1595,D. Simeone,47301,Robin Le Normand,24,D,2:4,True,2026-05-04,raw/api_football/fixture_lineups/2026-04-29/fixture_1212912_lineups.json
1212912,530,Atletico Madrid,5-3-2,1595,D. Simeone,20,A. Witsel,20,D,2:3,True,2026-05-04,raw/api_football/fixture_lineups/2026-04-29/fixture_1212912_lineups.json
1212912,530,Atletico Madrid,5-3-2,1595,D. Simeone,2280,César Azpilicueta,3,D,2:2,True,2026-05-04,raw/api_football/fixture_lineups/2026-04-29/fixture_1212912_lineups.json
1212912,530,Atletico Madrid,5-3-2,1595,D. Simeone,136117,Rodrigo Riquelme,17,D,2:1,True,2026-05-04,raw/api_football/fixture_lineups/2026-04-29/fixture_1212912_lineups.json
1212912,530,Atletico Madrid,5-3-2,1595,D. Simeone,2472,R. De Paul,5,M,3:3,True,2026-05-04,raw/api_football/fixture_lineups/2026-04-29/fixture_1212912_lineups.json
1212912,530,Atletico Madrid,5-3-2,1595,D. Simeone,50,Koke,6,M,3:2,True,2026-05-04,raw/api_football/fixture_lineups/2026-04-29/fixture_1212912_lineups.json
1212912,530,Atletico Madrid,5-3-2,1595,D. Simeone,126936,Samuel Lino,12,M,3:1,True,2026-05-04,raw/api_football/fixture_lineups/2026-04-29/fixture_1212912_lineups.json
1212912,530,Atletico Madrid,5-3-2,1595,D. Simeone,6009,J. Alvarez,19,F,4:2,True,2026-05-04,raw/api_football/fixture_lineups/2026-04-29/fixture_1212912_lineups.json
1212912,530,Atletico Madrid,5-3-2,1595,D. Simeone,8492,A. Sørloth,9,F,4:1,True,2026-05-04,raw/api_football/fixture_lineups/2026-04-29/fixture_1212912_lineups.json
1212912,530,Atletico Madrid,5-3-2,1595,D. Simeone,336594,Pablo Barrios,8,M,,False,2026-05-04,raw/api_football/fixture_lineups/2026-04-29/fixture_1212912_lineups.json
1212912,530,Atletico Madrid,5-3-2,1595,D. Simeone,56,A. Griezmann,7,F,,False,2026-05-04,raw/api_football/fixture_lineups/2026-04-29/fixture_1212912_lineups.json
1212912,530,Atletico Madrid,5-3-2,1595,D. Simeone,753,Marcos Llorente,14,M,,False,2026-05-04,raw/api_football/fixture_lineups/2026-04-29/fixture_1212912_lineups.json
1212912,530,Atletico Madrid,5-3-2,1595,D. Simeone,53,Á. Correa,10,F,,False,2026-05-04,raw/api_football/fixture_lineups/2026-04-29/fixture_1212912_lineups.json
1212912,530,Atletico Madrid,5-3-2,1595,D. Simeone,22225,Reinildo,23,D,,False,2026-05-04,raw/api_football/fixture_lineups/2026-04-29/fixture_1212912_lineups.json
1212912,530,Atletico Madrid,5-3-2,1595,D. Simeone,333379,Antonio Gomis,31,G,,False,2026-05-04,raw/api_football/fixture_lineups/2026-04-29/fixture_1212912_lineups.json
1212912,530,Atletico Madrid,5-3-2,1595,D. Simeone,133,C. Lenglet,15,D,,False,2026-05-04,raw/api_football/fixture_lineups/2026-04-29/fixture_1212912_lineups.json
1212912,530,Atletico Madrid,5-3-2,1595,D. Simeone,47566,Javi Galán,21,D,,False,2026-05-04,raw/api_football/fixture_lineups/2026-04-29/fixture_1212912_lineups.json
1212912,530,Atletico Madrid,5-3-2,1595,D. Simeone,2465,J. Musso,1,G,,False,2026-05-04,raw/api_football/fixture_lineups/2026-04-29/fixture_1212912_lineups.json
1212912,530,Atletico Madrid,5-3-2,1595,D. Simeone,67972,C. Gallagher,4,M,,False,2026-05-04,raw/api_football/fixture_lineups/2026-04-29/fixture_1212912_lineups.json
1212912,530,Atletico Madrid,5-3-2,1595,D. Simeone,31,J. Giménez,2,D,,False,2026-05-04,raw/api_football/fixture_lineups/2026-04-29/fixture_1212912_lineups.json
1212912,530,Atletico Madrid,5-3-2,1595,D. Simeone,323935,G. Simeone,22,F,,False,2026-05-04,raw/api_football/fixture_lineups/2026-04-29/fixture_1212912_lineups.json
1212912,540,Espanyol,5-3-2,6757,Manolo González,182718,Joan García,1,G,1:1,True,2026-05-04,raw/api_football/fixture_lineups/2026-04-29/fixture_1212912_lineups.json
1212912,540,Espanyol,5-3-2,6757,Manolo González,46709,Álvaro Tejero,12,D,2:5,True,2026-05-04,raw/api_football/fixture_lineups/2026-04-29/fixture_1212912_lineups.json
1212912,540,Espanyol,5-3-2,6757,Manolo González,286601,O. El Hilali,23,D,2:4,True,2026-05-04,raw/api_football/fixture_lineups/2026-04-29/fixture_1212912_lineups.json
1212912,540,Espanyol,5-3-2,6757,Manolo González,47478,Fernando Calero,5,D,2:3,True,2026-05-04,raw/api_football/fixture_lineups/2026-04-29/fixture_1212912_lineups.json
1212912,540,Espanyol,5-3-2,6757,Manolo González,30924,M. Kumbulla,4,D,2:2,True,2026-05-04,raw/api_football/fixture_lineups/2026-04-29/fixture_1212912_lineups.json
1212912,540,Espanyol,5-3-2,6757,Manolo González,184420,Carlos Romero,22,D,2:1,True,2026-05-04,raw/api_football/fixture_lineups/2026-04-29/fixture_1212912_lineups.json
1212912,540,Espanyol,5-3-2,6757,Manolo González,1234,A. Král,20,M,3:3,True,2026-05-04,raw/api_football/fixture_lineups/2026-04-29/fixture_1212912_lineups.json
1212912,540,Espanyol,5-3-2,6757,Manolo González,67940,José Gragera,15,M,3:2,True,2026-05-04,raw/api_football/fixture_lineups/2026-04-29/fixture_1212912_lineups.json
1212912,540,Espanyol,5-3-2,6757,Manolo González,47195,Álvaro Aguado,18,M,3:1,True,2026-05-04,raw/api_football/fixture_lineups/2026-04-29/fixture_1212912_lineups.json
1212912,540,Espanyol,5-3-2,6757,Manolo González,311344,A. Véliz,9,F,4:2,True,2026-05-04,raw/api_football/fixture_lineups/2026-04-29/fixture_1212912_lineups.json
1212912,540,Espanyol,5-3-2,6757,Manolo González,47349,Javi Puado,7,F,4:1,True,2026-05-04,raw/api_football/fixture_lineups/2026-04-29/fixture_1212912_lineups.json
1212912,540,Espanyol,5-3-2,6757,Manolo González,128478,W. Cheddira,16,F,,False,2026-05-04,raw/api_football/fixture_lineups/2026-04-29/fixture_1212912_lineups.json
1212912,540,Espanyol,5-3-2,6757,Manolo González,46764,Brian Oliván,14,D,,False,2026-05-04,raw/api_football/fixture_lineups/2026-04-29/fixture_1212912_lineups.json
1212912,540,Espanyol,5-3-2,6757,Manolo González,2042,Sergi Gómez,3,D,,False,2026-05-04,raw/api_football/fixture_lineups/2026-04-29/fixture_1212912_lineups.json
1212912,540,Espanyol,5-3-2,6757,Manolo González,127426,Pol Lozano,10,M,,False,2026-05-04,raw/api_football/fixture_lineups/2026-04-29/fixture_1212912_lineups.json
1212912,540,Espanyol,5-3-2,6757,Manolo González,182674,Jofre Carreras,17,F,,False,2026-05-04,raw/api_football/fixture_lineups/2026-04-29/fixture_1212912_lineups.json
1212912,540,Espanyol,5-3-2,6757,Manolo González,46775,Salvi Sánchez,19,M,,False,2026-05-04,raw/api_football/fixture_lineups/2026-04-29/fixture_1212912_lineups.json
1212912,540,Espanyol,5-3-2,6757,Manolo González,182735,Ángel Fortuño,33,G,,False,2026-05-04,raw/api_football/fixture_lineups/2026-04-29/fixture_1212912_lineups.json
1212912,540,Espanyol,5-3-2,6757,Manolo González,297742,Antoniu Roca,31,F,,False,2026-05-04,raw/api_football/fixture_lineups/2026-04-29/fixture_1212912_lineups.json
1212912,540,Espanyol,5-3-2,6757,Manolo González,47352,Fernando Pacheco,13,G,,False,2026-05-04,raw/api_football/fixture_lineups/2026-04-29/fixture_1212912_lineups.json
1212912,540,Espanyol,5-3-2,6757,Manolo González,47398,Pere Milla,11,M,,False,2026-05-04,raw/api_football/fixture_lineups/2026-04-29/fixture_1212912_lineups.json
1212912,540,Espanyol,5-3-2,6757,Manolo González,438284,Rafel Bauzà,35,M,,False,2026-05-04,raw/api_football/fixture_lineups/2026-04-29/fixture_1212912_lineups.json
1212912,540,Espanyol,5-3-2,6757,Manolo González,355327,José Luis Català,27,D,,False,2026-05-04,raw/api_football/fixture_lineups/2026-04-29/fixture_1212912_lineups.json
1212913,540,Espanyol,4-4-2,6757,Manolo González,182718,Joan García,1,G,1:1,True,2026-05-04,raw/api_football/fixture_lineups/2026-04-29/fixture_1212913_lineups.json
1212913,540,Espanyol,4-4-2,6757,Manolo González,286601,O. El Hilali,23,D,2:4,True,2026-05-04,raw/api_football/fixture_lineups/2026-04-29/fixture_1212913_lineups.json
1212913,540,Espanyol,4-4-2,6757,Manolo González,47478,Fernando Calero,5,D,2:3,True,2026-05-04,raw/api_football/fixture_lineups/2026-04-29/fixture_1212913_lineups.json
1212913,540,Espanyol,4-4-2,6757,Manolo González,30924,M. Kumbulla,4,D,2:2,True,2026-05-04,raw/api_football/fixture_lineups/2026-04-29/fixture_1212913_lineups.json
1212913,540,Espanyol,4-4-2,6757,Manolo González,46764,Brian Oliván,14,D,2:1,True,2026-05-04,raw/api_football/fixture_lineups/2026-04-29/fixture_1212913_lineups.json
1212913,540,Espanyol,4-4-2,6757,Manolo González,182674,Jofre Carreras,17,M,3:4,True,2026-05-04,raw/api_football/fixture_lineups/2026-04-29/fixture_1212913_lineups.json
1212913,540,Espanyol,4-4-2,6757,Manolo González,1234,A. Král,20,M,3:3,True,2026-05-04,raw/api_football/fixture_lineups/2026-04-29/fixture_1212913_lineups.json
1212913,540,Espanyol,4-4-2,6757,Manolo González,67940,José Gragera,15,M,3:2,True,2026-05-04,raw/api_football/fixture_lineups/2026-04-29/fixture_1212913_lineups.json
1212913,540,Espanyol,4-4-2,6757,Manolo González,184420,Carlos Romero,22,M,3:1,True,2026-05-04,raw/api_football/fixture_lineups/2026-04-29/fixture_1212913_lineups.json
1212913,540,Espanyol,4-4-2,6757,Manolo González,47349,Javi Puado,7,F,4:2,True,2026-05-04,raw/api_football/fixture_lineups/2026-04-29/fixture_1212913_lineups.json
1212913,540,Espanyol,4-4-2,6757,Manolo González,311344,A. Véliz,9,F,4:1,True,2026-05-04,raw/api_football/fixture_lineups/2026-04-29/fixture_1212913_lineups.json
1212913,540,Espanyol,4-4-2,6757,Manolo González,8683,I. Cardona,24,F,,False,2026-05-04,raw/api_football/fixture_lineups/2026-04-29/fixture_1212913_lineups.json
1212913,540,Espanyol,4-4-2,6757,Manolo González,47195,Álvaro Aguado,18,M,,False,2026-05-04,raw/api_football/fixture_lineups/2026-04-29/fixture_1212913_lineups.json
1212913,540,Espanyol,4-4-2,6757,Manolo González,46709,Álvaro Tejero,12,D,,False,2026-05-04,raw/api_football/fixture_lineups/2026-04-29/fixture_1212913_lineups.json
1212913,540,Espanyol,4-4-2,6757,Manolo González,128478,W. Cheddira,16,F,,False,2026-05-04,raw/api_football/fixture_lineups/2026-04-29/fixture_1212913_lineups.json
1212913,540,Espanyol,4-4-2,6757,Manolo González,2042,Sergi Gómez,3,D,,False,2026-05-04,raw/api_football/fixture_lineups/2026-04-29/fixture_1212913_lineups.json
1212913,540,Espanyol,4-4-2,6757,Manolo González,182735,Ángel Fortuño,33,G,,False,2026-05-04,raw/api_football/fixture_lineups/2026-04-29/fixture_1212913_lineups.json
1212913,540,Espanyol,4-4-2,6757,Manolo González,297742,Antoniu Roca,31,F,,False,2026-05-04,raw/api_football/fixture_lineups/2026-04-29/fixture_1212913_lineups.json
1212913,540,Espanyol,4-4-2,6757,Manolo González,47352,Fernando Pacheco,13,G,,False,2026-05-04,raw/api_football/fixture_lineups/2026-04-29/fixture_1212913_lineups.json
1212913,540,Espanyol,4-4-2,6757,Manolo González,161894,N. Ünüvar,37,M,,False,2026-05-04,raw/api_football/fixture_lineups/2026-04-29/fixture_1212913_lineups.json
1212913,540,Espanyol,4-4-2,6757,Manolo González,127426,Pol Lozano,10,M,,False,2026-05-04,raw/api_football/fixture_lineups/2026-04-29/fixture_1212913_lineups.json
1212913,540,Espanyol,4-4-2,6757,Manolo González,47398,Pere Milla,11,M,,False,2026-05-04,raw/api_football/fixture_lineups/2026-04-29/fixture_1212913_lineups.json
1212913,540,Espanyol,4-4-2,6757,Manolo González,438284,Rafel Bauzà,35,M,,False,2026-05-04,raw/api_football/fixture_lineups/2026-04-29/fixture_1212913_lineups.json
1212913,728,Rayo Vallecano,4-4-2,21839,Iñigo Pérez,156488,Dani Cárdenas,1,G,1:1,True,2026-05-04,raw/api_football/fixture_lineups/2026-04-29/fixture_1212913_lineups.json
1212913,728,Rayo Vallecano,4-4-2,21839,Iñigo Pérez,1703,A. Rațiu,2,D,2:4,True,2026-05-04,raw/api_football/fixture_lineups/2026-04-29/fixture_1212913_lineups.json
1212913,728,Rayo Vallecano,4-4-2,21839,Iñigo Pérez,18895,F. Lejeune,24,D,2:3,True,2026-05-04,raw/api_football/fixture_lineups/2026-04-29/fixture_1212913_lineups.json
1212913,728,Rayo Vallecano,4-4-2,21839,Iñigo Pérez,15900,A. Mumin,16,D,2:2,True,2026-05-04,raw/api_football/fixture_lineups/2026-04-29/fixture_1212913_lineups.json
1212913,728,Rayo Vallecano,4-4-2,21839,Iñigo Pérez,46759,A. Espino,22,D,2:1,True,2026-05-04,raw/api_football/fixture_lineups/2026-04-29/fixture_1212913_lineups.json
1212913,728,Rayo Vallecano,4-4-2,21839,Iñigo Pérez,128582,Jorge de Frutos,19,M,3:4,True,2026-05-04,raw/api_football/fixture_lineups/2026-04-29/fixture_1212913_lineups.json
1212913,728,Rayo Vallecano,4-4-2,21839,Iñigo Pérez,47109,Óscar Valentín,23,M,3:3,True,2026-05-04,raw/api_football/fixture_lineups/2026-04-29/fixture_1212913_lineups.json
1212913,728,Rayo Vallecano,4-4-2,21839,Iñigo Pérez,47285,Unai López,17,M,3:2,True,2026-05-04,raw/api_football/fixture_lineups/2026-04-29/fixture_1212913_lineups.json
1212913,728,Rayo Vallecano,4-4-2,21839,Iñigo Pérez,47543,Álvaro García,18,M,3:1,True,2026-05-04,raw/api_football/fixture_lineups/2026-04-29/fixture_1212913_lineups.json
1212913,728,Rayo Vallecano,4-4-2,21839,Iñigo Pérez,47554,Adri Embarba,21,F,4:2,True,2026-05-04,raw/api_football/fixture_lineups/2026-04-29/fixture_1212913_lineups.json
1212913,728,Rayo Vallecano,4-4-2,21839,Iñigo Pérez,52,Sergio Camello,14,F,4:1,True,2026-05-04,raw/api_football/fixture_lineups/2026-04-29/fixture_1212913_lineups.json
1212913,728,Rayo Vallecano,4-4-2,21839,Iñigo Pérez,181734,Pep Chavarría,3,D,,False,2026-05-04,raw/api_football/fixture_lineups/2026-04-29/fixture_1212913_lineups.json
1212913,728,Rayo Vallecano,4-4-2,21839,Iñigo Pérez,20520,I. Balliu,20,D,,False,2026-05-04,raw/api_football/fixture_lineups/2026-04-29/fixture_1212913_lineups.json
1212913,728,Rayo Vallecano,4-4-2,21839,Iñigo Pérez,131546,Isi Palazón,7,M,,False,2026-05-04,raw/api_football/fixture_lineups/2026-04-29/fixture_1212913_lineups.json
1212913,728,Rayo Vallecano,4-4-2,21839,Iñigo Pérez,122657,Randy Nteka,11,M,,False,2026-05-04,raw/api_football/fixture_lineups/2026-04-29/fixture_1212913_lineups.json
1212913,728,Rayo Vallecano,4-4-2,21839,Iñigo Pérez,41552,P. Ciss,6,M,,False,2026-05-04,raw/api_football/fixture_lineups/2026-04-29/fixture_1212913_lineups.json
1212913,728,Rayo Vallecano,4-4-2,21839,Iñigo Pérez,333292,Pelayo Fernández,27,D,,False,2026-05-04,raw/api_football/fixture_lineups/2026-04-29/fixture_1212913_lineups.json
1212913,728,Rayo Vallecano,4-4-2,21839,Iñigo Pérez,47414,Gerard Gumbau,15,M,,False,2026-05-04,raw/api_football/fixture_lineups/2026-04-29/fixture_1212913_lineups.json
1212913,728,Rayo Vallecano,4-4-2,21839,Iñigo Pérez,47557,Ó. Trejo,8,M,,False,2026-05-04,raw/api_football/fixture_lineups/2026-04-29/fixture_1212913_lineups.json
1212913,728,Rayo Vallecano,4-4-2,21839,Iñigo Pérez,46887,Pedro Díaz,4,M,,False,2026-05-04,raw/api_football/fixture_lineups/2026-04-29/fixture_1212913_lineups.json
1212913,728,Rayo Vallecano,4-4-2,21839,Iñigo Pérez,47551,Raúl de Tomás,9,F,,False,2026-05-04,raw/api_football/fixture_lineups/2026-04-29/fixture_1212913_lineups.json
1212913,728,Rayo Vallecano,4-4-2,21839,Iñigo Pérez,11379,A. Batalla,13,G,,False,2026-05-04,raw/api_football/fixture_lineups/2026-04-29/fixture_1212913_lineups.json
1212913,728,Rayo Vallecano,4-4-2,21839,Iñigo Pérez,46654,Aridane Hernández,5,D,,False,2026-05-04,raw/api_football/fixture_lineups/2026-04-29/fixture_1212913_lineups.json
1212914,540,Espanyol,4-4-2,6757,Manolo González,182718,Joan García,1,G,1:1,True,2026-05-04,raw/api_football/fixture_lineups/2026-04-29/fixture_1212914_lineups.json
1212914,540,Espanyol,4-4-2,6757,Manolo González,286601,O. El Hilali,23,D,2:4,True,2026-05-04,raw/api_football/fixture_lineups/2026-04-29/fixture_1212914_lineups.json
1212914,540,Espanyol,4-4-2,6757,Manolo González,30924,M. Kumbulla,4,D,2:3,True,2026-05-04,raw/api_football/fixture_lineups/2026-04-29/fixture_1212914_lineups.json
1212914,540,Espanyol,4-4-2,6757,Manolo González,47249,L. Cabrera,6,D,2:2,True,2026-05-04,raw/api_football/fixture_lineups/2026-04-29/fixture_1212914_lineups.json
1212914,540,Espanyol,4-4-2,6757,Manolo González,184420,Carlos Romero,22,D,2:1,True,2026-05-04,raw/api_football/fixture_lineups/2026-04-29/fixture_1212914_lineups.json
1212914,540,Espanyol,4-4-2,6757,Manolo González,46709,Álvaro Tejero,12,M,3:4,True,2026-05-04,raw/api_football/fixture_lineups/2026-04-29/fixture_1212914_lineups.json
1212914,540,Espanyol,4-4-2,6757,Manolo González,1234,A. Král,20,M,3:3,True,2026-05-04,raw/api_football/fixture_lineups/2026-04-29/fixture_1212914_lineups.json
1212914,540,Espanyol,4-4-2,6757,Manolo González,47195,Álvaro Aguado,18,M,3:2,True,2026-05-04,raw/api_football/fixture_lineups/2026-04-29/fixture_1212914_lineups.json
1212914,540,Espanyol,4-4-2,6757,Manolo González,182674,Jofre Carreras,17,M,3:1,True,2026-05-04,raw/api_football/fixture_lineups/2026-04-29/fixture_1212914_lineups.json
1212914,540,Espanyol,4-4-2,6757,Manolo González,47349,Javi Puado,7,F,4:2,True,2026-05-04,raw/api_football/fixture_lineups/2026-04-29/fixture_1212914_lineups.json
1212914,540,Espanyol,4-4-2,6757,Manolo González,311344,A. Véliz,9,F,4:1,True,2026-05-04,raw/api_football/fixture_lineups/2026-04-29/fixture_1212914_lineups.json
1212914,540,Espanyol,4-4-2,6757,Manolo González,128478,W. Cheddira,16,F,,False,2026-05-04,raw/api_football/fixture_lineups/2026-04-29/fixture_1212914_lineups.json
1212914,540,Espanyol,4-4-2,6757,Manolo González,8683,I. Cardona,24,F,,False,2026-05-04,raw/api_football/fixture_lineups/2026-04-29/fixture_1212914_lineups.json
1212914,540,Espanyol,4-4-2,6757,Manolo González,67940,José Gragera,15,M,,False,2026-05-04,raw/api_football/fixture_lineups/2026-04-29/fixture_1212914_lineups.json
1212914,540,Espanyol,4-4-2,6757,Manolo González,2042,Sergi Gómez,3,D,,False,2026-05-04,raw/api_football/fixture_lineups/2026-04-29/fixture_1212914_lineups.json
1212914,540,Espanyol,4-4-2,6757,Manolo González,46764,Brian Oliván,14,D,,False,2026-05-04,raw/api_football/fixture_lineups/2026-04-29/fixture_1212914_lineups.json
1212914,540,Espanyol,4-4-2,6757,Manolo González,47398,Pere Milla,11,M,,False,2026-05-04,raw/api_football/fixture_lineups/2026-04-29/fixture_1212914_lineups.json
1212914,540,Espanyol,4-4-2,6757,Manolo González,127426,Pol Lozano,10,M,,False,2026-05-04,raw/api_football/fixture_lineups/2026-04-29/fixture_1212914_lineups.json
1212914,540,Espanyol,4-4-2,6757,Manolo González,46775,Salvi Sánchez,19,M,,False,2026-05-04,raw/api_football/fixture_lineups/2026-04-29/fixture_1212914_lineups.json
1212914,540,Espanyol,4-4-2,6757,Manolo González,182735,Ángel Fortuño,33,G,,False,2026-05-04,raw/api_football/fixture_lineups/2026-04-29/fixture_1212914_lineups.json
1212914,540,Espanyol,4-4-2,6757,Manolo González,297742,Antoniu Roca,31,F,,False,2026-05-04,raw/api_football/fixture_lineups/2026-04-29/fixture_1212914_lineups.json
1212914,540,Espanyol,4-4-2,6757,Manolo González,47352,Fernando Pacheco,13,G,,False,2026-05-04,raw/api_football/fixture_lineups/2026-04-29/fixture_1212914_lineups.json
1212914,540,Espanyol,4-4-2,6757,Manolo González,161894,N. Ünüvar,37,M,,False,2026-05-04,raw/api_football/fixture_lineups/2026-04-29/fixture_1212914_lineups.json
1212914,542,Alaves,4-2-3-1,45,Luis García,47353,Antonio Sivera,1,G,1:1,True,2026-05-04,raw/api_football/fixture_lineups/2026-04-29/fixture_1212914_lineups.json
1212914,542,Alaves,4-2-3-1,45,Luis García,6233,N. Tenaglia,14,D,2:4,True,2026-05-04,raw/api_football/fixture_lineups/2026-04-29/fixture_1212914_lineups.json
1212914,542,Alaves,4-2-3-1,45,Luis García,46813,A. Abqar,5,D,2:3,True,2026-05-04,raw/api_football/fixture_lineups/2026-04-29/fixture_1212914_lineups.json
1212914,542,Alaves,4-2-3-1,45,Luis García,40419,A. Sedlar,4,D,2:2,True,2026-05-04,raw/api_football/fixture_lineups/2026-04-29/fixture_1212914_lineups.json
1212914,542,Alaves,4-2-3-1,45,Luis García,64309,Manu Sánchez,3,D,2:1,True,2026-05-04,raw/api_football/fixture_lineups/2026-04-29/fixture_1212914_lineups.json
1212914,542,Alaves,4-2-3-1,45,Luis García,104821,Jon Guridi,18,M,3:2,True,2026-05-04,raw/api_football/fixture_lineups/2026-04-29/fixture_1212914_lineups.json
1212914,542,Alaves,4-2-3-1,45,Luis García,162686,Antonio Blanco,8,M,3:1,True,2026-05-04,raw/api_football/fixture_lineups/2026-04-29/fixture_1212914_lineups.json
1212914,542,Alaves,4-2-3-1,45,Luis García,187214,Carlos Vicente,7,M,4:3,True,2026-05-04,raw/api_football/fixture_lineups/2026-04-29/fixture_1212914_lineups.json
1212914,542,Alaves,4-2-3-1,45,Luis García,46740,Stoichkov,19,M,4:2,True,2026-05-04,raw/api_football/fixture_lineups/2026-04-29/fixture_1212914_lineups.json
1212914,542,Alaves,4-2-3-1,45,Luis García,51241,T. Conechny,10,M,4:1,True,2026-05-04,raw/api_football/fixture_lineups/2026-04-29/fixture_1212914_lineups.json
1212914,542,Alaves,4-2-3-1,45,Luis García,47396,Kike García,17,F,5:1,True,2026-05-04,raw/api_football/fixture_lineups/2026-04-29/fixture_1212914_lineups.json
1212914,542,Alaves,4-2-3-1,45,Luis García,47309,Ander Guevara,6,M,,False,2026-05-04,raw/api_football/fixture_lineups/2026-04-29/fixture_1212914_lineups.json
1212914,542,Alaves,4-2-3-1,45,Luis García,47181,Toni Martínez,11,F,,False,2026-05-04,raw/api_football/fixture_lineups/2026-04-29/fixture_1212914_lineups.json
1212914,542,Alaves,4-2-3-1,45,Luis García,311773,S. Mouriño,12,D,,False,2026-05-04,raw/api_football/fixture_lineups/2026-04-29/fixture_1212914_lineups.json
1212914,542,Alaves,4-2-3-1,45,Luis García,47389,Joan Jordán,24,M,,False,2026-05-04,raw/api_football/fixture_lineups/2026-04-29/fixture_1212914_lineups.json
1212914,542,Alaves,4-2-3-1,45,Luis García,104853,Asier Villalibre,9,F,,False,2026-05-04,raw/api_football/fixture_lineups/2026-04-29/fixture_1212914_lineups.json
1212914,542,Alaves,4-2-3-1,45,Luis García,324750,Carlos Martín,15,F,,False,2026-05-04,raw/api_football/fixture_lineups/2026-04-29/fixture_1212914_lineups.json
1212914,542,Alaves,4-2-3-1,45,Luis García,183751,A. Rebbach,21,F,,False,2026-05-04,raw/api_football/fixture_lineups/2026-04-29/fixture_1212914_lineups.json
1212914,542,Alaves,4-2-3-1,45,Luis García,70476,M. Diarra,22,D,,False,2026-05-04,raw/api_football/fixture_lineups/2026-04-29/fixture_1212914_lineups.json
1212914,542,Alaves,4-2-3-1,45,Luis García,122471,Jesús Owono,13,G,,False,2026-05-04,raw/api_football/fixture_lineups/2026-04-29/fixture_1212914_lineups.json
1212914,542,Alaves,4-2-3-1,45,Luis García,263812,L. Romero,20,F,,False,2026-05-04,raw/api_football/fixture_lineups/2026-04-29/fixture_1212914_lineups.json
1212914,542,Alaves,4-2-3-1,45,Luis García,6085,C. Benavídez,23,M,,False,2026-05-04,raw/api_football/fixture_lineups/2026-04-29/fixture_1212914_lineups.json
1212914,542,Alaves,4-2-3-1,45,Luis García,295383,Adrián Pica,36,D,,False,2026-05-04,raw/api_football/fixture_lineups/2026-04-29/fixture_1212914_lineups.json
1208494,531,Athletic Club,4-2-3-1,1582,Ernesto Valverde,312468,Á. Padilla,26,G,1:1,True,2026-05-04,raw/api_football/fixture_lineups/2026-04-30/fixture_1208494_lineups.json
1208494,531,Athletic Club,4-2-3-1,1582,Ernesto Valverde,47299,Andoni Gorosabel,2,D,2:4,True,2026-05-04,raw/api_football/fixture_lineups/2026-04-30/fixture_1208494_lineups.json
1208494,531,Athletic Club,4-2-3-1,1582,Ernesto Valverde,47271,Yeray,5,D,2:3,True,2026-05-04,raw/api_football/fixture_lineups/2026-04-30/fixture_1208494_lineups.json
1208494,531,Athletic Club,4-2-3-1,1582,Ernesto Valverde,183849,Aitor Paredes,4,D,2:2,True,2026-05-04,raw/api_football/fixture_lineups/2026-04-30/fixture_1208494_lineups.json
1208494,531,Athletic Club,4-2-3-1,1582,Ernesto Valverde,47273,Yuri,17,D,2:1,True,2026-05-04,raw/api_football/fixture_lineups/2026-04-30/fixture_1208494_lineups.json
1208494,531,Athletic Club,4-2-3-1,1582,Ernesto Valverde,182617,Beñat Prados,24,M,3:2,True,2026-05-04,raw/api_football/fixture_lineups/2026-04-30/fixture_1208494_lineups.json
1208494,531,Athletic Club,4-2-3-1,1582,Ernesto Valverde,47418,Mikel Vesga,6,M,3:1,True,2026-05-04,raw/api_football/fixture_lineups/2026-04-30/fixture_1208494_lineups.json
1208494,531,Athletic Club,4-2-3-1,1582,Ernesto Valverde,47294,I. Williams,9,M,4:3,True,2026-05-04,raw/api_football/fixture_lineups/2026-04-30/fixture_1208494_lineups.json
1208494,531,Athletic Club,4-2-3-1,1582,Ernesto Valverde,128398,Oihan Sancet,8,M,4:2,True,2026-05-04,raw/api_football/fixture_lineups/2026-04-30/fixture_1208494_lineups.json
1208494,531,Athletic Club,4-2-3-1,1582,Ernesto Valverde,30510,Álex Berenguer,7,M,4:1,True,2026-05-04,raw/api_football/fixture_lineups/2026-04-30/fixture_1208494_lineups.json
1208494,531,Athletic Club,4-2-3-1,1582,Ernesto Valverde,47291,Gorka Guruzeta,12,F,5:1,True,2026-05-04,raw/api_football/fixture_lineups/2026-04-30/fixture_1208494_lineups.json
1208494,531,Athletic Club,4-2-3-1,1582,Ernesto Valverde,898,Ander Herrera,21,M,,False,2026-05-04,raw/api_football/fixture_lineups/2026-04-30/fixture_1208494_lineups.json
1208494,531,Athletic Club,4-2-3-1,1582,Ernesto Valverde,332308,Unai Gómez,20,M,,False,2026-05-04,raw/api_football/fixture_lineups/2026-04-30/fixture_1208494_lineups.json
1208494,531,Athletic Club,4-2-3-1,1582,Ernesto Valverde,183799,Nico Williams,10,F,,False,2026-05-04,raw/api_football/fixture_lineups/2026-04-30/fixture_1208494_lineups.json
1208494,531,Athletic Club,4-2-3-1,1582,Ernesto Valverde,47276,Lekue,15,D,,False,2026-05-04,raw/api_football/fixture_lineups/2026-04-30/fixture_1208494_lineups.json
1208494,531,Athletic Club,4-2-3-1,1582,Ernesto Valverde,47278,Dani Vivian,3,D,,False,2026-05-04,raw/api_football/fixture_lineups/2026-04-30/fixture_1208494_lineups.json
1208494,531,Athletic Club,4-2-3-1,1582,Ernesto Valverde,332302,Oier Gastesi,34,G,,False,2026-05-04,raw/api_football/fixture_lineups/2026-04-30/fixture_1208494_lineups.json
1208494,531,Athletic Club,4-2-3-1,1582,Ernesto Valverde,179153,Javi Martón,19,F,,False,2026-05-04,raw/api_football/fixture_lineups/2026-04-30/fixture_1208494_lineups.json
1208494,531,Athletic Club,4-2-3-1,1582,Ernesto Valverde,288525,Adu Ares,23,F,,False,2026-05-04,raw/api_football/fixture_lineups/2026-04-30/fixture_1208494_lineups.json
1208494,531,Athletic Club,4-2-3-1,1582,Ernesto Valverde,383780,Mikel Jauregizar,31,M,,False,2026-05-04,raw/api_football/fixture_lineups/2026-04-30/fixture_1208494_lineups.json
1208494,531,Athletic Club,4-2-3-1,1582,Ernesto Valverde,332305,Unai Eguíluz,27,D,,False,2026-05-04,raw/api_football/fixture_lineups/2026-04-30/fixture_1208494_lineups.json
1208494,531,Athletic Club,4-2-3-1,1582,Ernesto Valverde,336998,Adama Boiro,32,D,,False,2026-05-04,raw/api_football/fixture_lineups/2026-04-30/fixture_1208494_lineups.json
1208494,546,Getafe,4-1-4-1,1596,José Bordalás,47247,David Soria,13,G,1:1,True,2026-05-04,raw/api_football/fixture_lineups/2026-04-30/fixture_1208494_lineups.json
1208494,546,Getafe,4-1-4-1,1596,José Bordalás,119742,Juan Iglesias,21,D,2:4,True,2026-05-04,raw/api_football/fixture_lineups/2026-04-30/fixture_1208494_lineups.json
1208494,546,Getafe,4-1-4-1,1596,José Bordalás,47250,D. Dakonam,2,D,2:3,True,2026-05-04,raw/api_football/fixture_lineups/2026-04-30/fixture_1208494_lineups.json
1208494,546,Getafe,4-1-4-1,1596,José Bordalás,6168,O. Alderete,15,D,2:2,True,2026-05-04,raw/api_football/fixture_lineups/2026-04-30/fixture_1208494_lineups.json
1208494,546,Getafe,4-1-4-1,1596,José Bordalás,18867,Diego Rico,16,D,2:1,True,2026-05-04,raw/api_football/fixture_lineups/2026-04-30/fixture_1208494_lineups.json
1208494,546,Getafe,4-1-4-1,1596,José Bordalás,325415,N. Aberdin,27,M,3:1,True,2026-05-04,raw/api_football/fixture_lineups/2026-04-30/fixture_1208494_lineups.json
1208494,546,Getafe,4-1-4-1,1596,José Bordalás,67955,Carles Pérez,17,M,4:4,True,2026-05-04,raw/api_football/fixture_lineups/2026-04-30/fixture_1208494_lineups.json
1208494,546,Getafe,4-1-4-1,1596,José Bordalás,47085,Luis Milla,5,M,4:3,True,2026-05-04,raw/api_football/fixture_lineups/2026-04-30/fixture_1208494_lineups.json
1208494,546,Getafe,4-1-4-1,1596,José Bordalás,47258,M. Arambarri,8,M,4:2,True,2026-05-04,raw/api_football/fixture_lineups/2026-04-30/fixture_1208494_lineups.json
1208494,546,Getafe,4-1-4-1,1596,José Bordalás,47306,Álex Sola,7,M,4:1,True,2026-05-04,raw/api_football/fixture_lineups/2026-04-30/fixture_1208494_lineups.json
1208494,546,Getafe,4-1-4-1,1596,José Bordalás,403554,C. Uche,6,F,5:1,True,2026-05-04,raw/api_football/fixture_lineups/2026-04-30/fixture_1208494_lineups.json
1208494,546,Getafe,4-1-4-1,1596,José Bordalás,143,Carles Aleñá,11,M,,False,2026-05-04,raw/api_football/fixture_lineups/2026-04-30/fixture_1208494_lineups.json
1208494,546,Getafe,4-1-4-1,1596,José Bordalás,270516,P. González,19,F,,False,2026-05-04,raw/api_football/fixture_lineups/2026-04-30/fixture_1208494_lineups.json
1208494,546,Getafe,4-1-4-1,1596,José Bordalás,364415,Yellu Santiago,20,M,,False,2026-05-04,raw/api_football/fixture_lineups/2026-04-30/fixture_1208494_lineups.json
1208494,546,Getafe,4-1-4-1,1596,José Bordalás,482071,Diego Ferrer,40,G,,False,2026-05-04,raw/api_football/fixture_lineups/2026-04-30/fixture_1208494_lineups.json
1208494,546,Getafe,4-1-4-1,1596,José Bordalás,46795,Domingos Duarte,22,D,,False,2026-05-04,raw/api_football/fixture_lineups/2026-04-30/fixture_1208494_lineups.json
1208494,546,Getafe,4-1-4-1,1596,José Bordalás,66491,J. Letáček,1,G,,False,2026-05-04,raw/api_football/fixture_lineups/2026-04-30/fixture_1208494_lineups.json
1208494,546,Getafe,4-1-4-1,1596,José Bordalás,465838,Alberto Risco,26,M,,False,2026-05-04,raw/api_football/fixture_lineups/2026-04-30/fixture_1208494_lineups.json
1208495,543,Real Betis,4-2-3-1,3,M. Pellegrini,46672,Rui Silva,1,G,1:1,True,2026-05-04,raw/api_football/fixture_lineups/2026-04-30/fixture_1208495_lineups.json
1208495,543,Real Betis,4-2-3-1,3,M. Pellegrini,1264,Y. Sabaly,23,D,2:4,True,2026-05-04,raw/api_football/fixture_lineups/2026-04-30/fixture_1208495_lineups.json
1208495,543,Real Betis,4-2-3-1,3,M. Pellegrini,1561,Marc Bartra,5,D,2:3,True,2026-05-04,raw/api_football/fixture_lineups/2026-04-30/fixture_1208495_lineups.json
1208495,543,Real Betis,4-2-3-1,3,M. Pellegrini,47302,Diego Llorente,3,D,2:2,True,2026-05-04,raw/api_football/fixture_lineups/2026-04-30/fixture_1208495_lineups.json
1208495,543,Real Betis,4-2-3-1,3,M. Pellegrini,20600,R. Perraud,15,D,2:1,True,2026-05-04,raw/api_football/fixture_lineups/2026-04-30/fixture_1208495_lineups.json
1208495,543,Real Betis,4-2-3-1,3,M. Pellegrini,1580,William Carvalho,14,M,3:2,True,2026-05-04,raw/api_football/fixture_lineups/2026-04-30/fixture_1208495_lineups.json
1208495,543,Real Betis,4-2-3-1,3,M. Pellegrini,47341,Marc Roca,21,M,3:1,True,2026-05-04,raw/api_football/fixture_lineups/2026-04-30/fixture_1208495_lineups.json
1208495,543,Real Betis,4-2-3-1,3,M. Pellegrini,1697,Pablo Fornals,18,M,4:3,True,2026-05-04,raw/api_football/fixture_lineups/2026-04-30/fixture_1208495_lineups.json
1208495,543,Real Betis,4-2-3-1,3,M. Pellegrini,668,N. Fekir,8,M,4:2,True,2026-05-04,raw/api_football/fixture_lineups/2026-04-30/fixture_1208495_lineups.json
1208495,543,Real Betis,4-2-3-1,3,M. Pellegrini,47320,Juanmi,7,M,4:1,True,2026-05-04,raw/api_football/fixture_lineups/2026-04-30/fixture_1208495_lineups.json
1208495,543,Real Betis,4-2-3-1,3,M. Pellegrini,47119,Aitor Ruibal,24,F,5:1,True,2026-05-04,raw/api_football/fixture_lineups/2026-04-30/fixture_1208495_lineups.json
1208495,543,Real Betis,4-2-3-1,3,M. Pellegrini,185477,Rodri,17,M,,False,2026-05-04,raw/api_football/fixture_lineups/2026-04-30/fixture_1208495_lineups.json
1208495,543,Real Betis,4-2-3-1,3,M. Pellegrini,181421,A. Ezzalzouli,10,F,,False,2026-05-04,raw/api_football/fixture_lineups/2026-04-30/fixture_1208495_lineups.json
1208495,543,Real Betis,4-2-3-1,3,M. Pellegrini,47579,E. Ávila,9,F,,False,2026-05-04,raw/api_football/fixture_lineups/2026-04-30/fixture_1208495_lineups.json
1208495,543,Real Betis,4-2-3-1,3,M. Pellegrini,286084,Sergi Altimira,16,M,,False,2026-05-04,raw/api_football/fixture_lineups/2026-04-30/fixture_1208495_lineups.json
1208495,543,Real Betis,4-2-3-1,3,M. Pellegrini,133185,J. Cardoso,4,M,,False,2026-05-04,raw/api_football/fixture_lineups/2026-04-30/fixture_1208495_lineups.json
1208495,543,Real Betis,4-2-3-1,3,M. Pellegrini,400948,Assane Diao,38,F,,False,2026-05-04,raw/api_football/fixture_lineups/2026-04-30/fixture_1208495_lineups.json
1208495,543,Real Betis,4-2-3-1,3,M. Pellegrini,1439,Héctor Bellerín,2,D,,False,2026-05-04,raw/api_football/fixture_lineups/2026-04-30/fixture_1208495_lineups.json
1208495,543,Real Betis,4-2-3-1,3,M. Pellegrini,128985,Iker Losada,19,M,,False,2026-05-04,raw/api_football/fixture_lineups/2026-04-30/fixture_1208495_lineups.json
1208495,543,Real Betis,4-2-3-1,3,M. Pellegrini,18812,Adrián,13,G,,False,2026-05-04,raw/api_football/fixture_lineups/2026-04-30/fixture_1208495_lineups.json
1208495,543,Real Betis,4-2-3-1,3,M. Pellegrini,270973,Lucas Alcázar,43,D,,False,2026-05-04,raw/api_football/fixture_lineups/2026-04-30/fixture_1208495_lineups.json
1208495,543,Real Betis,4-2-3-1,3,M. Pellegrini,179996,Fran Vieites,25,G,,False,2026-05-04,raw/api_football/fixture_lineups/2026-04-30/fixture_1208495_lineups.json
1208495,543,Real Betis,4-2-3-1,3,M. Pellegrini,1631,R. Rodríguez,12,D,,False,2026-05-04,raw/api_football/fixture_lineups/2026-04-30/fixture_1208495_lineups.json
1208495,547,Girona,4-3-3,82,Míchel Sánchez,158,P. Gazzaniga,13,G,1:1,True,2026-05-04,raw/api_football/fixture_lineups/2026-04-30/fixture_1208495_lineups.json
1208495,547,Girona,4-3-3,82,Míchel Sánchez,283668,Arnau Martínez,4,D,2:4,True,2026-05-04,raw/api_football/fixture_lineups/2026-04-30/fixture_1208495_lineups.json
1208495,547,Girona,4-3-3,82,Míchel Sánchez,47334,David López,5,D,2:3,True,2026-05-04,raw/api_football/fixture_lineups/2026-04-30/fixture_1208495_lineups.json
1208495,547,Girona,4-3-3,82,Míchel Sánchez,531,D. Blind,17,D,2:2,True,2026-05-04,raw/api_football/fixture_lineups/2026-04-30/fixture_1208495_lineups.json
1208495,547,Girona,4-3-3,82,Míchel Sánchez,162032,Miguel Gutiérrez,3,D,2:1,True,2026-05-04,raw/api_football/fixture_lineups/2026-04-30/fixture_1208495_lineups.json
1208495,547,Girona,4-3-3,82,Míchel Sánchez,2449,Y. Herrera,21,M,3:3,True,2026-05-04,raw/api_football/fixture_lineups/2026-04-30/fixture_1208495_lineups.json
1208495,547,Girona,4-3-3,82,Míchel Sánchez,18949,Oriol Romeu,14,M,3:2,True,2026-05-04,raw/api_football/fixture_lineups/2026-04-30/fixture_1208495_lineups.json
1208495,547,Girona,4-3-3,82,Míchel Sánchez,1700,Iván Martín,23,M,3:1,True,2026-05-04,raw/api_football/fixture_lineups/2026-04-30/fixture_1208495_lineups.json
1208495,547,Girona,4-3-3,82,Míchel Sánchez,2061,Bryan Gil,20,F,4:3,True,2026-05-04,raw/api_football/fixture_lineups/2026-04-30/fixture_1208495_lineups.json
1208495,547,Girona,4-3-3,82,Míchel Sánchez,155,Abel Ruiz,9,F,4:2,True,2026-05-04,raw/api_football/fixture_lineups/2026-04-30/fixture_1208495_lineups.json
1208495,547,Girona,4-3-3,82,Míchel Sánchez,47520,Portu,24,F,4:1,True,2026-05-04,raw/api_football/fixture_lineups/2026-04-30/fixture_1208495_lineups.json
1208495,547,Girona,4-3-3,82,Míchel Sánchez,389602,Iker Almena,30,F,,False,2026-05-04,raw/api_football/fixture_lineups/2026-04-30/fixture_1208495_lineups.json
1208495,547,Girona,4-3-3,82,Míchel Sánchez,306727,J. Solís,22,M,,False,2026-05-04,raw/api_football/fixture_lineups/2026-04-30/fixture_1208495_lineups.json
1208495,547,Girona,4-3-3,82,Míchel Sánchez,336674,G. Misehouy,27,M,,False,2026-05-04,raw/api_football/fixture_lineups/2026-04-30/fixture_1208495_lineups.json
1208495,547,Girona,4-3-3,82,Míchel Sánchez,66407,L. Krejčí,18,D,,False,2026-05-04,raw/api_football/fixture_lineups/2026-04-30/fixture_1208495_lineups.json
1208495,547,Girona,4-3-3,82,Míchel Sánchez,2617,C. Stuani,7,F,,False,2026-05-04,raw/api_football/fixture_lineups/2026-04-30/fixture_1208495_lineups.json
1208495,547,Girona,4-3-3,82,Míchel Sánchez,162434,Alejandro Francés,16,D,,False,2026-05-04,raw/api_football/fixture_lineups/2026-04-30/fixture_1208495_lineups.json
1208495,547,Girona,4-3-3,82,Míchel Sánchez,547,D. van de Beek,6,M,,False,2026-05-04,raw/api_football/fixture_lineups/2026-04-30/fixture_1208495_lineups.json
1208495,547,Girona,4-3-3,82,Míchel Sánchez,47492,Toni Villa,19,M,,False,2026-05-04,raw/api_football/fixture_lineups/2026-04-30/fixture_1208495_lineups.json
1208495,547,Girona,4-3-3,82,Míchel Sánchez,47511,Juanpe,15,D,,False,2026-05-04,raw/api_football/fixture_lineups/2026-04-30/fixture_1208495_lineups.json
1208495,547,Girona,4-3-3,82,Míchel Sánchez,339105,Joel Roca,33,M,,False,2026-05-04,raw/api_football/fixture_lineups/2026-04-30/fixture_1208495_lineups.json
1208495,547,Girona,4-3-3,82,Míchel Sánchez,47153,Juan Carlos,1,G,,False,2026-05-04,raw/api_football/fixture_lineups/2026-04-30/fixture_1208495_lineups.json
1208496,798,Mallorca,4-3-3,1588,Arrasate,61142,D. Greif,1,G,1:1,True,2026-05-04,raw/api_football/fixture_lineups/2026-04-30/fixture_1208496_lineups.json
1208496,798,Mallorca,4-3-3,1588,Arrasate,26302,Pablo Maffeo,23,D,2:4,True,2026-05-04,raw/api_football/fixture_lineups/2026-04-30/fixture_1208496_lineups.json
1208496,798,Mallorca,4-3-3,1588,Arrasate,46738,M. Valjent,24,D,2:3,True,2026-05-04,raw/api_football/fixture_lineups/2026-04-30/fixture_1208496_lineups.json
1208496,798,Mallorca,4-3-3,1588,Arrasate,46733,Raíllo,21,D,2:2,True,2026-05-04,raw/api_football/fixture_lineups/2026-04-30/fixture_1208496_lineups.json
1208496,798,Mallorca,4-3-3,1588,Arrasate,64268,J. Mojica,22,D,2:1,True,2026-05-04,raw/api_football/fixture_lineups/2026-04-30/fixture_1208496_lineups.json
1208496,798,Mallorca,4-3-3,1588,Arrasate,47336,Darder,10,M,3:3,True,2026-05-04,raw/api_football/fixture_lineups/2026-04-30/fixture_1208496_lineups.json
1208496,798,Mallorca,4-3-3,1588,Arrasate,414,Omar Mascarell,5,M,3:2,True,2026-05-04,raw/api_football/fixture_lineups/2026-04-30/fixture_1208496_lineups.json
1208496,798,Mallorca,4-3-3,1588,Arrasate,190485,Samú Costa,12,M,3:1,True,2026-05-04,raw/api_football/fixture_lineups/2026-04-30/fixture_1208496_lineups.json
1208496,798,Mallorca,4-3-3,1588,Arrasate,25375,T. Asano,11,F,4:3,True,2026-05-04,raw/api_football/fixture_lineups/2026-04-30/fixture_1208496_lineups.json
1208496,798,Mallorca,4-3-3,1588,Arrasate,50048,V. Muriqi,7,F,4:2,True,2026-05-04,raw/api_football/fixture_lineups/2026-04-30/fixture_1208496_lineups.json
1208496,798,Mallorca,4-3-3,1588,Arrasate,46742,Dani Rodríguez,14,F,4:1,True,2026-05-04,raw/api_football/fixture_lineups/2026-04-30/fixture_1208496_lineups.json
1208496,798,Mallorca,4-3-3,1588,Arrasate,107194,Antonio Sánchez,18,M,,False,2026-05-04,raw/api_football/fixture_lineups/2026-04-30/fixture_1208496_lineups.json
1208496,798,Mallorca,4-3-3,1588,Arrasate,1701,Manu Morlanes,8,M,,False,2026-05-04,raw/api_football/fixture_lineups/2026-04-30/fixture_1208496_lineups.json
1208496,798,Mallorca,4-3-3,1588,Arrasate,2001,C. Larin,17,F,,False,2026-05-04,raw/api_football/fixture_lineups/2026-04-30/fixture_1208496_lineups.json
1208496,798,Mallorca,4-3-3,1588,Arrasate,181582,Copete,6,D,,False,2026-05-04,raw/api_football/fixture_lineups/2026-04-30/fixture_1208496_lineups.json
1208496,798,Mallorca,4-3-3,1588,Arrasate,297646,D. Luna,33,M,,False,2026-05-04,raw/api_football/fixture_lineups/2026-04-30/fixture_1208496_lineups.json
1208496,798,Mallorca,4-3-3,1588,Arrasate,482473,Marc Domenech,30,F,,False,2026-05-04,raw/api_football/fixture_lineups/2026-04-30/fixture_1208496_lineups.json
1208496,798,Mallorca,4-3-3,1588,Arrasate,37639,S. Van der Heyden,4,D,,False,2026-05-04,raw/api_football/fixture_lineups/2026-04-30/fixture_1208496_lineups.json
1208496,798,Mallorca,4-3-3,1588,Arrasate,920,Toni Lato,3,D,,False,2026-05-04,raw/api_football/fixture_lineups/2026-04-30/fixture_1208496_lineups.json
1208496,798,Mallorca,4-3-3,1588,Arrasate,46751,Abdón Prats,9,F,,False,2026-05-04,raw/api_football/fixture_lineups/2026-04-30/fixture_1208496_lineups.json
1208496,798,Mallorca,4-3-3,1588,Arrasate,47399,Iván Cuéllar,25,G,,False,2026-05-04,raw/api_football/fixture_lineups/2026-04-30/fixture_1208496_lineups.json
1208496,798,Mallorca,4-3-3,1588,Arrasate,108519,Mateu Morey,2,D,,False,2026-05-04,raw/api_football/fixture_lineups/2026-04-30/fixture_1208496_lineups.json
1208496,798,Mallorca,4-3-3,1588,Arrasate,179139,Leo Román,13,G,,False,2026-05-04,raw/api_football/fixture_lineups/2026-04-30/fixture_1208496_lineups.json
1208496,541,Real Madrid,4-3-3,2407,C. Ancelotti,730,T. Courtois,1,G,1:1,True,2026-05-04,raw/api_football/fixture_lineups/2026-04-30/fixture_1208496_lineups.json
1208496,541,Real Madrid,4-3-3,2407,C. Ancelotti,733,Dani Carvajal,2,D,2:4,True,2026-05-04,raw/api_football/fixture_lineups/2026-04-30/fixture_1208496_lineups.json
1208496,541,Real Madrid,4-3-3,2407,C. Ancelotti,372,Éder Militão,3,D,2:3,True,2026-05-04,raw/api_football/fixture_lineups/2026-04-30/fixture_1208496_lineups.json
1208496,541,Real Madrid,4-3-3,2407,C. Ancelotti,2285,A. Rüdiger,22,D,2:2,True,2026-05-04,raw/api_football/fixture_lineups/2026-04-30/fixture_1208496_lineups.json
1208496,541,Real Madrid,4-3-3,2407,C. Ancelotti,653,F. Mendy,23,D,2:1,True,2026-05-04,raw/api_football/fixture_lineups/2026-04-30/fixture_1208496_lineups.json
1208496,541,Real Madrid,4-3-3,2407,C. Ancelotti,756,F. Valverde,8,M,3:3,True,2026-05-04,raw/api_football/fixture_lineups/2026-04-30/fixture_1208496_lineups.json
1208496,541,Real Madrid,4-3-3,2407,C. Ancelotti,1271,A. Tchouaméni,14,M,3:2,True,2026-05-04,raw/api_football/fixture_lineups/2026-04-30/fixture_1208496_lineups.json
1208496,541,Real Madrid,4-3-3,2407,C. Ancelotti,129718,J. Bellingham,5,M,3:1,True,2026-05-04,raw/api_football/fixture_lineups/2026-04-30/fixture_1208496_lineups.json
1208496,541,Real Madrid,4-3-3,2407,C. Ancelotti,10009,Rodrygo,11,F,4:3,True,2026-05-04,raw/api_football/fixture_lineups/2026-04-30/fixture_1208496_lineups.json
1208496,541,Real Madrid,4-3-3,2407,C. Ancelotti,278,K. Mbappé,9,F,4:2,True,2026-05-04,raw/api_football/fixture_lineups/2026-04-30/fixture_1208496_lineups.json
1208496,541,Real Madrid,4-3-3,2407,C. Ancelotti,762,Vinícius Júnior,7,F,4:1,True,2026-05-04,raw/api_football/fixture_lineups/2026-04-30/fixture_1208496_lineups.json
1208496,541,Real Madrid,4-3-3,2407,C. Ancelotti,754,L. Modrić,10,M,,False,2026-05-04,raw/api_football/fixture_lineups/2026-04-30/fixture_1208496_lineups.json
1208496,541,Real Madrid,4-3-3,2407,C. Ancelotti,744,Brahim Díaz,21,M,,False,2026-05-04,raw/api_football/fixture_lineups/2026-04-30/fixture_1208496_lineups.json
1208496,541,Real Madrid,4-3-3,2407,C. Ancelotti,291964,A. Güler,15,M,,False,2026-05-04,raw/api_football/fixture_lineups/2026-04-30/fixture_1208496_lineups.json
1208496,541,Real Madrid,4-3-3,2407,C. Ancelotti,757,Lucas Vázquez,17,M,,False,2026-05-04,raw/api_football/fixture_lineups/2026-04-30/fixture_1208496_lineups.json
1208496,541,Real Madrid,4-3-3,2407,C. Ancelotti,386305,Jacobo Ramón,31,D,,False,2026-05-04,raw/api_football/fixture_lineups/2026-04-30/fixture_1208496_lineups.json
1208496,541,Real Madrid,4-3-3,2407,C. Ancelotti,47400,A. Lunin,13,G,,False,2026-05-04,raw/api_football/fixture_lineups/2026-04-30/fixture_1208496_lineups.json
1208496,541,Real Madrid,4-3-3,2407,C. Ancelotti,736,Fran García,20,D,,False,2026-05-04,raw/api_football/fixture_lineups/2026-04-30/fixture_1208496_lineups.json
1208496,541,Real Madrid,4-3-3,2407,C. Ancelotti,748,Dani Ceballos,19,M,,False,2026-05-04,raw/api_football/fixture_lineups/2026-04-30/fixture_1208496_lineups.json
1208496,541,Real Madrid,4-3-3,2407,C. Ancelotti,377122,Endrick,16,F,,False,2026-05-04,raw/api_football/fixture_lineups/2026-04-30/fixture_1208496_lineups.json
1208496,541,Real Madrid,4-3-3,2407,C. Ancelotti,741,Jesús Vallejo,18,D,,False,2026-05-04,raw/api_football/fixture_lineups/2026-04-30/fixture_1208496_lineups.json
1208496,541,Real Madrid,4-3-3,2407,C. Ancelotti,396475,Fran González,26,G,,False,2026-05-04,raw/api_football/fixture_lineups/2026-04-30/fixture_1208496_lineups.json
1208497,534,Las Palmas,4-2-3-1,49,Luis Carrión,124,J. Cillessen,1,G,1:1,True,2026-05-04,raw/api_football/fixture_lineups/2026-04-30/fixture_1208497_lineups.json
1208497,534,Las Palmas,4-2-3-1,49,Luis Carrión,162026,Marvin Park,2,D,2:4,True,2026-05-04,raw/api_football/fixture_lineups/2026-04-30/fixture_1208497_lineups.json
1208497,534,Las Palmas,4-2-3-1,49,Luis Carrión,131535,Álex Suárez,4,D,2:3,True,2026-05-04,raw/api_football/fixture_lineups/2026-04-30/fixture_1208497_lineups.json
1208497,534,Las Palmas,4-2-3-1,49,Luis Carrión,162475,Mika Màrmol,3,D,2:2,True,2026-05-04,raw/api_football/fixture_lineups/2026-04-30/fixture_1208497_lineups.json
1208497,534,Las Palmas,4-2-3-1,49,Luis Carrión,47052,Álex Muñoz,23,D,2:1,True,2026-05-04,raw/api_football/fixture_lineups/2026-04-30/fixture_1208497_lineups.json
1208497,534,Las Palmas,4-2-3-1,49,Luis Carrión,21709,E. Loiodice,12,M,3:2,True,2026-05-04,raw/api_football/fixture_lineups/2026-04-30/fixture_1208497_lineups.json
1208497,534,Las Palmas,4-2-3-1,49,Luis Carrión,70315,Kirian Rodríguez,20,M,3:1,True,2026-05-04,raw/api_football/fixture_lineups/2026-04-30/fixture_1208497_lineups.json
1208497,534,Las Palmas,4-2-3-1,49,Luis Carrión,2671,Jaime Mata,17,M,4:3,True,2026-05-04,raw/api_football/fixture_lineups/2026-04-30/fixture_1208497_lineups.json
1208497,534,Las Palmas,4-2-3-1,49,Luis Carrión,46860,Javi Muñoz,5,M,4:2,True,2026-05-04,raw/api_football/fixture_lineups/2026-04-30/fixture_1208497_lineups.json
1208497,534,Las Palmas,4-2-3-1,49,Luis Carrión,182519,Alberto Moleiro,10,M,4:1,True,2026-05-04,raw/api_football/fixture_lineups/2026-04-30/fixture_1208497_lineups.json
1208497,534,Las Palmas,4-2-3-1,49,Luis Carrión,19337,O. McBurnie,16,F,5:1,True,2026-05-04,raw/api_football/fixture_lineups/2026-04-30/fixture_1208497_lineups.json
1208497,534,Las Palmas,4-2-3-1,49,Luis Carrión,47324,Sandro Ramírez,19,F,,False,2026-05-04,raw/api_football/fixture_lineups/2026-04-30/fixture_1208497_lineups.json
1208497,534,Las Palmas,4-2-3-1,49,Luis Carrión,44811,S. McKenna,15,D,,False,2026-05-04,raw/api_football/fixture_lineups/2026-04-30/fixture_1208497_lineups.json
1208497,534,Las Palmas,4-2-3-1,49,Luis Carrión,122230,Manu Fuster,14,M,,False,2026-05-04,raw/api_football/fixture_lineups/2026-04-30/fixture_1208497_lineups.json
1208497,534,Las Palmas,4-2-3-1,49,Luis Carrión,46854,Viti Rozada,18,M,,False,2026-05-04,raw/api_football/fixture_lineups/2026-04-30/fixture_1208497_lineups.json
1208497,534,Las Palmas,4-2-3-1,49,Luis Carrión,453885,A. Bassinga,26,M,,False,2026-05-04,raw/api_football/fixture_lineups/2026-04-30/fixture_1208497_lineups.json
1208497,534,Las Palmas,4-2-3-1,49,Luis Carrión,47393,Marc Cardona,9,F,,False,2026-05-04,raw/api_football/fixture_lineups/2026-04-30/fixture_1208497_lineups.json
1208497,534,Las Palmas,4-2-3-1,49,Luis Carrión,182694,Iván Gil,21,M,,False,2026-05-04,raw/api_football/fixture_lineups/2026-04-30/fixture_1208497_lineups.json
1208497,534,Las Palmas,4-2-3-1,49,Luis Carrión,1304,D. Horkaš,13,G,,False,2026-05-04,raw/api_football/fixture_lineups/2026-04-30/fixture_1208497_lineups.json
1208497,534,Las Palmas,4-2-3-1,49,Luis Carrión,481993,Valentín Pezzolesi,27,D,,False,2026-05-04,raw/api_football/fixture_lineups/2026-04-30/fixture_1208497_lineups.json
1208497,534,Las Palmas,4-2-3-1,49,Luis Carrión,431890,Juanma Herzog,28,D,,False,2026-05-04,raw/api_football/fixture_lineups/2026-04-30/fixture_1208497_lineups.json
1208497,534,Las Palmas,4-2-3-1,49,Luis Carrión,47111,Benito Ramírez,11,M,,False,2026-05-04,raw/api_football/fixture_lineups/2026-04-30/fixture_1208497_lineups.json
1208497,534,Las Palmas,4-2-3-1,49,Luis Carrión,47464,Campaña,8,M,,False,2026-05-04,raw/api_football/fixture_lineups/2026-04-30/fixture_1208497_lineups.json
1208497,536,Sevilla,4-2-3-1,5391,García Pimienta,19172,Ø. Nyland,13,G,1:1,True,2026-05-04,raw/api_football/fixture_lineups/2026-04-30/fixture_1208497_lineups.json
1208497,536,Sevilla,4-2-3-1,5391,García Pimienta,195923,José Ángel Carmona,32,D,2:4,True,2026-05-04,raw/api_football/fixture_lineups/2026-04-30/fixture_1208497_lineups.json
1208497,536,Sevilla,4-2-3-1,5391,García Pimienta,133110,T. Nianzou,24,D,2:3,True,2026-05-04,raw/api_football/fixture_lineups/2026-04-30/fixture_1208497_lineups.json
1208497,536,Sevilla,4-2-3-1,5391,García Pimienta,1489,N. Gudelj,6,D,2:2,True,2026-05-04,raw/api_football/fixture_lineups/2026-04-30/fixture_1208497_lineups.json
1208497,536,Sevilla,4-2-3-1,5391,García Pimienta,47329,Adrià Pedrosa,3,D,2:1,True,2026-05-04,raw/api_football/fixture_lineups/2026-04-30/fixture_1208497_lineups.json
1208497,536,Sevilla,4-2-3-1,5391,García Pimienta,21004,L. Agoumé,18,M,3:2,True,2026-05-04,raw/api_football/fixture_lineups/2026-04-30/fixture_1208497_lineups.json
1208497,536,Sevilla,4-2-3-1,5391,García Pimienta,957,D. Sow,20,M,3:1,True,2026-05-04,raw/api_football/fixture_lineups/2026-04-30/fixture_1208497_lineups.json
1208497,536,Sevilla,4-2-3-1,5391,García Pimienta,1911,L. Ocampos,5,M,4:3,True,2026-05-04,raw/api_football/fixture_lineups/2026-04-30/fixture_1208497_lineups.json
1208497,536,Sevilla,4-2-3-1,5391,García Pimienta,182772,Juanlu Sánchez,26,M,4:2,True,2026-05-04,raw/api_football/fixture_lineups/2026-04-30/fixture_1208497_lineups.json
1208497,536,Sevilla,4-2-3-1,5391,García Pimienta,25458,D. Lukébakio,11,M,4:1,True,2026-05-04,raw/api_football/fixture_lineups/2026-04-30/fixture_1208497_lineups.json
1208497,536,Sevilla,4-2-3-1,5391,García Pimienta,185398,Isaac Romero,7,F,5:1,True,2026-05-04,raw/api_football/fixture_lineups/2026-04-30/fixture_1208497_lineups.json
1208497,536,Sevilla,4-2-3-1,5391,García Pimienta,2054,Jesús Navas,16,D,,False,2026-05-04,raw/api_football/fixture_lineups/2026-04-30/fixture_1208497_lineups.json
1208497,536,Sevilla,4-2-3-1,5391,García Pimienta,297311,Kike Salas,4,D,,False,2026-05-04,raw/api_football/fixture_lineups/2026-04-30/fixture_1208497_lineups.json
1208497,536,Sevilla,4-2-3-1,5391,García Pimienta,162126,Peque Fernández,14,F,,False,2026-05-04,raw/api_football/fixture_lineups/2026-04-30/fixture_1208497_lineups.json
1208497,536,Sevilla,4-2-3-1,5391,García Pimienta,47016,Álvaro Fernández,1,G,,False,2026-05-04,raw/api_football/fixture_lineups/2026-04-30/fixture_1208497_lineups.json
1208497,536,Sevilla,4-2-3-1,5391,García Pimienta,433,Marcão,23,D,,False,2026-05-04,raw/api_football/fixture_lineups/2026-04-30/fixture_1208497_lineups.json
1208497,536,Sevilla,4-2-3-1,5391,García Pimienta,174918,L. Badé,22,D,,False,2026-05-04,raw/api_football/fixture_lineups/2026-04-30/fixture_1208497_lineups.json
1208497,536,Sevilla,4-2-3-1,5391,García Pimienta,39121,C. Ejuke,21,F,,False,2026-05-04,raw/api_football/fixture_lineups/2026-04-30/fixture_1208497_lineups.json
1208497,536,Sevilla,4-2-3-1,5391,García Pimienta,360411,Alberto Collado,30,M,,False,2026-05-04,raw/api_football/fixture_lineups/2026-04-30/fixture_1208497_lineups.json
1208497,536,Sevilla,4-2-3-1,5391,García Pimienta,340152,S. Idumbo,27,M,,False,2026-05-04,raw/api_football/fixture_lineups/2026-04-30/fixture_1208497_lineups.json
1208497,536,Sevilla,4-2-3-1,5391,García Pimienta,2468,G. Montiel,15,D,,False,2026-05-04,raw/api_football/fixture_lineups/2026-04-30/fixture_1208497_lineups.json
1208497,536,Sevilla,4-2-3-1,5391,García Pimienta,308346,Alberto Flores,31,G,,False,2026-05-04,raw/api_football/fixture_lineups/2026-04-30/fixture_1208497_lineups.json
1208497,536,Sevilla,4-2-3-1,5391,García Pimienta,335034,Pablo Rivera,37,M,,False,2026-05-04,raw/api_football/fixture_lineups/2026-04-30/fixture_1208497_lineups.json
1208498,533,Villarreal,4-4-2,1585,Marcelino,122956,Diego Conde,13,G,1:1,True,2026-05-04,raw/api_football/fixture_lineups/2026-04-30/fixture_1208498_lineups.json
1208498,533,Villarreal,4-4-2,1585,Marcelino,18794,Kiko Femenía,17,D,2:4,True,2026-05-04,raw/api_football/fixture_lineups/2026-04-30/fixture_1208498_lineups.json
1208498,533,Villarreal,4-4-2,1585,Marcelino,314,Raúl Albiol,3,D,2:3,True,2026-05-04,raw/api_football/fixture_lineups/2026-04-30/fixture_1208498_lineups.json
1208498,533,Villarreal,4-4-2,1585,Marcelino,885,E. Bailly,4,D,2:2,True,2026-05-04,raw/api_football/fixture_lineups/2026-04-30/fixture_1208498_lineups.json
1208498,533,Villarreal,4-4-2,1585,Marcelino,70500,Sergi Cardona,23,D,2:1,True,2026-05-04,raw/api_football/fixture_lineups/2026-04-30/fixture_1208498_lineups.json
1208498,533,Villarreal,4-4-2,1585,Marcelino,184226,Yeremy Pino,21,M,3:4,True,2026-05-04,raw/api_football/fixture_lineups/2026-04-30/fixture_1208498_lineups.json
1208498,533,Villarreal,4-4-2,1585,Marcelino,928,Dani Parejo,10,M,3:3,True,2026-05-04,raw/api_football/fixture_lineups/2026-04-30/fixture_1208498_lineups.json
1208498,533,Villarreal,4-4-2,1585,Marcelino,47541,Santi Comesaña,14,M,3:2,True,2026-05-04,raw/api_football/fixture_lineups/2026-04-30/fixture_1208498_lineups.json
1208498,533,Villarreal,4-4-2,1585,Marcelino,182219,Álex Baena,16,M,3:1,True,2026-05-04,raw/api_football/fixture_lineups/2026-04-30/fixture_1208498_lineups.json
1208498,533,Villarreal,4-4-2,1585,Marcelino,1707,Gerard Moreno,7,F,4:2,True,2026-05-04,raw/api_football/fixture_lineups/2026-04-30/fixture_1208498_lineups.json
1208498,533,Villarreal,4-4-2,1585,Marcelino,83,A. Danjuma,9,F,4:1,True,2026-05-04,raw/api_football/fixture_lineups/2026-04-30/fixture_1208498_lineups.json
1208498,533,Villarreal,4-4-2,1585,Marcelino,290740,I. Akhomach,11,F,,False,2026-05-04,raw/api_football/fixture_lineups/2026-04-30/fixture_1208498_lineups.json
1208498,533,Villarreal,4-4-2,1585,Marcelino,3246,N. Pépé,19,F,,False,2026-05-04,raw/api_football/fixture_lineups/2026-04-30/fixture_1208498_lineups.json
1208498,533,Villarreal,4-4-2,1585,Marcelino,20696,P. Gueye,18,M,,False,2026-05-04,raw/api_football/fixture_lineups/2026-04-30/fixture_1208498_lineups.json
1208498,533,Villarreal,4-4-2,1585,Marcelino,18906,Ayoze Pérez,22,F,,False,2026-05-04,raw/api_football/fixture_lineups/2026-04-30/fixture_1208498_lineups.json
1208498,533,Villarreal,4-4-2,1585,Marcelino,187987,Ramon Terrats,20,M,,False,2026-05-04,raw/api_football/fixture_lineups/2026-04-30/fixture_1208498_lineups.json
1208498,533,Villarreal,4-4-2,1585,Marcelino,161931,Arnau Solà,27,D,,False,2026-05-04,raw/api_football/fixture_lineups/2026-04-30/fixture_1208498_lineups.json
1208498,533,Villarreal,4-4-2,1585,Marcelino,435552,Pau Navarro,26,D,,False,2026-05-04,raw/api_football/fixture_lineups/2026-04-30/fixture_1208498_lineups.json
1208498,533,Villarreal,4-4-2,1585,Marcelino,169256,Iker Álvarez,31,G,,False,2026-05-04,raw/api_football/fixture_lineups/2026-04-30/fixture_1208498_lineups.json
1208498,533,Villarreal,4-4-2,1585,Marcelino,288112,W. Kambwala,5,D,,False,2026-05-04,raw/api_football/fixture_lineups/2026-04-30/fixture_1208498_lineups.json
1208498,530,Atletico Madrid,3-4-2-1,1595,D. Simeone,29,J. Oblak,13,G,1:1,True,2026-05-04,raw/api_football/fixture_lineups/2026-04-30/fixture_1208498_lineups.json
1208498,530,Atletico Madrid,3-4-2-1,1595,D. Simeone,2280,César Azpilicueta,3,D,2:3,True,2026-05-04,raw/api_football/fixture_lineups/2026-04-30/fixture_1208498_lineups.json
1208498,530,Atletico Madrid,3-4-2-1,1595,D. Simeone,20,A. Witsel,20,D,2:2,True,2026-05-04,raw/api_football/fixture_lineups/2026-04-30/fixture_1208498_lineups.json
1208498,530,Atletico Madrid,3-4-2-1,1595,D. Simeone,47301,Robin Le Normand,24,D,2:1,True,2026-05-04,raw/api_football/fixture_lineups/2026-04-30/fixture_1208498_lineups.json
1208498,530,Atletico Madrid,3-4-2-1,1595,D. Simeone,753,Marcos Llorente,14,M,3:4,True,2026-05-04,raw/api_football/fixture_lineups/2026-04-30/fixture_1208498_lineups.json
1208498,530,Atletico Madrid,3-4-2-1,1595,D. Simeone,336594,Pablo Barrios,8,M,3:3,True,2026-05-04,raw/api_football/fixture_lineups/2026-04-30/fixture_1208498_lineups.json
1208498,530,Atletico Madrid,3-4-2-1,1595,D. Simeone,50,Koke,6,M,3:2,True,2026-05-04,raw/api_football/fixture_lineups/2026-04-30/fixture_1208498_lineups.json
1208498,530,Atletico Madrid,3-4-2-1,1595,D. Simeone,22225,Reinildo,23,M,3:1,True,2026-05-04,raw/api_football/fixture_lineups/2026-04-30/fixture_1208498_lineups.json
1208498,530,Atletico Madrid,3-4-2-1,1595,D. Simeone,56,A. Griezmann,7,F,4:2,True,2026-05-04,raw/api_football/fixture_lineups/2026-04-30/fixture_1208498_lineups.json
1208498,530,Atletico Madrid,3-4-2-1,1595,D. Simeone,126936,Samuel Lino,12,F,4:1,True,2026-05-04,raw/api_football/fixture_lineups/2026-04-30/fixture_1208498_lineups.json
1208498,530,Atletico Madrid,3-4-2-1,1595,D. Simeone,8492,A. Sørloth,9,F,5:1,True,2026-05-04,raw/api_football/fixture_lineups/2026-04-30/fixture_1208498_lineups.json
1208498,530,Atletico Madrid,3-4-2-1,1595,D. Simeone,31,J. Giménez,2,D,,False,2026-05-04,raw/api_football/fixture_lineups/2026-04-30/fixture_1208498_lineups.json
1208498,530,Atletico Madrid,3-4-2-1,1595,D. Simeone,53,Á. Correa,10,F,,False,2026-05-04,raw/api_football/fixture_lineups/2026-04-30/fixture_1208498_lineups.json
1208498,530,Atletico Madrid,3-4-2-1,1595,D. Simeone,6503,N. Molina,16,D,,False,2026-05-04,raw/api_football/fixture_lineups/2026-04-30/fixture_1208498_lineups.json
1208498,530,Atletico Madrid,3-4-2-1,1595,D. Simeone,2472,R. De Paul,5,M,,False,2026-05-04,raw/api_football/fixture_lineups/2026-04-30/fixture_1208498_lineups.json
1208498,530,Atletico Madrid,3-4-2-1,1595,D. Simeone,6009,J. Alvarez,19,F,,False,2026-05-04,raw/api_football/fixture_lineups/2026-04-30/fixture_1208498_lineups.json
1208498,530,Atletico Madrid,3-4-2-1,1595,D. Simeone,333379,Antonio Gomis,31,G,,False,2026-05-04,raw/api_football/fixture_lineups/2026-04-30/fixture_1208498_lineups.json
1208498,530,Atletico Madrid,3-4-2-1,1595,D. Simeone,338508,I. Kostis,27,D,,False,2026-05-04,raw/api_football/fixture_lineups/2026-04-30/fixture_1208498_lineups.json
1208498,530,Atletico Madrid,3-4-2-1,1595,D. Simeone,340154,A. Vermeeren,18,M,,False,2026-05-04,raw/api_football/fixture_lineups/2026-04-30/fixture_1208498_lineups.json
1208498,530,Atletico Madrid,3-4-2-1,1595,D. Simeone,136117,Rodrigo Riquelme,17,M,,False,2026-05-04,raw/api_football/fixture_lineups/2026-04-30/fixture_1208498_lineups.json
1208498,530,Atletico Madrid,3-4-2-1,1595,D. Simeone,47566,Javi Galán,15,D,,False,2026-05-04,raw/api_football/fixture_lineups/2026-04-30/fixture_1208498_lineups.json
1208498,530,Atletico Madrid,3-4-2-1,1595,D. Simeone,42642,H. Moldovan,1,G,,False,2026-05-04,raw/api_football/fixture_lineups/2026-04-30/fixture_1208498_lineups.json
1208498,530,Atletico Madrid,3-4-2-1,1595,D. Simeone,323935,G. Simeone,22,F,,False,2026-05-04,raw/api_football/fixture_lineups/2026-04-30/fixture_1208498_lineups.json
1208499,532,Valencia,4-4-2,3234,Rubén Baraja,24760,G. Mamardashvili,25,G,1:1,True,2026-05-04,raw/api_football/fixture_lineups/2026-04-30/fixture_1208499_lineups.json
1208499,532,Valencia,4-4-2,3234,Rubén Baraja,1482,Thierry Correia,12,D,2:4,True,2026-05-04,raw/api_football/fixture_lineups/2026-04-30/fixture_1208499_lineups.json
1208499,532,Valencia,4-4-2,3234,Rubén Baraja,333682,Cristhian Mosquera,3,D,2:3,True,2026-05-04,raw/api_football/fixture_lineups/2026-04-30/fixture_1208499_lineups.json
1208499,532,Valencia,4-4-2,3234,Rubén Baraja,361385,Yarek Gąsiorowski,24,D,2:2,True,2026-05-04,raw/api_football/fixture_lineups/2026-04-30/fixture_1208499_lineups.json
1208499,532,Valencia,4-4-2,3234,Rubén Baraja,162175,Jesús Vázquez,21,D,2:1,True,2026-05-04,raw/api_football/fixture_lineups/2026-04-30/fixture_1208499_lineups.json
1208499,532,Valencia,4-4-2,3234,Rubén Baraja,47013,Rafa Mir,11,M,3:4,True,2026-05-04,raw/api_football/fixture_lineups/2026-04-30/fixture_1208499_lineups.json
1208499,532,Valencia,4-4-2,3234,Rubén Baraja,47463,Pepelu,18,M,3:3,True,2026-05-04,raw/api_football/fixture_lineups/2026-04-30/fixture_1208499_lineups.json
1208499,532,Valencia,4-4-2,3234,Rubén Baraja,315699,Javi Guerra,8,M,3:2,True,2026-05-04,raw/api_football/fixture_lineups/2026-04-30/fixture_1208499_lineups.json
1208499,532,Valencia,4-4-2,3234,Rubén Baraja,162127,Diego López,16,M,3:1,True,2026-05-04,raw/api_football/fixture_lineups/2026-04-30/fixture_1208499_lineups.json
1208499,532,Valencia,4-4-2,3234,Rubén Baraja,41157,André Almeida,10,F,4:2,True,2026-05-04,raw/api_football/fixture_lineups/2026-04-30/fixture_1208499_lineups.json
1208499,532,Valencia,4-4-2,3234,Rubén Baraja,47264,Hugo Duro,9,F,4:1,True,2026-05-04,raw/api_football/fixture_lineups/2026-04-30/fixture_1208499_lineups.json
1208499,532,Valencia,4-4-2,3234,Rubén Baraja,47251,D. Foulquier,20,D,,False,2026-05-04,raw/api_football/fixture_lineups/2026-04-30/fixture_1208499_lineups.json
1208499,532,Valencia,4-4-2,3234,Rubén Baraja,119232,Dani Gómez,17,F,,False,2026-05-04,raw/api_football/fixture_lineups/2026-04-30/fixture_1208499_lineups.json
1208499,532,Valencia,4-4-2,3234,Rubén Baraja,439578,David Otorbi,27,F,,False,2026-05-04,raw/api_football/fixture_lineups/2026-04-30/fixture_1208499_lineups.json
1208499,532,Valencia,4-4-2,3234,Rubén Baraja,348326,Martín Tejón,32,M,,False,2026-05-04,raw/api_football/fixture_lineups/2026-04-30/fixture_1208499_lineups.json
1208499,532,Valencia,4-4-2,3234,Rubén Baraja,919,Hugo Guillamón,6,D,,False,2026-05-04,raw/api_football/fixture_lineups/2026-04-30/fixture_1208499_lineups.json
1208499,532,Valencia,4-4-2,3234,Rubén Baraja,333672,César Tárrega,15,D,,False,2026-05-04,raw/api_football/fixture_lineups/2026-04-30/fixture_1208499_lineups.json
1208499,532,Valencia,4-4-2,3234,Rubén Baraja,327496,Rodrigo Abajas,39,D,,False,2026-05-04,raw/api_football/fixture_lineups/2026-04-30/fixture_1208499_lineups.json
1208499,532,Valencia,4-4-2,3234,Rubén Baraja,72048,C. Özkacar,5,D,,False,2026-05-04,raw/api_football/fixture_lineups/2026-04-30/fixture_1208499_lineups.json
1208499,532,Valencia,4-4-2,3234,Rubén Baraja,288074,Alberto Marí,19,F,,False,2026-05-04,raw/api_football/fixture_lineups/2026-04-30/fixture_1208499_lineups.json
1208499,532,Valencia,4-4-2,3234,Rubén Baraja,47527,S. Dimitrievski,13,G,,False,2026-05-04,raw/api_football/fixture_lineups/2026-04-30/fixture_1208499_lineups.json
1208499,532,Valencia,4-4-2,3234,Rubén Baraja,412737,Raúl Jiménez,34,G,,False,2026-05-04,raw/api_football/fixture_lineups/2026-04-30/fixture_1208499_lineups.json
1208499,532,Valencia,4-4-2,3234,Rubén Baraja,406266,A. Fadal,28,M,,False,2026-05-04,raw/api_football/fixture_lineups/2026-04-30/fixture_1208499_lineups.json
1208499,529,Barcelona,4-2-3-1,6472,H. Flick,127,M. ter Stegen,1,G,1:1,True,2026-05-04,raw/api_football/fixture_lineups/2026-04-30/fixture_1208499_lineups.json
1208499,529,Barcelona,4-2-3-1,6472,H. Flick,1257,J. Koundé,23,D,2:4,True,2026-05-04,raw/api_football/fixture_lineups/2026-04-30/fixture_1208499_lineups.json
1208499,529,Barcelona,4-2-3-1,6472,H. Flick,396623,Pau Cubarsí,2,D,2:3,True,2026-05-04,raw/api_football/fixture_lineups/2026-04-30/fixture_1208499_lineups.json
1208499,529,Barcelona,4-2-3-1,6472,H. Flick,2670,Iñigo Martínez,5,D,2:2,True,2026-05-04,raw/api_football/fixture_lineups/2026-04-30/fixture_1208499_lineups.json
1208499,529,Barcelona,4-2-3-1,6472,H. Flick,161928,Alejandro Balde,3,D,2:1,True,2026-05-04,raw/api_football/fixture_lineups/2026-04-30/fixture_1208499_lineups.json
1208499,529,Barcelona,4-2-3-1,6472,H. Flick,433396,Marc Bernal,28,M,3:2,True,2026-05-04,raw/api_football/fixture_lineups/2026-04-30/fixture_1208499_lineups.json
1208499,529,Barcelona,4-2-3-1,6472,H. Flick,329728,Marc Casadó,17,M,3:1,True,2026-05-04,raw/api_football/fixture_lineups/2026-04-30/fixture_1208499_lineups.json
1208499,529,Barcelona,4-2-3-1,6472,H. Flick,386828,Lamine Yamal,19,M,4:3,True,2026-05-04,raw/api_football/fixture_lineups/2026-04-30/fixture_1208499_lineups.json
1208499,529,Barcelona,4-2-3-1,6472,H. Flick,1496,Raphinha,11,M,4:2,True,2026-05-04,raw/api_football/fixture_lineups/2026-04-30/fixture_1208499_lineups.json
1208499,529,Barcelona,4-2-3-1,6472,H. Flick,931,Ferran Torres,7,M,4:1,True,2026-05-04,raw/api_football/fixture_lineups/2026-04-30/fixture_1208499_lineups.json
1208499,529,Barcelona,4-2-3-1,6472,H. Flick,521,R. Lewandowski,9,F,5:1,True,2026-05-04,raw/api_football/fixture_lineups/2026-04-30/fixture_1208499_lineups.json
1208499,529,Barcelona,4-2-3-1,6472,H. Flick,133609,Pedri,8,M,,False,2026-05-04,raw/api_football/fixture_lineups/2026-04-30/fixture_1208499_lineups.json
1208499,529,Barcelona,4-2-3-1,6472,H. Flick,2282,A. Christensen,15,D,,False,2026-05-04,raw/api_football/fixture_lineups/2026-04-30/fixture_1208499_lineups.json
1208499,529,Barcelona,4-2-3-1,6472,H. Flick,181701,Gerard Martín,35,D,,False,2026-05-04,raw/api_football/fixture_lineups/2026-04-30/fixture_1208499_lineups.json
1208499,529,Barcelona,4-2-3-1,6472,H. Flick,619,Eric García,24,D,,False,2026-05-04,raw/api_football/fixture_lineups/2026-04-30/fixture_1208499_lineups.json
1208499,529,Barcelona,4-2-3-1,6472,H. Flick,263530,Pau Víctor,18,F,,False,2026-05-04,raw/api_football/fixture_lineups/2026-04-30/fixture_1208499_lineups.json
1208499,529,Barcelona,4-2-3-1,6472,H. Flick,336560,Álex Valle,29,D,,False,2026-05-04,raw/api_football/fixture_lineups/2026-04-30/fixture_1208499_lineups.json
1208499,529,Barcelona,4-2-3-1,6472,H. Flick,126,Iñaki Peña,13,G,,False,2026-05-04,raw/api_football/fixture_lineups/2026-04-30/fixture_1208499_lineups.json
1208499,529,Barcelona,4-2-3-1,6472,H. Flick,336653,Ander Astralaga,26,G,,False,2026-05-04,raw/api_football/fixture_lineups/2026-04-30/fixture_1208499_lineups.json
1208499,529,Barcelona,4-2-3-1,6472,H. Flick,285909,Pablo Torre,14,M,,False,2026-05-04,raw/api_football/fixture_lineups/2026-04-30/fixture_1208499_lineups.json
1208499,529,Barcelona,4-2-3-1,6472,H. Flick,386859,Héctor Fort,32,D,,False,2026-05-04,raw/api_football/fixture_lineups/2026-04-30/fixture_1208499_lineups.json
1208499,529,Barcelona,4-2-3-1,6472,H. Flick,396624,Sergi Domínguez,36,D,,False,2026-05-04,raw/api_football/fixture_lineups/2026-04-30/fixture_1208499_lineups.json
1208500,548,Real Sociedad,4-3-3,1586,Imanol Alguacil,47269,Álex Remiro,1,G,1:1,True,2026-05-04,raw/api_football/fixture_lineups/2026-04-30/fixture_1208500_lineups.json
1208500,548,Real Sociedad,4-3-3,1586,Imanol Alguacil,2202,H. Traoré,18,D,2:4,True,2026-05-04,raw/api_football/fixture_lineups/2026-04-30/fixture_1208500_lineups.json
1208500,548,Real Sociedad,4-3-3,1586,Imanol Alguacil,47298,Elustondo,6,D,2:3,True,2026-05-04,raw/api_football/fixture_lineups/2026-04-30/fixture_1208500_lineups.json
1208500,548,Real Sociedad,4-3-3,1586,Imanol Alguacil,182546,Jon Pacheco,20,D,2:2,True,2026-05-04,raw/api_football/fixture_lineups/2026-04-30/fixture_1208500_lineups.json
1208500,548,Real Sociedad,4-3-3,1586,Imanol Alguacil,182636,Javi López,12,D,2:1,True,2026-05-04,raw/api_football/fixture_lineups/2026-04-30/fixture_1208500_lineups.json
1208500,548,Real Sociedad,4-3-3,1586,Imanol Alguacil,47440,Brais Méndez,23,M,3:3,True,2026-05-04,raw/api_football/fixture_lineups/2026-04-30/fixture_1208500_lineups.json
1208500,548,Real Sociedad,4-3-3,1586,Imanol Alguacil,183699,Urko González,15,M,3:2,True,2026-05-04,raw/api_football/fixture_lineups/2026-04-30/fixture_1208500_lineups.json
1208500,548,Real Sociedad,4-3-3,1586,Imanol Alguacil,183744,Beñat Turrientes,22,M,3:1,True,2026-05-04,raw/api_football/fixture_lineups/2026-04-30/fixture_1208500_lineups.json
1208500,548,Real Sociedad,4-3-3,1586,Imanol Alguacil,32862,T. Kubo,14,F,4:3,True,2026-05-04,raw/api_football/fixture_lineups/2026-04-30/fixture_1208500_lineups.json
1208500,548,Real Sociedad,4-3-3,1586,Imanol Alguacil,47323,Mikel Oyarzabal,10,F,4:2,True,2026-05-04,raw/api_football/fixture_lineups/2026-04-30/fixture_1208500_lineups.json
1208500,548,Real Sociedad,4-3-3,1586,Imanol Alguacil,37938,S. Becker,11,F,4:1,True,2026-05-04,raw/api_football/fixture_lineups/2026-04-30/fixture_1208500_lineups.json
1208500,548,Real Sociedad,4-3-3,1586,Imanol Alguacil,47315,Martín Zubimendi,4,M,,False,2026-05-04,raw/api_football/fixture_lineups/2026-04-30/fixture_1208500_lineups.json
1208500,548,Real Sociedad,4-3-3,1586,Imanol Alguacil,23,Sergio Gómez,17,D,,False,2026-05-04,raw/api_football/fixture_lineups/2026-04-30/fixture_1208500_lineups.json
1208500,548,Real Sociedad,4-3-3,1586,Imanol Alguacil,47317,Barrenetxea,7,F,,False,2026-05-04,raw/api_football/fixture_lineups/2026-04-30/fixture_1208500_lineups.json
1208500,548,Real Sociedad,4-3-3,1586,Imanol Alguacil,199044,J. Aramburu,27,D,,False,2026-05-04,raw/api_football/fixture_lineups/2026-04-30/fixture_1208500_lineups.json
1208500,548,Real Sociedad,4-3-3,1586,Imanol Alguacil,7332,L. Sučić,24,M,,False,2026-05-04,raw/api_football/fixture_lineups/2026-04-30/fixture_1208500_lineups.json
1208500,548,Real Sociedad,4-3-3,1586,Imanol Alguacil,189832,Unai Marrero,13,G,,False,2026-05-04,raw/api_football/fixture_lineups/2026-04-30/fixture_1208500_lineups.json
1208500,548,Real Sociedad,4-3-3,1586,Imanol Alguacil,287652,Jon Magunazelaia,25,M,,False,2026-05-04,raw/api_football/fixture_lineups/2026-04-30/fixture_1208500_lineups.json
1208500,548,Real Sociedad,4-3-3,1586,Imanol Alguacil,182603,Jon Ander Olasagasti,16,M,,False,2026-05-04,raw/api_football/fixture_lineups/2026-04-30/fixture_1208500_lineups.json
1208500,548,Real Sociedad,4-3-3,1586,Imanol Alguacil,31406,U. Sadiq,19,F,,False,2026-05-04,raw/api_football/fixture_lineups/2026-04-30/fixture_1208500_lineups.json
1208500,548,Real Sociedad,4-3-3,1586,Imanol Alguacil,47303,Aihen Muñoz,3,D,,False,2026-05-04,raw/api_football/fixture_lineups/2026-04-30/fixture_1208500_lineups.json
1208500,548,Real Sociedad,4-3-3,1586,Imanol Alguacil,290106,Pablo Marín,28,M,,False,2026-05-04,raw/api_football/fixture_lineups/2026-04-30/fixture_1208500_lineups.json
1208500,548,Real Sociedad,4-3-3,1586,Imanol Alguacil,405073,Jon Martín,31,D,,False,2026-05-04,raw/api_football/fixture_lineups/2026-04-30/fixture_1208500_lineups.json
1208500,728,Rayo Vallecano,4-4-2,21839,Iñigo Pérez,156488,Dani Cárdenas,1,G,1:1,True,2026-05-04,raw/api_football/fixture_lineups/2026-04-30/fixture_1208500_lineups.json
1208500,728,Rayo Vallecano,4-4-2,21839,Iñigo Pérez,1703,A. Rațiu,2,D,2:4,True,2026-05-04,raw/api_football/fixture_lineups/2026-04-30/fixture_1208500_lineups.json
1208500,728,Rayo Vallecano,4-4-2,21839,Iñigo Pérez,18895,F. Lejeune,24,D,2:3,True,2026-05-04,raw/api_football/fixture_lineups/2026-04-30/fixture_1208500_lineups.json
1208500,728,Rayo Vallecano,4-4-2,21839,Iñigo Pérez,15900,A. Mumin,16,D,2:2,True,2026-05-04,raw/api_football/fixture_lineups/2026-04-30/fixture_1208500_lineups.json
1208500,728,Rayo Vallecano,4-4-2,21839,Iñigo Pérez,46759,A. Espino,22,D,2:1,True,2026-05-04,raw/api_football/fixture_lineups/2026-04-30/fixture_1208500_lineups.json
1208500,728,Rayo Vallecano,4-4-2,21839,Iñigo Pérez,128582,Jorge de Frutos,19,M,3:4,True,2026-05-04,raw/api_football/fixture_lineups/2026-04-30/fixture_1208500_lineups.json
1208500,728,Rayo Vallecano,4-4-2,21839,Iñigo Pérez,47285,Unai López,17,M,3:3,True,2026-05-04,raw/api_football/fixture_lineups/2026-04-30/fixture_1208500_lineups.json
1208500,728,Rayo Vallecano,4-4-2,21839,Iñigo Pérez,47109,Óscar Valentín,23,M,3:2,True,2026-05-04,raw/api_football/fixture_lineups/2026-04-30/fixture_1208500_lineups.json
1208500,728,Rayo Vallecano,4-4-2,21839,Iñigo Pérez,47554,Adri Embarba,21,M,3:1,True,2026-05-04,raw/api_football/fixture_lineups/2026-04-30/fixture_1208500_lineups.json
1208500,728,Rayo Vallecano,4-4-2,21839,Iñigo Pérez,122657,Randy Nteka,11,F,4:2,True,2026-05-04,raw/api_football/fixture_lineups/2026-04-30/fixture_1208500_lineups.json
1208500,728,Rayo Vallecano,4-4-2,21839,Iñigo Pérez,131546,Isi Palazón,7,F,4:1,True,2026-05-04,raw/api_football/fixture_lineups/2026-04-30/fixture_1208500_lineups.json
1208500,728,Rayo Vallecano,4-4-2,21839,Iñigo Pérez,47414,Gerard Gumbau,15,M,,False,2026-05-04,raw/api_football/fixture_lineups/2026-04-30/fixture_1208500_lineups.json
1208500,728,Rayo Vallecano,4-4-2,21839,Iñigo Pérez,52,Sergio Camello,14,F,,False,2026-05-04,raw/api_football/fixture_lineups/2026-04-30/fixture_1208500_lineups.json
1208500,728,Rayo Vallecano,4-4-2,21839,Iñigo Pérez,41552,P. Ciss,6,M,,False,2026-05-04,raw/api_football/fixture_lineups/2026-04-30/fixture_1208500_lineups.json
1208500,728,Rayo Vallecano,4-4-2,21839,Iñigo Pérez,181734,Pep Chavarría,3,D,,False,2026-05-04,raw/api_football/fixture_lineups/2026-04-30/fixture_1208500_lineups.json
1208500,728,Rayo Vallecano,4-4-2,21839,Iñigo Pérez,20520,I. Balliu,20,D,,False,2026-05-04,raw/api_football/fixture_lineups/2026-04-30/fixture_1208500_lineups.json
1208500,728,Rayo Vallecano,4-4-2,21839,Iñigo Pérez,333292,Pelayo Fernández,27,D,,False,2026-05-04,raw/api_football/fixture_lineups/2026-04-30/fixture_1208500_lineups.json
1208500,728,Rayo Vallecano,4-4-2,21839,Iñigo Pérez,478243,Marco de las Sías,26,D,,False,2026-05-04,raw/api_football/fixture_lineups/2026-04-30/fixture_1208500_lineups.json
1208500,728,Rayo Vallecano,4-4-2,21839,Iñigo Pérez,46887,Pedro Díaz,4,M,,False,2026-05-04,raw/api_football/fixture_lineups/2026-04-30/fixture_1208500_lineups.json
1208500,728,Rayo Vallecano,4-4-2,21839,Iñigo Pérez,47557,Ó. Trejo,8,M,,False,2026-05-04,raw/api_football/fixture_lineups/2026-04-30/fixture_1208500_lineups.json
1208500,728,Rayo Vallecano,4-4-2,21839,Iñigo Pérez,46654,Aridane Hernández,5,D,,False,2026-05-04,raw/api_football/fixture_lineups/2026-04-30/fixture_1208500_lineups.json
1208500,728,Rayo Vallecano,4-4-2,21839,Iñigo Pérez,47529,Miguel Ángel Morro,30,G,,False,2026-05-04,raw/api_football/fixture_lineups/2026-04-30/fixture_1208500_lineups.json
1208500,728,Rayo Vallecano,4-4-2,21839,Iñigo Pérez,303115,E. Eto'o,28,F,,False,2026-05-04,raw/api_football/fixture_lineups/2026-04-30/fixture_1208500_lineups.json
1208501,538,Celta Vigo,3-4-2-1,18101,Claudio Giráldez,47427,Iván Villar,1,G,1:1,True,2026-05-04,raw/api_football/fixture_lineups/2026-04-30/fixture_1208501_lineups.json
1208501,538,Celta Vigo,3-4-2-1,18101,Claudio Giráldez,18896,Javier Manquillo,22,D,2:3,True,2026-05-04,raw/api_football/fixture_lineups/2026-04-30/fixture_1208501_lineups.json
1208501,538,Celta Vigo,3-4-2-1,18101,Claudio Giráldez,47988,C. Starfelt,2,D,2:2,True,2026-05-04,raw/api_football/fixture_lineups/2026-04-30/fixture_1208501_lineups.json
1208501,538,Celta Vigo,3-4-2-1,18101,Claudio Giráldez,286559,Carlos Domínguez,24,D,2:1,True,2026-05-04,raw/api_football/fixture_lineups/2026-04-30/fixture_1208501_lineups.json
1208501,538,Celta Vigo,3-4-2-1,18101,Claudio Giráldez,329720,Hugo Álvarez,30,M,3:4,True,2026-05-04,raw/api_football/fixture_lineups/2026-04-30/fixture_1208501_lineups.json
1208501,538,Celta Vigo,3-4-2-1,18101,Claudio Giráldez,286796,Damián Rodríguez,28,M,3:3,True,2026-05-04,raw/api_football/fixture_lineups/2026-04-30/fixture_1208501_lineups.json
1208501,538,Celta Vigo,3-4-2-1,18101,Claudio Giráldez,47435,Fran Beltrán,8,M,3:2,True,2026-05-04,raw/api_football/fixture_lineups/2026-04-30/fixture_1208501_lineups.json
1208501,538,Celta Vigo,3-4-2-1,18101,Claudio Giráldez,162712,Óscar Mingueza,3,M,3:1,True,2026-05-04,raw/api_football/fixture_lineups/2026-04-30/fixture_1208501_lineups.json
1208501,538,Celta Vigo,3-4-2-1,18101,Claudio Giráldez,47445,Iago Aspas,10,F,4:2,True,2026-05-04,raw/api_football/fixture_lineups/2026-04-30/fixture_1208501_lineups.json
1208501,538,Celta Vigo,3-4-2-1,18101,Claudio Giráldez,22235,J. Bamba,17,F,4:1,True,2026-05-04,raw/api_football/fixture_lineups/2026-04-30/fixture_1208501_lineups.json
1208501,538,Celta Vigo,3-4-2-1,18101,Claudio Giráldez,26845,T. Douvikas,9,F,5:1,True,2026-05-04,raw/api_football/fixture_lineups/2026-04-30/fixture_1208501_lineups.json
1208501,538,Celta Vigo,3-4-2-1,18101,Claudio Giráldez,269163,W. Swedberg,19,M,,False,2026-05-04,raw/api_football/fixture_lineups/2026-04-30/fixture_1208501_lineups.json
1208501,538,Celta Vigo,3-4-2-1,18101,Claudio Giráldez,384135,Javi Rodríguez,32,D,,False,2026-05-04,raw/api_football/fixture_lineups/2026-04-30/fixture_1208501_lineups.json
1208501,538,Celta Vigo,3-4-2-1,18101,Claudio Giráldez,1364,Jailson,16,M,,False,2026-05-04,raw/api_football/fixture_lineups/2026-04-30/fixture_1208501_lineups.json
1208501,538,Celta Vigo,3-4-2-1,18101,Claudio Giráldez,162123,I. Moriba,6,M,,False,2026-05-04,raw/api_football/fixture_lineups/2026-04-30/fixture_1208501_lineups.json
1208501,538,Celta Vigo,3-4-2-1,18101,Claudio Giráldez,47348,Borja Iglesias,7,F,,False,2026-05-04,raw/api_football/fixture_lineups/2026-04-30/fixture_1208501_lineups.json
1208501,538,Celta Vigo,3-4-2-1,18101,Claudio Giráldez,1926,J. Aidoo,15,D,,False,2026-05-04,raw/api_football/fixture_lineups/2026-04-30/fixture_1208501_lineups.json
1208501,538,Celta Vigo,3-4-2-1,18101,Claudio Giráldez,182730,Marc Vidal,26,G,,False,2026-05-04,raw/api_football/fixture_lineups/2026-04-30/fixture_1208501_lineups.json
1208501,538,Celta Vigo,3-4-2-1,18101,Claudio Giráldez,320517,Pablo Durán,18,F,,False,2026-05-04,raw/api_football/fixture_lineups/2026-04-30/fixture_1208501_lineups.json
1208501,538,Celta Vigo,3-4-2-1,18101,Claudio Giráldez,313651,Hugo Sotelo,33,M,,False,2026-05-04,raw/api_football/fixture_lineups/2026-04-30/fixture_1208501_lineups.json
1208501,538,Celta Vigo,3-4-2-1,18101,Claudio Giráldez,119213,Alfon González,12,F,,False,2026-05-04,raw/api_football/fixture_lineups/2026-04-30/fixture_1208501_lineups.json
1208501,538,Celta Vigo,3-4-2-1,18101,Claudio Giráldez,157988,Sergio Carreira,5,D,,False,2026-05-04,raw/api_football/fixture_lineups/2026-04-30/fixture_1208501_lineups.json
1208501,538,Celta Vigo,3-4-2-1,18101,Claudio Giráldez,286795,César Fernández,27,G,,False,2026-05-04,raw/api_football/fixture_lineups/2026-04-30/fixture_1208501_lineups.json
1208501,542,Alaves,4-2-3-1,45,Luis García,47353,Antonio Sivera,1,G,1:1,True,2026-05-04,raw/api_football/fixture_lineups/2026-04-30/fixture_1208501_lineups.json
1208501,542,Alaves,4-2-3-1,45,Luis García,187214,Carlos Vicente,7,D,2:4,True,2026-05-04,raw/api_football/fixture_lineups/2026-04-30/fixture_1208501_lineups.json
1208501,542,Alaves,4-2-3-1,45,Luis García,46813,A. Abqar,5,D,2:3,True,2026-05-04,raw/api_football/fixture_lineups/2026-04-30/fixture_1208501_lineups.json
1208501,542,Alaves,4-2-3-1,45,Luis García,6233,N. Tenaglia,14,D,2:2,True,2026-05-04,raw/api_football/fixture_lineups/2026-04-30/fixture_1208501_lineups.json
1208501,542,Alaves,4-2-3-1,45,Luis García,70476,M. Diarra,22,D,2:1,True,2026-05-04,raw/api_football/fixture_lineups/2026-04-30/fixture_1208501_lineups.json
1208501,542,Alaves,4-2-3-1,45,Luis García,47309,Ander Guevara,6,M,3:2,True,2026-05-04,raw/api_football/fixture_lineups/2026-04-30/fixture_1208501_lineups.json
1208501,542,Alaves,4-2-3-1,45,Luis García,162686,Antonio Blanco,8,M,3:1,True,2026-05-04,raw/api_football/fixture_lineups/2026-04-30/fixture_1208501_lineups.json
1208501,542,Alaves,4-2-3-1,45,Luis García,263812,L. Romero,20,M,4:3,True,2026-05-04,raw/api_football/fixture_lineups/2026-04-30/fixture_1208501_lineups.json
1208501,542,Alaves,4-2-3-1,45,Luis García,104821,Jon Guridi,18,M,4:2,True,2026-05-04,raw/api_football/fixture_lineups/2026-04-30/fixture_1208501_lineups.json
1208501,542,Alaves,4-2-3-1,45,Luis García,51241,T. Conechny,10,M,4:1,True,2026-05-04,raw/api_football/fixture_lineups/2026-04-30/fixture_1208501_lineups.json
1208501,542,Alaves,4-2-3-1,45,Luis García,47396,Kike García,17,F,5:1,True,2026-05-04,raw/api_football/fixture_lineups/2026-04-30/fixture_1208501_lineups.json
1208501,542,Alaves,4-2-3-1,45,Luis García,162170,Hugo Novoa,16,F,,False,2026-05-04,raw/api_football/fixture_lineups/2026-04-30/fixture_1208501_lineups.json
1208501,542,Alaves,4-2-3-1,45,Luis García,46933,Luis Rioja,11,F,,False,2026-05-04,raw/api_football/fixture_lineups/2026-04-30/fixture_1208501_lineups.json
1208501,542,Alaves,4-2-3-1,45,Luis García,46740,Stoichkov,19,F,,False,2026-05-04,raw/api_football/fixture_lineups/2026-04-30/fixture_1208501_lineups.json
1208501,542,Alaves,4-2-3-1,45,Luis García,104853,Asier Villalibre,9,F,,False,2026-05-04,raw/api_football/fixture_lineups/2026-04-30/fixture_1208501_lineups.json
1208501,542,Alaves,4-2-3-1,45,Luis García,6085,C. Benavídez,23,M,,False,2026-05-04,raw/api_football/fixture_lineups/2026-04-30/fixture_1208501_lineups.json
1208501,542,Alaves,4-2-3-1,45,Luis García,122471,Jesús Owono,13,G,,False,2026-05-04,raw/api_football/fixture_lineups/2026-04-30/fixture_1208501_lineups.json
1208501,542,Alaves,4-2-3-1,45,Luis García,295383,Adrián Pica,36,D,,False,2026-05-04,raw/api_football/fixture_lineups/2026-04-30/fixture_1208501_lineups.json
1208501,542,Alaves,4-2-3-1,45,Luis García,40419,A. Sedlar,4,D,,False,2026-05-04,raw/api_football/fixture_lineups/2026-04-30/fixture_1208501_lineups.json
1208501,542,Alaves,4-2-3-1,45,Luis García,390742,J. Panichelli,29,F,,False,2026-05-04,raw/api_football/fixture_lineups/2026-04-30/fixture_1208501_lineups.json
1208501,542,Alaves,4-2-3-1,45,Luis García,313562,Eneko Ortiz,34,D,,False,2026-05-04,raw/api_football/fixture_lineups/2026-04-30/fixture_1208501_lineups.json
1208501,542,Alaves,4-2-3-1,45,Luis García,163060,A. Rodríguez,31,G,,False,2026-05-04,raw/api_football/fixture_lineups/2026-04-30/fixture_1208501_lineups.json
1208501,542,Alaves,4-2-3-1,45,Luis García,384273,Julen Lartitegi,37,F,,False,2026-05-04,raw/api_football/fixture_lineups/2026-04-30/fixture_1208501_lineups.json
1208502,727,Osasuna,4-3-3,1597,Vicente Moreno,46646,Sergio Herrera,1,G,1:1,True,2026-05-04,raw/api_football/fixture_lineups/2026-04-30/fixture_1208502_lineups.json
1208502,727,Osasuna,4-3-3,1597,Vicente Moreno,182181,Jesús Areso,12,D,2:4,True,2026-05-04,raw/api_football/fixture_lineups/2026-04-30/fixture_1208502_lineups.json
1208502,727,Osasuna,4-3-3,1597,Vicente Moreno,47533,Catena,24,D,2:3,True,2026-05-04,raw/api_football/fixture_lineups/2026-04-30/fixture_1208502_lineups.json
1208502,727,Osasuna,4-3-3,1597,Vicente Moreno,182592,Jorge Herrando,5,D,2:2,True,2026-05-04,raw/api_football/fixture_lineups/2026-04-30/fixture_1208502_lineups.json
1208502,727,Osasuna,4-3-3,1597,Vicente Moreno,181259,Abel Bretones,23,D,2:1,True,2026-05-04,raw/api_football/fixture_lineups/2026-04-30/fixture_1208502_lineups.json
1208502,727,Osasuna,4-3-3,1597,Vicente Moreno,182621,Iker Muñoz,18,M,3:3,True,2026-05-04,raw/api_football/fixture_lineups/2026-04-30/fixture_1208502_lineups.json
1208502,727,Osasuna,4-3-3,1597,Vicente Moreno,1825,Lucas Torró,6,M,3:2,True,2026-05-04,raw/api_football/fixture_lineups/2026-04-30/fixture_1208502_lineups.json
1208502,727,Osasuna,4-3-3,1597,Vicente Moreno,47574,Moi Gómez,16,M,3:1,True,2026-05-04,raw/api_football/fixture_lineups/2026-04-30/fixture_1208502_lineups.json
1208502,727,Osasuna,4-3-3,1597,Vicente Moreno,46658,Rubén García,14,F,4:3,True,2026-05-04,raw/api_football/fixture_lineups/2026-04-30/fixture_1208502_lineups.json
1208502,727,Osasuna,4-3-3,1597,Vicente Moreno,46746,A. Budimir,17,F,4:2,True,2026-05-04,raw/api_football/fixture_lineups/2026-04-30/fixture_1208502_lineups.json
1208502,727,Osasuna,4-3-3,1597,Vicente Moreno,67939,Aimar Oroz,10,F,4:1,True,2026-05-04,raw/api_football/fixture_lineups/2026-04-30/fixture_1208502_lineups.json
1208502,727,Osasuna,4-3-3,1597,Vicente Moreno,46662,Moncayola,7,M,,False,2026-05-04,raw/api_football/fixture_lineups/2026-04-30/fixture_1208502_lineups.json
1208502,727,Osasuna,4-3-3,1597,Vicente Moreno,46967,Juan Cruz,3,D,,False,2026-05-04,raw/api_football/fixture_lineups/2026-04-30/fixture_1208502_lineups.json
1208502,727,Osasuna,4-3-3,1597,Vicente Moreno,286639,Bryan Zaragoza,19,F,,False,2026-05-04,raw/api_football/fixture_lineups/2026-04-30/fixture_1208502_lineups.json
1208502,727,Osasuna,4-3-3,1597,Vicente Moreno,47391,Rubén Peña,15,D,,False,2026-05-04,raw/api_football/fixture_lineups/2026-04-30/fixture_1208502_lineups.json
1208502,727,Osasuna,4-3-3,1597,Vicente Moreno,146751,Raúl García,9,F,,False,2026-05-04,raw/api_football/fixture_lineups/2026-04-30/fixture_1208502_lineups.json
1208502,727,Osasuna,4-3-3,1597,Vicente Moreno,46652,Unai García,4,D,,False,2026-05-04,raw/api_football/fixture_lineups/2026-04-30/fixture_1208502_lineups.json
1208502,727,Osasuna,4-3-3,1597,Vicente Moreno,46660,Javi Martínez,21,M,,False,2026-05-04,raw/api_football/fixture_lineups/2026-04-30/fixture_1208502_lineups.json
1208502,727,Osasuna,4-3-3,1597,Vicente Moreno,46657,Nacho Vidal,2,D,,False,2026-05-04,raw/api_football/fixture_lineups/2026-04-30/fixture_1208502_lineups.json
1208502,727,Osasuna,4-3-3,1597,Vicente Moreno,348029,D. Stamatakis,32,G,,False,2026-05-04,raw/api_football/fixture_lineups/2026-04-30/fixture_1208502_lineups.json
1208502,727,Osasuna,4-3-3,1597,Vicente Moreno,288800,Iker Benito,27,F,,False,2026-05-04,raw/api_football/fixture_lineups/2026-04-30/fixture_1208502_lineups.json
1208502,727,Osasuna,4-3-3,1597,Vicente Moreno,47448,Aitor Fernández,13,G,,False,2026-05-04,raw/api_football/fixture_lineups/2026-04-30/fixture_1208502_lineups.json
1208502,727,Osasuna,4-3-3,1597,Vicente Moreno,139001,Pablo Ibáñez,8,M,,False,2026-05-04,raw/api_football/fixture_lineups/2026-04-30/fixture_1208502_lineups.json
1208502,537,Leganes,4-2-3-1,1100,Borja Jiménez,2036,Juan Soriano,1,G,1:1,True,2026-05-04,raw/api_football/fixture_lineups/2026-04-30/fixture_1208502_lineups.json
1208502,537,Leganes,4-2-3-1,1100,Borja Jiménez,21701,V. Rosier,12,D,2:4,True,2026-05-04,raw/api_football/fixture_lineups/2026-04-30/fixture_1208502_lineups.json
1208502,537,Leganes,4-2-3-1,1100,Borja Jiménez,131492,Aritz Arambarri,22,D,2:3,True,2026-05-04,raw/api_football/fixture_lineups/2026-04-30/fixture_1208502_lineups.json
1208502,537,Leganes,4-2-3-1,1100,Borja Jiménez,123047,Sergio González,6,D,2:2,True,2026-05-04,raw/api_football/fixture_lineups/2026-04-30/fixture_1208502_lineups.json
1208502,537,Leganes,4-2-3-1,1100,Borja Jiménez,46849,Javi Hernández,20,D,2:1,True,2026-05-04,raw/api_football/fixture_lineups/2026-04-30/fixture_1208502_lineups.json
1208502,537,Leganes,4-2-3-1,1100,Borja Jiménez,47361,D. Brašanac,14,M,3:2,True,2026-05-04,raw/api_football/fixture_lineups/2026-04-30/fixture_1208502_lineups.json
1208502,537,Leganes,4-2-3-1,1100,Borja Jiménez,41976,Y. Neyou,17,M,3:1,True,2026-05-04,raw/api_football/fixture_lineups/2026-04-30/fixture_1208502_lineups.json
1208502,537,Leganes,4-2-3-1,1100,Borja Jiménez,185202,Juan Cruz,11,M,4:3,True,2026-05-04,raw/api_football/fixture_lineups/2026-04-30/fixture_1208502_lineups.json
1208502,537,Leganes,4-2-3-1,1100,Borja Jiménez,302051,S. Cissé,8,M,4:2,True,2026-05-04,raw/api_football/fixture_lineups/2026-04-30/fixture_1208502_lineups.json
1208502,537,Leganes,4-2-3-1,1100,Borja Jiménez,129657,Enric Franquesa,15,M,4:1,True,2026-05-04,raw/api_football/fixture_lineups/2026-04-30/fixture_1208502_lineups.json
1208502,537,Leganes,4-2-3-1,1100,Borja Jiménez,47494,Miguel de la Fuente,9,F,5:1,True,2026-05-04,raw/api_football/fixture_lineups/2026-04-30/fixture_1208502_lineups.json
1208502,537,Leganes,4-2-3-1,1100,Borja Jiménez,1708,Dani Raba,10,F,,False,2026-05-04,raw/api_football/fixture_lineups/2026-04-30/fixture_1208502_lineups.json
1208502,537,Leganes,4-2-3-1,1100,Borja Jiménez,5974,J. Chicco,24,M,,False,2026-05-04,raw/api_football/fixture_lineups/2026-04-30/fixture_1208502_lineups.json
1208502,537,Leganes,4-2-3-1,1100,Borja Jiménez,184481,Diego García,19,F,,False,2026-05-04,raw/api_football/fixture_lineups/2026-04-30/fixture_1208502_lineups.json
1208502,537,Leganes,4-2-3-1,1100,Borja Jiménez,2433,R. Tapia,5,M,,False,2026-05-04,raw/api_football/fixture_lineups/2026-04-30/fixture_1208502_lineups.json
1208502,537,Leganes,4-2-3-1,1100,Borja Jiménez,47321,Roberto López,21,M,,False,2026-05-04,raw/api_football/fixture_lineups/2026-04-30/fixture_1208502_lineups.json
1208502,537,Leganes,4-2-3-1,1100,Borja Jiménez,327495,Alvin,36,G,,False,2026-05-04,raw/api_football/fixture_lineups/2026-04-30/fixture_1208502_lineups.json
1208502,537,Leganes,4-2-3-1,1100,Borja Jiménez,2813,M. Dmitrović,13,G,,False,2026-05-04,raw/api_football/fixture_lineups/2026-04-30/fixture_1208502_lineups.json
1208502,537,Leganes,4-2-3-1,1100,Borja Jiménez,337955,Lalo Aguilar,33,D,,False,2026-05-04,raw/api_football/fixture_lineups/2026-04-30/fixture_1208502_lineups.json
1208502,537,Leganes,4-2-3-1,1100,Borja Jiménez,313196,J. Urbáez,34,D,,False,2026-05-04,raw/api_football/fixture_lineups/2026-04-30/fixture_1208502_lineups.json
1208502,537,Leganes,4-2-3-1,1100,Borja Jiménez,47416,Óscar Rodríguez,7,M,,False,2026-05-04,raw/api_football/fixture_lineups/2026-04-30/fixture_1208502_lineups.json
1208502,537,Leganes,4-2-3-1,1100,Borja Jiménez,388032,Carlos Guirao,32,M,,False,2026-05-04,raw/api_football/fixture_lineups/2026-04-30/fixture_1208502_lineups.json
1208502,537,Leganes,4-2-3-1,1100,Borja Jiménez,385389,Álex Gil,26,M,,False,2026-05-04,raw/api_football/fixture_lineups/2026-04-30/fixture_1208502_lineups.json
1208503,530,Atletico Madrid,5-3-2,1595,D. Simeone,29,J. Oblak,13,G,1:1,True,2026-05-04,raw/api_football/fixture_lineups/2026-04-30/fixture_1208503_lineups.json
1208503,530,Atletico Madrid,5-3-2,1595,D. Simeone,753,Marcos Llorente,14,D,2:5,True,2026-05-04,raw/api_football/fixture_lineups/2026-04-30/fixture_1208503_lineups.json
1208503,530,Atletico Madrid,5-3-2,1595,D. Simeone,47301,Robin Le Normand,24,D,2:4,True,2026-05-04,raw/api_football/fixture_lineups/2026-04-30/fixture_1208503_lineups.json
1208503,530,Atletico Madrid,5-3-2,1595,D. Simeone,31,J. Giménez,2,D,2:3,True,2026-05-04,raw/api_football/fixture_lineups/2026-04-30/fixture_1208503_lineups.json
1208503,530,Atletico Madrid,5-3-2,1595,D. Simeone,2280,César Azpilicueta,3,D,2:2,True,2026-05-04,raw/api_football/fixture_lineups/2026-04-30/fixture_1208503_lineups.json
1208503,530,Atletico Madrid,5-3-2,1595,D. Simeone,136117,Rodrigo Riquelme,17,D,2:1,True,2026-05-04,raw/api_football/fixture_lineups/2026-04-30/fixture_1208503_lineups.json
1208503,530,Atletico Madrid,5-3-2,1595,D. Simeone,2472,R. De Paul,5,M,3:3,True,2026-05-04,raw/api_football/fixture_lineups/2026-04-30/fixture_1208503_lineups.json
1208503,530,Atletico Madrid,5-3-2,1595,D. Simeone,336594,Pablo Barrios,8,M,3:2,True,2026-05-04,raw/api_football/fixture_lineups/2026-04-30/fixture_1208503_lineups.json
1208503,530,Atletico Madrid,5-3-2,1595,D. Simeone,126936,Samuel Lino,12,M,3:1,True,2026-05-04,raw/api_football/fixture_lineups/2026-04-30/fixture_1208503_lineups.json
1208503,530,Atletico Madrid,5-3-2,1595,D. Simeone,56,A. Griezmann,7,F,4:2,True,2026-05-04,raw/api_football/fixture_lineups/2026-04-30/fixture_1208503_lineups.json
1208503,530,Atletico Madrid,5-3-2,1595,D. Simeone,6009,J. Alvarez,19,F,4:1,True,2026-05-04,raw/api_football/fixture_lineups/2026-04-30/fixture_1208503_lineups.json
1208503,530,Atletico Madrid,5-3-2,1595,D. Simeone,67972,C. Gallagher,4,M,,False,2026-05-04,raw/api_football/fixture_lineups/2026-04-30/fixture_1208503_lineups.json
1208503,530,Atletico Madrid,5-3-2,1595,D. Simeone,50,Koke,6,M,,False,2026-05-04,raw/api_football/fixture_lineups/2026-04-30/fixture_1208503_lineups.json
1208503,530,Atletico Madrid,5-3-2,1595,D. Simeone,22225,Reinildo,23,D,,False,2026-05-04,raw/api_football/fixture_lineups/2026-04-30/fixture_1208503_lineups.json
1208503,530,Atletico Madrid,5-3-2,1595,D. Simeone,8492,A. Sørloth,9,F,,False,2026-05-04,raw/api_football/fixture_lineups/2026-04-30/fixture_1208503_lineups.json
1208503,530,Atletico Madrid,5-3-2,1595,D. Simeone,53,Á. Correa,10,F,,False,2026-05-04,raw/api_football/fixture_lineups/2026-04-30/fixture_1208503_lineups.json
1208503,530,Atletico Madrid,5-3-2,1595,D. Simeone,338508,I. Kostis,27,D,,False,2026-05-04,raw/api_football/fixture_lineups/2026-04-30/fixture_1208503_lineups.json
1208503,530,Atletico Madrid,5-3-2,1595,D. Simeone,323935,G. Simeone,22,F,,False,2026-05-04,raw/api_football/fixture_lineups/2026-04-30/fixture_1208503_lineups.json
1208503,530,Atletico Madrid,5-3-2,1595,D. Simeone,6503,N. Molina,16,D,,False,2026-05-04,raw/api_football/fixture_lineups/2026-04-30/fixture_1208503_lineups.json
1208503,530,Atletico Madrid,5-3-2,1595,D. Simeone,315604,Alejandro Iturbe,33,G,,False,2026-05-04,raw/api_football/fixture_lineups/2026-04-30/fixture_1208503_lineups.json
1208503,530,Atletico Madrid,5-3-2,1595,D. Simeone,47566,Javi Galán,15,D,,False,2026-05-04,raw/api_football/fixture_lineups/2026-04-30/fixture_1208503_lineups.json
1208503,530,Atletico Madrid,5-3-2,1595,D. Simeone,333379,Antonio Gomis,31,G,,False,2026-05-04,raw/api_football/fixture_lineups/2026-04-30/fixture_1208503_lineups.json
1208503,530,Atletico Madrid,5-3-2,1595,D. Simeone,20,A. Witsel,20,D,,False,2026-05-04,raw/api_football/fixture_lineups/2026-04-30/fixture_1208503_lineups.json
1208503,547,Girona,4-3-3,82,Míchel Sánchez,158,P. Gazzaniga,13,G,1:1,True,2026-05-04,raw/api_football/fixture_lineups/2026-04-30/fixture_1208503_lineups.json
1208503,547,Girona,4-3-3,82,Míchel Sánchez,283668,Arnau Martínez,4,D,2:4,True,2026-05-04,raw/api_football/fixture_lineups/2026-04-30/fixture_1208503_lineups.json
1208503,547,Girona,4-3-3,82,Míchel Sánchez,47334,David López,5,D,2:3,True,2026-05-04,raw/api_football/fixture_lineups/2026-04-30/fixture_1208503_lineups.json
1208503,547,Girona,4-3-3,82,Míchel Sánchez,531,D. Blind,17,D,2:2,True,2026-05-04,raw/api_football/fixture_lineups/2026-04-30/fixture_1208503_lineups.json
1208503,547,Girona,4-3-3,82,Míchel Sánchez,162032,Miguel Gutiérrez,3,D,2:1,True,2026-05-04,raw/api_football/fixture_lineups/2026-04-30/fixture_1208503_lineups.json
1208503,547,Girona,4-3-3,82,Míchel Sánchez,1700,Iván Martín,23,M,3:3,True,2026-05-04,raw/api_football/fixture_lineups/2026-04-30/fixture_1208503_lineups.json
1208503,547,Girona,4-3-3,82,Míchel Sánchez,18949,Oriol Romeu,14,M,3:2,True,2026-05-04,raw/api_football/fixture_lineups/2026-04-30/fixture_1208503_lineups.json
1208503,547,Girona,4-3-3,82,Míchel Sánchez,2449,Y. Herrera,21,M,3:1,True,2026-05-04,raw/api_football/fixture_lineups/2026-04-30/fixture_1208503_lineups.json
1208503,547,Girona,4-3-3,82,Míchel Sánchez,2182,V. Tsyhankov,8,F,4:3,True,2026-05-04,raw/api_football/fixture_lineups/2026-04-30/fixture_1208503_lineups.json
1208503,547,Girona,4-3-3,82,Míchel Sánchez,155,Abel Ruiz,9,F,4:2,True,2026-05-04,raw/api_football/fixture_lineups/2026-04-30/fixture_1208503_lineups.json
1208503,547,Girona,4-3-3,82,Míchel Sánchez,2061,Bryan Gil,20,F,4:1,True,2026-05-04,raw/api_football/fixture_lineups/2026-04-30/fixture_1208503_lineups.json
1208503,547,Girona,4-3-3,82,Míchel Sánchez,47520,Portu,24,F,,False,2026-05-04,raw/api_football/fixture_lineups/2026-04-30/fixture_1208503_lineups.json
1208503,547,Girona,4-3-3,82,Míchel Sánchez,109564,B. Miovski,19,F,,False,2026-05-04,raw/api_football/fixture_lineups/2026-04-30/fixture_1208503_lineups.json
1208503,547,Girona,4-3-3,82,Míchel Sánchez,306727,J. Solís,22,M,,False,2026-05-04,raw/api_football/fixture_lineups/2026-04-30/fixture_1208503_lineups.json
1208503,547,Girona,4-3-3,82,Míchel Sánchez,389602,Iker Almena,30,F,,False,2026-05-04,raw/api_football/fixture_lineups/2026-04-30/fixture_1208503_lineups.json
1208503,547,Girona,4-3-3,82,Míchel Sánchez,2617,C. Stuani,7,F,,False,2026-05-04,raw/api_football/fixture_lineups/2026-04-30/fixture_1208503_lineups.json
1208503,547,Girona,4-3-3,82,Míchel Sánchez,1557,Pau López,25,G,,False,2026-05-04,raw/api_football/fixture_lineups/2026-04-30/fixture_1208503_lineups.json
1208503,547,Girona,4-3-3,82,Míchel Sánchez,47511,Juanpe,15,D,,False,2026-05-04,raw/api_football/fixture_lineups/2026-04-30/fixture_1208503_lineups.json
1208503,547,Girona,4-3-3,82,Míchel Sánchez,66407,L. Krejčí,18,D,,False,2026-05-04,raw/api_football/fixture_lineups/2026-04-30/fixture_1208503_lineups.json
1208503,547,Girona,4-3-3,82,Míchel Sánchez,547,D. van de Beek,6,M,,False,2026-05-04,raw/api_football/fixture_lineups/2026-04-30/fixture_1208503_lineups.json
1208503,547,Girona,4-3-3,82,Míchel Sánchez,162434,Alejandro Francés,16,D,,False,2026-05-04,raw/api_football/fixture_lineups/2026-04-30/fixture_1208503_lineups.json
1208503,547,Girona,4-3-3,82,Míchel Sánchez,47153,Juan Carlos,1,G,,False,2026-05-04,raw/api_football/fixture_lineups/2026-04-30/fixture_1208503_lineups.json
1208503,547,Girona,4-3-3,82,Míchel Sánchez,336674,G. Misehouy,27,M,,False,2026-05-04,raw/api_football/fixture_lineups/2026-04-30/fixture_1208503_lineups.json
1208504,538,Celta Vigo,3-4-3,18101,Claudio Giráldez,47427,Iván Villar,1,G,1:1,True,2026-05-04,raw/api_football/fixture_lineups/2026-04-30/fixture_1208504_lineups.json
1208504,538,Celta Vigo,3-4-3,18101,Claudio Giráldez,384135,Javi Rodríguez,32,D,2:3,True,2026-05-04,raw/api_football/fixture_lineups/2026-04-30/fixture_1208504_lineups.json
1208504,538,Celta Vigo,3-4-3,18101,Claudio Giráldez,1364,Jailson,16,D,2:2,True,2026-05-04,raw/api_football/fixture_lineups/2026-04-30/fixture_1208504_lineups.json
1208504,538,Celta Vigo,3-4-3,18101,Claudio Giráldez,286559,Carlos Domínguez,24,D,2:1,True,2026-05-04,raw/api_football/fixture_lineups/2026-04-30/fixture_1208504_lineups.json
1208504,538,Celta Vigo,3-4-3,18101,Claudio Giráldez,329720,Hugo Álvarez,30,M,3:4,True,2026-05-04,raw/api_football/fixture_lineups/2026-04-30/fixture_1208504_lineups.json
1208504,538,Celta Vigo,3-4-3,18101,Claudio Giráldez,286796,Damián Rodríguez,25,M,3:3,True,2026-05-04,raw/api_football/fixture_lineups/2026-04-30/fixture_1208504_lineups.json
1208504,538,Celta Vigo,3-4-3,18101,Claudio Giráldez,47435,Fran Beltrán,8,M,3:2,True,2026-05-04,raw/api_football/fixture_lineups/2026-04-30/fixture_1208504_lineups.json
1208504,538,Celta Vigo,3-4-3,18101,Claudio Giráldez,162712,Óscar Mingueza,3,M,3:1,True,2026-05-04,raw/api_football/fixture_lineups/2026-04-30/fixture_1208504_lineups.json
1208504,538,Celta Vigo,3-4-3,18101,Claudio Giráldez,47445,Iago Aspas,10,F,4:3,True,2026-05-04,raw/api_football/fixture_lineups/2026-04-30/fixture_1208504_lineups.json
1208504,538,Celta Vigo,3-4-3,18101,Claudio Giráldez,26845,T. Douvikas,9,F,4:2,True,2026-05-04,raw/api_football/fixture_lineups/2026-04-30/fixture_1208504_lineups.json
1208504,538,Celta Vigo,3-4-3,18101,Claudio Giráldez,269163,W. Swedberg,19,F,4:1,True,2026-05-04,raw/api_football/fixture_lineups/2026-04-30/fixture_1208504_lineups.json
1208504,538,Celta Vigo,3-4-3,18101,Claudio Giráldez,157988,Sergio Carreira,5,D,,False,2026-05-04,raw/api_football/fixture_lineups/2026-04-30/fixture_1208504_lineups.json
1208504,538,Celta Vigo,3-4-3,18101,Claudio Giráldez,22235,J. Bamba,17,F,,False,2026-05-04,raw/api_football/fixture_lineups/2026-04-30/fixture_1208504_lineups.json
1208504,538,Celta Vigo,3-4-3,18101,Claudio Giráldez,47348,Borja Iglesias,7,F,,False,2026-05-04,raw/api_football/fixture_lineups/2026-04-30/fixture_1208504_lineups.json
1208504,538,Celta Vigo,3-4-3,18101,Claudio Giráldez,47988,C. Starfelt,2,D,,False,2026-05-04,raw/api_football/fixture_lineups/2026-04-30/fixture_1208504_lineups.json
1208504,538,Celta Vigo,3-4-3,18101,Claudio Giráldez,320517,Pablo Durán,18,F,,False,2026-05-04,raw/api_football/fixture_lineups/2026-04-30/fixture_1208504_lineups.json
1208504,538,Celta Vigo,3-4-3,18101,Claudio Giráldez,313651,Hugo Sotelo,33,M,,False,2026-05-04,raw/api_football/fixture_lineups/2026-04-30/fixture_1208504_lineups.json
1208504,538,Celta Vigo,3-4-3,18101,Claudio Giráldez,18835,Vicente Guaita,13,G,,False,2026-05-04,raw/api_football/fixture_lineups/2026-04-30/fixture_1208504_lineups.json
1208504,538,Celta Vigo,3-4-3,18101,Claudio Giráldez,18896,Javier Manquillo,22,D,,False,2026-05-04,raw/api_football/fixture_lineups/2026-04-30/fixture_1208504_lineups.json
1208504,538,Celta Vigo,3-4-3,18101,Claudio Giráldez,162123,I. Moriba,6,M,,False,2026-05-04,raw/api_football/fixture_lineups/2026-04-30/fixture_1208504_lineups.json
1208504,538,Celta Vigo,3-4-3,18101,Claudio Giráldez,182730,Marc Vidal,26,G,,False,2026-05-04,raw/api_football/fixture_lineups/2026-04-30/fixture_1208504_lineups.json
1208504,538,Celta Vigo,3-4-3,18101,Claudio Giráldez,119213,Alfon González,12,F,,False,2026-05-04,raw/api_football/fixture_lineups/2026-04-30/fixture_1208504_lineups.json
1208504,538,Celta Vigo,3-4-3,18101,Claudio Giráldez,1926,J. Aidoo,15,D,,False,2026-05-04,raw/api_football/fixture_lineups/2026-04-30/fixture_1208504_lineups.json
1208504,532,Valencia,4-4-2,3234,Rubén Baraja,24760,G. Mamardashvili,25,G,1:1,True,2026-05-04,raw/api_football/fixture_lineups/2026-04-30/fixture_1208504_lineups.json
1208504,532,Valencia,4-4-2,3234,Rubén Baraja,1482,Thierry Correia,12,D,2:4,True,2026-05-04,raw/api_football/fixture_lineups/2026-04-30/fixture_1208504_lineups.json
1208504,532,Valencia,4-4-2,3234,Rubén Baraja,333682,Cristhian Mosquera,3,D,2:3,True,2026-05-04,raw/api_football/fixture_lineups/2026-04-30/fixture_1208504_lineups.json
1208504,532,Valencia,4-4-2,3234,Rubén Baraja,361385,Yarek Gąsiorowski,24,D,2:2,True,2026-05-04,raw/api_football/fixture_lineups/2026-04-30/fixture_1208504_lineups.json
1208504,532,Valencia,4-4-2,3234,Rubén Baraja,162175,Jesús Vázquez,21,D,2:1,True,2026-05-04,raw/api_football/fixture_lineups/2026-04-30/fixture_1208504_lineups.json
1208504,532,Valencia,4-4-2,3234,Rubén Baraja,47013,Rafa Mir,11,M,3:4,True,2026-05-04,raw/api_football/fixture_lineups/2026-04-30/fixture_1208504_lineups.json
1208504,532,Valencia,4-4-2,3234,Rubén Baraja,47463,Pepelu,18,M,3:3,True,2026-05-04,raw/api_football/fixture_lineups/2026-04-30/fixture_1208504_lineups.json
1208504,532,Valencia,4-4-2,3234,Rubén Baraja,315699,Javi Guerra,8,M,3:2,True,2026-05-04,raw/api_football/fixture_lineups/2026-04-30/fixture_1208504_lineups.json
1208504,532,Valencia,4-4-2,3234,Rubén Baraja,162127,Diego López,16,M,3:1,True,2026-05-04,raw/api_football/fixture_lineups/2026-04-30/fixture_1208504_lineups.json
1208504,532,Valencia,4-4-2,3234,Rubén Baraja,41157,André Almeida,10,F,4:2,True,2026-05-04,raw/api_football/fixture_lineups/2026-04-30/fixture_1208504_lineups.json
1208504,532,Valencia,4-4-2,3234,Rubén Baraja,47264,Hugo Duro,9,F,4:1,True,2026-05-04,raw/api_football/fixture_lineups/2026-04-30/fixture_1208504_lineups.json
1208504,532,Valencia,4-4-2,3234,Rubén Baraja,46933,Luis Rioja,22,F,,False,2026-05-04,raw/api_football/fixture_lineups/2026-04-30/fixture_1208504_lineups.json
1208504,532,Valencia,4-4-2,3234,Rubén Baraja,47251,D. Foulquier,20,D,,False,2026-05-04,raw/api_football/fixture_lineups/2026-04-30/fixture_1208504_lineups.json
1208504,532,Valencia,4-4-2,3234,Rubén Baraja,348326,Martín Tejón,32,M,,False,2026-05-04,raw/api_football/fixture_lineups/2026-04-30/fixture_1208504_lineups.json
1208504,532,Valencia,4-4-2,3234,Rubén Baraja,119232,Dani Gómez,17,F,,False,2026-05-04,raw/api_football/fixture_lineups/2026-04-30/fixture_1208504_lineups.json
1208504,532,Valencia,4-4-2,3234,Rubén Baraja,288074,Alberto Marí,19,F,,False,2026-05-04,raw/api_football/fixture_lineups/2026-04-30/fixture_1208504_lineups.json
1208504,532,Valencia,4-4-2,3234,Rubén Baraja,47527,S. Dimitrievski,13,G,,False,2026-05-04,raw/api_football/fixture_lineups/2026-04-30/fixture_1208504_lineups.json
1208504,532,Valencia,4-4-2,3234,Rubén Baraja,327496,Rodrigo Abajas,39,D,,False,2026-05-04,raw/api_football/fixture_lineups/2026-04-30/fixture_1208504_lineups.json
1208504,532,Valencia,4-4-2,3234,Rubén Baraja,439578,David Otorbi,27,F,,False,2026-05-04,raw/api_football/fixture_lineups/2026-04-30/fixture_1208504_lineups.json
1208504,532,Valencia,4-4-2,3234,Rubén Baraja,72048,C. Özkacar,5,D,,False,2026-05-04,raw/api_football/fixture_lineups/2026-04-30/fixture_1208504_lineups.json
1208504,532,Valencia,4-4-2,3234,Rubén Baraja,412737,Raúl Jiménez,34,G,,False,2026-05-04,raw/api_football/fixture_lineups/2026-04-30/fixture_1208504_lineups.json
1208504,532,Valencia,4-4-2,3234,Rubén Baraja,919,Hugo Guillamón,6,D,,False,2026-05-04,raw/api_football/fixture_lineups/2026-04-30/fixture_1208504_lineups.json
1208504,532,Valencia,4-4-2,3234,Rubén Baraja,333672,César Tárrega,15,D,,False,2026-05-04,raw/api_football/fixture_lineups/2026-04-30/fixture_1208504_lineups.json
1208505,546,Getafe,4-2-3-1,1596,José Bordalás,47247,David Soria,13,G,1:1,True,2026-05-04,raw/api_football/fixture_lineups/2026-04-30/fixture_1208505_lineups.json
1208505,546,Getafe,4-2-3-1,1596,José Bordalás,119742,Juan Iglesias,21,D,2:4,True,2026-05-04,raw/api_football/fixture_lineups/2026-04-30/fixture_1208505_lineups.json
1208505,546,Getafe,4-2-3-1,1596,José Bordalás,47250,D. Dakonam,2,D,2:3,True,2026-05-04,raw/api_football/fixture_lineups/2026-04-30/fixture_1208505_lineups.json
1208505,546,Getafe,4-2-3-1,1596,José Bordalás,6168,O. Alderete,15,D,2:2,True,2026-05-04,raw/api_football/fixture_lineups/2026-04-30/fixture_1208505_lineups.json
1208505,546,Getafe,4-2-3-1,1596,José Bordalás,18867,Diego Rico,16,D,2:1,True,2026-05-04,raw/api_football/fixture_lineups/2026-04-30/fixture_1208505_lineups.json
1208505,546,Getafe,4-2-3-1,1596,José Bordalás,47085,Luis Milla,5,M,3:2,True,2026-05-04,raw/api_football/fixture_lineups/2026-04-30/fixture_1208505_lineups.json
1208505,546,Getafe,4-2-3-1,1596,José Bordalás,325415,N. Aberdin,27,M,3:1,True,2026-05-04,raw/api_football/fixture_lineups/2026-04-30/fixture_1208505_lineups.json
1208505,546,Getafe,4-2-3-1,1596,José Bordalás,67955,Carles Pérez,17,M,4:3,True,2026-05-04,raw/api_football/fixture_lineups/2026-04-30/fixture_1208505_lineups.json
1208505,546,Getafe,4-2-3-1,1596,José Bordalás,143,Carles Aleñá,11,M,4:2,True,2026-05-04,raw/api_football/fixture_lineups/2026-04-30/fixture_1208505_lineups.json
1208505,546,Getafe,4-2-3-1,1596,José Bordalás,47306,Álex Sola,7,M,4:1,True,2026-05-04,raw/api_football/fixture_lineups/2026-04-30/fixture_1208505_lineups.json
1208505,546,Getafe,4-2-3-1,1596,José Bordalás,403554,C. Uche,6,F,5:1,True,2026-05-04,raw/api_football/fixture_lineups/2026-04-30/fixture_1208505_lineups.json
1208505,546,Getafe,4-2-3-1,1596,José Bordalás,364415,Yellu Santiago,20,M,,False,2026-05-04,raw/api_football/fixture_lineups/2026-04-30/fixture_1208505_lineups.json
1208505,546,Getafe,4-2-3-1,1596,José Bordalás,270516,P. González,19,F,,False,2026-05-04,raw/api_football/fixture_lineups/2026-04-30/fixture_1208505_lineups.json
1208505,546,Getafe,4-2-3-1,1596,José Bordalás,465838,Alberto Risco,26,M,,False,2026-05-04,raw/api_football/fixture_lineups/2026-04-30/fixture_1208505_lineups.json
1208505,546,Getafe,4-2-3-1,1596,José Bordalás,47258,M. Arambarri,8,M,,False,2026-05-04,raw/api_football/fixture_lineups/2026-04-30/fixture_1208505_lineups.json
1208505,546,Getafe,4-2-3-1,1596,José Bordalás,2039,Juan Berrocal,4,D,,False,2026-05-04,raw/api_football/fixture_lineups/2026-04-30/fixture_1208505_lineups.json
1208505,546,Getafe,4-2-3-1,1596,José Bordalás,66491,J. Letáček,1,G,,False,2026-05-04,raw/api_football/fixture_lineups/2026-04-30/fixture_1208505_lineups.json
1208505,546,Getafe,4-2-3-1,1596,José Bordalás,46795,Domingos Duarte,22,D,,False,2026-05-04,raw/api_football/fixture_lineups/2026-04-30/fixture_1208505_lineups.json
1208505,728,Rayo Vallecano,4-2-3-1,21839,Iñigo Pérez,156488,Dani Cárdenas,1,G,1:1,True,2026-05-04,raw/api_football/fixture_lineups/2026-04-30/fixture_1208505_lineups.json
1208505,728,Rayo Vallecano,4-2-3-1,21839,Iñigo Pérez,20520,I. Balliu,20,D,2:4,True,2026-05-04,raw/api_football/fixture_lineups/2026-04-30/fixture_1208505_lineups.json
1208505,728,Rayo Vallecano,4-2-3-1,21839,Iñigo Pérez,18895,F. Lejeune,24,D,2:3,True,2026-05-04,raw/api_football/fixture_lineups/2026-04-30/fixture_1208505_lineups.json
1208505,728,Rayo Vallecano,4-2-3-1,21839,Iñigo Pérez,15900,A. Mumin,16,D,2:2,True,2026-05-04,raw/api_football/fixture_lineups/2026-04-30/fixture_1208505_lineups.json
1208505,728,Rayo Vallecano,4-2-3-1,21839,Iñigo Pérez,46759,A. Espino,22,D,2:1,True,2026-05-04,raw/api_football/fixture_lineups/2026-04-30/fixture_1208505_lineups.json
1208505,728,Rayo Vallecano,4-2-3-1,21839,Iñigo Pérez,47109,Óscar Valentín,23,M,3:2,True,2026-05-04,raw/api_football/fixture_lineups/2026-04-30/fixture_1208505_lineups.json
1208505,728,Rayo Vallecano,4-2-3-1,21839,Iñigo Pérez,41552,P. Ciss,6,M,3:1,True,2026-05-04,raw/api_football/fixture_lineups/2026-04-30/fixture_1208505_lineups.json
1208505,728,Rayo Vallecano,4-2-3-1,21839,Iñigo Pérez,128582,Jorge de Frutos,19,M,4:3,True,2026-05-04,raw/api_football/fixture_lineups/2026-04-30/fixture_1208505_lineups.json
1208505,728,Rayo Vallecano,4-2-3-1,21839,Iñigo Pérez,47557,Ó. Trejo,8,M,4:2,True,2026-05-04,raw/api_football/fixture_lineups/2026-04-30/fixture_1208505_lineups.json
1208505,728,Rayo Vallecano,4-2-3-1,21839,Iñigo Pérez,47554,Adri Embarba,21,M,4:1,True,2026-05-04,raw/api_football/fixture_lineups/2026-04-30/fixture_1208505_lineups.json
1208505,728,Rayo Vallecano,4-2-3-1,21839,Iñigo Pérez,122657,Randy Nteka,11,F,5:1,True,2026-05-04,raw/api_football/fixture_lineups/2026-04-30/fixture_1208505_lineups.json
1208505,728,Rayo Vallecano,4-2-3-1,21839,Iñigo Pérez,131546,Isi Palazón,7,M,,False,2026-05-04,raw/api_football/fixture_lineups/2026-04-30/fixture_1208505_lineups.json
1208505,728,Rayo Vallecano,4-2-3-1,21839,Iñigo Pérez,47543,Álvaro García,18,M,,False,2026-05-04,raw/api_football/fixture_lineups/2026-04-30/fixture_1208505_lineups.json
1208505,728,Rayo Vallecano,4-2-3-1,21839,Iñigo Pérez,47285,Unai López,17,M,,False,2026-05-04,raw/api_football/fixture_lineups/2026-04-30/fixture_1208505_lineups.json
1208505,728,Rayo Vallecano,4-2-3-1,21839,Iñigo Pérez,52,Sergio Camello,14,F,,False,2026-05-04,raw/api_football/fixture_lineups/2026-04-30/fixture_1208505_lineups.json
1208505,728,Rayo Vallecano,4-2-3-1,21839,Iñigo Pérez,46887,Pedro Díaz,4,M,,False,2026-05-04,raw/api_football/fixture_lineups/2026-04-30/fixture_1208505_lineups.json
1208505,728,Rayo Vallecano,4-2-3-1,21839,Iñigo Pérez,46654,Aridane Hernández,5,D,,False,2026-05-04,raw/api_football/fixture_lineups/2026-04-30/fixture_1208505_lineups.json
1208505,728,Rayo Vallecano,4-2-3-1,21839,Iñigo Pérez,333292,Pelayo Fernández,27,D,,False,2026-05-04,raw/api_football/fixture_lineups/2026-04-30/fixture_1208505_lineups.json
1208505,728,Rayo Vallecano,4-2-3-1,21839,Iñigo Pérez,478243,Marco de las Sías,26,D,,False,2026-05-04,raw/api_football/fixture_lineups/2026-04-30/fixture_1208505_lineups.json
1208505,728,Rayo Vallecano,4-2-3-1,21839,Iñigo Pérez,47414,Gerard Gumbau,15,M,,False,2026-05-04,raw/api_football/fixture_lineups/2026-04-30/fixture_1208505_lineups.json
1208505,728,Rayo Vallecano,4-2-3-1,21839,Iñigo Pérez,47551,Raúl de Tomás,9,F,,False,2026-05-04,raw/api_football/fixture_lineups/2026-04-30/fixture_1208505_lineups.json
1208505,728,Rayo Vallecano,4-2-3-1,21839,Iñigo Pérez,181734,Pep Chavarría,3,D,,False,2026-05-04,raw/api_football/fixture_lineups/2026-04-30/fixture_1208505_lineups.json
1208505,728,Rayo Vallecano,4-2-3-1,21839,Iñigo Pérez,11379,A. Batalla,13,G,,False,2026-05-04,raw/api_football/fixture_lineups/2026-04-30/fixture_1208505_lineups.json
1208506,541,Real Madrid,4-2-3-1,2407,C. Ancelotti,730,T. Courtois,1,G,1:1,True,2026-05-04,raw/api_football/fixture_lineups/2026-04-30/fixture_1208506_lineups.json
1208506,541,Real Madrid,4-2-3-1,2407,C. Ancelotti,733,Dani Carvajal,2,D,2:4,True,2026-05-04,raw/api_football/fixture_lineups/2026-04-30/fixture_1208506_lineups.json
1208506,541,Real Madrid,4-2-3-1,2407,C. Ancelotti,372,Éder Militão,3,D,2:3,True,2026-05-04,raw/api_football/fixture_lineups/2026-04-30/fixture_1208506_lineups.json
1208506,541,Real Madrid,4-2-3-1,2407,C. Ancelotti,2285,A. Rüdiger,22,D,2:2,True,2026-05-04,raw/api_football/fixture_lineups/2026-04-30/fixture_1208506_lineups.json
1208506,541,Real Madrid,4-2-3-1,2407,C. Ancelotti,736,Fran García,20,D,2:1,True,2026-05-04,raw/api_football/fixture_lineups/2026-04-30/fixture_1208506_lineups.json
1208506,541,Real Madrid,4-2-3-1,2407,C. Ancelotti,756,F. Valverde,8,M,3:2,True,2026-05-04,raw/api_football/fixture_lineups/2026-04-30/fixture_1208506_lineups.json
1208506,541,Real Madrid,4-2-3-1,2407,C. Ancelotti,1271,A. Tchouaméni,14,M,3:1,True,2026-05-04,raw/api_football/fixture_lineups/2026-04-30/fixture_1208506_lineups.json
1208506,541,Real Madrid,4-2-3-1,2407,C. Ancelotti,10009,Rodrygo,11,M,4:3,True,2026-05-04,raw/api_football/fixture_lineups/2026-04-30/fixture_1208506_lineups.json
1208506,541,Real Madrid,4-2-3-1,2407,C. Ancelotti,291964,A. Güler,15,M,4:2,True,2026-05-04,raw/api_football/fixture_lineups/2026-04-30/fixture_1208506_lineups.json
1208506,541,Real Madrid,4-2-3-1,2407,C. Ancelotti,762,Vinícius Júnior,7,M,4:1,True,2026-05-04,raw/api_football/fixture_lineups/2026-04-30/fixture_1208506_lineups.json
1208506,541,Real Madrid,4-2-3-1,2407,C. Ancelotti,278,K. Mbappé,9,F,5:1,True,2026-05-04,raw/api_football/fixture_lineups/2026-04-30/fixture_1208506_lineups.json
1208506,541,Real Madrid,4-2-3-1,2407,C. Ancelotti,754,L. Modrić,10,M,,False,2026-05-04,raw/api_football/fixture_lineups/2026-04-30/fixture_1208506_lineups.json
1208506,541,Real Madrid,4-2-3-1,2407,C. Ancelotti,744,Brahim Díaz,21,M,,False,2026-05-04,raw/api_football/fixture_lineups/2026-04-30/fixture_1208506_lineups.json
1208506,541,Real Madrid,4-2-3-1,2407,C. Ancelotti,748,Dani Ceballos,19,M,,False,2026-05-04,raw/api_football/fixture_lineups/2026-04-30/fixture_1208506_lineups.json
1208506,541,Real Madrid,4-2-3-1,2407,C. Ancelotti,377122,Endrick,16,F,,False,2026-05-04,raw/api_football/fixture_lineups/2026-04-30/fixture_1208506_lineups.json
1208506,541,Real Madrid,4-2-3-1,2407,C. Ancelotti,47400,A. Lunin,13,G,,False,2026-05-04,raw/api_football/fixture_lineups/2026-04-30/fixture_1208506_lineups.json
1208506,541,Real Madrid,4-2-3-1,2407,C. Ancelotti,757,Lucas Vázquez,17,M,,False,2026-05-04,raw/api_football/fixture_lineups/2026-04-30/fixture_1208506_lineups.json
1208506,541,Real Madrid,4-2-3-1,2407,C. Ancelotti,386305,Jacobo Ramón,31,D,,False,2026-05-04,raw/api_football/fixture_lineups/2026-04-30/fixture_1208506_lineups.json
1208506,541,Real Madrid,4-2-3-1,2407,C. Ancelotti,396475,Fran González,26,G,,False,2026-05-04,raw/api_football/fixture_lineups/2026-04-30/fixture_1208506_lineups.json
1208506,720,Valladolid,4-1-4-1,783,P. Pezzolano,169295,K. Hein,13,G,1:1,True,2026-05-04,raw/api_football/fixture_lineups/2026-04-30/fixture_1208506_lineups.json
1208506,720,Valladolid,4-1-4-1,783,P. Pezzolano,47078,Luis Pérez,2,D,2:4,True,2026-05-04,raw/api_football/fixture_lineups/2026-04-30/fixture_1208506_lineups.json
1208506,720,Valladolid,4-1-4-1,783,P. Pezzolano,48372,E. Cömert,15,D,2:3,True,2026-05-04,raw/api_football/fixture_lineups/2026-04-30/fixture_1208506_lineups.json
1208506,720,Valladolid,4-1-4-1,783,P. Pezzolano,279822,E. Boyomo,6,D,2:2,True,2026-05-04,raw/api_football/fixture_lineups/2026-04-30/fixture_1208506_lineups.json
1208506,720,Valladolid,4-1-4-1,783,P. Pezzolano,56283,Lucas Rosa,22,D,2:1,True,2026-05-04,raw/api_football/fixture_lineups/2026-04-30/fixture_1208506_lineups.json
1208506,720,Valladolid,4-1-4-1,783,P. Pezzolano,14341,S. Jurić,20,M,3:1,True,2026-05-04,raw/api_football/fixture_lineups/2026-04-30/fixture_1208506_lineups.json
1208506,720,Valladolid,4-1-4-1,783,P. Pezzolano,46979,Iván Sánchez,10,M,4:4,True,2026-05-04,raw/api_football/fixture_lineups/2026-04-30/fixture_1208506_lineups.json
1208506,720,Valladolid,4-1-4-1,783,P. Pezzolano,107153,Kike Pérez,8,M,4:3,True,2026-05-04,raw/api_football/fixture_lineups/2026-04-30/fixture_1208506_lineups.json
1208506,720,Valladolid,4-1-4-1,783,P. Pezzolano,181463,Víctor Meseguer,4,M,4:2,True,2026-05-04,raw/api_football/fixture_lineups/2026-04-30/fixture_1208506_lineups.json
1208506,720,Valladolid,4-1-4-1,783,P. Pezzolano,2459,D. Machís,18,M,4:1,True,2026-05-04,raw/api_football/fixture_lineups/2026-04-30/fixture_1208506_lineups.json
1208506,720,Valladolid,4-1-4-1,783,P. Pezzolano,122233,Marcos André,9,F,5:1,True,2026-05-04,raw/api_football/fixture_lineups/2026-04-30/fixture_1208506_lineups.json
1208506,720,Valladolid,4-1-4-1,783,P. Pezzolano,264470,Raúl Moro,11,F,,False,2026-05-04,raw/api_football/fixture_lineups/2026-04-30/fixture_1208506_lineups.json
1208506,720,Valladolid,4-1-4-1,783,P. Pezzolano,8587,S. Amallah,21,M,,False,2026-05-04,raw/api_football/fixture_lineups/2026-04-30/fixture_1208506_lineups.json
1208506,720,Valladolid,4-1-4-1,783,P. Pezzolano,343205,Mario Martín,12,M,,False,2026-05-04,raw/api_football/fixture_lineups/2026-04-30/fixture_1208506_lineups.json
1208506,720,Valladolid,4-1-4-1,783,P. Pezzolano,8518,M. Sylla,7,F,,False,2026-05-04,raw/api_football/fixture_lineups/2026-04-30/fixture_1208506_lineups.json
1208506,720,Valladolid,4-1-4-1,783,P. Pezzolano,104793,A. Ndiaye,19,F,,False,2026-05-04,raw/api_football/fixture_lineups/2026-04-30/fixture_1208506_lineups.json
1208506,720,Valladolid,4-1-4-1,783,P. Pezzolano,361386,Koke,32,D,,False,2026-05-04,raw/api_football/fixture_lineups/2026-04-30/fixture_1208506_lineups.json
1208506,720,Valladolid,4-1-4-1,783,P. Pezzolano,298064,David Torres,3,D,,False,2026-05-04,raw/api_football/fixture_lineups/2026-04-30/fixture_1208506_lineups.json
1208506,720,Valladolid,4-1-4-1,783,P. Pezzolano,46919,César de la Hoz,16,M,,False,2026-05-04,raw/api_football/fixture_lineups/2026-04-30/fixture_1208506_lineups.json
1208506,720,Valladolid,4-1-4-1,783,P. Pezzolano,332304,Raúl Chasco,30,M,,False,2026-05-04,raw/api_football/fixture_lineups/2026-04-30/fixture_1208506_lineups.json
1208506,720,Valladolid,4-1-4-1,783,P. Pezzolano,331004,Chuky,28,M,,False,2026-05-04,raw/api_football/fixture_lineups/2026-04-30/fixture_1208506_lineups.json
1208506,720,Valladolid,4-1-4-1,783,P. Pezzolano,740,Javi Sánchez,5,D,,False,2026-05-04,raw/api_football/fixture_lineups/2026-04-30/fixture_1208506_lineups.json
1208506,720,Valladolid,4-1-4-1,783,P. Pezzolano,41320,André Ferreira,1,G,,False,2026-05-04,raw/api_football/fixture_lineups/2026-04-30/fixture_1208506_lineups.json
1208507,536,Sevilla,4-3-3,5391,García Pimienta,19172,Ø. Nyland,13,G,1:1,True,2026-05-04,raw/api_football/fixture_lineups/2026-04-30/fixture_1208507_lineups.json
1208507,536,Sevilla,4-3-3,5391,García Pimienta,195923,José Ángel Carmona,32,D,2:4,True,2026-05-04,raw/api_football/fixture_lineups/2026-04-30/fixture_1208507_lineups.json
1208507,536,Sevilla,4-3-3,5391,García Pimienta,174918,L. Badé,22,D,2:3,True,2026-05-04,raw/api_football/fixture_lineups/2026-04-30/fixture_1208507_lineups.json
1208507,536,Sevilla,4-3-3,5391,García Pimienta,297311,Kike Salas,4,D,2:2,True,2026-05-04,raw/api_football/fixture_lineups/2026-04-30/fixture_1208507_lineups.json
1208507,536,Sevilla,4-3-3,5391,García Pimienta,47329,Adrià Pedrosa,3,D,2:1,True,2026-05-04,raw/api_football/fixture_lineups/2026-04-30/fixture_1208507_lineups.json
1208507,536,Sevilla,4-3-3,5391,García Pimienta,182772,Juanlu Sánchez,26,M,3:3,True,2026-05-04,raw/api_football/fixture_lineups/2026-04-30/fixture_1208507_lineups.json
1208507,536,Sevilla,4-3-3,5391,García Pimienta,21004,L. Agoumé,18,M,3:2,True,2026-05-04,raw/api_football/fixture_lineups/2026-04-30/fixture_1208507_lineups.json
1208507,536,Sevilla,4-3-3,5391,García Pimienta,48,Saúl,17,M,3:1,True,2026-05-04,raw/api_football/fixture_lineups/2026-04-30/fixture_1208507_lineups.json
1208507,536,Sevilla,4-3-3,5391,García Pimienta,25458,D. Lukébakio,11,F,4:3,True,2026-05-04,raw/api_football/fixture_lineups/2026-04-30/fixture_1208507_lineups.json
1208507,536,Sevilla,4-3-3,5391,García Pimienta,185398,Isaac Romero,7,F,4:2,True,2026-05-04,raw/api_football/fixture_lineups/2026-04-30/fixture_1208507_lineups.json
1208507,536,Sevilla,4-3-3,5391,García Pimienta,1911,L. Ocampos,5,F,4:1,True,2026-05-04,raw/api_football/fixture_lineups/2026-04-30/fixture_1208507_lineups.json
1208507,536,Sevilla,4-3-3,5391,García Pimienta,957,D. Sow,20,M,,False,2026-05-04,raw/api_football/fixture_lineups/2026-04-30/fixture_1208507_lineups.json
1208507,536,Sevilla,4-3-3,5391,García Pimienta,39121,C. Ejuke,21,F,,False,2026-05-04,raw/api_football/fixture_lineups/2026-04-30/fixture_1208507_lineups.json
1208507,536,Sevilla,4-3-3,5391,García Pimienta,433,Marcão,23,D,,False,2026-05-04,raw/api_football/fixture_lineups/2026-04-30/fixture_1208507_lineups.json
1208507,536,Sevilla,4-3-3,5391,García Pimienta,2778,K. Ịheanachọ,9,F,,False,2026-05-04,raw/api_football/fixture_lineups/2026-04-30/fixture_1208507_lineups.json
1208507,536,Sevilla,4-3-3,5391,García Pimienta,2054,Jesús Navas,16,D,,False,2026-05-04,raw/api_football/fixture_lineups/2026-04-30/fixture_1208507_lineups.json
1208507,536,Sevilla,4-3-3,5391,García Pimienta,2468,G. Montiel,15,D,,False,2026-05-04,raw/api_football/fixture_lineups/2026-04-30/fixture_1208507_lineups.json
1208507,536,Sevilla,4-3-3,5391,García Pimienta,47016,Álvaro Fernández,1,G,,False,2026-05-04,raw/api_football/fixture_lineups/2026-04-30/fixture_1208507_lineups.json
1208507,536,Sevilla,4-3-3,5391,García Pimienta,162126,Peque Fernández,14,F,,False,2026-05-04,raw/api_football/fixture_lineups/2026-04-30/fixture_1208507_lineups.json
1208507,536,Sevilla,4-3-3,5391,García Pimienta,1489,N. Gudelj,6,M,,False,2026-05-04,raw/api_football/fixture_lineups/2026-04-30/fixture_1208507_lineups.json
1208507,536,Sevilla,4-3-3,5391,García Pimienta,133110,T. Nianzou,24,D,,False,2026-05-04,raw/api_football/fixture_lineups/2026-04-30/fixture_1208507_lineups.json
1208507,536,Sevilla,4-3-3,5391,García Pimienta,1427,A. Sambi Lokonga,12,M,,False,2026-05-04,raw/api_football/fixture_lineups/2026-04-30/fixture_1208507_lineups.json
1208507,536,Sevilla,4-3-3,5391,García Pimienta,340152,S. Idumbo,27,M,,False,2026-05-04,raw/api_football/fixture_lineups/2026-04-30/fixture_1208507_lineups.json
1208507,533,Villarreal,4-4-2,1585,Marcelino,122956,Diego Conde,13,G,1:1,True,2026-05-04,raw/api_football/fixture_lineups/2026-04-30/fixture_1208507_lineups.json
1208507,533,Villarreal,4-4-2,1585,Marcelino,18794,Kiko Femenía,17,D,2:4,True,2026-05-04,raw/api_football/fixture_lineups/2026-04-30/fixture_1208507_lineups.json
1208507,533,Villarreal,4-4-2,1585,Marcelino,288112,W. Kambwala,5,D,2:3,True,2026-05-04,raw/api_football/fixture_lineups/2026-04-30/fixture_1208507_lineups.json
1208507,533,Villarreal,4-4-2,1585,Marcelino,885,E. Bailly,4,D,2:2,True,2026-05-04,raw/api_football/fixture_lineups/2026-04-30/fixture_1208507_lineups.json
1208507,533,Villarreal,4-4-2,1585,Marcelino,70500,Sergi Cardona,23,D,2:1,True,2026-05-04,raw/api_football/fixture_lineups/2026-04-30/fixture_1208507_lineups.json
1208507,533,Villarreal,4-4-2,1585,Marcelino,290740,I. Akhomach,11,M,3:4,True,2026-05-04,raw/api_football/fixture_lineups/2026-04-30/fixture_1208507_lineups.json
1208507,533,Villarreal,4-4-2,1585,Marcelino,47541,Santi Comesaña,14,M,3:3,True,2026-05-04,raw/api_football/fixture_lineups/2026-04-30/fixture_1208507_lineups.json
1208507,533,Villarreal,4-4-2,1585,Marcelino,20696,P. Gueye,18,M,3:2,True,2026-05-04,raw/api_football/fixture_lineups/2026-04-30/fixture_1208507_lineups.json
1208507,533,Villarreal,4-4-2,1585,Marcelino,182219,Álex Baena,16,M,3:1,True,2026-05-04,raw/api_football/fixture_lineups/2026-04-30/fixture_1208507_lineups.json
1208507,533,Villarreal,4-4-2,1585,Marcelino,3246,N. Pépé,19,F,4:2,True,2026-05-04,raw/api_football/fixture_lineups/2026-04-30/fixture_1208507_lineups.json
1208507,533,Villarreal,4-4-2,1585,Marcelino,83,A. Danjuma,9,F,4:1,True,2026-05-04,raw/api_football/fixture_lineups/2026-04-30/fixture_1208507_lineups.json
1208507,533,Villarreal,4-4-2,1585,Marcelino,343684,T. Barry,15,F,,False,2026-05-04,raw/api_football/fixture_lineups/2026-04-30/fixture_1208507_lineups.json
1208507,533,Villarreal,4-4-2,1585,Marcelino,18906,Ayoze Pérez,22,F,,False,2026-05-04,raw/api_football/fixture_lineups/2026-04-30/fixture_1208507_lineups.json
1208507,533,Villarreal,4-4-2,1585,Marcelino,928,Dani Parejo,10,M,,False,2026-05-04,raw/api_football/fixture_lineups/2026-04-30/fixture_1208507_lineups.json
1208507,533,Villarreal,4-4-2,1585,Marcelino,184226,Yeremy Pino,21,M,,False,2026-05-04,raw/api_football/fixture_lineups/2026-04-30/fixture_1208507_lineups.json
1208507,533,Villarreal,4-4-2,1585,Marcelino,314,Raúl Albiol,3,D,,False,2026-05-04,raw/api_football/fixture_lineups/2026-04-30/fixture_1208507_lineups.json
1208507,533,Villarreal,4-4-2,1585,Marcelino,278619,Luíz Júnior,1,G,,False,2026-05-04,raw/api_football/fixture_lineups/2026-04-30/fixture_1208507_lineups.json
1208507,533,Villarreal,4-4-2,1585,Marcelino,1707,Gerard Moreno,7,F,,False,2026-05-04,raw/api_football/fixture_lineups/2026-04-30/fixture_1208507_lineups.json
1208507,533,Villarreal,4-4-2,1585,Marcelino,187987,Ramon Terrats,20,M,,False,2026-05-04,raw/api_football/fixture_lineups/2026-04-30/fixture_1208507_lineups.json
1208507,533,Villarreal,4-4-2,1585,Marcelino,435552,Pau Navarro,26,D,,False,2026-05-04,raw/api_football/fixture_lineups/2026-04-30/fixture_1208507_lineups.json
1208507,533,Villarreal,4-4-2,1585,Marcelino,21997,Logan Costa,2,D,,False,2026-05-04,raw/api_football/fixture_lineups/2026-04-30/fixture_1208507_lineups.json
1208507,533,Villarreal,4-4-2,1585,Marcelino,161931,Arnau Solà,27,D,,False,2026-05-04,raw/api_football/fixture_lineups/2026-04-30/fixture_1208507_lineups.json
1208508,542,Alaves,4-4-2,45,Luis García,47353,Antonio Sivera,1,G,1:1,True,2026-05-04,raw/api_football/fixture_lineups/2026-04-30/fixture_1208508_lineups.json
1208508,542,Alaves,4-4-2,45,Luis García,6233,N. Tenaglia,14,D,2:4,True,2026-05-04,raw/api_football/fixture_lineups/2026-04-30/fixture_1208508_lineups.json
1208508,542,Alaves,4-4-2,45,Luis García,46813,A. Abqar,5,D,2:3,True,2026-05-04,raw/api_football/fixture_lineups/2026-04-30/fixture_1208508_lineups.json
1208508,542,Alaves,4-4-2,45,Luis García,40419,A. Sedlar,4,D,2:2,True,2026-05-04,raw/api_football/fixture_lineups/2026-04-30/fixture_1208508_lineups.json
1208508,542,Alaves,4-4-2,45,Luis García,64309,Manu Sánchez,3,D,2:1,True,2026-05-04,raw/api_football/fixture_lineups/2026-04-30/fixture_1208508_lineups.json
1208508,542,Alaves,4-4-2,45,Luis García,187214,Carlos Vicente,7,M,3:4,True,2026-05-04,raw/api_football/fixture_lineups/2026-04-30/fixture_1208508_lineups.json
1208508,542,Alaves,4-4-2,45,Luis García,162686,Antonio Blanco,8,M,3:3,True,2026-05-04,raw/api_football/fixture_lineups/2026-04-30/fixture_1208508_lineups.json
1208508,542,Alaves,4-4-2,45,Luis García,47309,Ander Guevara,6,M,3:2,True,2026-05-04,raw/api_football/fixture_lineups/2026-04-30/fixture_1208508_lineups.json
1208508,542,Alaves,4-4-2,45,Luis García,51241,T. Conechny,10,M,3:1,True,2026-05-04,raw/api_football/fixture_lineups/2026-04-30/fixture_1208508_lineups.json
1208508,542,Alaves,4-4-2,45,Luis García,46740,Stoichkov,19,F,4:2,True,2026-05-04,raw/api_football/fixture_lineups/2026-04-30/fixture_1208508_lineups.json
1208508,542,Alaves,4-4-2,45,Luis García,47396,Kike García,17,F,4:1,True,2026-05-04,raw/api_football/fixture_lineups/2026-04-30/fixture_1208508_lineups.json
1208508,542,Alaves,4-4-2,45,Luis García,263812,L. Romero,20,F,,False,2026-05-04,raw/api_football/fixture_lineups/2026-04-30/fixture_1208508_lineups.json
1208508,542,Alaves,4-4-2,45,Luis García,324750,Carlos Martín,15,F,,False,2026-05-04,raw/api_football/fixture_lineups/2026-04-30/fixture_1208508_lineups.json
1208508,542,Alaves,4-4-2,45,Luis García,104821,Jon Guridi,18,M,,False,2026-05-04,raw/api_football/fixture_lineups/2026-04-30/fixture_1208508_lineups.json
1208508,542,Alaves,4-4-2,45,Luis García,6085,C. Benavídez,23,M,,False,2026-05-04,raw/api_football/fixture_lineups/2026-04-30/fixture_1208508_lineups.json
1208508,542,Alaves,4-4-2,45,Luis García,70476,M. Diarra,22,D,,False,2026-05-04,raw/api_football/fixture_lineups/2026-04-30/fixture_1208508_lineups.json
1208508,542,Alaves,4-4-2,45,Luis García,104853,Asier Villalibre,9,F,,False,2026-05-04,raw/api_football/fixture_lineups/2026-04-30/fixture_1208508_lineups.json
1208508,542,Alaves,4-4-2,45,Luis García,295383,Adrián Pica,36,D,,False,2026-05-04,raw/api_football/fixture_lineups/2026-04-30/fixture_1208508_lineups.json
1208508,542,Alaves,4-4-2,45,Luis García,122471,Jesús Owono,13,G,,False,2026-05-04,raw/api_football/fixture_lineups/2026-04-30/fixture_1208508_lineups.json
1208508,542,Alaves,4-4-2,45,Luis García,163060,A. Rodríguez,31,G,,False,2026-05-04,raw/api_football/fixture_lineups/2026-04-30/fixture_1208508_lineups.json
1208508,542,Alaves,4-4-2,45,Luis García,162170,Hugo Novoa,16,F,,False,2026-05-04,raw/api_football/fixture_lineups/2026-04-30/fixture_1208508_lineups.json
1208508,542,Alaves,4-4-2,45,Luis García,183751,A. Rebbach,21,F,,False,2026-05-04,raw/api_football/fixture_lineups/2026-04-30/fixture_1208508_lineups.json
1208508,543,Real Betis,4-2-3-1,3,M. Pellegrini,46672,Rui Silva,1,G,1:1,True,2026-05-04,raw/api_football/fixture_lineups/2026-04-30/fixture_1208508_lineups.json
1208508,543,Real Betis,4-2-3-1,3,M. Pellegrini,1264,Y. Sabaly,23,D,2:4,True,2026-05-04,raw/api_football/fixture_lineups/2026-04-30/fixture_1208508_lineups.json
1208508,543,Real Betis,4-2-3-1,3,M. Pellegrini,1561,Marc Bartra,5,D,2:3,True,2026-05-04,raw/api_football/fixture_lineups/2026-04-30/fixture_1208508_lineups.json
1208508,543,Real Betis,4-2-3-1,3,M. Pellegrini,47302,Diego Llorente,3,D,2:2,True,2026-05-04,raw/api_football/fixture_lineups/2026-04-30/fixture_1208508_lineups.json
1208508,543,Real Betis,4-2-3-1,3,M. Pellegrini,1631,R. Rodríguez,12,D,2:1,True,2026-05-04,raw/api_football/fixture_lineups/2026-04-30/fixture_1208508_lineups.json
1208508,543,Real Betis,4-2-3-1,3,M. Pellegrini,1580,William Carvalho,14,M,3:2,True,2026-05-04,raw/api_football/fixture_lineups/2026-04-30/fixture_1208508_lineups.json
1208508,543,Real Betis,4-2-3-1,3,M. Pellegrini,47341,Marc Roca,21,M,3:1,True,2026-05-04,raw/api_football/fixture_lineups/2026-04-30/fixture_1208508_lineups.json
1208508,543,Real Betis,4-2-3-1,3,M. Pellegrini,1697,Pablo Fornals,18,M,4:3,True,2026-05-04,raw/api_football/fixture_lineups/2026-04-30/fixture_1208508_lineups.json
1208508,543,Real Betis,4-2-3-1,3,M. Pellegrini,668,N. Fekir,8,M,4:2,True,2026-05-04,raw/api_football/fixture_lineups/2026-04-30/fixture_1208508_lineups.json
1208508,543,Real Betis,4-2-3-1,3,M. Pellegrini,47320,Juanmi,7,M,4:1,True,2026-05-04,raw/api_football/fixture_lineups/2026-04-30/fixture_1208508_lineups.json
1208508,543,Real Betis,4-2-3-1,3,M. Pellegrini,47119,Aitor Ruibal,24,F,5:1,True,2026-05-04,raw/api_football/fixture_lineups/2026-04-30/fixture_1208508_lineups.json
1208508,543,Real Betis,4-2-3-1,3,M. Pellegrini,20600,R. Perraud,15,D,,False,2026-05-04,raw/api_football/fixture_lineups/2026-04-30/fixture_1208508_lineups.json
1208508,543,Real Betis,4-2-3-1,3,M. Pellegrini,47579,E. Ávila,9,F,,False,2026-05-04,raw/api_football/fixture_lineups/2026-04-30/fixture_1208508_lineups.json
1208508,543,Real Betis,4-2-3-1,3,M. Pellegrini,181421,A. Ezzalzouli,10,F,,False,2026-05-04,raw/api_football/fixture_lineups/2026-04-30/fixture_1208508_lineups.json
1208508,543,Real Betis,4-2-3-1,3,M. Pellegrini,185477,Rodri,17,M,,False,2026-05-04,raw/api_football/fixture_lineups/2026-04-30/fixture_1208508_lineups.json
1208508,543,Real Betis,4-2-3-1,3,M. Pellegrini,195100,Natan,6,D,,False,2026-05-04,raw/api_football/fixture_lineups/2026-04-30/fixture_1208508_lineups.json
1208508,543,Real Betis,4-2-3-1,3,M. Pellegrini,456619,Manu González,41,G,,False,2026-05-04,raw/api_football/fixture_lineups/2026-04-30/fixture_1208508_lineups.json
1208508,543,Real Betis,4-2-3-1,3,M. Pellegrini,18812,Adrián,13,G,,False,2026-05-04,raw/api_football/fixture_lineups/2026-04-30/fixture_1208508_lineups.json
1208508,543,Real Betis,4-2-3-1,3,M. Pellegrini,400948,Assane Diao,38,F,,False,2026-05-04,raw/api_football/fixture_lineups/2026-04-30/fixture_1208508_lineups.json
1208508,543,Real Betis,4-2-3-1,3,M. Pellegrini,128985,Iker Losada,19,M,,False,2026-05-04,raw/api_football/fixture_lineups/2026-04-30/fixture_1208508_lineups.json
1208508,543,Real Betis,4-2-3-1,3,M. Pellegrini,1439,Héctor Bellerín,2,D,,False,2026-05-04,raw/api_football/fixture_lineups/2026-04-30/fixture_1208508_lineups.json
1208508,543,Real Betis,4-2-3-1,3,M. Pellegrini,286084,Sergi Altimira,16,M,,False,2026-05-04,raw/api_football/fixture_lineups/2026-04-30/fixture_1208508_lineups.json
1208508,543,Real Betis,4-2-3-1,3,M. Pellegrini,133185,J. Cardoso,4,M,,False,2026-05-04,raw/api_football/fixture_lineups/2026-04-30/fixture_1208508_lineups.json
1208509,537,Leganes,4-1-4-1,1100,Borja Jiménez,2036,Juan Soriano,1,G,1:1,True,2026-05-04,raw/api_football/fixture_lineups/2026-04-30/fixture_1208509_lineups.json
1208509,537,Leganes,4-1-4-1,1100,Borja Jiménez,21701,V. Rosier,12,D,2:4,True,2026-05-04,raw/api_football/fixture_lineups/2026-04-30/fixture_1208509_lineups.json
1208509,537,Leganes,4-1-4-1,1100,Borja Jiménez,131492,Aritz Arambarri,22,D,2:3,True,2026-05-04,raw/api_football/fixture_lineups/2026-04-30/fixture_1208509_lineups.json
1208509,537,Leganes,4-1-4-1,1100,Borja Jiménez,123047,Sergio González,6,D,2:2,True,2026-05-04,raw/api_football/fixture_lineups/2026-04-30/fixture_1208509_lineups.json
1208509,537,Leganes,4-1-4-1,1100,Borja Jiménez,46849,Javi Hernández,20,D,2:1,True,2026-05-04,raw/api_football/fixture_lineups/2026-04-30/fixture_1208509_lineups.json
1208509,537,Leganes,4-1-4-1,1100,Borja Jiménez,41976,Y. Neyou,17,M,3:1,True,2026-05-04,raw/api_football/fixture_lineups/2026-04-30/fixture_1208509_lineups.json
1208509,537,Leganes,4-1-4-1,1100,Borja Jiménez,47361,D. Brašanac,14,M,4:4,True,2026-05-04,raw/api_football/fixture_lineups/2026-04-30/fixture_1208509_lineups.json
1208509,537,Leganes,4-1-4-1,1100,Borja Jiménez,1708,Dani Raba,10,M,4:3,True,2026-05-04,raw/api_football/fixture_lineups/2026-04-30/fixture_1208509_lineups.json
1208509,537,Leganes,4-1-4-1,1100,Borja Jiménez,47416,Óscar Rodríguez,7,M,4:2,True,2026-05-04,raw/api_football/fixture_lineups/2026-04-30/fixture_1208509_lineups.json
1208509,537,Leganes,4-1-4-1,1100,Borja Jiménez,302051,S. Cissé,8,M,4:1,True,2026-05-04,raw/api_football/fixture_lineups/2026-04-30/fixture_1208509_lineups.json
1208509,537,Leganes,4-1-4-1,1100,Borja Jiménez,47494,Miguel de la Fuente,9,F,5:1,True,2026-05-04,raw/api_football/fixture_lineups/2026-04-30/fixture_1208509_lineups.json
1208509,537,Leganes,4-1-4-1,1100,Borja Jiménez,185202,Juan Cruz,11,M,,False,2026-05-04,raw/api_football/fixture_lineups/2026-04-30/fixture_1208509_lineups.json
1208509,537,Leganes,4-1-4-1,1100,Borja Jiménez,2433,R. Tapia,5,M,,False,2026-05-04,raw/api_football/fixture_lineups/2026-04-30/fixture_1208509_lineups.json
1208509,537,Leganes,4-1-4-1,1100,Borja Jiménez,129657,Enric Franquesa,15,D,,False,2026-05-04,raw/api_football/fixture_lineups/2026-04-30/fixture_1208509_lineups.json
1208509,537,Leganes,4-1-4-1,1100,Borja Jiménez,184481,Diego García,19,F,,False,2026-05-04,raw/api_football/fixture_lineups/2026-04-30/fixture_1208509_lineups.json
1208509,537,Leganes,4-1-4-1,1100,Borja Jiménez,162122,Adrià Alti,2,D,,False,2026-05-04,raw/api_football/fixture_lineups/2026-04-30/fixture_1208509_lineups.json
1208509,537,Leganes,4-1-4-1,1100,Borja Jiménez,47321,Roberto López,21,M,,False,2026-05-04,raw/api_football/fixture_lineups/2026-04-30/fixture_1208509_lineups.json
1208509,537,Leganes,4-1-4-1,1100,Borja Jiménez,327495,Alvin,36,G,,False,2026-05-04,raw/api_football/fixture_lineups/2026-04-30/fixture_1208509_lineups.json
1208509,537,Leganes,4-1-4-1,1100,Borja Jiménez,2575,J. Porozo,4,D,,False,2026-05-04,raw/api_football/fixture_lineups/2026-04-30/fixture_1208509_lineups.json
1208509,537,Leganes,4-1-4-1,1100,Borja Jiménez,2813,M. Dmitrović,13,G,,False,2026-05-04,raw/api_football/fixture_lineups/2026-04-30/fixture_1208509_lineups.json
1208509,537,Leganes,4-1-4-1,1100,Borja Jiménez,5974,J. Chicco,24,M,,False,2026-05-04,raw/api_football/fixture_lineups/2026-04-30/fixture_1208509_lineups.json
1208509,537,Leganes,4-1-4-1,1100,Borja Jiménez,2060,M. El Haddadi,23,F,,False,2026-05-04,raw/api_football/fixture_lineups/2026-04-30/fixture_1208509_lineups.json
1208509,537,Leganes,4-1-4-1,1100,Borja Jiménez,47080,Jorge Sáenz,3,D,,False,2026-05-04,raw/api_football/fixture_lineups/2026-04-30/fixture_1208509_lineups.json
1208509,534,Las Palmas,4-2-3-1,49,Luis Carrión,124,J. Cillessen,1,G,1:1,True,2026-05-04,raw/api_football/fixture_lineups/2026-04-30/fixture_1208509_lineups.json
1208509,534,Las Palmas,4-2-3-1,49,Luis Carrión,131535,Álex Suárez,4,D,2:4,True,2026-05-04,raw/api_football/fixture_lineups/2026-04-30/fixture_1208509_lineups.json
1208509,534,Las Palmas,4-2-3-1,49,Luis Carrión,44811,S. McKenna,15,D,2:3,True,2026-05-04,raw/api_football/fixture_lineups/2026-04-30/fixture_1208509_lineups.json
1208509,534,Las Palmas,4-2-3-1,49,Luis Carrión,162475,Mika Mármol,3,D,2:2,True,2026-05-04,raw/api_football/fixture_lineups/2026-04-30/fixture_1208509_lineups.json
1208509,534,Las Palmas,4-2-3-1,49,Luis Carrión,47052,Álex Muñoz,23,D,2:1,True,2026-05-04,raw/api_football/fixture_lineups/2026-04-30/fixture_1208509_lineups.json
1208509,534,Las Palmas,4-2-3-1,49,Luis Carrión,46860,Javi Muñoz,5,M,3:2,True,2026-05-04,raw/api_football/fixture_lineups/2026-04-30/fixture_1208509_lineups.json
1208509,534,Las Palmas,4-2-3-1,49,Luis Carrión,70315,Kirian Rodríguez,20,M,3:1,True,2026-05-04,raw/api_football/fixture_lineups/2026-04-30/fixture_1208509_lineups.json
1208509,534,Las Palmas,4-2-3-1,49,Luis Carrión,162026,Marvin Park,2,M,4:3,True,2026-05-04,raw/api_football/fixture_lineups/2026-04-30/fixture_1208509_lineups.json
1208509,534,Las Palmas,4-2-3-1,49,Luis Carrión,182519,Alberto Moleiro,10,M,4:2,True,2026-05-04,raw/api_football/fixture_lineups/2026-04-30/fixture_1208509_lineups.json
1208509,534,Las Palmas,4-2-3-1,49,Luis Carrión,47324,Sandro Ramírez,19,M,4:1,True,2026-05-04,raw/api_football/fixture_lineups/2026-04-30/fixture_1208509_lineups.json
1208509,534,Las Palmas,4-2-3-1,49,Luis Carrión,19337,O. McBurnie,16,F,5:1,True,2026-05-04,raw/api_football/fixture_lineups/2026-04-30/fixture_1208509_lineups.json
1208509,534,Las Palmas,4-2-3-1,49,Luis Carrión,46854,Viti Rozada,18,M,,False,2026-05-04,raw/api_football/fixture_lineups/2026-04-30/fixture_1208509_lineups.json
1208509,534,Las Palmas,4-2-3-1,49,Luis Carrión,21709,E. Loiodice,12,M,,False,2026-05-04,raw/api_football/fixture_lineups/2026-04-30/fixture_1208509_lineups.json
1208509,534,Las Palmas,4-2-3-1,49,Luis Carrión,2671,Jaime Mata,17,F,,False,2026-05-04,raw/api_football/fixture_lineups/2026-04-30/fixture_1208509_lineups.json
1208509,534,Las Palmas,4-2-3-1,49,Luis Carrión,47111,Benito Ramírez,11,M,,False,2026-05-04,raw/api_football/fixture_lineups/2026-04-30/fixture_1208509_lineups.json
1208509,534,Las Palmas,4-2-3-1,49,Luis Carrión,122230,Manu Fuster,14,M,,False,2026-05-04,raw/api_football/fixture_lineups/2026-04-30/fixture_1208509_lineups.json
1208509,534,Las Palmas,4-2-3-1,49,Luis Carrión,431890,Juanma Herzog,28,D,,False,2026-05-04,raw/api_football/fixture_lineups/2026-04-30/fixture_1208509_lineups.json
1208509,534,Las Palmas,4-2-3-1,49,Luis Carrión,536,D. Sinkgraven,22,D,,False,2026-05-04,raw/api_football/fixture_lineups/2026-04-30/fixture_1208509_lineups.json
1208509,534,Las Palmas,4-2-3-1,49,Luis Carrión,182694,Iván Gil,21,M,,False,2026-05-04,raw/api_football/fixture_lineups/2026-04-30/fixture_1208509_lineups.json
1208509,534,Las Palmas,4-2-3-1,49,Luis Carrión,47393,Marc Cardona,9,F,,False,2026-05-04,raw/api_football/fixture_lineups/2026-04-30/fixture_1208509_lineups.json
1208509,534,Las Palmas,4-2-3-1,49,Luis Carrión,1304,D. Horkaš,13,G,,False,2026-05-04,raw/api_football/fixture_lineups/2026-04-30/fixture_1208509_lineups.json
1208509,534,Las Palmas,4-2-3-1,49,Luis Carrión,47464,José Campaña,8,M,,False,2026-05-04,raw/api_football/fixture_lineups/2026-04-30/fixture_1208509_lineups.json
1208509,534,Las Palmas,4-2-3-1,49,Luis Carrión,453885,A. Bassinga,26,M,,False,2026-05-04,raw/api_football/fixture_lineups/2026-04-30/fixture_1208509_lineups.json
1208510,529,Barcelona,4-2-3-1,6472,H. Flick,127,M. ter Stegen,1,G,1:1,True,2026-05-04,raw/api_football/fixture_lineups/2026-04-30/fixture_1208510_lineups.json
1208510,529,Barcelona,4-2-3-1,6472,H. Flick,1257,J. Koundé,23,D,2:4,True,2026-05-04,raw/api_football/fixture_lineups/2026-04-30/fixture_1208510_lineups.json
1208510,529,Barcelona,4-2-3-1,6472,H. Flick,396623,Pau Cubarsí,2,D,2:3,True,2026-05-04,raw/api_football/fixture_lineups/2026-04-30/fixture_1208510_lineups.json
1208510,529,Barcelona,4-2-3-1,6472,H. Flick,2670,Iñigo Martínez,5,D,2:2,True,2026-05-04,raw/api_football/fixture_lineups/2026-04-30/fixture_1208510_lineups.json
1208510,529,Barcelona,4-2-3-1,6472,H. Flick,161928,Alejandro Balde,3,D,2:1,True,2026-05-04,raw/api_football/fixture_lineups/2026-04-30/fixture_1208510_lineups.json
1208510,529,Barcelona,4-2-3-1,6472,H. Flick,433396,Marc Bernal,28,M,3:2,True,2026-05-04,raw/api_football/fixture_lineups/2026-04-30/fixture_1208510_lineups.json
1208510,529,Barcelona,4-2-3-1,6472,H. Flick,133609,Pedri,8,M,3:1,True,2026-05-04,raw/api_football/fixture_lineups/2026-04-30/fixture_1208510_lineups.json
1208510,529,Barcelona,4-2-3-1,6472,H. Flick,386828,Lamine Yamal,19,M,4:3,True,2026-05-04,raw/api_football/fixture_lineups/2026-04-30/fixture_1208510_lineups.json
1208510,529,Barcelona,4-2-3-1,6472,H. Flick,1496,Raphinha,11,M,4:2,True,2026-05-04,raw/api_football/fixture_lineups/2026-04-30/fixture_1208510_lineups.json
1208510,529,Barcelona,4-2-3-1,6472,H. Flick,931,Ferran Torres,7,M,4:1,True,2026-05-04,raw/api_football/fixture_lineups/2026-04-30/fixture_1208510_lineups.json
1208510,529,Barcelona,4-2-3-1,6472,H. Flick,521,R. Lewandowski,9,F,5:1,True,2026-05-04,raw/api_football/fixture_lineups/2026-04-30/fixture_1208510_lineups.json
1208510,529,Barcelona,4-2-3-1,6472,H. Flick,340626,Fermín López,16,M,,False,2026-05-04,raw/api_football/fixture_lineups/2026-04-30/fixture_1208510_lineups.json
1208510,529,Barcelona,4-2-3-1,6472,H. Flick,619,Eric García,24,D,,False,2026-05-04,raw/api_football/fixture_lineups/2026-04-30/fixture_1208510_lineups.json
1208510,529,Barcelona,4-2-3-1,6472,H. Flick,181701,Gerard Martín,35,D,,False,2026-05-04,raw/api_football/fixture_lineups/2026-04-30/fixture_1208510_lineups.json
1208510,529,Barcelona,4-2-3-1,6472,H. Flick,263530,Pau Víctor,18,F,,False,2026-05-04,raw/api_football/fixture_lineups/2026-04-30/fixture_1208510_lineups.json
1208510,529,Barcelona,4-2-3-1,6472,H. Flick,285909,Pablo Torre,14,M,,False,2026-05-04,raw/api_football/fixture_lineups/2026-04-30/fixture_1208510_lineups.json
1208510,529,Barcelona,4-2-3-1,6472,H. Flick,336653,Ander Astralaga,26,G,,False,2026-05-04,raw/api_football/fixture_lineups/2026-04-30/fixture_1208510_lineups.json
1208510,529,Barcelona,4-2-3-1,6472,H. Flick,336560,Álex Valle,29,D,,False,2026-05-04,raw/api_football/fixture_lineups/2026-04-30/fixture_1208510_lineups.json
1208510,529,Barcelona,4-2-3-1,6472,H. Flick,386859,Héctor Fort,32,D,,False,2026-05-04,raw/api_football/fixture_lineups/2026-04-30/fixture_1208510_lineups.json
1208510,529,Barcelona,4-2-3-1,6472,H. Flick,126,Iñaki Peña,13,G,,False,2026-05-04,raw/api_football/fixture_lineups/2026-04-30/fixture_1208510_lineups.json
1208510,529,Barcelona,4-2-3-1,6472,H. Flick,329728,Marc Casadó,17,M,,False,2026-05-04,raw/api_football/fixture_lineups/2026-04-30/fixture_1208510_lineups.json
1208510,529,Barcelona,4-2-3-1,6472,H. Flick,396624,Sergi Domínguez,36,D,,False,2026-05-04,raw/api_football/fixture_lineups/2026-04-30/fixture_1208510_lineups.json
1208510,531,Athletic Club,4-2-3-1,1582,Ernesto Valverde,312468,Á. Padilla,26,G,1:1,True,2026-05-04,raw/api_football/fixture_lineups/2026-04-30/fixture_1208510_lineups.json
1208510,531,Athletic Club,4-2-3-1,1582,Ernesto Valverde,47276,Lekue,15,D,2:4,True,2026-05-04,raw/api_football/fixture_lineups/2026-04-30/fixture_1208510_lineups.json
1208510,531,Athletic Club,4-2-3-1,1582,Ernesto Valverde,47278,Dani Vivian,3,D,2:3,True,2026-05-04,raw/api_football/fixture_lineups/2026-04-30/fixture_1208510_lineups.json
1208510,531,Athletic Club,4-2-3-1,1582,Ernesto Valverde,47271,Yeray,5,D,2:2,True,2026-05-04,raw/api_football/fixture_lineups/2026-04-30/fixture_1208510_lineups.json
1208510,531,Athletic Club,4-2-3-1,1582,Ernesto Valverde,47273,Yuri,17,D,2:1,True,2026-05-04,raw/api_football/fixture_lineups/2026-04-30/fixture_1208510_lineups.json
1208510,531,Athletic Club,4-2-3-1,1582,Ernesto Valverde,182617,Beñat Prados,24,M,3:2,True,2026-05-04,raw/api_football/fixture_lineups/2026-04-30/fixture_1208510_lineups.json
1208510,531,Athletic Club,4-2-3-1,1582,Ernesto Valverde,47418,Mikel Vesga,6,M,3:1,True,2026-05-04,raw/api_football/fixture_lineups/2026-04-30/fixture_1208510_lineups.json
1208510,531,Athletic Club,4-2-3-1,1582,Ernesto Valverde,30510,Álex Berenguer,7,M,4:3,True,2026-05-04,raw/api_football/fixture_lineups/2026-04-30/fixture_1208510_lineups.json
1208510,531,Athletic Club,4-2-3-1,1582,Ernesto Valverde,128398,Oihan Sancet,8,M,4:2,True,2026-05-04,raw/api_football/fixture_lineups/2026-04-30/fixture_1208510_lineups.json
1208510,531,Athletic Club,4-2-3-1,1582,Ernesto Valverde,183799,Nico Williams,10,M,4:1,True,2026-05-04,raw/api_football/fixture_lineups/2026-04-30/fixture_1208510_lineups.json
1208510,531,Athletic Club,4-2-3-1,1582,Ernesto Valverde,47294,I. Williams,9,F,5:1,True,2026-05-04,raw/api_football/fixture_lineups/2026-04-30/fixture_1208510_lineups.json
1208510,531,Athletic Club,4-2-3-1,1582,Ernesto Valverde,332308,Unai Gómez,20,M,,False,2026-05-04,raw/api_football/fixture_lineups/2026-04-30/fixture_1208510_lineups.json
1208510,531,Athletic Club,4-2-3-1,1582,Ernesto Valverde,383780,Mikel Jauregizar,31,M,,False,2026-05-04,raw/api_football/fixture_lineups/2026-04-30/fixture_1208510_lineups.json
1208510,531,Athletic Club,4-2-3-1,1582,Ernesto Valverde,288525,Adu Ares,23,F,,False,2026-05-04,raw/api_football/fixture_lineups/2026-04-30/fixture_1208510_lineups.json
1208510,531,Athletic Club,4-2-3-1,1582,Ernesto Valverde,47291,Gorka Guruzeta,12,F,,False,2026-05-04,raw/api_football/fixture_lineups/2026-04-30/fixture_1208510_lineups.json
1208510,531,Athletic Club,4-2-3-1,1582,Ernesto Valverde,898,Ander Herrera,21,M,,False,2026-05-04,raw/api_football/fixture_lineups/2026-04-30/fixture_1208510_lineups.json
1208510,531,Athletic Club,4-2-3-1,1582,Ernesto Valverde,47275,De Marcos,18,D,,False,2026-05-04,raw/api_football/fixture_lineups/2026-04-30/fixture_1208510_lineups.json
1208510,531,Athletic Club,4-2-3-1,1582,Ernesto Valverde,179153,Javi Martón,19,F,,False,2026-05-04,raw/api_football/fixture_lineups/2026-04-30/fixture_1208510_lineups.json
1208510,531,Athletic Club,4-2-3-1,1582,Ernesto Valverde,47299,Andoni Gorosabel,2,D,,False,2026-05-04,raw/api_football/fixture_lineups/2026-04-30/fixture_1208510_lineups.json
1208510,531,Athletic Club,4-2-3-1,1582,Ernesto Valverde,332302,Oier Gastesi,34,G,,False,2026-05-04,raw/api_football/fixture_lineups/2026-04-30/fixture_1208510_lineups.json
1208510,531,Athletic Club,4-2-3-1,1582,Ernesto Valverde,332305,Unai Eguíluz,27,D,,False,2026-05-04,raw/api_football/fixture_lineups/2026-04-30/fixture_1208510_lineups.json
1208510,531,Athletic Club,4-2-3-1,1582,Ernesto Valverde,183848,Julen Agirrezabala,13,G,,False,2026-05-04,raw/api_football/fixture_lineups/2026-04-30/fixture_1208510_lineups.json
1208510,531,Athletic Club,4-2-3-1,1582,Ernesto Valverde,336998,Adama Boiro,32,D,,False,2026-05-04,raw/api_football/fixture_lineups/2026-04-30/fixture_1208510_lineups.json
1208511,727,Osasuna,4-1-4-1,1597,Vicente Moreno,46646,Sergio Herrera,1,G,1:1,True,2026-05-04,raw/api_football/fixture_lineups/2026-04-30/fixture_1208511_lineups.json
1208511,727,Osasuna,4-1-4-1,1597,Vicente Moreno,182181,Jesús Areso,12,D,2:4,True,2026-05-04,raw/api_football/fixture_lineups/2026-04-30/fixture_1208511_lineups.json
1208511,727,Osasuna,4-1-4-1,1597,Vicente Moreno,47533,Catena,24,D,2:3,True,2026-05-04,raw/api_football/fixture_lineups/2026-04-30/fixture_1208511_lineups.json
1208511,727,Osasuna,4-1-4-1,1597,Vicente Moreno,182592,Jorge Herrando,5,D,2:2,True,2026-05-04,raw/api_football/fixture_lineups/2026-04-30/fixture_1208511_lineups.json
1208511,727,Osasuna,4-1-4-1,1597,Vicente Moreno,181259,Abel Bretones,23,D,2:1,True,2026-05-04,raw/api_football/fixture_lineups/2026-04-30/fixture_1208511_lineups.json
1208511,727,Osasuna,4-1-4-1,1597,Vicente Moreno,1825,Lucas Torró,6,M,3:1,True,2026-05-04,raw/api_football/fixture_lineups/2026-04-30/fixture_1208511_lineups.json
1208511,727,Osasuna,4-1-4-1,1597,Vicente Moreno,46658,Rubén García,14,M,4:4,True,2026-05-04,raw/api_football/fixture_lineups/2026-04-30/fixture_1208511_lineups.json
1208511,727,Osasuna,4-1-4-1,1597,Vicente Moreno,46662,Moncayola,7,M,4:3,True,2026-05-04,raw/api_football/fixture_lineups/2026-04-30/fixture_1208511_lineups.json
1208511,727,Osasuna,4-1-4-1,1597,Vicente Moreno,67939,Aimar Oroz,10,M,4:2,True,2026-05-04,raw/api_football/fixture_lineups/2026-04-30/fixture_1208511_lineups.json
1208511,727,Osasuna,4-1-4-1,1597,Vicente Moreno,286639,Bryan Zaragoza,19,M,4:1,True,2026-05-04,raw/api_football/fixture_lineups/2026-04-30/fixture_1208511_lineups.json
1208511,727,Osasuna,4-1-4-1,1597,Vicente Moreno,46746,A. Budimir,17,F,5:1,True,2026-05-04,raw/api_football/fixture_lineups/2026-04-30/fixture_1208511_lineups.json
1208511,727,Osasuna,4-1-4-1,1597,Vicente Moreno,47574,Moi Gómez,16,M,,False,2026-05-04,raw/api_football/fixture_lineups/2026-04-30/fixture_1208511_lineups.json
1208511,727,Osasuna,4-1-4-1,1597,Vicente Moreno,182621,Iker Muñoz,18,M,,False,2026-05-04,raw/api_football/fixture_lineups/2026-04-30/fixture_1208511_lineups.json
1208511,727,Osasuna,4-1-4-1,1597,Vicente Moreno,146751,Raúl García,9,F,,False,2026-05-04,raw/api_football/fixture_lineups/2026-04-30/fixture_1208511_lineups.json
1208511,727,Osasuna,4-1-4-1,1597,Vicente Moreno,46657,Nacho Vidal,2,D,,False,2026-05-04,raw/api_football/fixture_lineups/2026-04-30/fixture_1208511_lineups.json
1208511,727,Osasuna,4-1-4-1,1597,Vicente Moreno,139001,Pablo Ibáñez,8,M,,False,2026-05-04,raw/api_football/fixture_lineups/2026-04-30/fixture_1208511_lineups.json
1208511,727,Osasuna,4-1-4-1,1597,Vicente Moreno,46652,Unai García,4,D,,False,2026-05-04,raw/api_football/fixture_lineups/2026-04-30/fixture_1208511_lineups.json
1208511,727,Osasuna,4-1-4-1,1597,Vicente Moreno,288800,Iker Benito,27,F,,False,2026-05-04,raw/api_football/fixture_lineups/2026-04-30/fixture_1208511_lineups.json
1208511,727,Osasuna,4-1-4-1,1597,Vicente Moreno,348029,D. Stamatakis,32,G,,False,2026-05-04,raw/api_football/fixture_lineups/2026-04-30/fixture_1208511_lineups.json
1208511,727,Osasuna,4-1-4-1,1597,Vicente Moreno,46967,Juan Cruz,3,D,,False,2026-05-04,raw/api_football/fixture_lineups/2026-04-30/fixture_1208511_lineups.json
1208511,727,Osasuna,4-1-4-1,1597,Vicente Moreno,47448,Aitor Fernández,13,G,,False,2026-05-04,raw/api_football/fixture_lineups/2026-04-30/fixture_1208511_lineups.json
1208511,727,Osasuna,4-1-4-1,1597,Vicente Moreno,46660,Javi Martínez,21,M,,False,2026-05-04,raw/api_football/fixture_lineups/2026-04-30/fixture_1208511_lineups.json
1208511,798,Mallorca,4-3-3,1588,Arrasate,61142,D. Greif,1,G,1:1,True,2026-05-04,raw/api_football/fixture_lineups/2026-04-30/fixture_1208511_lineups.json
1208511,798,Mallorca,4-3-3,1588,Arrasate,26302,Pablo Maffeo,23,D,2:4,True,2026-05-04,raw/api_football/fixture_lineups/2026-04-30/fixture_1208511_lineups.json
1208511,798,Mallorca,4-3-3,1588,Arrasate,46738,M. Valjent,24,D,2:3,True,2026-05-04,raw/api_football/fixture_lineups/2026-04-30/fixture_1208511_lineups.json
1208511,798,Mallorca,4-3-3,1588,Arrasate,46733,Raíllo,21,D,2:2,True,2026-05-04,raw/api_football/fixture_lineups/2026-04-30/fixture_1208511_lineups.json
1208511,798,Mallorca,4-3-3,1588,Arrasate,64268,J. Mojica,22,D,2:1,True,2026-05-04,raw/api_football/fixture_lineups/2026-04-30/fixture_1208511_lineups.json
1208511,798,Mallorca,4-3-3,1588,Arrasate,190485,Samú Costa,12,M,3:3,True,2026-05-04,raw/api_football/fixture_lineups/2026-04-30/fixture_1208511_lineups.json
1208511,798,Mallorca,4-3-3,1588,Arrasate,414,Omar Mascarell,5,M,3:2,True,2026-05-04,raw/api_football/fixture_lineups/2026-04-30/fixture_1208511_lineups.json
1208511,798,Mallorca,4-3-3,1588,Arrasate,47336,Darder,10,M,3:1,True,2026-05-04,raw/api_football/fixture_lineups/2026-04-30/fixture_1208511_lineups.json
1208511,798,Mallorca,4-3-3,1588,Arrasate,25375,T. Asano,11,F,4:3,True,2026-05-04,raw/api_football/fixture_lineups/2026-04-30/fixture_1208511_lineups.json
1208511,798,Mallorca,4-3-3,1588,Arrasate,50048,V. Muriqi,7,F,4:2,True,2026-05-04,raw/api_football/fixture_lineups/2026-04-30/fixture_1208511_lineups.json
1208511,798,Mallorca,4-3-3,1588,Arrasate,46742,Dani Rodríguez,14,F,4:1,True,2026-05-04,raw/api_football/fixture_lineups/2026-04-30/fixture_1208511_lineups.json
1208511,798,Mallorca,4-3-3,1588,Arrasate,1701,Manu Morlanes,8,M,,False,2026-05-04,raw/api_football/fixture_lineups/2026-04-30/fixture_1208511_lineups.json
1208511,798,Mallorca,4-3-3,1588,Arrasate,2001,C. Larin,17,F,,False,2026-05-04,raw/api_football/fixture_lineups/2026-04-30/fixture_1208511_lineups.json
1208511,798,Mallorca,4-3-3,1588,Arrasate,107194,Antonio Sánchez,18,M,,False,2026-05-04,raw/api_football/fixture_lineups/2026-04-30/fixture_1208511_lineups.json
1208511,798,Mallorca,4-3-3,1588,Arrasate,46751,Abdón Prats,9,F,,False,2026-05-04,raw/api_football/fixture_lineups/2026-04-30/fixture_1208511_lineups.json
1208511,798,Mallorca,4-3-3,1588,Arrasate,297646,D. Luna,33,M,,False,2026-05-04,raw/api_football/fixture_lineups/2026-04-30/fixture_1208511_lineups.json
1208511,798,Mallorca,4-3-3,1588,Arrasate,179139,Leo Román,13,G,,False,2026-05-04,raw/api_football/fixture_lineups/2026-04-30/fixture_1208511_lineups.json
1208511,798,Mallorca,4-3-3,1588,Arrasate,37639,S. Van der Heyden,4,D,,False,2026-05-04,raw/api_football/fixture_lineups/2026-04-30/fixture_1208511_lineups.json
1208511,798,Mallorca,4-3-3,1588,Arrasate,47399,Iván Cuéllar,25,G,,False,2026-05-04,raw/api_football/fixture_lineups/2026-04-30/fixture_1208511_lineups.json
1208511,798,Mallorca,4-3-3,1588,Arrasate,920,Toni Lato,3,D,,False,2026-05-04,raw/api_football/fixture_lineups/2026-04-30/fixture_1208511_lineups.json
1208511,798,Mallorca,4-3-3,1588,Arrasate,482473,Marc Domenech,30,F,,False,2026-05-04,raw/api_football/fixture_lineups/2026-04-30/fixture_1208511_lineups.json
1208511,798,Mallorca,4-3-3,1588,Arrasate,411424,Miquel Salas,28,M,,False,2026-05-04,raw/api_football/fixture_lineups/2026-04-30/fixture_1208511_lineups.json
1208511,798,Mallorca,4-3-3,1588,Arrasate,181582,Copete,6,D,,False,2026-05-04,raw/api_football/fixture_lineups/2026-04-30/fixture_1208511_lineups.json
1208512,531,Athletic Club,4-2-3-1,1582,Ernesto Valverde,183848,Julen Agirrezabala,13,G,1:1,True,2026-05-04,raw/api_football/fixture_lineups/2026-04-30/fixture_1208512_lineups.json
1208512,531,Athletic Club,4-2-3-1,1582,Ernesto Valverde,47275,De Marcos,18,D,2:4,True,2026-05-04,raw/api_football/fixture_lineups/2026-04-30/fixture_1208512_lineups.json
1208512,531,Athletic Club,4-2-3-1,1582,Ernesto Valverde,47278,Dani Vivian,3,D,2:3,True,2026-05-04,raw/api_football/fixture_lineups/2026-04-30/fixture_1208512_lineups.json
1208512,531,Athletic Club,4-2-3-1,1582,Ernesto Valverde,47271,Yeray,5,D,2:2,True,2026-05-04,raw/api_football/fixture_lineups/2026-04-30/fixture_1208512_lineups.json
1208512,531,Athletic Club,4-2-3-1,1582,Ernesto Valverde,336998,Adama Boiro,32,D,2:1,True,2026-05-04,raw/api_football/fixture_lineups/2026-04-30/fixture_1208512_lineups.json
1208512,531,Athletic Club,4-2-3-1,1582,Ernesto Valverde,383780,Mikel Jauregizar,31,M,3:2,True,2026-05-04,raw/api_football/fixture_lineups/2026-04-30/fixture_1208512_lineups.json
1208512,531,Athletic Club,4-2-3-1,1582,Ernesto Valverde,182617,Beñat Prados,24,M,3:1,True,2026-05-04,raw/api_football/fixture_lineups/2026-04-30/fixture_1208512_lineups.json
1208512,531,Athletic Club,4-2-3-1,1582,Ernesto Valverde,47294,I. Williams,9,M,4:3,True,2026-05-04,raw/api_football/fixture_lineups/2026-04-30/fixture_1208512_lineups.json
1208512,531,Athletic Club,4-2-3-1,1582,Ernesto Valverde,128398,Oihan Sancet,8,M,4:2,True,2026-05-04,raw/api_football/fixture_lineups/2026-04-30/fixture_1208512_lineups.json
1208512,531,Athletic Club,4-2-3-1,1582,Ernesto Valverde,190489,Álvaro Djaló,11,M,4:1,True,2026-05-04,raw/api_football/fixture_lineups/2026-04-30/fixture_1208512_lineups.json
1208512,531,Athletic Club,4-2-3-1,1582,Ernesto Valverde,47291,Gorka Guruzeta,12,F,5:1,True,2026-05-04,raw/api_football/fixture_lineups/2026-04-30/fixture_1208512_lineups.json
1208512,531,Athletic Club,4-2-3-1,1582,Ernesto Valverde,183799,Nico Williams,10,F,,False,2026-05-04,raw/api_football/fixture_lineups/2026-04-30/fixture_1208512_lineups.json
1208512,531,Athletic Club,4-2-3-1,1582,Ernesto Valverde,47418,Mikel Vesga,6,M,,False,2026-05-04,raw/api_football/fixture_lineups/2026-04-30/fixture_1208512_lineups.json
1208512,531,Athletic Club,4-2-3-1,1582,Ernesto Valverde,179153,Javi Martón,19,F,,False,2026-05-04,raw/api_football/fixture_lineups/2026-04-30/fixture_1208512_lineups.json
1208512,531,Athletic Club,4-2-3-1,1582,Ernesto Valverde,332308,Unai Gómez,20,M,,False,2026-05-04,raw/api_football/fixture_lineups/2026-04-30/fixture_1208512_lineups.json
1208512,531,Athletic Club,4-2-3-1,1582,Ernesto Valverde,47276,Lekue,15,D,,False,2026-05-04,raw/api_football/fixture_lineups/2026-04-30/fixture_1208512_lineups.json
1208512,531,Athletic Club,4-2-3-1,1582,Ernesto Valverde,288525,Adu Ares,23,F,,False,2026-05-04,raw/api_football/fixture_lineups/2026-04-30/fixture_1208512_lineups.json
1208512,531,Athletic Club,4-2-3-1,1582,Ernesto Valverde,286593,Nico Serrano,22,F,,False,2026-05-04,raw/api_football/fixture_lineups/2026-04-30/fixture_1208512_lineups.json
1208512,531,Athletic Club,4-2-3-1,1582,Ernesto Valverde,47299,Andoni Gorosabel,2,D,,False,2026-05-04,raw/api_football/fixture_lineups/2026-04-30/fixture_1208512_lineups.json
1208512,531,Athletic Club,4-2-3-1,1582,Ernesto Valverde,30510,Álex Berenguer,7,F,,False,2026-05-04,raw/api_football/fixture_lineups/2026-04-30/fixture_1208512_lineups.json
1208512,531,Athletic Club,4-2-3-1,1582,Ernesto Valverde,898,Ander Herrera,21,M,,False,2026-05-04,raw/api_football/fixture_lineups/2026-04-30/fixture_1208512_lineups.json
1208512,531,Athletic Club,4-2-3-1,1582,Ernesto Valverde,332305,Unai Eguíluz,27,D,,False,2026-05-04,raw/api_football/fixture_lineups/2026-04-30/fixture_1208512_lineups.json
1208512,531,Athletic Club,4-2-3-1,1582,Ernesto Valverde,312468,Á. Padilla,26,G,,False,2026-05-04,raw/api_football/fixture_lineups/2026-04-30/fixture_1208512_lineups.json
1208512,532,Valencia,4-4-2,3234,Rubén Baraja,24760,G. Mamardashvili,25,G,1:1,True,2026-05-04,raw/api_football/fixture_lineups/2026-04-30/fixture_1208512_lineups.json
1208512,532,Valencia,4-4-2,3234,Rubén Baraja,47251,D. Foulquier,20,D,2:4,True,2026-05-04,raw/api_football/fixture_lineups/2026-04-30/fixture_1208512_lineups.json
1208512,532,Valencia,4-4-2,3234,Rubén Baraja,333672,César Tárrega,15,D,2:3,True,2026-05-04,raw/api_football/fixture_lineups/2026-04-30/fixture_1208512_lineups.json
1208512,532,Valencia,4-4-2,3234,Rubén Baraja,333682,Cristhian Mosquera,3,D,2:2,True,2026-05-04,raw/api_football/fixture_lineups/2026-04-30/fixture_1208512_lineups.json
1208512,532,Valencia,4-4-2,3234,Rubén Baraja,162175,Jesús Vázquez,21,D,2:1,True,2026-05-04,raw/api_football/fixture_lineups/2026-04-30/fixture_1208512_lineups.json
1208512,532,Valencia,4-4-2,3234,Rubén Baraja,162127,Diego López,16,M,3:4,True,2026-05-04,raw/api_football/fixture_lineups/2026-04-30/fixture_1208512_lineups.json
1208512,532,Valencia,4-4-2,3234,Rubén Baraja,47463,Pepelu,18,M,3:3,True,2026-05-04,raw/api_football/fixture_lineups/2026-04-30/fixture_1208512_lineups.json
1208512,532,Valencia,4-4-2,3234,Rubén Baraja,919,Hugo Guillamón,6,M,3:2,True,2026-05-04,raw/api_football/fixture_lineups/2026-04-30/fixture_1208512_lineups.json
1208512,532,Valencia,4-4-2,3234,Rubén Baraja,46933,Luis Rioja,22,M,3:1,True,2026-05-04,raw/api_football/fixture_lineups/2026-04-30/fixture_1208512_lineups.json
1208512,532,Valencia,4-4-2,3234,Rubén Baraja,47264,Hugo Duro,9,F,4:2,True,2026-05-04,raw/api_football/fixture_lineups/2026-04-30/fixture_1208512_lineups.json
1208512,532,Valencia,4-4-2,3234,Rubén Baraja,47013,Rafa Mir,11,F,4:1,True,2026-05-04,raw/api_football/fixture_lineups/2026-04-30/fixture_1208512_lineups.json
1208512,532,Valencia,4-4-2,3234,Rubén Baraja,41157,André Almeida,10,M,,False,2026-05-04,raw/api_football/fixture_lineups/2026-04-30/fixture_1208512_lineups.json
1208512,532,Valencia,4-4-2,3234,Rubén Baraja,315699,Javi Guerra,8,M,,False,2026-05-04,raw/api_football/fixture_lineups/2026-04-30/fixture_1208512_lineups.json
1208512,532,Valencia,4-4-2,3234,Rubén Baraja,348326,Martín Tejón,32,M,,False,2026-05-04,raw/api_football/fixture_lineups/2026-04-30/fixture_1208512_lineups.json
1208512,532,Valencia,4-4-2,3234,Rubén Baraja,1482,Thierry Correia,12,D,,False,2026-05-04,raw/api_football/fixture_lineups/2026-04-30/fixture_1208512_lineups.json
1208512,532,Valencia,4-4-2,3234,Rubén Baraja,119232,Dani Gómez,17,F,,False,2026-05-04,raw/api_football/fixture_lineups/2026-04-30/fixture_1208512_lineups.json
1208512,532,Valencia,4-4-2,3234,Rubén Baraja,361385,Yarek Gąsiorowski,24,D,,False,2026-05-04,raw/api_football/fixture_lineups/2026-04-30/fixture_1208512_lineups.json
1208512,532,Valencia,4-4-2,3234,Rubén Baraja,412737,Raúl Jiménez,34,G,,False,2026-05-04,raw/api_football/fixture_lineups/2026-04-30/fixture_1208512_lineups.json
1208512,532,Valencia,4-4-2,3234,Rubén Baraja,327496,Rodrigo Abajas,39,D,,False,2026-05-04,raw/api_football/fixture_lineups/2026-04-30/fixture_1208512_lineups.json
1208512,532,Valencia,4-4-2,3234,Rubén Baraja,442188,Iker Córdoba,38,D,,False,2026-05-04,raw/api_football/fixture_lineups/2026-04-30/fixture_1208512_lineups.json
1208512,532,Valencia,4-4-2,3234,Rubén Baraja,47527,S. Dimitrievski,13,G,,False,2026-05-04,raw/api_football/fixture_lineups/2026-04-30/fixture_1208512_lineups.json
1208512,532,Valencia,4-4-2,3234,Rubén Baraja,288074,Alberto Marí,19,F,,False,2026-05-04,raw/api_football/fixture_lineups/2026-04-30/fixture_1208512_lineups.json
1208515,798,Mallorca,4-3-3,1588,Arrasate,179139,Leo Román,13,G,1:1,True,2026-05-04,raw/api_football/fixture_lineups/2026-04-30/fixture_1208515_lineups.json
1208515,798,Mallorca,4-3-3,1588,Arrasate,26302,Pablo Maffeo,23,D,2:4,True,2026-05-04,raw/api_football/fixture_lineups/2026-04-30/fixture_1208515_lineups.json
1208515,798,Mallorca,4-3-3,1588,Arrasate,46738,M. Valjent,24,D,2:3,True,2026-05-04,raw/api_football/fixture_lineups/2026-04-30/fixture_1208515_lineups.json
1208515,798,Mallorca,4-3-3,1588,Arrasate,46733,Raíllo,21,D,2:2,True,2026-05-04,raw/api_football/fixture_lineups/2026-04-30/fixture_1208515_lineups.json
1208515,798,Mallorca,4-3-3,1588,Arrasate,64268,J. Mojica,22,D,2:1,True,2026-05-04,raw/api_football/fixture_lineups/2026-04-30/fixture_1208515_lineups.json
1208515,798,Mallorca,4-3-3,1588,Arrasate,190485,Samú Costa,12,M,3:3,True,2026-05-04,raw/api_football/fixture_lineups/2026-04-30/fixture_1208515_lineups.json
1208515,798,Mallorca,4-3-3,1588,Arrasate,1701,Manu Morlanes,8,M,3:2,True,2026-05-04,raw/api_football/fixture_lineups/2026-04-30/fixture_1208515_lineups.json
1208515,798,Mallorca,4-3-3,1588,Arrasate,47336,Darder,10,M,3:1,True,2026-05-04,raw/api_football/fixture_lineups/2026-04-30/fixture_1208515_lineups.json
1208515,798,Mallorca,4-3-3,1588,Arrasate,107194,Antonio Sánchez,18,F,4:3,True,2026-05-04,raw/api_football/fixture_lineups/2026-04-30/fixture_1208515_lineups.json
1208515,798,Mallorca,4-3-3,1588,Arrasate,50048,V. Muriqi,7,F,4:2,True,2026-05-04,raw/api_football/fixture_lineups/2026-04-30/fixture_1208515_lineups.json
1208515,798,Mallorca,4-3-3,1588,Arrasate,2001,C. Larin,17,F,4:1,True,2026-05-04,raw/api_football/fixture_lineups/2026-04-30/fixture_1208515_lineups.json
1208515,798,Mallorca,4-3-3,1588,Arrasate,46742,Dani Rodríguez,14,M,,False,2026-05-04,raw/api_football/fixture_lineups/2026-04-30/fixture_1208515_lineups.json
1208515,798,Mallorca,4-3-3,1588,Arrasate,25375,T. Asano,11,F,,False,2026-05-04,raw/api_football/fixture_lineups/2026-04-30/fixture_1208515_lineups.json
1208515,798,Mallorca,4-3-3,1588,Arrasate,414,Omar Mascarell,5,M,,False,2026-05-04,raw/api_football/fixture_lineups/2026-04-30/fixture_1208515_lineups.json
1208515,798,Mallorca,4-3-3,1588,Arrasate,482473,Marc Domenech,30,F,,False,2026-05-04,raw/api_football/fixture_lineups/2026-04-30/fixture_1208515_lineups.json
1208515,798,Mallorca,4-3-3,1588,Arrasate,46751,Abdón Prats,9,F,,False,2026-05-04,raw/api_football/fixture_lineups/2026-04-30/fixture_1208515_lineups.json
1208515,798,Mallorca,4-3-3,1588,Arrasate,61142,D. Greif,1,G,,False,2026-05-04,raw/api_football/fixture_lineups/2026-04-30/fixture_1208515_lineups.json
1208515,798,Mallorca,4-3-3,1588,Arrasate,920,Toni Lato,3,D,,False,2026-05-04,raw/api_football/fixture_lineups/2026-04-30/fixture_1208515_lineups.json
1208515,798,Mallorca,4-3-3,1588,Arrasate,411424,Miquel Salas,28,M,,False,2026-05-04,raw/api_football/fixture_lineups/2026-04-30/fixture_1208515_lineups.json
1208515,798,Mallorca,4-3-3,1588,Arrasate,37639,S. Van der Heyden,4,D,,False,2026-05-04,raw/api_football/fixture_lineups/2026-04-30/fixture_1208515_lineups.json
1208515,798,Mallorca,4-3-3,1588,Arrasate,47399,Iván Cuéllar,25,G,,False,2026-05-04,raw/api_football/fixture_lineups/2026-04-30/fixture_1208515_lineups.json
1208515,798,Mallorca,4-3-3,1588,Arrasate,297646,D. Luna,33,M,,False,2026-05-04,raw/api_football/fixture_lineups/2026-04-30/fixture_1208515_lineups.json
1208515,798,Mallorca,4-3-3,1588,Arrasate,181582,Copete,6,D,,False,2026-05-04,raw/api_football/fixture_lineups/2026-04-30/fixture_1208515_lineups.json
1208515,536,Sevilla,4-3-3,5391,García Pimienta,19172,Ø. Nyland,13,G,1:1,True,2026-05-04,raw/api_football/fixture_lineups/2026-04-30/fixture_1208515_lineups.json
1208515,536,Sevilla,4-3-3,5391,García Pimienta,195923,José Ángel Carmona,32,D,2:4,True,2026-05-04,raw/api_football/fixture_lineups/2026-04-30/fixture_1208515_lineups.json
1208515,536,Sevilla,4-3-3,5391,García Pimienta,174918,L. Badé,22,D,2:3,True,2026-05-04,raw/api_football/fixture_lineups/2026-04-30/fixture_1208515_lineups.json
1208515,536,Sevilla,4-3-3,5391,García Pimienta,1489,N. Gudelj,6,D,2:2,True,2026-05-04,raw/api_football/fixture_lineups/2026-04-30/fixture_1208515_lineups.json
1208515,536,Sevilla,4-3-3,5391,García Pimienta,47329,Adrià Pedrosa,3,D,2:1,True,2026-05-04,raw/api_football/fixture_lineups/2026-04-30/fixture_1208515_lineups.json
1208515,536,Sevilla,4-3-3,5391,García Pimienta,957,D. Sow,20,M,3:3,True,2026-05-04,raw/api_football/fixture_lineups/2026-04-30/fixture_1208515_lineups.json
1208515,536,Sevilla,4-3-3,5391,García Pimienta,1427,A. Sambi Lokonga,12,M,3:2,True,2026-05-04,raw/api_football/fixture_lineups/2026-04-30/fixture_1208515_lineups.json
1208515,536,Sevilla,4-3-3,5391,García Pimienta,48,Saúl,17,M,3:1,True,2026-05-04,raw/api_football/fixture_lineups/2026-04-30/fixture_1208515_lineups.json
1208515,536,Sevilla,4-3-3,5391,García Pimienta,25458,D. Lukébakio,11,F,4:3,True,2026-05-04,raw/api_football/fixture_lineups/2026-04-30/fixture_1208515_lineups.json
1208515,536,Sevilla,4-3-3,5391,García Pimienta,2778,K. Ịheanachọ,9,F,4:2,True,2026-05-04,raw/api_football/fixture_lineups/2026-04-30/fixture_1208515_lineups.json
1208515,536,Sevilla,4-3-3,5391,García Pimienta,39121,C. Ejuke,21,F,4:1,True,2026-05-04,raw/api_football/fixture_lineups/2026-04-30/fixture_1208515_lineups.json
1208515,536,Sevilla,4-3-3,5391,García Pimienta,185398,Isaac Romero,7,F,,False,2026-05-04,raw/api_football/fixture_lineups/2026-04-30/fixture_1208515_lineups.json
1208515,536,Sevilla,4-3-3,5391,García Pimienta,182772,Juanlu Sánchez,26,M,,False,2026-05-04,raw/api_football/fixture_lineups/2026-04-30/fixture_1208515_lineups.json
1208515,536,Sevilla,4-3-3,5391,García Pimienta,2054,Jesús Navas,16,D,,False,2026-05-04,raw/api_football/fixture_lineups/2026-04-30/fixture_1208515_lineups.json
1208515,536,Sevilla,4-3-3,5391,García Pimienta,433,Marcão,23,D,,False,2026-05-04,raw/api_football/fixture_lineups/2026-04-30/fixture_1208515_lineups.json
1208515,536,Sevilla,4-3-3,5391,García Pimienta,21004,L. Agoumé,18,M,,False,2026-05-04,raw/api_football/fixture_lineups/2026-04-30/fixture_1208515_lineups.json
1208515,536,Sevilla,4-3-3,5391,García Pimienta,162126,Peque Fernández,14,F,,False,2026-05-04,raw/api_football/fixture_lineups/2026-04-30/fixture_1208515_lineups.json
1208515,536,Sevilla,4-3-3,5391,García Pimienta,47016,Álvaro Fernández,1,G,,False,2026-05-04,raw/api_football/fixture_lineups/2026-04-30/fixture_1208515_lineups.json
1208515,536,Sevilla,4-3-3,5391,García Pimienta,297311,Kike Salas,4,D,,False,2026-05-04,raw/api_football/fixture_lineups/2026-04-30/fixture_1208515_lineups.json
1208515,536,Sevilla,4-3-3,5391,García Pimienta,308346,Alberto Flores,31,G,,False,2026-05-04,raw/api_football/fixture_lineups/2026-04-30/fixture_1208515_lineups.json
1208515,536,Sevilla,4-3-3,5391,García Pimienta,133110,T. Nianzou,24,D,,False,2026-05-04,raw/api_football/fixture_lineups/2026-04-30/fixture_1208515_lineups.json
1208515,536,Sevilla,4-3-3,5391,García Pimienta,340152,S. Idumbo,27,M,,False,2026-05-04,raw/api_football/fixture_lineups/2026-04-30/fixture_1208515_lineups.json
1208517,728,Rayo Vallecano,4-4-2,21839,Iñigo Pérez,156488,Dani Cárdenas,1,G,1:1,True,2026-05-04,raw/api_football/fixture_lineups/2026-04-30/fixture_1208517_lineups.json
1208517,728,Rayo Vallecano,4-4-2,21839,Iñigo Pérez,20520,I. Balliu,20,D,2:4,True,2026-05-04,raw/api_football/fixture_lineups/2026-04-30/fixture_1208517_lineups.json
1208517,728,Rayo Vallecano,4-4-2,21839,Iñigo Pérez,18895,F. Lejeune,24,D,2:3,True,2026-05-04,raw/api_football/fixture_lineups/2026-04-30/fixture_1208517_lineups.json
1208517,728,Rayo Vallecano,4-4-2,21839,Iñigo Pérez,15900,A. Mumin,16,D,2:2,True,2026-05-04,raw/api_football/fixture_lineups/2026-04-30/fixture_1208517_lineups.json
1208517,728,Rayo Vallecano,4-4-2,21839,Iñigo Pérez,46759,A. Espino,22,D,2:1,True,2026-05-04,raw/api_football/fixture_lineups/2026-04-30/fixture_1208517_lineups.json
1208517,728,Rayo Vallecano,4-4-2,21839,Iñigo Pérez,128582,Jorge de Frutos,19,M,3:4,True,2026-05-04,raw/api_football/fixture_lineups/2026-04-30/fixture_1208517_lineups.json
1208517,728,Rayo Vallecano,4-4-2,21839,Iñigo Pérez,47285,Unai López,17,M,3:3,True,2026-05-04,raw/api_football/fixture_lineups/2026-04-30/fixture_1208517_lineups.json
1208517,728,Rayo Vallecano,4-4-2,21839,Iñigo Pérez,47109,Óscar Valentín,23,M,3:2,True,2026-05-04,raw/api_football/fixture_lineups/2026-04-30/fixture_1208517_lineups.json
1208517,728,Rayo Vallecano,4-4-2,21839,Iñigo Pérez,47543,Álvaro García,18,M,3:1,True,2026-05-04,raw/api_football/fixture_lineups/2026-04-30/fixture_1208517_lineups.json
1208517,728,Rayo Vallecano,4-4-2,21839,Iñigo Pérez,52,Sergio Camello,14,F,4:2,True,2026-05-04,raw/api_football/fixture_lineups/2026-04-30/fixture_1208517_lineups.json
1208517,728,Rayo Vallecano,4-4-2,21839,Iñigo Pérez,131546,Isi Palazón,7,F,4:1,True,2026-05-04,raw/api_football/fixture_lineups/2026-04-30/fixture_1208517_lineups.json
1208517,728,Rayo Vallecano,4-4-2,21839,Iñigo Pérez,41552,P. Ciss,6,M,,False,2026-05-04,raw/api_football/fixture_lineups/2026-04-30/fixture_1208517_lineups.json
1208517,728,Rayo Vallecano,4-4-2,21839,Iñigo Pérez,47554,Adri Embarba,21,F,,False,2026-05-04,raw/api_football/fixture_lineups/2026-04-30/fixture_1208517_lineups.json
1208517,728,Rayo Vallecano,4-4-2,21839,Iñigo Pérez,122657,Randy Nteka,11,M,,False,2026-05-04,raw/api_football/fixture_lineups/2026-04-30/fixture_1208517_lineups.json
1208517,728,Rayo Vallecano,4-4-2,21839,Iñigo Pérez,47414,Gerard Gumbau,15,M,,False,2026-05-04,raw/api_football/fixture_lineups/2026-04-30/fixture_1208517_lineups.json
1208517,728,Rayo Vallecano,4-4-2,21839,Iñigo Pérez,181734,Pep Chavarría,3,D,,False,2026-05-04,raw/api_football/fixture_lineups/2026-04-30/fixture_1208517_lineups.json
1208517,728,Rayo Vallecano,4-4-2,21839,Iñigo Pérez,303115,E. Eto'o,28,F,,False,2026-05-04,raw/api_football/fixture_lineups/2026-04-30/fixture_1208517_lineups.json
1208517,728,Rayo Vallecano,4-4-2,21839,Iñigo Pérez,11379,A. Batalla,13,G,,False,2026-05-04,raw/api_football/fixture_lineups/2026-04-30/fixture_1208517_lineups.json
1208517,728,Rayo Vallecano,4-4-2,21839,Iñigo Pérez,1703,A. Rațiu,2,D,,False,2026-05-04,raw/api_football/fixture_lineups/2026-04-30/fixture_1208517_lineups.json
1208517,728,Rayo Vallecano,4-4-2,21839,Iñigo Pérez,46654,Aridane Hernández,5,D,,False,2026-05-04,raw/api_football/fixture_lineups/2026-04-30/fixture_1208517_lineups.json
1208517,728,Rayo Vallecano,4-4-2,21839,Iñigo Pérez,47557,Ó. Trejo,8,M,,False,2026-05-04,raw/api_football/fixture_lineups/2026-04-30/fixture_1208517_lineups.json
1208517,728,Rayo Vallecano,4-4-2,21839,Iñigo Pérez,46887,Pedro Díaz,4,M,,False,2026-05-04,raw/api_football/fixture_lineups/2026-04-30/fixture_1208517_lineups.json
1208517,728,Rayo Vallecano,4-4-2,21839,Iñigo Pérez,333292,Pelayo Fernández,27,D,,False,2026-05-04,raw/api_football/fixture_lineups/2026-04-30/fixture_1208517_lineups.json
1208517,529,Barcelona,4-2-3-1,6472,H. Flick,127,M. ter Stegen,1,G,1:1,True,2026-05-04,raw/api_football/fixture_lineups/2026-04-30/fixture_1208517_lineups.json
1208517,529,Barcelona,4-2-3-1,6472,H. Flick,1257,J. Koundé,23,D,2:4,True,2026-05-04,raw/api_football/fixture_lineups/2026-04-30/fixture_1208517_lineups.json
1208517,529,Barcelona,4-2-3-1,6472,H. Flick,396623,Pau Cubarsí,2,D,2:3,True,2026-05-04,raw/api_football/fixture_lineups/2026-04-30/fixture_1208517_lineups.json
1208517,529,Barcelona,4-2-3-1,6472,H. Flick,2670,Iñigo Martínez,5,D,2:2,True,2026-05-04,raw/api_football/fixture_lineups/2026-04-30/fixture_1208517_lineups.json
1208517,529,Barcelona,4-2-3-1,6472,H. Flick,181701,Gerard Martín,35,D,2:1,True,2026-05-04,raw/api_football/fixture_lineups/2026-04-30/fixture_1208517_lineups.json
1208517,529,Barcelona,4-2-3-1,6472,H. Flick,433396,Marc Bernal,28,M,3:2,True,2026-05-04,raw/api_football/fixture_lineups/2026-04-30/fixture_1208517_lineups.json
1208517,529,Barcelona,4-2-3-1,6472,H. Flick,133609,Pedri,8,M,3:1,True,2026-05-04,raw/api_football/fixture_lineups/2026-04-30/fixture_1208517_lineups.json
1208517,529,Barcelona,4-2-3-1,6472,H. Flick,386828,Lamine Yamal,19,M,4:3,True,2026-05-04,raw/api_football/fixture_lineups/2026-04-30/fixture_1208517_lineups.json
1208517,529,Barcelona,4-2-3-1,6472,H. Flick,1496,Raphinha,11,M,4:2,True,2026-05-04,raw/api_football/fixture_lineups/2026-04-30/fixture_1208517_lineups.json
1208517,529,Barcelona,4-2-3-1,6472,H. Flick,931,Ferran Torres,7,M,4:1,True,2026-05-04,raw/api_football/fixture_lineups/2026-04-30/fixture_1208517_lineups.json
1208517,529,Barcelona,4-2-3-1,6472,H. Flick,521,R. Lewandowski,9,F,5:1,True,2026-05-04,raw/api_football/fixture_lineups/2026-04-30/fixture_1208517_lineups.json
1208517,529,Barcelona,4-2-3-1,6472,H. Flick,1323,Dani Olmo,20,M,,False,2026-05-04,raw/api_football/fixture_lineups/2026-04-30/fixture_1208517_lineups.json
1208517,529,Barcelona,4-2-3-1,6472,H. Flick,161928,Alejandro Balde,3,D,,False,2026-05-04,raw/api_football/fixture_lineups/2026-04-30/fixture_1208517_lineups.json
1208517,529,Barcelona,4-2-3-1,6472,H. Flick,340626,Fermín López,16,M,,False,2026-05-04,raw/api_football/fixture_lineups/2026-04-30/fixture_1208517_lineups.json
1208517,529,Barcelona,4-2-3-1,6472,H. Flick,263530,Pau Víctor,18,F,,False,2026-05-04,raw/api_football/fixture_lineups/2026-04-30/fixture_1208517_lineups.json
1208517,529,Barcelona,4-2-3-1,6472,H. Flick,329728,Marc Casadó,17,M,,False,2026-05-04,raw/api_football/fixture_lineups/2026-04-30/fixture_1208517_lineups.json
1208517,529,Barcelona,4-2-3-1,6472,H. Flick,441244,Andrés Cuenca,39,D,,False,2026-05-04,raw/api_football/fixture_lineups/2026-04-30/fixture_1208517_lineups.json
1208517,529,Barcelona,4-2-3-1,6472,H. Flick,386859,Héctor Fort,32,D,,False,2026-05-04,raw/api_football/fixture_lineups/2026-04-30/fixture_1208517_lineups.json
1208517,529,Barcelona,4-2-3-1,6472,H. Flick,285909,Pablo Torre,14,M,,False,2026-05-04,raw/api_football/fixture_lineups/2026-04-30/fixture_1208517_lineups.json
1208517,529,Barcelona,4-2-3-1,6472,H. Flick,126,Iñaki Peña,13,G,,False,2026-05-04,raw/api_football/fixture_lineups/2026-04-30/fixture_1208517_lineups.json
1208517,529,Barcelona,4-2-3-1,6472,H. Flick,336653,Ander Astralaga,26,G,,False,2026-05-04,raw/api_football/fixture_lineups/2026-04-30/fixture_1208517_lineups.json
1208517,529,Barcelona,4-2-3-1,6472,H. Flick,396624,Sergi Domínguez,36,D,,False,2026-05-04,raw/api_football/fixture_lineups/2026-04-30/fixture_1208517_lineups.json
1208518,533,Villarreal,4-4-2,1585,Marcelino,122956,Diego Conde,13,G,1:1,True,2026-05-04,raw/api_football/fixture_lineups/2026-04-30/fixture_1208518_lineups.json
1208518,533,Villarreal,4-4-2,1585,Marcelino,18794,Kiko Femenía,17,D,2:4,True,2026-05-04,raw/api_football/fixture_lineups/2026-04-30/fixture_1208518_lineups.json
1208518,533,Villarreal,4-4-2,1585,Marcelino,314,Raúl Albiol,3,D,2:3,True,2026-05-04,raw/api_football/fixture_lineups/2026-04-30/fixture_1208518_lineups.json
1208518,533,Villarreal,4-4-2,1585,Marcelino,885,E. Bailly,4,D,2:2,True,2026-05-04,raw/api_football/fixture_lineups/2026-04-30/fixture_1208518_lineups.json
1208518,533,Villarreal,4-4-2,1585,Marcelino,70500,Sergi Cardona,23,D,2:1,True,2026-05-04,raw/api_football/fixture_lineups/2026-04-30/fixture_1208518_lineups.json
1208518,533,Villarreal,4-4-2,1585,Marcelino,184226,Yeremy Pino,21,M,3:4,True,2026-05-04,raw/api_football/fixture_lineups/2026-04-30/fixture_1208518_lineups.json
1208518,533,Villarreal,4-4-2,1585,Marcelino,47541,Santi Comesaña,14,M,3:3,True,2026-05-04,raw/api_football/fixture_lineups/2026-04-30/fixture_1208518_lineups.json
1208518,533,Villarreal,4-4-2,1585,Marcelino,928,Dani Parejo,10,M,3:2,True,2026-05-04,raw/api_football/fixture_lineups/2026-04-30/fixture_1208518_lineups.json
1208518,533,Villarreal,4-4-2,1585,Marcelino,182219,Álex Baena,16,M,3:1,True,2026-05-04,raw/api_football/fixture_lineups/2026-04-30/fixture_1208518_lineups.json
1208518,533,Villarreal,4-4-2,1585,Marcelino,1707,Gerard Moreno,7,F,4:2,True,2026-05-04,raw/api_football/fixture_lineups/2026-04-30/fixture_1208518_lineups.json
1208518,533,Villarreal,4-4-2,1585,Marcelino,83,A. Danjuma,9,F,4:1,True,2026-05-04,raw/api_football/fixture_lineups/2026-04-30/fixture_1208518_lineups.json
1208518,533,Villarreal,4-4-2,1585,Marcelino,18906,Ayoze Pérez,22,F,,False,2026-05-04,raw/api_football/fixture_lineups/2026-04-30/fixture_1208518_lineups.json
1208518,533,Villarreal,4-4-2,1585,Marcelino,21997,Logan Costa,2,D,,False,2026-05-04,raw/api_football/fixture_lineups/2026-04-30/fixture_1208518_lineups.json
1208518,533,Villarreal,4-4-2,1585,Marcelino,3246,N. Pépé,19,F,,False,2026-05-04,raw/api_football/fixture_lineups/2026-04-30/fixture_1208518_lineups.json
1208518,533,Villarreal,4-4-2,1585,Marcelino,343684,T. Barry,15,F,,False,2026-05-04,raw/api_football/fixture_lineups/2026-04-30/fixture_1208518_lineups.json
1208518,533,Villarreal,4-4-2,1585,Marcelino,20696,P. Gueye,18,M,,False,2026-05-04,raw/api_football/fixture_lineups/2026-04-30/fixture_1208518_lineups.json
1208518,533,Villarreal,4-4-2,1585,Marcelino,161931,Arnau Solà,27,D,,False,2026-05-04,raw/api_football/fixture_lineups/2026-04-30/fixture_1208518_lineups.json
1208518,533,Villarreal,4-4-2,1585,Marcelino,435552,Pau Navarro,26,D,,False,2026-05-04,raw/api_football/fixture_lineups/2026-04-30/fixture_1208518_lineups.json
1208518,533,Villarreal,4-4-2,1585,Marcelino,288112,W. Kambwala,5,D,,False,2026-05-04,raw/api_football/fixture_lineups/2026-04-30/fixture_1208518_lineups.json
1208518,533,Villarreal,4-4-2,1585,Marcelino,278619,Luíz Júnior,1,G,,False,2026-05-04,raw/api_football/fixture_lineups/2026-04-30/fixture_1208518_lineups.json
1208518,533,Villarreal,4-4-2,1585,Marcelino,290740,I. Akhomach,11,F,,False,2026-05-04,raw/api_football/fixture_lineups/2026-04-30/fixture_1208518_lineups.json
1208518,533,Villarreal,4-4-2,1585,Marcelino,187987,Ramon Terrats,20,M,,False,2026-05-04,raw/api_football/fixture_lineups/2026-04-30/fixture_1208518_lineups.json
1208518,538,Celta Vigo,3-4-3,18101,Claudio Giráldez,47427,Iván Villar,1,G,1:1,True,2026-05-04,raw/api_football/fixture_lineups/2026-04-30/fixture_1208518_lineups.json
1208518,538,Celta Vigo,3-4-3,18101,Claudio Giráldez,1364,Jailson,16,D,2:3,True,2026-05-04,raw/api_football/fixture_lineups/2026-04-30/fixture_1208518_lineups.json
1208518,538,Celta Vigo,3-4-3,18101,Claudio Giráldez,47988,C. Starfelt,2,D,2:2,True,2026-05-04,raw/api_football/fixture_lineups/2026-04-30/fixture_1208518_lineups.json
1208518,538,Celta Vigo,3-4-3,18101,Claudio Giráldez,18896,Javier Manquillo,22,D,2:1,True,2026-05-04,raw/api_football/fixture_lineups/2026-04-30/fixture_1208518_lineups.json
1208518,538,Celta Vigo,3-4-3,18101,Claudio Giráldez,162712,Óscar Mingueza,3,M,3:4,True,2026-05-04,raw/api_football/fixture_lineups/2026-04-30/fixture_1208518_lineups.json
1208518,538,Celta Vigo,3-4-3,18101,Claudio Giráldez,286796,Damián Rodríguez,25,M,3:3,True,2026-05-04,raw/api_football/fixture_lineups/2026-04-30/fixture_1208518_lineups.json
1208518,538,Celta Vigo,3-4-3,18101,Claudio Giráldez,162123,I. Moriba,6,M,3:2,True,2026-05-04,raw/api_football/fixture_lineups/2026-04-30/fixture_1208518_lineups.json
1208518,538,Celta Vigo,3-4-3,18101,Claudio Giráldez,157988,Sergio Carreira,5,M,3:1,True,2026-05-04,raw/api_football/fixture_lineups/2026-04-30/fixture_1208518_lineups.json
1208518,538,Celta Vigo,3-4-3,18101,Claudio Giráldez,119213,Alfon González,12,F,4:3,True,2026-05-04,raw/api_football/fixture_lineups/2026-04-30/fixture_1208518_lineups.json
1208518,538,Celta Vigo,3-4-3,18101,Claudio Giráldez,47348,Borja Iglesias,7,F,4:2,True,2026-05-04,raw/api_football/fixture_lineups/2026-04-30/fixture_1208518_lineups.json
1208518,538,Celta Vigo,3-4-3,18101,Claudio Giráldez,22235,J. Bamba,17,F,4:1,True,2026-05-04,raw/api_football/fixture_lineups/2026-04-30/fixture_1208518_lineups.json
1208518,538,Celta Vigo,3-4-3,18101,Claudio Giráldez,329720,Hugo Álvarez,30,M,,False,2026-05-04,raw/api_football/fixture_lineups/2026-04-30/fixture_1208518_lineups.json
1208518,538,Celta Vigo,3-4-3,18101,Claudio Giráldez,47435,Fran Beltrán,8,M,,False,2026-05-04,raw/api_football/fixture_lineups/2026-04-30/fixture_1208518_lineups.json
1208518,538,Celta Vigo,3-4-3,18101,Claudio Giráldez,269163,W. Swedberg,19,M,,False,2026-05-04,raw/api_football/fixture_lineups/2026-04-30/fixture_1208518_lineups.json
1208518,538,Celta Vigo,3-4-3,18101,Claudio Giráldez,47445,Iago Aspas,10,F,,False,2026-05-04,raw/api_football/fixture_lineups/2026-04-30/fixture_1208518_lineups.json
1208518,538,Celta Vigo,3-4-3,18101,Claudio Giráldez,26845,T. Douvikas,9,F,,False,2026-05-04,raw/api_football/fixture_lineups/2026-04-30/fixture_1208518_lineups.json
1208518,538,Celta Vigo,3-4-3,18101,Claudio Giráldez,320517,Pablo Durán,18,F,,False,2026-05-04,raw/api_football/fixture_lineups/2026-04-30/fixture_1208518_lineups.json
1208518,538,Celta Vigo,3-4-3,18101,Claudio Giráldez,1926,J. Aidoo,15,D,,False,2026-05-04,raw/api_football/fixture_lineups/2026-04-30/fixture_1208518_lineups.json
1208518,538,Celta Vigo,3-4-3,18101,Claudio Giráldez,182730,Marc Vidal,26,G,,False,2026-05-04,raw/api_football/fixture_lineups/2026-04-30/fixture_1208518_lineups.json
1208518,538,Celta Vigo,3-4-3,18101,Claudio Giráldez,286559,Carlos Domínguez,24,D,,False,2026-05-04,raw/api_football/fixture_lineups/2026-04-30/fixture_1208518_lineups.json
1208518,538,Celta Vigo,3-4-3,18101,Claudio Giráldez,18835,Vicente Guaita,13,G,,False,2026-05-04,raw/api_football/fixture_lineups/2026-04-30/fixture_1208518_lineups.json
1208518,538,Celta Vigo,3-4-3,18101,Claudio Giráldez,384135,Javi Rodríguez,32,D,,False,2026-05-04,raw/api_football/fixture_lineups/2026-04-30/fixture_1208518_lineups.json
1208518,538,Celta Vigo,3-4-3,18101,Claudio Giráldez,313651,Hugo Sotelo,33,M,,False,2026-05-04,raw/api_football/fixture_lineups/2026-04-30/fixture_1208518_lineups.json
1208520,720,Valladolid,4-3-3,783,P. Pezzolano,169295,K. Hein,13,G,1:1,True,2026-05-04,raw/api_football/fixture_lineups/2026-04-30/fixture_1208520_lineups.json
1208520,720,Valladolid,4-3-3,783,P. Pezzolano,47078,Luis Pérez,2,D,2:4,True,2026-05-04,raw/api_football/fixture_lineups/2026-04-30/fixture_1208520_lineups.json
1208520,720,Valladolid,4-3-3,783,P. Pezzolano,740,Javi Sánchez,5,D,2:3,True,2026-05-04,raw/api_football/fixture_lineups/2026-04-30/fixture_1208520_lineups.json
1208520,720,Valladolid,4-3-3,783,P. Pezzolano,279822,E. Boyomo,6,D,2:2,True,2026-05-04,raw/api_football/fixture_lineups/2026-04-30/fixture_1208520_lineups.json
1208520,720,Valladolid,4-3-3,783,P. Pezzolano,56283,Lucas Rosa,22,D,2:1,True,2026-05-04,raw/api_football/fixture_lineups/2026-04-30/fixture_1208520_lineups.json
1208520,720,Valladolid,4-3-3,783,P. Pezzolano,107153,Kike Pérez,8,M,3:3,True,2026-05-04,raw/api_football/fixture_lineups/2026-04-30/fixture_1208520_lineups.json
1208520,720,Valladolid,4-3-3,783,P. Pezzolano,14341,S. Jurić,20,M,3:2,True,2026-05-04,raw/api_football/fixture_lineups/2026-04-30/fixture_1208520_lineups.json
1208520,720,Valladolid,4-3-3,783,P. Pezzolano,8587,S. Amallah,21,M,3:1,True,2026-05-04,raw/api_football/fixture_lineups/2026-04-30/fixture_1208520_lineups.json
1208520,720,Valladolid,4-3-3,783,P. Pezzolano,104793,A. Ndiaye,19,F,4:3,True,2026-05-04,raw/api_football/fixture_lineups/2026-04-30/fixture_1208520_lineups.json
1208520,720,Valladolid,4-3-3,783,P. Pezzolano,8518,M. Sylla,7,F,4:2,True,2026-05-04,raw/api_football/fixture_lineups/2026-04-30/fixture_1208520_lineups.json
1208520,720,Valladolid,4-3-3,783,P. Pezzolano,264470,Raúl Moro,11,F,4:1,True,2026-05-04,raw/api_football/fixture_lineups/2026-04-30/fixture_1208520_lineups.json
1208520,720,Valladolid,4-3-3,783,P. Pezzolano,162028,Juanmi Latasa,14,F,,False,2026-05-04,raw/api_football/fixture_lineups/2026-04-30/fixture_1208520_lineups.json
1208520,720,Valladolid,4-3-3,783,P. Pezzolano,46979,Iván Sánchez,10,M,,False,2026-05-04,raw/api_football/fixture_lineups/2026-04-30/fixture_1208520_lineups.json
1208520,720,Valladolid,4-3-3,783,P. Pezzolano,181463,Víctor Meseguer,4,M,,False,2026-05-04,raw/api_football/fixture_lineups/2026-04-30/fixture_1208520_lineups.json
1208520,720,Valladolid,4-3-3,783,P. Pezzolano,122233,Marcos André,9,F,,False,2026-05-04,raw/api_football/fixture_lineups/2026-04-30/fixture_1208520_lineups.json
1208520,720,Valladolid,4-3-3,783,P. Pezzolano,331004,Chuky,28,M,,False,2026-05-04,raw/api_football/fixture_lineups/2026-04-30/fixture_1208520_lineups.json
1208520,720,Valladolid,4-3-3,783,P. Pezzolano,41320,André Ferreira,1,G,,False,2026-05-04,raw/api_football/fixture_lineups/2026-04-30/fixture_1208520_lineups.json
1208520,720,Valladolid,4-3-3,783,P. Pezzolano,298064,David Torres,3,D,,False,2026-05-04,raw/api_football/fixture_lineups/2026-04-30/fixture_1208520_lineups.json
1208520,720,Valladolid,4-3-3,783,P. Pezzolano,361386,Koke,32,D,,False,2026-05-04,raw/api_football/fixture_lineups/2026-04-30/fixture_1208520_lineups.json
1208520,720,Valladolid,4-3-3,783,P. Pezzolano,343205,Mario Martín,12,M,,False,2026-05-04,raw/api_football/fixture_lineups/2026-04-30/fixture_1208520_lineups.json
1208520,720,Valladolid,4-3-3,783,P. Pezzolano,2459,D. Machís,18,F,,False,2026-05-04,raw/api_football/fixture_lineups/2026-04-30/fixture_1208520_lineups.json
1208520,720,Valladolid,4-3-3,783,P. Pezzolano,332304,Raúl Chasco,30,M,,False,2026-05-04,raw/api_football/fixture_lineups/2026-04-30/fixture_1208520_lineups.json
1208520,720,Valladolid,4-3-3,783,P. Pezzolano,48372,E. Cömert,15,D,,False,2026-05-04,raw/api_football/fixture_lineups/2026-04-30/fixture_1208520_lineups.json
1208520,537,Leganes,4-2-3-1,1100,Borja Jiménez,2036,Juan Soriano,1,G,1:1,True,2026-05-04,raw/api_football/fixture_lineups/2026-04-30/fixture_1208520_lineups.json
1208520,537,Leganes,4-2-3-1,1100,Borja Jiménez,21701,V. Rosier,12,D,2:4,True,2026-05-04,raw/api_football/fixture_lineups/2026-04-30/fixture_1208520_lineups.json
1208520,537,Leganes,4-2-3-1,1100,Borja Jiménez,47080,Jorge Sáenz,3,D,2:3,True,2026-05-04,raw/api_football/fixture_lineups/2026-04-30/fixture_1208520_lineups.json
1208520,537,Leganes,4-2-3-1,1100,Borja Jiménez,123047,Sergio González,6,D,2:2,True,2026-05-04,raw/api_football/fixture_lineups/2026-04-30/fixture_1208520_lineups.json
1208520,537,Leganes,4-2-3-1,1100,Borja Jiménez,46849,Javi Hernández,20,D,2:1,True,2026-05-04,raw/api_football/fixture_lineups/2026-04-30/fixture_1208520_lineups.json
1208520,537,Leganes,4-2-3-1,1100,Borja Jiménez,41976,Y. Neyou,17,M,3:2,True,2026-05-04,raw/api_football/fixture_lineups/2026-04-30/fixture_1208520_lineups.json
1208520,537,Leganes,4-2-3-1,1100,Borja Jiménez,302051,S. Cissé,8,M,3:1,True,2026-05-04,raw/api_football/fixture_lineups/2026-04-30/fixture_1208520_lineups.json
1208520,537,Leganes,4-2-3-1,1100,Borja Jiménez,185202,Juan Cruz,11,M,4:3,True,2026-05-04,raw/api_football/fixture_lineups/2026-04-30/fixture_1208520_lineups.json
1208520,537,Leganes,4-2-3-1,1100,Borja Jiménez,5974,J. Chicco,24,M,4:2,True,2026-05-04,raw/api_football/fixture_lineups/2026-04-30/fixture_1208520_lineups.json
1208520,537,Leganes,4-2-3-1,1100,Borja Jiménez,129657,Enric Franquesa,15,M,4:1,True,2026-05-04,raw/api_football/fixture_lineups/2026-04-30/fixture_1208520_lineups.json
1208520,537,Leganes,4-2-3-1,1100,Borja Jiménez,47494,Miguel de la Fuente,9,F,5:1,True,2026-05-04,raw/api_football/fixture_lineups/2026-04-30/fixture_1208520_lineups.json
1208520,537,Leganes,4-2-3-1,1100,Borja Jiménez,47416,Óscar Rodríguez,7,M,,False,2026-05-04,raw/api_football/fixture_lineups/2026-04-30/fixture_1208520_lineups.json
1208520,537,Leganes,4-2-3-1,1100,Borja Jiménez,47361,D. Brašanac,14,M,,False,2026-05-04,raw/api_football/fixture_lineups/2026-04-30/fixture_1208520_lineups.json
1208520,537,Leganes,4-2-3-1,1100,Borja Jiménez,47321,Roberto López,21,M,,False,2026-05-04,raw/api_football/fixture_lineups/2026-04-30/fixture_1208520_lineups.json
1208520,537,Leganes,4-2-3-1,1100,Borja Jiménez,2060,M. El Haddadi,23,F,,False,2026-05-04,raw/api_football/fixture_lineups/2026-04-30/fixture_1208520_lineups.json
1208520,537,Leganes,4-2-3-1,1100,Borja Jiménez,2433,R. Tapia,5,M,,False,2026-05-04,raw/api_football/fixture_lineups/2026-04-30/fixture_1208520_lineups.json
1208520,537,Leganes,4-2-3-1,1100,Borja Jiménez,131492,Aritz Arambarri,22,D,,False,2026-05-04,raw/api_football/fixture_lineups/2026-04-30/fixture_1208520_lineups.json
1208520,537,Leganes,4-2-3-1,1100,Borja Jiménez,2575,J. Porozo,4,D,,False,2026-05-04,raw/api_football/fixture_lineups/2026-04-30/fixture_1208520_lineups.json
1208520,537,Leganes,4-2-3-1,1100,Borja Jiménez,184481,Diego García,19,F,,False,2026-05-04,raw/api_football/fixture_lineups/2026-04-30/fixture_1208520_lineups.json
1208520,537,Leganes,4-2-3-1,1100,Borja Jiménez,2813,M. Dmitrović,13,G,,False,2026-05-04,raw/api_football/fixture_lineups/2026-04-30/fixture_1208520_lineups.json
1208520,537,Leganes,4-2-3-1,1100,Borja Jiménez,162122,Adrià Alti,2,D,,False,2026-05-04,raw/api_football/fixture_lineups/2026-04-30/fixture_1208520_lineups.json
1208520,537,Leganes,4-2-3-1,1100,Borja Jiménez,327495,Alvin,36,G,,False,2026-05-04,raw/api_football/fixture_lineups/2026-04-30/fixture_1208520_lineups.json
1208520,537,Leganes,4-2-3-1,1100,Borja Jiménez,1708,Dani Raba,10,F,,False,2026-05-04,raw/api_football/fixture_lineups/2026-04-30/fixture_1208520_lineups.json
1212910,720,Valladolid,4-5-1,783,P. Pezzolano,169295,K. Hein,13,G,1:1,True,2026-05-04,raw/api_football/fixture_lineups/2026-04-30/fixture_1212910_lineups.json
1212910,720,Valladolid,4-5-1,783,P. Pezzolano,47078,Luis Pérez,2,D,2:4,True,2026-05-04,raw/api_football/fixture_lineups/2026-04-30/fixture_1212910_lineups.json
1212910,720,Valladolid,4-5-1,783,P. Pezzolano,740,Javi Sánchez,5,D,2:3,True,2026-05-04,raw/api_football/fixture_lineups/2026-04-30/fixture_1212910_lineups.json
1212910,720,Valladolid,4-5-1,783,P. Pezzolano,279822,E. Boyomo,6,D,2:2,True,2026-05-04,raw/api_football/fixture_lineups/2026-04-30/fixture_1212910_lineups.json
1212910,720,Valladolid,4-5-1,783,P. Pezzolano,56283,Lucas Rosa,22,D,2:1,True,2026-05-04,raw/api_football/fixture_lineups/2026-04-30/fixture_1212910_lineups.json
1212910,720,Valladolid,4-5-1,783,P. Pezzolano,104793,A. Ndiaye,19,M,3:5,True,2026-05-04,raw/api_football/fixture_lineups/2026-04-30/fixture_1212910_lineups.json
1212910,720,Valladolid,4-5-1,783,P. Pezzolano,107153,Kike Pérez,8,M,3:4,True,2026-05-04,raw/api_football/fixture_lineups/2026-04-30/fixture_1212910_lineups.json
1212910,720,Valladolid,4-5-1,783,P. Pezzolano,48372,E. Cömert,15,M,3:3,True,2026-05-04,raw/api_football/fixture_lineups/2026-04-30/fixture_1212910_lineups.json
1212910,720,Valladolid,4-5-1,783,P. Pezzolano,8587,S. Amallah,21,M,3:2,True,2026-05-04,raw/api_football/fixture_lineups/2026-04-30/fixture_1212910_lineups.json
1212910,720,Valladolid,4-5-1,783,P. Pezzolano,264470,Raúl Moro,11,M,3:1,True,2026-05-04,raw/api_football/fixture_lineups/2026-04-30/fixture_1212910_lineups.json
1212910,720,Valladolid,4-5-1,783,P. Pezzolano,8518,M. Sylla,7,F,4:1,True,2026-05-04,raw/api_football/fixture_lineups/2026-04-30/fixture_1212910_lineups.json
1212910,720,Valladolid,4-5-1,783,P. Pezzolano,14341,S. Jurić,20,M,,False,2026-05-04,raw/api_football/fixture_lineups/2026-04-30/fixture_1212910_lineups.json
1212910,720,Valladolid,4-5-1,783,P. Pezzolano,46979,Iván Sánchez,10,M,,False,2026-05-04,raw/api_football/fixture_lineups/2026-04-30/fixture_1212910_lineups.json
1212910,720,Valladolid,4-5-1,783,P. Pezzolano,181463,Víctor Meseguer,4,M,,False,2026-05-04,raw/api_football/fixture_lineups/2026-04-30/fixture_1212910_lineups.json
1212910,720,Valladolid,4-5-1,783,P. Pezzolano,331004,Chuky,28,M,,False,2026-05-04,raw/api_football/fixture_lineups/2026-04-30/fixture_1212910_lineups.json
1212910,720,Valladolid,4-5-1,783,P. Pezzolano,298064,David Torres,3,D,,False,2026-05-04,raw/api_football/fixture_lineups/2026-04-30/fixture_1212910_lineups.json
1212910,720,Valladolid,4-5-1,783,P. Pezzolano,361386,Koke,32,D,,False,2026-05-04,raw/api_football/fixture_lineups/2026-04-30/fixture_1212910_lineups.json
1212910,720,Valladolid,4-5-1,783,P. Pezzolano,292219,S. Biuk,17,F,,False,2026-05-04,raw/api_football/fixture_lineups/2026-04-30/fixture_1212910_lineups.json
1212910,720,Valladolid,4-5-1,783,P. Pezzolano,122233,Marcos André,9,F,,False,2026-05-04,raw/api_football/fixture_lineups/2026-04-30/fixture_1212910_lineups.json
1212910,720,Valladolid,4-5-1,783,P. Pezzolano,46919,César de la Hoz,16,M,,False,2026-05-04,raw/api_football/fixture_lineups/2026-04-30/fixture_1212910_lineups.json
1212910,720,Valladolid,4-5-1,783,P. Pezzolano,2459,D. Machís,18,F,,False,2026-05-04,raw/api_football/fixture_lineups/2026-04-30/fixture_1212910_lineups.json
1212910,720,Valladolid,4-5-1,783,P. Pezzolano,329725,Arnau Rafús,26,G,,False,2026-05-04,raw/api_football/fixture_lineups/2026-04-30/fixture_1212910_lineups.json
1212910,720,Valladolid,4-5-1,783,P. Pezzolano,332304,Raúl Chasco,30,M,,False,2026-05-04,raw/api_football/fixture_lineups/2026-04-30/fixture_1212910_lineups.json
1212910,540,Espanyol,5-3-2,6757,Manolo González,182718,Joan García,1,G,1:1,True,2026-05-04,raw/api_football/fixture_lineups/2026-04-30/fixture_1212910_lineups.json
1212910,540,Espanyol,5-3-2,6757,Manolo González,46709,Álvaro Tejero,12,D,2:5,True,2026-05-04,raw/api_football/fixture_lineups/2026-04-30/fixture_1212910_lineups.json
1212910,540,Espanyol,5-3-2,6757,Manolo González,286601,O. El Hilali,23,D,2:4,True,2026-05-04,raw/api_football/fixture_lineups/2026-04-30/fixture_1212910_lineups.json
1212910,540,Espanyol,5-3-2,6757,Manolo González,2042,Sergi Gómez,3,D,2:3,True,2026-05-04,raw/api_football/fixture_lineups/2026-04-30/fixture_1212910_lineups.json
1212910,540,Espanyol,5-3-2,6757,Manolo González,47249,L. Cabrera,6,D,2:2,True,2026-05-04,raw/api_football/fixture_lineups/2026-04-30/fixture_1212910_lineups.json
1212910,540,Espanyol,5-3-2,6757,Manolo González,184420,Carlos Romero,22,D,2:1,True,2026-05-04,raw/api_football/fixture_lineups/2026-04-30/fixture_1212910_lineups.json
1212910,540,Espanyol,5-3-2,6757,Manolo González,47398,Pere Milla,11,M,3:3,True,2026-05-04,raw/api_football/fixture_lineups/2026-04-30/fixture_1212910_lineups.json
1212910,540,Espanyol,5-3-2,6757,Manolo González,67940,José Gragera,15,M,3:2,True,2026-05-04,raw/api_football/fixture_lineups/2026-04-30/fixture_1212910_lineups.json
1212910,540,Espanyol,5-3-2,6757,Manolo González,127426,Pol Lozano,10,M,3:1,True,2026-05-04,raw/api_football/fixture_lineups/2026-04-30/fixture_1212910_lineups.json
1212910,540,Espanyol,5-3-2,6757,Manolo González,311344,A. Véliz,9,F,4:2,True,2026-05-04,raw/api_football/fixture_lineups/2026-04-30/fixture_1212910_lineups.json
1212910,540,Espanyol,5-3-2,6757,Manolo González,47349,Javi Puado,7,F,4:1,True,2026-05-04,raw/api_football/fixture_lineups/2026-04-30/fixture_1212910_lineups.json
1212910,540,Espanyol,5-3-2,6757,Manolo González,8683,I. Cardona,24,F,,False,2026-05-04,raw/api_football/fixture_lineups/2026-04-30/fixture_1212910_lineups.json
1212910,540,Espanyol,5-3-2,6757,Manolo González,1234,A. Král,20,M,,False,2026-05-04,raw/api_football/fixture_lineups/2026-04-30/fixture_1212910_lineups.json
1212910,540,Espanyol,5-3-2,6757,Manolo González,297742,Antoniu Roca,31,F,,False,2026-05-04,raw/api_football/fixture_lineups/2026-04-30/fixture_1212910_lineups.json
1212910,540,Espanyol,5-3-2,6757,Manolo González,182674,Jofre Carreras,17,F,,False,2026-05-04,raw/api_football/fixture_lineups/2026-04-30/fixture_1212910_lineups.json
1212910,540,Espanyol,5-3-2,6757,Manolo González,47195,Álvaro Aguado,18,M,,False,2026-05-04,raw/api_football/fixture_lineups/2026-04-30/fixture_1212910_lineups.json
1212910,540,Espanyol,5-3-2,6757,Manolo González,46764,Brian Oliván,14,D,,False,2026-05-04,raw/api_football/fixture_lineups/2026-04-30/fixture_1212910_lineups.json
1212910,540,Espanyol,5-3-2,6757,Manolo González,182735,Ángel Fortuño,33,G,,False,2026-05-04,raw/api_football/fixture_lineups/2026-04-30/fixture_1212910_lineups.json
1212910,540,Espanyol,5-3-2,6757,Manolo González,419912,O. Sadik,32,F,,False,2026-05-04,raw/api_football/fixture_lineups/2026-04-30/fixture_1212910_lineups.json
1212910,540,Espanyol,5-3-2,6757,Manolo González,46775,Salvi Sánchez,19,M,,False,2026-05-04,raw/api_football/fixture_lineups/2026-04-30/fixture_1212910_lineups.json
1212910,540,Espanyol,5-3-2,6757,Manolo González,47352,Fernando Pacheco,13,G,,False,2026-05-04,raw/api_football/fixture_lineups/2026-04-30/fixture_1212910_lineups.json
1212910,540,Espanyol,5-3-2,6757,Manolo González,438284,Rafel Bauzà,35,M,,False,2026-05-04,raw/api_football/fixture_lineups/2026-04-30/fixture_1212910_lineups.json
1212910,540,Espanyol,5-3-2,6757,Manolo González,47478,Fernando Calero,5,D,,False,2026-05-04,raw/api_football/fixture_lineups/2026-04-30/fixture_1212910_lineups.json
1212911,540,Espanyol,4-4-2,6757,Manolo González,182718,Joan García,1,G,1:1,True,2026-05-04,raw/api_football/fixture_lineups/2026-04-30/fixture_1212911_lineups.json
1212911,540,Espanyol,4-4-2,6757,Manolo González,286601,O. El Hilali,23,D,2:4,True,2026-05-04,raw/api_football/fixture_lineups/2026-04-30/fixture_1212911_lineups.json
1212911,540,Espanyol,4-4-2,6757,Manolo González,30924,M. Kumbulla,4,D,2:3,True,2026-05-04,raw/api_football/fixture_lineups/2026-04-30/fixture_1212911_lineups.json
1212911,540,Espanyol,4-4-2,6757,Manolo González,47249,L. Cabrera,6,D,2:2,True,2026-05-04,raw/api_football/fixture_lineups/2026-04-30/fixture_1212911_lineups.json
1212911,540,Espanyol,4-4-2,6757,Manolo González,184420,Carlos Romero,22,D,2:1,True,2026-05-04,raw/api_football/fixture_lineups/2026-04-30/fixture_1212911_lineups.json
1212911,540,Espanyol,4-4-2,6757,Manolo González,182674,Jofre Carreras,17,M,3:4,True,2026-05-04,raw/api_football/fixture_lineups/2026-04-30/fixture_1212911_lineups.json
1212911,540,Espanyol,4-4-2,6757,Manolo González,1234,A. Král,20,M,3:3,True,2026-05-04,raw/api_football/fixture_lineups/2026-04-30/fixture_1212911_lineups.json
1212911,540,Espanyol,4-4-2,6757,Manolo González,67940,José Gragera,15,M,3:2,True,2026-05-04,raw/api_football/fixture_lineups/2026-04-30/fixture_1212911_lineups.json
1212911,540,Espanyol,4-4-2,6757,Manolo González,8683,I. Cardona,24,M,3:1,True,2026-05-04,raw/api_football/fixture_lineups/2026-04-30/fixture_1212911_lineups.json
1212911,540,Espanyol,4-4-2,6757,Manolo González,311344,A. Véliz,9,F,4:2,True,2026-05-04,raw/api_football/fixture_lineups/2026-04-30/fixture_1212911_lineups.json
1212911,540,Espanyol,4-4-2,6757,Manolo González,47349,Javi Puado,7,F,4:1,True,2026-05-04,raw/api_football/fixture_lineups/2026-04-30/fixture_1212911_lineups.json
1212911,540,Espanyol,4-4-2,6757,Manolo González,46764,Brian Oliván,14,D,,False,2026-05-04,raw/api_football/fixture_lineups/2026-04-30/fixture_1212911_lineups.json
1212911,540,Espanyol,4-4-2,6757,Manolo González,297742,Antoniu Roca,31,F,,False,2026-05-04,raw/api_football/fixture_lineups/2026-04-30/fixture_1212911_lineups.json
1212911,540,Espanyol,4-4-2,6757,Manolo González,47195,Álvaro Aguado,18,M,,False,2026-05-04,raw/api_football/fixture_lineups/2026-04-30/fixture_1212911_lineups.json
1212911,540,Espanyol,4-4-2,6757,Manolo González,46709,Álvaro Tejero,12,D,,False,2026-05-04,raw/api_football/fixture_lineups/2026-04-30/fixture_1212911_lineups.json
1212911,540,Espanyol,4-4-2,6757,Manolo González,47398,Pere Milla,11,M,,False,2026-05-04,raw/api_football/fixture_lineups/2026-04-30/fixture_1212911_lineups.json
1212911,540,Espanyol,4-4-2,6757,Manolo González,438284,Rafel Bauzà,35,M,,False,2026-05-04,raw/api_football/fixture_lineups/2026-04-30/fixture_1212911_lineups.json
1212911,540,Espanyol,4-4-2,6757,Manolo González,182735,Ángel Fortuño,33,G,,False,2026-05-04,raw/api_football/fixture_lineups/2026-04-30/fixture_1212911_lineups.json
1212911,540,Espanyol,4-4-2,6757,Manolo González,47478,Fernando Calero,5,D,,False,2026-05-04,raw/api_football/fixture_lineups/2026-04-30/fixture_1212911_lineups.json
1212911,540,Espanyol,4-4-2,6757,Manolo González,46775,Salvi Sánchez,19,M,,False,2026-05-04,raw/api_football/fixture_lineups/2026-04-30/fixture_1212911_lineups.json
1212911,540,Espanyol,4-4-2,6757,Manolo González,2042,Sergi Gómez,3,D,,False,2026-05-04,raw/api_football/fixture_lineups/2026-04-30/fixture_1212911_lineups.json
1212911,540,Espanyol,4-4-2,6757,Manolo González,127426,Pol Lozano,10,M,,False,2026-05-04,raw/api_football/fixture_lineups/2026-04-30/fixture_1212911_lineups.json
1212911,540,Espanyol,4-4-2,6757,Manolo González,47352,Fernando Pacheco,13,G,,False,2026-05-04,raw/api_football/fixture_lineups/2026-04-30/fixture_1212911_lineups.json
1212911,548,Real Sociedad,4-1-4-1,1586,Imanol Alguacil,47269,Álex Remiro,1,G,1:1,True,2026-05-04,raw/api_football/fixture_lineups/2026-04-30/fixture_1212911_lineups.json
1212911,548,Real Sociedad,4-1-4-1,1586,Imanol Alguacil,2202,H. Traoré,18,D,2:4,True,2026-05-04,raw/api_football/fixture_lineups/2026-04-30/fixture_1212911_lineups.json
1212911,548,Real Sociedad,4-1-4-1,1586,Imanol Alguacil,47298,Aritz Elustondo,6,D,2:3,True,2026-05-04,raw/api_football/fixture_lineups/2026-04-30/fixture_1212911_lineups.json
1212911,548,Real Sociedad,4-1-4-1,1586,Imanol Alguacil,182546,Jon Pacheco,20,D,2:2,True,2026-05-04,raw/api_football/fixture_lineups/2026-04-30/fixture_1212911_lineups.json
1212911,548,Real Sociedad,4-1-4-1,1586,Imanol Alguacil,182636,Javi López,12,D,2:1,True,2026-05-04,raw/api_football/fixture_lineups/2026-04-30/fixture_1212911_lineups.json
1212911,548,Real Sociedad,4-1-4-1,1586,Imanol Alguacil,47315,Martín Zubimendi,4,M,3:1,True,2026-05-04,raw/api_football/fixture_lineups/2026-04-30/fixture_1212911_lineups.json
1212911,548,Real Sociedad,4-1-4-1,1586,Imanol Alguacil,23,Sergio Gómez,17,M,4:4,True,2026-05-04,raw/api_football/fixture_lineups/2026-04-30/fixture_1212911_lineups.json
1212911,548,Real Sociedad,4-1-4-1,1586,Imanol Alguacil,47440,Brais Méndez,23,M,4:3,True,2026-05-04,raw/api_football/fixture_lineups/2026-04-30/fixture_1212911_lineups.json
1212911,548,Real Sociedad,4-1-4-1,1586,Imanol Alguacil,183744,Beñat Turrientes,22,M,4:2,True,2026-05-04,raw/api_football/fixture_lineups/2026-04-30/fixture_1212911_lineups.json
1212911,548,Real Sociedad,4-1-4-1,1586,Imanol Alguacil,37938,S. Becker,11,M,4:1,True,2026-05-04,raw/api_football/fixture_lineups/2026-04-30/fixture_1212911_lineups.json
1212911,548,Real Sociedad,4-1-4-1,1586,Imanol Alguacil,47323,Mikel Oyarzabal,10,F,5:1,True,2026-05-04,raw/api_football/fixture_lineups/2026-04-30/fixture_1212911_lineups.json
1212911,548,Real Sociedad,4-1-4-1,1586,Imanol Alguacil,32862,T. Kubo,14,F,,False,2026-05-04,raw/api_football/fixture_lineups/2026-04-30/fixture_1212911_lineups.json
1212911,548,Real Sociedad,4-1-4-1,1586,Imanol Alguacil,182603,Jon Olasagasti,16,M,,False,2026-05-04,raw/api_football/fixture_lineups/2026-04-30/fixture_1212911_lineups.json
1212911,548,Real Sociedad,4-1-4-1,1586,Imanol Alguacil,31406,U. Sadiq,19,F,,False,2026-05-04,raw/api_football/fixture_lineups/2026-04-30/fixture_1212911_lineups.json
1212911,548,Real Sociedad,4-1-4-1,1586,Imanol Alguacil,199044,J. Aramburu,27,D,,False,2026-05-04,raw/api_football/fixture_lineups/2026-04-30/fixture_1212911_lineups.json
1212911,548,Real Sociedad,4-1-4-1,1586,Imanol Alguacil,290106,Pablo Marín,28,M,,False,2026-05-04,raw/api_football/fixture_lineups/2026-04-30/fixture_1212911_lineups.json
1212911,548,Real Sociedad,4-1-4-1,1586,Imanol Alguacil,183699,Urko González,15,M,,False,2026-05-04,raw/api_football/fixture_lineups/2026-04-30/fixture_1212911_lineups.json
1212911,548,Real Sociedad,4-1-4-1,1586,Imanol Alguacil,189831,Egoitz Arana,35,G,,False,2026-05-04,raw/api_football/fixture_lineups/2026-04-30/fixture_1212911_lineups.json
1212911,548,Real Sociedad,4-1-4-1,1586,Imanol Alguacil,7332,L. Sučić,24,M,,False,2026-05-04,raw/api_football/fixture_lineups/2026-04-30/fixture_1212911_lineups.json
1212911,548,Real Sociedad,4-1-4-1,1586,Imanol Alguacil,47303,Aihen Muñoz,3,D,,False,2026-05-04,raw/api_football/fixture_lineups/2026-04-30/fixture_1212911_lineups.json
1212911,548,Real Sociedad,4-1-4-1,1586,Imanol Alguacil,405073,Jon Martín,31,D,,False,2026-05-04,raw/api_football/fixture_lineups/2026-04-30/fixture_1212911_lineups.json
1212911,548,Real Sociedad,4-1-4-1,1586,Imanol Alguacil,287652,Jon Magunazelaia,25,M,,False,2026-05-04,raw/api_football/fixture_lineups/2026-04-30/fixture_1212911_lineups.json
1212911,548,Real Sociedad,4-1-4-1,1586,Imanol Alguacil,189832,Unai Marrero,13,G,,False,2026-05-04,raw/api_football/fixture_lineups/2026-04-30/fixture_1212911_lineups.json
