fixture_id,referee,timezone,date,timestamp,venue_id,venue_name,venue_city,status_long,status_short,status_elapsed,league_id,league_name,league_country,season,round,home_team_id,home_team_name,home_team_winner,away_team_id,away_team_name,away_team_winner,goals_home,goals_away,score_ht_home,score_ht_away,score_ft_home,score_ft_away,score_et_home,score_et_away,score_pen_home,score_pen_away,ingestion_date,source_file
1208494,Alejandro Muñiz,UTC,2024-08-15T17:00:00+00:00,1723741200,1460.0,San Mamés Barria,Bilbao,Match Finished,FT,90,140,La Liga,Spain,2024,Regular Season - 1,531,Athletic Club,,546,Getafe,,1,1,1,0,1,1,,,,,2026-05-04,raw/api_football/fixtures/2026-04-30/fixtures_league_140_2024.json
1208495,Miguel Ortiz,UTC,2024-08-15T19:30:00+00:00,1723750200,1489.0,Estadio Benito Villamarín,Sevilla,Match Finished,FT,90,140,La Liga,Spain,2024,Regular Season - 1,543,Real Betis,,547,Girona,,1,1,1,0,1,1,,,,,2026-05-04,raw/api_football/fixtures/2026-04-30/fixtures_league_140_2024.json
1208501,Alejandro Quintero,UTC,2024-08-16T17:00:00+00:00,1723827600,,Estadio Abanca-Balaídos,Vigo,Match Finished,FT,90,140,La Liga,Spain,2024,Regular Season - 1,538,Celta Vigo,True,542,Alaves,False,2,1,0,1,2,1,,,,,2026-05-04,raw/api_football/fixtures/2026-04-30/fixtures_league_140_2024.json
1208497,Francisco Hernández,UTC,2024-08-16T19:30:00+00:00,1723836600,1481.0,Estadio de Gran Canaria,Las Palmas de Gran Canaria,Match Finished,FT,90,140,La Liga,Spain,2024,Regular Season - 1,534,Las Palmas,,536,Sevilla,,2,2,1,1,2,2,,,,,2026-05-04,raw/api_football/fixtures/2026-04-30/fixtures_league_140_2024.json
1208502,Juan Pulido,UTC,2024-08-17T17:00:00+00:00,1723914000,1486.0,Estadio El Sadar,Iruñea,Match Finished,FT,90,140,La Liga,Spain,2024,Regular Season - 1,727,Osasuna,,537,Leganes,,1,1,0,1,1,1,,,,,2026-05-04,raw/api_football/fixtures/2026-04-30/fixtures_league_140_2024.json
1208499,José Sánchez,UTC,2024-08-17T19:30:00+00:00,1723923000,1497.0,Estadio de Mestalla,Valencia,Match Finished,FT,90,140,La Liga,Spain,2024,Regular Season - 1,532,Valencia,False,529,Barcelona,True,1,2,1,1,1,2,,,,,2026-05-04,raw/api_football/fixtures/2026-04-30/fixtures_league_140_2024.json
1208500,Alejandro Hernández,UTC,2024-08-18T17:00:00+00:00,1724000400,1491.0,Reale Arena,Donostia-San Sebastián,Match Finished,FT,90,140,La Liga,Spain,2024,Regular Season - 1,548,Real Sociedad,False,728,Rayo Vallecano,True,1,2,0,0,1,2,,,,,2026-05-04,raw/api_football/fixtures/2026-04-30/fixtures_league_140_2024.json
1208496,César Soto,UTC,2024-08-18T19:30:00+00:00,1724009400,19940.0,Estadi Mallorca Son Moix,Palma de Mallorca,Match Finished,FT,90,140,La Liga,Spain,2024,Regular Season - 1,798,Mallorca,,541,Real Madrid,,1,1,0,1,1,1,,,,,2026-05-04,raw/api_football/fixtures/2026-04-30/fixtures_league_140_2024.json
1212910,Pablo González,UTC,2024-08-19T17:00:00+00:00,1724086800,1492.0,Estadio Municipal José Zorrilla,Valladolid,Match Finished,FT,90,140,La Liga,Spain,2024,Regular Season - 1,720,Valladolid,True,540,Espanyol,False,1,0,1,0,1,0,,,,,2026-05-04,raw/api_football/fixtures/2026-04-30/fixtures_league_140_2024.json
1208498,Guillermo Cuadra,UTC,2024-08-19T19:30:00+00:00,1724095800,1498.0,Estadio de la Cerámica,Villarreal,Match Finished,FT,90,140,La Liga,Spain,2024,Regular Season - 1,533,Villarreal,,530,Atletico Madrid,,2,2,2,2,2,2,,,,,2026-05-04,raw/api_football/fixtures/2026-04-30/fixtures_league_140_2024.json
1208504,José Munuera,UTC,2024-08-23T17:00:00+00:00,1724432400,,Estadio Abanca-Balaídos,Vigo,Match Finished,FT,90,140,La Liga,Spain,2024,Regular Season - 2,538,Celta Vigo,True,532,Valencia,False,3,1,2,1,3,1,,,,,2026-05-04,raw/api_football/fixtures/2026-04-30/fixtures_league_140_2024.json
1208507,Isidro Díaz de Mera,UTC,2024-08-23T19:30:00+00:00,1724441400,1494.0,Estadio Ramón Sánchez Pizjuán,Sevilla,Match Finished,FT,90,140,La Liga,Spain,2024,Regular Season - 2,536,Sevilla,False,533,Villarreal,True,1,2,1,1,1,2,,,,,2026-05-04,raw/api_football/fixtures/2026-04-30/fixtures_league_140_2024.json
1208511,Adrián Cordero,UTC,2024-08-24T15:00:00+00:00,1724511600,1486.0,Estadio El Sadar,Iruñea,Match Finished,FT,90,140,La Liga,Spain,2024,Regular Season - 2,727,Osasuna,True,798,Mallorca,False,1,0,0,0,1,0,,,,,2026-05-04,raw/api_football/fixtures/2026-04-30/fixtures_league_140_2024.json
1208510,Gil Manzano,UTC,2024-08-24T17:00:00+00:00,1724518800,19939.0,Estadi Olímpic Lluís Companys,Barcelona,Match Finished,FT,90,140,La Liga,Spain,2024,Regular Season - 2,529,Barcelona,True,531,Athletic Club,False,2,1,1,1,2,1,,,,,2026-05-04,raw/api_football/fixtures/2026-04-30/fixtures_league_140_2024.json
1212911,Mario Melero,UTC,2024-08-24T19:30:00+00:00,1724527800,1474.0,RCDE Stadium,Cornella de Llobregat,Match Finished,FT,90,140,La Liga,Spain,2024,Regular Season - 2,540,Espanyol,False,548,Real Sociedad,True,0,1,0,0,0,1,,,,,2026-05-04,raw/api_football/fixtures/2026-04-30/fixtures_league_140_2024.json
1208505,Javier Alberola,UTC,2024-08-24T19:30:00+00:00,1724527800,20422.0,Estadio Coliseum,Getafe,Match Finished,FT,90,140,La Liga,Spain,2024,Regular Season - 2,546,Getafe,,728,Rayo Vallecano,,0,0,0,0,0,0,,,,,2026-05-04,raw/api_football/fixtures/2026-04-30/fixtures_league_140_2024.json
1208506,Víctor García,UTC,2024-08-25T15:00:00+00:00,1724598000,1456.0,Estadio Santiago Bernabéu,Madrid,Match Finished,FT,90,140,La Liga,Spain,2024,Regular Season - 2,541,Real Madrid,True,720,Valladolid,False,3,0,0,0,3,0,,,,,2026-05-04,raw/api_football/fixtures/2026-04-30/fixtures_league_140_2024.json
1208509,Ricardo De Burgos,UTC,2024-08-25T17:00:00+00:00,1724605200,1464.0,Estadio Municipal de Butarque,Leganés,Match Finished,FT,90,140,La Liga,Spain,2024,Regular Season - 2,537,Leganes,True,534,Las Palmas,False,2,1,0,0,2,1,,,,,2026-05-04,raw/api_football/fixtures/2026-04-30/fixtures_league_140_2024.json
1208508,Mateo Busquets,UTC,2024-08-25T17:15:00+00:00,1724606100,1470.0,Estadio de Mendizorroza,Vitoria-Gasteiz,Match Finished,FT,90,140,La Liga,Spain,2024,Regular Season - 2,542,Alaves,,543,Real Betis,,0,0,0,0,0,0,,,,,2026-05-04,raw/api_football/fixtures/2026-04-30/fixtures_league_140_2024.json
1208503,Juan Martínez,UTC,2024-08-25T19:30:00+00:00,1724614200,19217.0,Riyadh Air Metropolitano,Madrid,Match Finished,FT,90,140,La Liga,Spain,2024,Regular Season - 2,530,Atletico Madrid,True,547,Girona,False,3,0,1,0,3,0,,,,,2026-05-04,raw/api_football/fixtures/2026-04-30/fixtures_league_140_2024.json
1208518,Miguel Ortiz,UTC,2024-08-26T19:30:00+00:00,1724700600,1498.0,Estadio de la Cerámica,Villarreal,Match Finished,FT,90,140,La Liga,Spain,2024,Regular Season - 3,533,Villarreal,True,538,Celta Vigo,False,4,3,1,2,4,3,,,,,2026-05-04,raw/api_football/fixtures/2026-04-30/fixtures_league_140_2024.json
1208515,Alejandro Muñiz,UTC,2024-08-27T17:00:00+00:00,1724778000,19940.0,Estadi Mallorca Son Moix,Palma de Mallorca,Match Finished,FT,90,140,La Liga,Spain,2024,Regular Season - 3,798,Mallorca,,536,Sevilla,,0,0,0,0,0,0,,,,,2026-05-04,raw/api_football/fixtures/2026-04-30/fixtures_league_140_2024.json
1208517,César Soto,UTC,2024-08-27T19:30:00+00:00,1724787000,1488.0,Estadio de Vallecas,Madrid,Match Finished,FT,90,140,La Liga,Spain,2024,Regular Season - 3,728,Rayo Vallecano,False,529,Barcelona,True,1,2,1,0,1,2,,,,,2026-05-04,raw/api_football/fixtures/2026-04-30/fixtures_league_140_2024.json
1208512,Pablo González,UTC,2024-08-28T17:00:00+00:00,1724864400,1460.0,San Mamés Barria,Bilbao,Match Finished,FT,90,140,La Liga,Spain,2024,Regular Season - 3,531,Athletic Club,True,532,Valencia,False,1,0,1,0,1,0,,,,,2026-05-04,raw/api_football/fixtures/2026-04-30/fixtures_league_140_2024.json
1208520,Alejandro Quintero,UTC,2024-08-28T17:00:00+00:00,1724864400,1492.0,Estadio Municipal José Zorrilla,Valladolid,Match Finished,FT,90,140,La Liga,Spain,2024,Regular Season - 3,720,Valladolid,,537,Leganes,,0,0,0,0,0,0,,,,,2026-05-04,raw/api_football/fixtures/2026-04-30/fixtures_league_140_2024.json
1212912,Ricardo De Burgos,UTC,2024-08-28T19:30:00+00:00,1724873400,19217.0,Riyadh Air Metropolitano,Madrid,Match Finished,FT,90,140,La Liga,Spain,2024,Regular Season - 3,530,Atletico Madrid,,540,Espanyol,,0,0,0,0,0,0,,,,,2026-05-04,raw/api_football/fixtures/2026-04-30/fixtures_league_140_2024.json
1208519,José Sánchez,UTC,2024-08-28T19:30:00+00:00,1724873400,1491.0,Reale Arena,Donostia-San Sebastián,Match Finished,FT,90,140,La Liga,Spain,2024,Regular Season - 3,548,Real Sociedad,False,542,Alaves,True,1,2,1,1,1,2,,,,,2026-05-04,raw/api_football/fixtures/2026-04-30/fixtures_league_140_2024.json
1208514,Francisco Hernández,UTC,2024-08-29T17:00:00+00:00,1724950800,1478.0,Estadi Municipal de Montilivi,Girona,Match Finished,FT,90,140,La Liga,Spain,2024,Regular Season - 3,547,Girona,True,727,Osasuna,False,4,0,1,0,4,0,,,,,2026-05-04,raw/api_football/fixtures/2026-04-30/fixtures_league_140_2024.json
1208516,Mateo Busquets,UTC,2024-08-29T19:30:00+00:00,1724959800,1481.0,Estadio de Gran Canaria,Las Palmas de Gran Canaria,Match Finished,FT,90,140,La Liga,Spain,2024,Regular Season - 3,534,Las Palmas,,541,Real Madrid,,1,1,1,0,1,1,,,,,2026-05-04,raw/api_football/fixtures/2026-04-30/fixtures_league_140_2024.json
1208522,Isidro Díaz de Mera,UTC,2024-08-31T15:00:00+00:00,1725116400,19939.0,Estadi Olímpic Lluís Companys,Barcelona,Match Finished,FT,90,140,La Liga,Spain,2024,Regular Season - 4,529,Barcelona,True,720,Valladolid,False,7,0,3,0,7,0,,,,,2026-05-04,raw/api_football/fixtures/2026-04-30/fixtures_league_140_2024.json
1208521,Alejandro Hernández,UTC,2024-08-31T17:00:00+00:00,1725123600,1460.0,San Mamés Barria,Bilbao,Match Finished,FT,90,140,La Liga,Spain,2024,Regular Season - 4,531,Athletic Club,False,530,Atletico Madrid,True,0,1,0,0,0,1,,,,,2026-05-04,raw/api_football/fixtures/2026-04-30/fixtures_league_140_2024.json
1212913,Adrián Cordero,UTC,2024-08-31T17:15:00+00:00,1725124500,1474.0,RCDE Stadium,Cornella de Llobregat,Match Finished,FT,90,140,La Liga,Spain,2024,Regular Season - 4,540,Espanyol,True,728,Rayo Vallecano,False,2,1,1,1,2,1,,,,,2026-05-04,raw/api_football/fixtures/2026-04-30/fixtures_league_140_2024.json
1208524,Gil Manzano,UTC,2024-08-31T19:30:00+00:00,1725132600,1497.0,Estadio de Mestalla,Valencia,Match Finished,FT,90,140,La Liga,Spain,2024,Regular Season - 4,532,Valencia,,533,Villarreal,,1,1,1,1,1,1,,,,,2026-05-04,raw/api_football/fixtures/2026-04-30/fixtures_league_140_2024.json
1208526,Mario Melero,UTC,2024-08-31T19:30:00+00:00,1725132600,1464.0,Estadio Municipal de Butarque,Leganés,Match Finished,FT,90,140,La Liga,Spain,2024,Regular Season - 4,537,Leganes,False,798,Mallorca,True,0,1,0,1,0,1,,,,,2026-05-04,raw/api_football/fixtures/2026-04-30/fixtures_league_140_2024.json
1208525,Víctor García,UTC,2024-09-01T15:00:00+00:00,1725202800,1470.0,Estadio de Mendizorroza,Vitoria-Gasteiz,Match Finished,FT,90,140,La Liga,Spain,2024,Regular Season - 4,542,Alaves,True,534,Las Palmas,False,2,0,1,0,2,0,,,,,2026-05-04,raw/api_football/fixtures/2026-04-30/fixtures_league_140_2024.json
1208528,Juan Martínez,UTC,2024-09-01T15:00:00+00:00,1725202800,1486.0,Estadio El Sadar,Iruñea,Match Finished,FT,90,140,La Liga,Spain,2024,Regular Season - 4,727,Osasuna,True,538,Celta Vigo,False,3,2,2,1,3,2,,,,,2026-05-04,raw/api_football/fixtures/2026-04-30/fixtures_league_140_2024.json
1208529,José Sánchez,UTC,2024-09-01T17:00:00+00:00,1725210000,1494.0,Estadio Ramón Sánchez Pizjuán,Sevilla,Match Finished,FT,90,140,La Liga,Spain,2024,Regular Season - 4,536,Sevilla,False,547,Girona,True,0,2,0,1,0,2,,,,,2026-05-04,raw/api_football/fixtures/2026-04-30/fixtures_league_140_2024.json
1208523,José Munuera,UTC,2024-09-01T17:15:00+00:00,1725210900,20422.0,Estadio Coliseum,Getafe,Match Finished,FT,90,140,La Liga,Spain,2024,Regular Season - 4,546,Getafe,,548,Real Sociedad,,0,0,0,0,0,0,,,,,2026-05-04,raw/api_football/fixtures/2026-04-30/fixtures_league_140_2024.json
1208527,Javier Alberola,UTC,2024-09-01T19:30:00+00:00,1725219000,1456.0,Estadio Santiago Bernabéu,Madrid,Match Finished,FT,90,140,La Liga,Spain,2024,Regular Season - 4,541,Real Madrid,True,543,Real Betis,False,2,0,0,0,2,0,,,,,2026-05-04,raw/api_football/fixtures/2026-04-30/fixtures_league_140_2024.json
1208531,Pablo González,UTC,2024-09-13T19:00:00+00:00,1726254000,1489.0,Estadio Benito Villamarín,Sevilla,Match Finished,FT,90,140,La Liga,Spain,2024,Regular Season - 5,543,Real Betis,True,537,Leganes,False,2,0,0,0,2,0,,,,,2026-05-04,raw/api_football/fixtures/2026-04-30/fixtures_league_140_2024.json
1208533,Ricardo De Burgos,UTC,2024-09-14T12:00:00+00:00,1726315200,19940.0,Estadi Mallorca Son Moix,Palma de Mallorca,Match Finished,FT,90,140,La Liga,Spain,2024,Regular Season - 5,798,Mallorca,False,533,Villarreal,True,1,2,0,1,1,2,,,,,2026-05-04,raw/api_football/fixtures/2026-04-30/fixtures_league_140_2024.json
1212914,Juan Pulido,UTC,2024-09-14T14:15:00+00:00,1726323300,1474.0,RCDE Stadium,Cornella de Llobregat,Match Finished,FT,90,140,La Liga,Spain,2024,Regular Season - 5,540,Espanyol,True,542,Alaves,False,3,2,1,1,3,2,,,,,2026-05-04,raw/api_football/fixtures/2026-04-30/fixtures_league_140_2024.json
1208536,Mateo Busquets,UTC,2024-09-14T16:30:00+00:00,1726331400,1494.0,Estadio Ramón Sánchez Pizjuán,Sevilla,Match Finished,FT,90,140,La Liga,Spain,2024,Regular Season - 5,536,Sevilla,True,546,Getafe,False,1,0,1,0,1,0,,,,,2026-05-04,raw/api_football/fixtures/2026-04-30/fixtures_league_140_2024.json
1208538,Juan Martínez,UTC,2024-09-14T19:00:00+00:00,1726340400,1491.0,Reale Arena,Donostia-San Sebastián,Match Finished,FT,90,140,La Liga,Spain,2024,Regular Season - 5,548,Real Sociedad,False,541,Real Madrid,True,0,2,0,0,0,2,,,,,2026-05-04,raw/api_football/fixtures/2026-04-30/fixtures_league_140_2024.json
1208532,Francisco Hernández,UTC,2024-09-15T12:00:00+00:00,1726401600,,Estadio Abanca-Balaídos,Vigo,Match Finished,FT,90,140,La Liga,Spain,2024,Regular Season - 5,538,Celta Vigo,True,720,Valladolid,False,3,1,2,0,3,1,,,,,2026-05-04,raw/api_football/fixtures/2026-04-30/fixtures_league_140_2024.json
1208535,Alejandro Muñiz,UTC,2024-09-15T14:15:00+00:00,1726409700,1478.0,Estadi Municipal de Montilivi,Girona,Match Finished,FT,90,140,La Liga,Spain,2024,Regular Season - 5,547,Girona,False,529,Barcelona,True,1,4,0,2,1,4,,,,,2026-05-04,raw/api_football/fixtures/2026-04-30/fixtures_league_140_2024.json
1208534,Miguel Ortiz,UTC,2024-09-15T16:30:00+00:00,1726417800,1481.0,Estadio de Gran Canaria,Las Palmas de Gran Canaria,Match Finished,FT,90,140,La Liga,Spain,2024,Regular Season - 5,534,Las Palmas,False,531,Athletic Club,True,2,3,0,2,2,3,,,,,2026-05-04,raw/api_football/fixtures/2026-04-30/fixtures_league_140_2024.json
1208530,César Soto,UTC,2024-09-15T19:00:00+00:00,1726426800,19217.0,Riyadh Air Metropolitano,Madrid,Match Finished,FT,90,140,La Liga,Spain,2024,Regular Season - 5,530,Atletico Madrid,True,532,Valencia,False,3,0,1,0,3,0,,,,,2026-05-04,raw/api_football/fixtures/2026-04-30/fixtures_league_140_2024.json
1208537,Alejandro Quintero,UTC,2024-09-16T19:00:00+00:00,1726513200,1488.0,Estadio de Vallecas,Madrid,Match Finished,FT,90,140,La Liga,Spain,2024,Regular Season - 5,728,Rayo Vallecano,True,727,Osasuna,False,3,1,0,1,3,1,,,,,2026-05-04,raw/api_football/fixtures/2026-04-30/fixtures_league_140_2024.json
1208550,Adrián Cordero,UTC,2024-09-17T17:00:00+00:00,1726592400,19940.0,Estadi Mallorca Son Moix,Palma de Mallorca,Match Finished,FT,90,140,La Liga,Spain,2024,Regular Season - 7,798,Mallorca,True,548,Real Sociedad,False,1,0,1,0,1,0,,,,,2026-05-04,raw/api_football/fixtures/2026-04-30/fixtures_league_140_2024.json
1208513,Juan Pulido,UTC,2024-09-18T17:00:00+00:00,1726678800,1489.0,Estadio Benito Villamarín,Sevilla,Match Finished,FT,90,140,La Liga,Spain,2024,Regular Season - 3,543,Real Betis,True,546,Getafe,False,2,1,0,0,2,1,,,,,2026-05-04,raw/api_football/fixtures/2026-04-30/fixtures_league_140_2024.json
1208552,Francisco Hernández,UTC,2024-09-19T17:00:00+00:00,1726765200,1464.0,Estadio Municipal de Butarque,Leganés,Match Finished,FT,90,140,La Liga,Spain,2024,Regular Season - 7,537,Leganes,False,531,Athletic Club,True,0,2,0,0,0,2,,,,,2026-05-04,raw/api_football/fixtures/2026-04-30/fixtures_league_140_2024.json
1208542,Javier Alberola,UTC,2024-09-20T19:00:00+00:00,1726858800,1470.0,Estadio de Mendizorroza,Vitoria-Gasteiz,Match Finished,FT,90,140,La Liga,Spain,2024,Regular Season - 6,542,Alaves,True,536,Sevilla,False,2,1,1,0,2,1,,,,,2026-05-04,raw/api_football/fixtures/2026-04-30/fixtures_league_140_2024.json
1208546,Guillermo Cuadra,UTC,2024-09-21T12:00:00+00:00,1726920000,1492.0,Estadio Municipal José Zorrilla,Valladolid,Match Finished,FT,90,140,La Liga,Spain,2024,Regular Season - 6,720,Valladolid,,548,Real Sociedad,,0,0,0,0,0,0,,,,,2026-05-04,raw/api_football/fixtures/2026-04-30/fixtures_league_140_2024.json
1208547,Isidro Díaz de Mera,UTC,2024-09-21T14:15:00+00:00,1726928100,1486.0,Estadio El Sadar,Iruñea,Match Finished,FT,90,140,La Liga,Spain,2024,Regular Season - 6,727,Osasuna,True,534,Las Palmas,False,2,1,1,1,2,1,,,,,2026-05-04,raw/api_football/fixtures/2026-04-30/fixtures_league_140_2024.json
1208545,Alejandro Hernández,UTC,2024-09-21T16:30:00+00:00,1726936200,1497.0,Estadio de Mestalla,Valencia,Match Finished,FT,90,140,La Liga,Spain,2024,Regular Season - 6,532,Valencia,True,547,Girona,False,2,0,0,0,2,0,,,,,2026-05-04,raw/api_football/fixtures/2026-04-30/fixtures_league_140_2024.json
1212915,José Munuera,UTC,2024-09-21T19:00:00+00:00,1726945200,1456.0,Estadio Santiago Bernabéu,Madrid,Match Finished,FT,90,140,La Liga,Spain,2024,Regular Season - 6,541,Real Madrid,True,540,Espanyol,False,4,1,0,0,4,1,,,,,2026-05-04,raw/api_football/fixtures/2026-04-30/fixtures_league_140_2024.json
1208541,Adrián Cordero,UTC,2024-09-22T12:00:00+00:00,1727006400,20422.0,Estadio Coliseum,Getafe,Match Finished,FT,90,140,La Liga,Spain,2024,Regular Season - 6,546,Getafe,,537,Leganes,,1,1,0,0,1,1,,,,,2026-05-04,raw/api_football/fixtures/2026-04-30/fixtures_league_140_2024.json
1208539,José Sánchez,UTC,2024-09-22T14:15:00+00:00,1727014500,1460.0,San Mamés Barria,Bilbao,Match Finished,FT,90,140,La Liga,Spain,2024,Regular Season - 6,531,Athletic Club,True,538,Celta Vigo,False,3,1,2,1,3,1,,,,,2026-05-04,raw/api_football/fixtures/2026-04-30/fixtures_league_140_2024.json
1208544,Mateo Busquets,UTC,2024-09-22T16:30:00+00:00,1727022600,1498.0,Estadio de la Cerámica,Villarreal,Match Finished,FT,90,140,La Liga,Spain,2024,Regular Season - 6,533,Villarreal,False,529,Barcelona,True,1,5,1,2,1,5,,,,,2026-05-04,raw/api_football/fixtures/2026-04-30/fixtures_league_140_2024.json
1208543,Mario Melero,UTC,2024-09-22T19:00:00+00:00,1727031600,1488.0,Estadio de Vallecas,Madrid,Match Finished,FT,90,140,La Liga,Spain,2024,Regular Season - 6,728,Rayo Vallecano,,530,Atletico Madrid,,1,1,1,0,1,1,,,,,2026-05-04,raw/api_football/fixtures/2026-04-30/fixtures_league_140_2024.json
1208540,Víctor García,UTC,2024-09-23T19:00:00+00:00,1727118000,1489.0,Estadio Benito Villamarín,Sevilla,Match Finished,FT,90,140,La Liga,Spain,2024,Regular Season - 6,543,Real Betis,False,798,Mallorca,True,1,2,1,1,1,2,,,,,2026-05-04,raw/api_football/fixtures/2026-04-30/fixtures_league_140_2024.json
1208555,Miguel Ortiz,UTC,2024-09-24T17:00:00+00:00,1727197200,1497.0,Estadio de Mestalla,Valencia,Match Finished,FT,90,140,La Liga,Spain,2024,Regular Season - 7,532,Valencia,,727,Osasuna,,0,0,0,0,0,0,,,,,2026-05-04,raw/api_football/fixtures/2026-04-30/fixtures_league_140_2024.json
1208551,Juan Pulido,UTC,2024-09-24T17:00:00+00:00,1727197200,1494.0,Estadio Ramón Sánchez Pizjuán,Sevilla,Match Finished,FT,90,140,La Liga,Spain,2024,Regular Season - 7,536,Sevilla,True,720,Valladolid,False,2,1,1,0,2,1,,,,,2026-05-04,raw/api_football/fixtures/2026-04-30/fixtures_league_140_2024.json
1208556,Alejandro Muñiz,UTC,2024-09-24T19:00:00+00:00,1727204400,1456.0,Estadio Santiago Bernabéu,Madrid,Match Finished,FT,90,140,La Liga,Spain,2024,Regular Season - 7,541,Real Madrid,True,542,Alaves,False,3,2,2,0,3,2,,,,,2026-05-04,raw/api_football/fixtures/2026-04-30/fixtures_league_140_2024.json
1208549,Juan Martínez,UTC,2024-09-25T17:00:00+00:00,1727283600,1478.0,Estadi Municipal de Montilivi,Girona,Match Finished,FT,90,140,La Liga,Spain,2024,Regular Season - 7,547,Girona,,728,Rayo Vallecano,,0,0,0,0,0,0,,,,,2026-05-04,raw/api_football/fixtures/2026-04-30/fixtures_league_140_2024.json
1208548,Pablo González,UTC,2024-09-25T19:00:00+00:00,1727290800,19939.0,Estadi Olímpic Lluís Companys,Barcelona,Match Finished,FT,90,140,La Liga,Spain,2024,Regular Season - 7,529,Barcelona,True,546,Getafe,False,1,0,1,0,1,0,,,,,2026-05-04,raw/api_football/fixtures/2026-04-30/fixtures_league_140_2024.json
1208554,José Sánchez,UTC,2024-09-26T17:00:00+00:00,1727370000,1481.0,Estadio de Gran Canaria,Las Palmas de Gran Canaria,Match Finished,FT,90,140,La Liga,Spain,2024,Regular Season - 7,534,Las Palmas,,543,Real Betis,,1,1,1,1,1,1,,,,,2026-05-04,raw/api_football/fixtures/2026-04-30/fixtures_league_140_2024.json
1212916,Alejandro Quintero,UTC,2024-09-26T17:00:00+00:00,1727370000,1474.0,RCDE Stadium,Cornella de Llobregat,Match Finished,FT,90,140,La Liga,Spain,2024,Regular Season - 7,540,Espanyol,False,533,Villarreal,True,1,2,1,1,1,2,,,,,2026-05-04,raw/api_football/fixtures/2026-04-30/fixtures_league_140_2024.json
1208553,Víctor García,UTC,2024-09-26T19:00:00+00:00,1727377200,,Estadio Abanca-Balaídos,Vigo,Match Finished,FT,90,140,La Liga,Spain,2024,Regular Season - 7,538,Celta Vigo,False,530,Atletico Madrid,True,0,1,0,0,0,1,,,,,2026-05-04,raw/api_football/fixtures/2026-04-30/fixtures_league_140_2024.json
1208562,José Munuera,UTC,2024-09-27T19:00:00+00:00,1727463600,1492.0,Estadio Municipal José Zorrilla,Valladolid,Match Finished,FT,90,140,La Liga,Spain,2024,Regular Season - 8,720,Valladolid,False,798,Mallorca,True,1,2,0,0,1,2,,,,,2026-05-04,raw/api_football/fixtures/2026-04-30/fixtures_league_140_2024.json
1208564,Isidro Díaz de Mera,UTC,2024-09-28T12:00:00+00:00,1727524800,20422.0,Estadio Coliseum,Getafe,Match Finished,FT,90,140,La Liga,Spain,2024,Regular Season - 8,546,Getafe,True,542,Alaves,False,2,0,1,0,2,0,,,,,2026-05-04,raw/api_football/fixtures/2026-04-30/fixtures_league_140_2024.json
1208565,Alejandro Muñiz,UTC,2024-09-28T14:15:00+00:00,1727532900,1488.0,Estadio de Vallecas,Madrid,Match Finished,FT,90,140,La Liga,Spain,2024,Regular Season - 8,728,Rayo Vallecano,,537,Leganes,,1,1,1,0,1,1,,,,,2026-05-04,raw/api_football/fixtures/2026-04-30/fixtures_league_140_2024.json
1208560,Javier Alberola,UTC,2024-09-28T16:30:00+00:00,1727541000,1491.0,Reale Arena,Donostia-San Sebastián,Match Finished,FT,90,140,La Liga,Spain,2024,Regular Season - 8,548,Real Sociedad,True,532,Valencia,False,3,0,1,0,3,0,,,,,2026-05-04,raw/api_football/fixtures/2026-04-30/fixtures_league_140_2024.json
1208561,Guillermo Cuadra,UTC,2024-09-28T19:00:00+00:00,1727550000,1486.0,Estadio El Sadar,Iruñea,Match Finished,FT,90,140,La Liga,Spain,2024,Regular Season - 8,727,Osasuna,True,529,Barcelona,False,4,2,2,0,4,2,,,,,2026-05-04,raw/api_football/fixtures/2026-04-30/fixtures_league_140_2024.json
1208559,Ricardo De Burgos,UTC,2024-09-29T12:00:00+00:00,1727611200,,Estadio Abanca-Balaídos,Vigo,Match Finished,FT,90,140,La Liga,Spain,2024,Regular Season - 8,538,Celta Vigo,,547,Girona,,1,1,0,1,1,1,,,,,2026-05-04,raw/api_football/fixtures/2026-04-30/fixtures_league_140_2024.json
1208557,César Soto,UTC,2024-09-29T14:15:00+00:00,1727619300,1460.0,San Mamés Barria,Bilbao,Match Finished,FT,90,140,La Liga,Spain,2024,Regular Season - 8,531,Athletic Club,,536,Sevilla,,1,1,1,0,1,1,,,,,2026-05-04,raw/api_football/fixtures/2026-04-30/fixtures_league_140_2024.json
1212917,Alejandro Hernández,UTC,2024-09-29T16:30:00+00:00,1727627400,1489.0,Estadio Benito Villamarín,Sevilla,Match Finished,FT,90,140,La Liga,Spain,2024,Regular Season - 8,543,Real Betis,True,540,Espanyol,False,1,0,0,0,1,0,,,,,2026-05-04,raw/api_football/fixtures/2026-04-30/fixtures_league_140_2024.json
1208558,Mateo Busquets,UTC,2024-09-29T19:00:00+00:00,1727636400,19217.0,Riyadh Air Metropolitano,Madrid,Match Finished,FT,90,140,La Liga,Spain,2024,Regular Season - 8,530,Atletico Madrid,,541,Real Madrid,,1,1,0,0,1,1,,,,,2026-05-04,raw/api_football/fixtures/2026-04-30/fixtures_league_140_2024.json
1208563,Mario Melero,UTC,2024-09-30T19:00:00+00:00,1727722800,1498.0,Estadio de la Cerámica,Villarreal,Match Finished,FT,90,140,La Liga,Spain,2024,Regular Season - 8,533,Villarreal,True,534,Las Palmas,False,3,1,1,0,3,1,,,,,2026-05-04,raw/api_football/fixtures/2026-04-30/fixtures_league_140_2024.json
1208569,Alejandro Quintero,UTC,2024-10-04T19:00:00+00:00,1728068400,1464.0,Estadio Municipal de Butarque,Leganés,Match Finished,FT,90,140,La Liga,Spain,2024,Regular Season - 9,537,Leganes,,532,Valencia,,0,0,0,0,0,0,,,,,2026-05-04,raw/api_football/fixtures/2026-04-30/fixtures_league_140_2024.json
1212918,Francisco Hernández,UTC,2024-10-05T12:00:00+00:00,1728129600,1474.0,RCDE Stadium,Cornella de Llobregat,Match Finished,FT,90,140,La Liga,Spain,2024,Regular Season - 9,540,Espanyol,True,798,Mallorca,False,2,1,1,0,2,1,,,,,2026-05-04,raw/api_football/fixtures/2026-04-30/fixtures_league_140_2024.json
1208566,José Sánchez,UTC,2024-10-05T14:15:00+00:00,1728137700,20422.0,Estadio Coliseum,Getafe,Match Finished,FT,90,140,La Liga,Spain,2024,Regular Season - 9,546,Getafe,,727,Osasuna,,1,1,1,0,1,1,,,,,2026-05-04,raw/api_football/fixtures/2026-04-30/fixtures_league_140_2024.json
1208573,Adrián Cordero,UTC,2024-10-05T16:30:00+00:00,1728145800,1481.0,Estadio de Gran Canaria,Las Palmas de Gran Canaria,Match Finished,FT,90,140,La Liga,Spain,2024,Regular Season - 9,534,Las Palmas,False,538,Celta Vigo,True,0,1,0,1,0,1,,,,,2026-05-04,raw/api_football/fixtures/2026-04-30/fixtures_league_140_2024.json
1208574,Pablo González,UTC,2024-10-05T16:30:00+00:00,1728145800,1492.0,Estadio Municipal José Zorrilla,Valladolid,Match Finished,FT,90,140,La Liga,Spain,2024,Regular Season - 9,720,Valladolid,False,728,Rayo Vallecano,True,1,2,0,0,1,2,,,,,2026-05-04,raw/api_football/fixtures/2026-04-30/fixtures_league_140_2024.json
1208567,Guillermo Cuadra,UTC,2024-10-05T19:00:00+00:00,1728154800,1456.0,Estadio Santiago Bernabéu,Madrid,Match Finished,FT,90,140,La Liga,Spain,2024,Regular Season - 9,541,Real Madrid,True,533,Villarreal,False,2,0,1,0,2,0,,,,,2026-05-04,raw/api_football/fixtures/2026-04-30/fixtures_league_140_2024.json
1208570,Juan Pulido,UTC,2024-10-06T12:00:00+00:00,1728216000,1478.0,Estadi Municipal de Montilivi,Girona,Match Finished,FT,90,140,La Liga,Spain,2024,Regular Season - 9,547,Girona,True,531,Athletic Club,False,2,1,1,1,2,1,,,,,2026-05-04,raw/api_football/fixtures/2026-04-30/fixtures_league_140_2024.json
1208568,Miguel Ortiz,UTC,2024-10-06T14:15:00+00:00,1728224100,1470.0,Estadio de Mendizorroza,Vitoria-Gasteiz,Match Finished,FT,90,140,La Liga,Spain,2024,Regular Season - 9,542,Alaves,False,529,Barcelona,True,0,3,0,3,0,3,,,,,2026-05-04,raw/api_football/fixtures/2026-04-30/fixtures_league_140_2024.json
1208572,Juan Martínez,UTC,2024-10-06T16:30:00+00:00,1728232200,1494.0,Estadio Ramón Sánchez Pizjuán,Sevilla,Match Finished,FT,90,140,La Liga,Spain,2024,Regular Season - 9,536,Sevilla,True,543,Real Betis,False,1,0,0,0,1,0,,,,,2026-05-04,raw/api_football/fixtures/2026-04-30/fixtures_league_140_2024.json
1208571,Isidro Díaz de Mera,UTC,2024-10-06T19:00:00+00:00,1728241200,1491.0,Reale Arena,Donostia-San Sebastián,Match Finished,FT,90,140,La Liga,Spain,2024,Regular Season - 9,548,Real Sociedad,,530,Atletico Madrid,,1,1,0,1,1,1,,,,,2026-05-04,raw/api_football/fixtures/2026-04-30/fixtures_league_140_2024.json
1208580,Mario Melero,UTC,2024-10-18T19:00:00+00:00,1729278000,1470.0,Estadio de Mendizorroza,Vitoria-Gasteiz,Match Finished,FT,90,140,La Liga,Spain,2024,Regular Season - 10,542,Alaves,False,720,Valladolid,True,2,3,1,1,2,3,,,,,2026-05-04,raw/api_football/fixtures/2026-04-30/fixtures_league_140_2024.json
1212919,Mateo Busquets,UTC,2024-10-19T12:00:00+00:00,1729339200,1460.0,San Mamés Barria,Bilbao,Match Finished,FT,90,140,La Liga,Spain,2024,Regular Season - 10,531,Athletic Club,True,540,Espanyol,False,4,1,3,0,4,1,,,,,2026-05-04,raw/api_football/fixtures/2026-04-30/fixtures_league_140_2024.json
1208581,Alejandro Muñiz,UTC,2024-10-19T14:15:00+00:00,1729347300,1486.0,Estadio El Sadar,Iruñea,Match Finished,FT,90,140,La Liga,Spain,2024,Regular Season - 10,727,Osasuna,False,543,Real Betis,True,1,2,0,1,1,2,,,,,2026-05-04,raw/api_football/fixtures/2026-04-30/fixtures_league_140_2024.json
1208578,César Soto,UTC,2024-10-19T16:30:00+00:00,1729355400,1478.0,Estadi Municipal de Montilivi,Girona,Match Finished,FT,90,140,La Liga,Spain,2024,Regular Season - 10,547,Girona,False,548,Real Sociedad,True,0,1,0,1,0,1,,,,,2026-05-04,raw/api_football/fixtures/2026-04-30/fixtures_league_140_2024.json
1208577,Alejandro Hernández,UTC,2024-10-19T19:00:00+00:00,1729364400,,Estadio Abanca-Balaídos,Vigo,Match Finished,FT,90,140,La Liga,Spain,2024,Regular Season - 10,538,Celta Vigo,False,541,Real Madrid,True,1,2,0,1,1,2,,,,,2026-05-04,raw/api_football/fixtures/2026-04-30/fixtures_league_140_2024.json
1208579,Javier Alberola,UTC,2024-10-20T12:00:00+00:00,1729425600,19940.0,Estadi Mallorca Son Moix,Palma de Mallorca,Match Finished,FT,90,140,La Liga,Spain,2024,Regular Season - 10,798,Mallorca,True,728,Rayo Vallecano,False,1,0,0,0,1,0,,,,,2026-05-04,raw/api_football/fixtures/2026-04-30/fixtures_league_140_2024.json
1208575,José Munuera,UTC,2024-10-20T14:15:00+00:00,1729433700,19217.0,Riyadh Air Metropolitano,Madrid,Match Finished,FT,90,140,La Liga,Spain,2024,Regular Season - 10,530,Atletico Madrid,True,537,Leganes,False,3,1,0,1,3,1,,,,,2026-05-04,raw/api_football/fixtures/2026-04-30/fixtures_league_140_2024.json
1208582,Víctor García,UTC,2024-10-20T16:30:00+00:00,1729441800,1498.0,Estadio de la Cerámica,Villarreal,Match Finished,FT,90,140,La Liga,Spain,2024,Regular Season - 10,533,Villarreal,,546,Getafe,,1,1,1,0,1,1,,,,,2026-05-04,raw/api_football/fixtures/2026-04-30/fixtures_league_140_2024.json
1208576,Ricardo De Burgos,UTC,2024-10-20T19:00:00+00:00,1729450800,19939.0,Estadi Olímpic Lluís Companys,Barcelona,Match Finished,FT,90,140,La Liga,Spain,2024,Regular Season - 10,529,Barcelona,True,536,Sevilla,False,5,1,3,0,5,1,,,,,2026-05-04,raw/api_football/fixtures/2026-04-30/fixtures_league_140_2024.json
1208583,Gil Manzano,UTC,2024-10-21T19:00:00+00:00,1729537200,1497.0,Estadio de Mestalla,Valencia,Match Finished,FT,90,140,La Liga,Spain,2024,Regular Season - 10,532,Valencia,False,534,Las Palmas,True,2,3,1,1,2,3,,,,,2026-05-04,raw/api_football/fixtures/2026-04-30/fixtures_league_140_2024.json
1212920,Miguel Ortiz,UTC,2024-10-25T19:00:00+00:00,1729882800,1474.0,RCDE Stadium,Cornella de Llobregat,Match Finished,FT,90,140,La Liga,Spain,2024,Regular Season - 11,540,Espanyol,False,536,Sevilla,True,0,2,0,2,0,2,,,,,2026-05-04,raw/api_football/fixtures/2026-04-30/fixtures_league_140_2024.json
1208591,Francisco Hernández,UTC,2024-10-26T12:00:00+00:00,1729944000,1492.0,Estadio Municipal José Zorrilla,Valladolid,Match Finished,FT,90,140,La Liga,Spain,2024,Regular Season - 11,720,Valladolid,False,533,Villarreal,True,1,2,0,1,1,2,,,,,2026-05-04,raw/api_football/fixtures/2026-04-30/fixtures_league_140_2024.json
1208592,Adrián Cordero,UTC,2024-10-26T14:15:00+00:00,1729952100,1488.0,Estadio de Vallecas,Madrid,Match Finished,FT,90,140,La Liga,Spain,2024,Regular Season - 11,728,Rayo Vallecano,True,542,Alaves,False,1,0,0,0,1,0,,,,,2026-05-04,raw/api_football/fixtures/2026-04-30/fixtures_league_140_2024.json
1208589,Alejandro Quintero,UTC,2024-10-26T16:30:00+00:00,1729960200,1481.0,Estadio de Gran Canaria,Las Palmas de Gran Canaria,Match Finished,FT,90,140,La Liga,Spain,2024,Regular Season - 11,534,Las Palmas,True,547,Girona,False,1,0,1,0,1,0,,,,,2026-05-04,raw/api_football/fixtures/2026-04-30/fixtures_league_140_2024.json
1208587,José Sánchez,UTC,2024-10-26T19:00:00+00:00,1729969200,1456.0,Estadio Santiago Bernabéu,Madrid,Match Finished,FT,90,140,La Liga,Spain,2024,Regular Season - 11,541,Real Madrid,False,529,Barcelona,True,0,4,0,0,0,4,,,,,2026-05-04,raw/api_football/fixtures/2026-04-30/fixtures_league_140_2024.json
1208588,Mario Melero,UTC,2024-10-27T12:00:00+00:00,1730030400,1464.0,Estadio Municipal de Butarque,Leganés,Match Finished,FT,90,140,La Liga,Spain,2024,Regular Season - 11,537,Leganes,True,538,Celta Vigo,False,3,0,0,0,3,0,,,,,2026-05-04,raw/api_football/fixtures/2026-04-30/fixtures_league_140_2024.json
1208584,Guillermo Cuadra,UTC,2024-10-27T14:15:00+00:00,1730038500,20422.0,Estadio Coliseum,Getafe,Match Finished,FT,90,140,La Liga,Spain,2024,Regular Season - 11,546,Getafe,,532,Valencia,,1,1,0,1,1,1,,,,,2026-05-04,raw/api_football/fixtures/2026-04-30/fixtures_league_140_2024.json
1208586,Gil Manzano,UTC,2024-10-27T16:30:00+00:00,1730046600,1489.0,Estadio Benito Villamarín,Sevilla,Match Finished,FT,90,140,La Liga,Spain,2024,Regular Season - 11,543,Real Betis,True,530,Atletico Madrid,False,1,0,1,0,1,0,,,,,2026-05-04,raw/api_football/fixtures/2026-04-30/fixtures_league_140_2024.json
1208590,Juan Pulido,UTC,2024-10-27T20:00:00+00:00,1730059200,1491.0,Reale Arena,Donostia-San Sebastián,Match Finished,FT,90,140,La Liga,Spain,2024,Regular Season - 11,548,Real Sociedad,False,727,Osasuna,True,0,2,0,2,0,2,,,,,2026-05-04,raw/api_football/fixtures/2026-04-30/fixtures_league_140_2024.json
1208585,Juan Martínez,UTC,2024-10-28T20:00:00+00:00,1730145600,19940.0,Estadi Mallorca Son Moix,Palma de Mallorca,Match Finished,FT,90,140,La Liga,Spain,2024,Regular Season - 11,798,Mallorca,,531,Athletic Club,,0,0,0,0,0,0,,,,,2026-05-04,raw/api_football/fixtures/2026-04-30/fixtures_league_140_2024.json
1208598,Pablo González,UTC,2024-11-01T20:00:00+00:00,1730491200,1470.0,Estadio de Mendizorroza,Vitoria-Gasteiz,Match Finished,FT,90,140,La Liga,Spain,2024,Regular Season - 12,542,Alaves,True,798,Mallorca,False,1,0,0,0,1,0,,,,,2026-05-04,raw/api_football/fixtures/2026-04-30/fixtures_league_140_2024.json
1208597,Víctor García,UTC,2024-11-02T13:00:00+00:00,1730552400,1486.0,Estadio El Sadar,Iruñea,Match Finished,FT,90,140,La Liga,Spain,2024,Regular Season - 12,727,Osasuna,True,720,Valladolid,False,1,0,1,0,1,0,,,,,2026-05-04,raw/api_football/fixtures/2026-04-30/fixtures_league_140_2024.json
1208596,Mateo Busquets,UTC,2024-11-02T15:15:00+00:00,1730560500,1478.0,Estadi Municipal de Montilivi,Girona,Match Finished,FT,90,140,La Liga,Spain,2024,Regular Season - 12,547,Girona,True,537,Leganes,False,4,3,2,2,4,3,,,,,2026-05-04,raw/api_football/fixtures/2026-04-30/fixtures_league_140_2024.json
1208594,Ricardo De Burgos,UTC,2024-11-03T13:00:00+00:00,1730638800,19217.0,Riyadh Air Metropolitano,Madrid,Match Finished,FT,90,140,La Liga,Spain,2024,Regular Season - 12,530,Atletico Madrid,True,534,Las Palmas,False,2,0,1,0,2,0,,,,,2026-05-04,raw/api_football/fixtures/2026-04-30/fixtures_league_140_2024.json
1212921,José Munuera,UTC,2024-11-03T15:15:00+00:00,1730646900,19939.0,Estadi Olímpic Lluís Companys,Barcelona,Match Finished,FT,90,140,La Liga,Spain,2024,Regular Season - 12,529,Barcelona,True,540,Espanyol,False,3,1,3,0,3,1,,,,,2026-05-04,raw/api_football/fixtures/2026-04-30/fixtures_league_140_2024.json
1208601,Alejandro Muñiz,UTC,2024-11-03T17:30:00+00:00,1730655000,1494.0,Estadio Ramón Sánchez Pizjuán,Sevilla,Match Finished,FT,90,140,La Liga,Spain,2024,Regular Season - 12,536,Sevilla,False,548,Real Sociedad,True,0,2,0,1,0,2,,,,,2026-05-04,raw/api_football/fixtures/2026-04-30/fixtures_league_140_2024.json
1208593,Javier Alberola,UTC,2024-11-03T20:00:00+00:00,1730664000,1460.0,San Mamés Barria,Bilbao,Match Finished,FT,90,140,La Liga,Spain,2024,Regular Season - 12,531,Athletic Club,,543,Real Betis,,1,1,0,0,1,1,,,,,2026-05-04,raw/api_football/fixtures/2026-04-30/fixtures_league_140_2024.json
1208595,Gil Manzano,UTC,2024-11-04T20:00:00+00:00,1730750400,,Estadio Abanca-Balaídos,Vigo,Match Finished,FT,90,140,La Liga,Spain,2024,Regular Season - 12,538,Celta Vigo,True,546,Getafe,False,1,0,1,0,1,0,,,,,2026-05-04,raw/api_football/fixtures/2026-04-30/fixtures_league_140_2024.json
1208609,Francisco Hernández,UTC,2024-11-08T20:00:00+00:00,1731096000,1488.0,Estadio de Vallecas,Madrid,Match Finished,FT,90,140,La Liga,Spain,2024,Regular Season - 13,728,Rayo Vallecano,False,534,Las Palmas,True,1,3,0,1,1,3,,,,,2026-05-04,raw/api_football/fixtures/2026-04-30/fixtures_league_140_2024.json
1208608,Mario Melero,UTC,2024-11-09T13:00:00+00:00,1731157200,1456.0,Estadio Santiago Bernabéu,Madrid,Match Finished,FT,90,140,La Liga,Spain,2024,Regular Season - 13,541,Real Madrid,True,727,Osasuna,False,4,0,2,0,4,0,,,,,2026-05-04,raw/api_football/fixtures/2026-04-30/fixtures_league_140_2024.json
1208610,Alejandro Quintero,UTC,2024-11-09T15:15:00+00:00,1731165300,1498.0,Estadio de la Cerámica,Villarreal,Match Finished,FT,90,140,La Liga,Spain,2024,Regular Season - 13,533,Villarreal,True,542,Alaves,False,3,0,1,0,3,0,,,,,2026-05-04,raw/api_football/fixtures/2026-04-30/fixtures_league_140_2024.json
1208604,Juan Pulido,UTC,2024-11-09T20:00:00+00:00,1731182400,1464.0,Estadio Municipal de Butarque,Leganés,Match Finished,FT,90,140,La Liga,Spain,2024,Regular Season - 13,537,Leganes,True,536,Sevilla,False,1,0,0,0,1,0,,,,,2026-05-04,raw/api_football/fixtures/2026-04-30/fixtures_league_140_2024.json
1208602,Miguel Ortiz,UTC,2024-11-10T13:00:00+00:00,1731243600,1489.0,Estadio Benito Villamarín,Sevilla,Match Finished,FT,90,140,La Liga,Spain,2024,Regular Season - 13,543,Real Betis,,538,Celta Vigo,,2,2,1,1,2,2,,,,,2026-05-04,raw/api_football/fixtures/2026-04-30/fixtures_league_140_2024.json
1208606,José Sánchez,UTC,2024-11-10T15:15:00+00:00,1731251700,19940.0,Estadi Mallorca Son Moix,Palma de Mallorca,Match Finished,FT,90,140,La Liga,Spain,2024,Regular Season - 13,798,Mallorca,False,530,Atletico Madrid,True,0,1,0,0,0,1,,,,,2026-05-04,raw/api_football/fixtures/2026-04-30/fixtures_league_140_2024.json
1208603,Juan Martínez,UTC,2024-11-10T17:30:00+00:00,1731259800,20422.0,Estadio Coliseum,Getafe,Match Finished,FT,90,140,La Liga,Spain,2024,Regular Season - 13,546,Getafe,False,547,Girona,True,0,1,0,1,0,1,,,,,2026-05-04,raw/api_football/fixtures/2026-04-30/fixtures_league_140_2024.json
1208605,Adrián Cordero,UTC,2024-11-10T17:30:00+00:00,1731259800,1492.0,Estadio Municipal José Zorrilla,Valladolid,Match Finished,FT,90,140,La Liga,Spain,2024,Regular Season - 13,720,Valladolid,,531,Athletic Club,,1,1,0,0,1,1,,,,,2026-05-04,raw/api_football/fixtures/2026-04-30/fixtures_league_140_2024.json
1208607,Guillermo Cuadra,UTC,2024-11-10T20:00:00+00:00,1731268800,1491.0,Reale Arena,Donostia-San Sebastián,Match Finished,FT,90,140,La Liga,Spain,2024,Regular Season - 13,548,Real Sociedad,True,529,Barcelona,False,1,0,1,0,1,0,,,,,2026-05-04,raw/api_football/fixtures/2026-04-30/fixtures_league_140_2024.json
1208612,Pablo González,UTC,2024-11-22T20:00:00+00:00,1732305600,20422.0,Estadio Coliseum,Getafe,Match Finished,FT,90,140,La Liga,Spain,2024,Regular Season - 14,546,Getafe,True,720,Valladolid,False,2,0,0,0,2,0,,,,,2026-05-04,raw/api_football/fixtures/2026-04-30/fixtures_league_140_2024.json
1208617,Ricardo De Burgos,UTC,2024-11-23T13:00:00+00:00,1732366800,1497.0,Estadio de Mestalla,Valencia,Match Finished,FT,90,140,La Liga,Spain,2024,Regular Season - 14,532,Valencia,True,543,Real Betis,False,4,2,1,1,4,2,,,,,2026-05-04,raw/api_football/fixtures/2026-04-30/fixtures_league_140_2024.json
1208619,Víctor García,UTC,2024-11-23T15:15:00+00:00,1732374900,19217.0,Riyadh Air Metropolitano,Madrid,Match Finished,FT,90,140,La Liga,Spain,2024,Regular Season - 14,530,Atletico Madrid,True,542,Alaves,False,2,1,0,1,2,1,,,,,2026-05-04,raw/api_football/fixtures/2026-04-30/fixtures_league_140_2024.json
1208614,Alejandro Muñiz,UTC,2024-11-23T17:30:00+00:00,1732383000,1481.0,Estadio de Gran Canaria,Las Palmas de Gran Canaria,Match Finished,FT,90,140,La Liga,Spain,2024,Regular Season - 14,534,Las Palmas,False,798,Mallorca,True,2,3,0,0,2,3,,,,,2026-05-04,raw/api_football/fixtures/2026-04-30/fixtures_league_140_2024.json
1212923,Alejandro Hernández,UTC,2024-11-23T17:30:00+00:00,1732383000,1478.0,Estadi Municipal de Montilivi,Girona,Match Finished,FT,90,140,La Liga,Spain,2024,Regular Season - 14,547,Girona,True,540,Espanyol,False,4,1,4,0,4,1,,,,,2026-05-04,raw/api_football/fixtures/2026-04-30/fixtures_league_140_2024.json
1208616,César Soto,UTC,2024-11-23T20:00:00+00:00,1732392000,,Estadio Abanca-Balaídos,Vigo,Match Finished,FT,90,140,La Liga,Spain,2024,Regular Season - 14,538,Celta Vigo,,529,Barcelona,,2,2,0,1,2,2,,,,,2026-05-04,raw/api_football/fixtures/2026-04-30/fixtures_league_140_2024.json
1208613,José Munuera,UTC,2024-11-24T13:00:00+00:00,1732453200,1486.0,Estadio El Sadar,Iruñea,Match Finished,FT,90,140,La Liga,Spain,2024,Regular Season - 14,727,Osasuna,,533,Villarreal,,2,2,2,0,2,2,,,,,2026-05-04,raw/api_football/fixtures/2026-04-30/fixtures_league_140_2024.json
1208618,Mateo Busquets,UTC,2024-11-24T15:15:00+00:00,1732461300,1494.0,Estadio Ramón Sánchez Pizjuán,Sevilla,Match Finished,FT,90,140,La Liga,Spain,2024,Regular Season - 14,536,Sevilla,True,728,Rayo Vallecano,False,1,0,1,0,1,0,,,,,2026-05-04,raw/api_football/fixtures/2026-04-30/fixtures_league_140_2024.json
1208615,Javier Alberola,UTC,2024-11-24T17:30:00+00:00,1732469400,1464.0,Estadio Municipal de Butarque,Leganés,Match Finished,FT,90,140,La Liga,Spain,2024,Regular Season - 14,537,Leganes,False,541,Real Madrid,True,0,3,0,1,0,3,,,,,2026-05-04,raw/api_football/fixtures/2026-04-30/fixtures_league_140_2024.json
1208611,Gil Manzano,UTC,2024-11-24T20:00:00+00:00,1732478400,1460.0,San Mamés Barria,Bilbao,Match Finished,FT,90,140,La Liga,Spain,2024,Regular Season - 14,531,Athletic Club,True,548,Real Sociedad,False,1,0,1,0,1,0,,,,,2026-05-04,raw/api_football/fixtures/2026-04-30/fixtures_league_140_2024.json
1208621,Alejandro Quintero,UTC,2024-11-29T20:00:00+00:00,1732910400,19940.0,Estadi Mallorca Son Moix,Palma de Mallorca,Match Finished,FT,90,140,La Liga,Spain,2024,Regular Season - 15,798,Mallorca,True,532,Valencia,False,2,1,1,1,2,1,,,,,2026-05-04,raw/api_football/fixtures/2026-04-30/fixtures_league_140_2024.json
1208620,Adrián Cordero,UTC,2024-11-30T13:00:00+00:00,1732971600,19939.0,Estadi Olímpic Lluís Companys,Barcelona,Match Finished,FT,90,140,La Liga,Spain,2024,Regular Season - 15,529,Barcelona,False,534,Las Palmas,True,1,2,0,0,1,2,,,,,2026-05-04,raw/api_football/fixtures/2026-04-30/fixtures_league_140_2024.json
1208622,Isidro Díaz de Mera,UTC,2024-11-30T15:15:00+00:00,1732979700,1470.0,Estadio de Mendizorroza,Vitoria-Gasteiz,Match Finished,FT,90,140,La Liga,Spain,2024,Regular Season - 15,542,Alaves,,537,Leganes,,1,1,0,0,1,1,,,,,2026-05-04,raw/api_football/fixtures/2026-04-30/fixtures_league_140_2024.json
1212924,José Sánchez,UTC,2024-11-30T17:30:00+00:00,1732987800,1474.0,RCDE Stadium,Cornella de Llobregat,Match Finished,FT,90,140,La Liga,Spain,2024,Regular Season - 15,540,Espanyol,True,538,Celta Vigo,False,3,1,1,0,3,1,,,,,2026-05-04,raw/api_football/fixtures/2026-04-30/fixtures_league_140_2024.json
1208624,Guillermo Cuadra,UTC,2024-11-30T20:00:00+00:00,1732996800,1492.0,Estadio Municipal José Zorrilla,Valladolid,Match Finished,FT,90,140,La Liga,Spain,2024,Regular Season - 15,720,Valladolid,False,530,Atletico Madrid,True,0,5,0,3,0,5,,,,,2026-05-04,raw/api_football/fixtures/2026-04-30/fixtures_league_140_2024.json
1208627,Miguel Ortiz,UTC,2024-12-01T13:00:00+00:00,1733058000,1498.0,Estadio de la Cerámica,Villarreal,Match Finished,FT,90,140,La Liga,Spain,2024,Regular Season - 15,533,Villarreal,,547,Girona,,2,2,1,0,2,2,,,,,2026-05-04,raw/api_football/fixtures/2026-04-30/fixtures_league_140_2024.json
1208626,Alejandro Hernández,UTC,2024-12-01T15:15:00+00:00,1733066100,1456.0,Estadio Santiago Bernabéu,Madrid,Match Finished,FT,90,140,La Liga,Spain,2024,Regular Season - 15,541,Real Madrid,True,546,Getafe,False,2,0,2,0,2,0,,,,,2026-05-04,raw/api_football/fixtures/2026-04-30/fixtures_league_140_2024.json
1208623,Mario Melero,UTC,2024-12-01T17:30:00+00:00,1733074200,1488.0,Estadio de Vallecas,Madrid,Match Finished,FT,90,140,La Liga,Spain,2024,Regular Season - 15,728,Rayo Vallecano,False,531,Athletic Club,True,1,2,1,0,1,2,,,,,2026-05-04,raw/api_football/fixtures/2026-04-30/fixtures_league_140_2024.json
1208625,Francisco Hernández,UTC,2024-12-01T20:00:00+00:00,1733083200,1491.0,Reale Arena,Donostia-San Sebastián,Match Finished,FT,90,140,La Liga,Spain,2024,Regular Season - 15,548,Real Sociedad,True,543,Real Betis,False,2,0,2,0,2,0,,,,,2026-05-04,raw/api_football/fixtures/2026-04-30/fixtures_league_140_2024.json
1208628,Juan Martínez,UTC,2024-12-02T20:00:00+00:00,1733169600,1494.0,Estadio Ramón Sánchez Pizjuán,Sevilla,Match Finished,FT,90,140,La Liga,Spain,2024,Regular Season - 15,536,Sevilla,,727,Osasuna,,1,1,0,0,1,1,,,,,2026-05-04,raw/api_football/fixtures/2026-04-30/fixtures_league_140_2024.json
1208661,Gil Manzano,UTC,2024-12-03T18:00:00+00:00,1733248800,19940.0,Estadi Mallorca Son Moix,Palma de Mallorca,Match Finished,FT,90,140,La Liga,Spain,2024,Regular Season - 19,798,Mallorca,False,529,Barcelona,True,1,5,1,1,1,5,,,,,2026-05-04,raw/api_football/fixtures/2026-04-30/fixtures_league_140_2024.json
1208656,José Sánchez,UTC,2024-12-04T20:00:00+00:00,1733342400,1460.0,San Mamés Barria,Bilbao,Match Finished,FT,90,140,La Liga,Spain,2024,Regular Season - 19,531,Athletic Club,True,541,Real Madrid,False,2,1,0,0,2,1,,,,,2026-05-04,raw/api_football/fixtures/2026-04-30/fixtures_league_140_2024.json
1208631,Ricardo De Burgos,UTC,2024-12-06T20:00:00+00:00,1733515200,,Estadio Abanca-Balaídos,Vigo,Match Finished,FT,90,140,La Liga,Spain,2024,Regular Season - 16,538,Celta Vigo,True,798,Mallorca,False,2,0,1,0,2,0,,,,,2026-05-04,raw/api_football/fixtures/2026-04-30/fixtures_league_140_2024.json
1208633,Isidro Díaz de Mera,UTC,2024-12-07T13:00:00+00:00,1733576400,1481.0,Estadio de Gran Canaria,Las Palmas de Gran Canaria,Match Finished,FT,90,140,La Liga,Spain,2024,Regular Season - 16,534,Las Palmas,True,720,Valladolid,False,2,1,1,1,2,1,,,,,2026-05-04,raw/api_football/fixtures/2026-04-30/fixtures_league_140_2024.json
1208635,Alejandro Muñiz,UTC,2024-12-07T15:15:00+00:00,1733584500,1489.0,Estadio Benito Villamarín,Sevilla,Match Finished,FT,90,140,La Liga,Spain,2024,Regular Season - 16,543,Real Betis,,529,Barcelona,,2,2,0,1,2,2,,,,,2026-05-04,raw/api_football/fixtures/2026-04-30/fixtures_league_140_2024.json
1208636,José Munuera,UTC,2024-12-07T17:30:00+00:00,1733592600,1497.0,Estadio de Mestalla,Valencia,Match Finished,FT,90,140,La Liga,Spain,2024,Regular Season - 16,532,Valencia,False,728,Rayo Vallecano,True,0,1,0,1,0,1,,,,,2026-05-04,raw/api_football/fixtures/2026-04-30/fixtures_league_140_2024.json
1208632,Gil Manzano,UTC,2024-12-07T20:00:00+00:00,1733601600,1478.0,Estadi Municipal de Montilivi,Girona,Match Finished,FT,90,140,La Liga,Spain,2024,Regular Season - 16,547,Girona,False,541,Real Madrid,True,0,3,0,1,0,3,,,,,2026-05-04,raw/api_football/fixtures/2026-04-30/fixtures_league_140_2024.json
1208634,Pablo González,UTC,2024-12-08T13:00:00+00:00,1733662800,1464.0,Estadio Municipal de Butarque,Leganés,Match Finished,FT,90,140,La Liga,Spain,2024,Regular Season - 16,537,Leganes,False,548,Real Sociedad,True,0,3,0,1,0,3,,,,,2026-05-04,raw/api_football/fixtures/2026-04-30/fixtures_league_140_2024.json
1208629,Víctor García,UTC,2024-12-08T15:15:00+00:00,1733670900,1460.0,San Mamés Barria,Bilbao,Match Finished,FT,90,140,La Liga,Spain,2024,Regular Season - 16,531,Athletic Club,True,533,Villarreal,False,2,0,1,0,2,0,,,,,2026-05-04,raw/api_football/fixtures/2026-04-30/fixtures_league_140_2024.json
1208637,César Soto,UTC,2024-12-08T17:30:00+00:00,1733679000,1486.0,Estadio El Sadar,Iruñea,Match Finished,FT,90,140,La Liga,Spain,2024,Regular Season - 16,727,Osasuna,,542,Alaves,,2,2,0,1,2,2,,,,,2026-05-04,raw/api_football/fixtures/2026-04-30/fixtures_league_140_2024.json
1208630,Javier Alberola,UTC,2024-12-08T20:00:00+00:00,1733688000,19217.0,Riyadh Air Metropolitano,Madrid,Match Finished,FT,90,140,La Liga,Spain,2024,Regular Season - 16,530,Atletico Madrid,True,536,Sevilla,False,4,3,1,2,4,3,,,,,2026-05-04,raw/api_football/fixtures/2026-04-30/fixtures_league_140_2024.json
1212925,Mateo Busquets,UTC,2024-12-09T20:00:00+00:00,1733774400,20422.0,Estadio Coliseum,Getafe,Match Finished,FT,90,140,La Liga,Spain,2024,Regular Season - 16,546,Getafe,True,540,Espanyol,False,1,0,1,0,1,0,,,,,2026-05-04,raw/api_football/fixtures/2026-04-30/fixtures_league_140_2024.json
1208645,Miguel Ortiz,UTC,2024-12-13T20:00:00+00:00,1734120000,1492.0,Estadio Municipal José Zorrilla,Valladolid,Match Finished,FT,90,140,La Liga,Spain,2024,Regular Season - 17,720,Valladolid,True,532,Valencia,False,1,0,1,0,1,0,,,,,2026-05-04,raw/api_football/fixtures/2026-04-30/fixtures_league_140_2024.json
1212926,Adrián Cordero,UTC,2024-12-14T13:00:00+00:00,1734181200,1474.0,RCDE Stadium,Cornella de Llobregat,Match Finished,FT,90,140,La Liga,Spain,2024,Regular Season - 17,540,Espanyol,,727,Osasuna,,0,0,0,0,0,0,,,,,2026-05-04,raw/api_football/fixtures/2026-04-30/fixtures_league_140_2024.json
1208644,Francisco Hernández,UTC,2024-12-14T15:15:00+00:00,1734189300,19940.0,Estadi Mallorca Son Moix,Palma de Mallorca,Match Finished,FT,90,140,La Liga,Spain,2024,Regular Season - 17,798,Mallorca,True,547,Girona,False,2,1,1,1,2,1,,,,,2026-05-04,raw/api_football/fixtures/2026-04-30/fixtures_league_140_2024.json
1208643,Gil Manzano,UTC,2024-12-14T17:30:00+00:00,1734197400,1494.0,Estadio Ramón Sánchez Pizjuán,Sevilla,Match Finished,FT,90,140,La Liga,Spain,2024,Regular Season - 17,536,Sevilla,True,538,Celta Vigo,False,1,0,0,0,1,0,,,,,2026-05-04,raw/api_football/fixtures/2026-04-30/fixtures_league_140_2024.json
1208640,Juan Martínez,UTC,2024-12-14T20:00:00+00:00,1734206400,1488.0,Estadio de Vallecas,Madrid,Match Finished,FT,90,140,La Liga,Spain,2024,Regular Season - 17,728,Rayo Vallecano,,541,Real Madrid,,3,3,2,2,3,3,,,,,2026-05-04,raw/api_football/fixtures/2026-04-30/fixtures_league_140_2024.json
1208638,César Soto,UTC,2024-12-15T13:00:00+00:00,1734267600,19217.0,Riyadh Air Metropolitano,Madrid,Match Finished,FT,90,140,La Liga,Spain,2024,Regular Season - 17,530,Atletico Madrid,True,546,Getafe,False,1,0,0,0,1,0,,,,,2026-05-04,raw/api_football/fixtures/2026-04-30/fixtures_league_140_2024.json
1208641,José Sánchez,UTC,2024-12-15T15:15:00+00:00,1734275700,1470.0,Estadio de Mendizorroza,Vitoria-Gasteiz,Match Finished,FT,90,140,La Liga,Spain,2024,Regular Season - 17,542,Alaves,,531,Athletic Club,,1,1,0,1,1,1,,,,,2026-05-04,raw/api_football/fixtures/2026-04-30/fixtures_league_140_2024.json
1208642,Guillermo Cuadra,UTC,2024-12-15T17:30:00+00:00,1734283800,1498.0,Estadio de la Cerámica,Villarreal,Match Finished,FT,90,140,La Liga,Spain,2024,Regular Season - 17,533,Villarreal,False,543,Real Betis,True,1,2,0,1,1,2,,,,,2026-05-04,raw/api_football/fixtures/2026-04-30/fixtures_league_140_2024.json
1208646,Mario Melero,UTC,2024-12-15T17:30:00+00:00,1734283800,1491.0,Reale Arena,Donostia-San Sebastián,Match Finished,FT,90,140,La Liga,Spain,2024,Regular Season - 17,548,Real Sociedad,,534,Las Palmas,,0,0,0,0,0,0,,,,,2026-05-04,raw/api_football/fixtures/2026-04-30/fixtures_league_140_2024.json
1208639,Alejandro Quintero,UTC,2024-12-15T20:00:00+00:00,1734292800,19939.0,Estadi Olímpic Lluís Companys,Barcelona,Match Finished,FT,90,140,La Liga,Spain,2024,Regular Season - 17,529,Barcelona,False,537,Leganes,True,0,1,0,1,0,1,,,,,2026-05-04,raw/api_football/fixtures/2026-04-30/fixtures_league_140_2024.json
1208599,Alejandro Hernández,UTC,2024-12-18T20:30:00+00:00,1734553800,1498.0,Estadio de la Cerámica,Villarreal,Match Finished,FT,90,140,La Liga,Spain,2024,Regular Season - 12,533,Villarreal,,728,Rayo Vallecano,,1,1,1,1,1,1,,,,,2026-05-04,raw/api_football/fixtures/2026-04-30/fixtures_league_140_2024.json
1212922,Pablo González,UTC,2024-12-18T20:30:00+00:00,1734553800,1474.0,RCDE Stadium,Cornella de Llobregat,Match Finished,FT,90,140,La Liga,Spain,2024,Regular Season - 13,540,Espanyol,,532,Valencia,,1,1,1,0,1,1,,,,,2026-05-04,raw/api_football/fixtures/2026-04-30/fixtures_league_140_2024.json
1208650,Pablo González,UTC,2024-12-20T20:00:00+00:00,1734724800,1478.0,Estadi Municipal de Montilivi,Girona,Match Finished,FT,90,140,La Liga,Spain,2024,Regular Season - 18,547,Girona,True,720,Valladolid,False,3,0,2,0,3,0,,,,,2026-05-04,raw/api_football/fixtures/2026-04-30/fixtures_league_140_2024.json
1208649,José Munuera,UTC,2024-12-21T13:00:00+00:00,1734786000,20422.0,Estadio Coliseum,Getafe,Match Finished,FT,90,140,La Liga,Spain,2024,Regular Season - 18,546,Getafe,False,798,Mallorca,True,0,1,0,0,0,1,,,,,2026-05-04,raw/api_football/fixtures/2026-04-30/fixtures_league_140_2024.json
1208648,Mateo Busquets,UTC,2024-12-21T15:15:00+00:00,1734794100,,Estadio Abanca-Balaídos,Vigo,Match Finished,FT,90,140,La Liga,Spain,2024,Regular Season - 18,538,Celta Vigo,True,548,Real Sociedad,False,2,0,2,0,2,0,,,,,2026-05-04,raw/api_football/fixtures/2026-04-30/fixtures_league_140_2024.json
1208653,Alejandro Quintero,UTC,2024-12-21T17:30:00+00:00,1734802200,1486.0,Estadio El Sadar,Iruñea,Match Finished,FT,90,140,La Liga,Spain,2024,Regular Season - 18,727,Osasuna,False,531,Athletic Club,True,1,2,1,1,1,2,,,,,2026-05-04,raw/api_football/fixtures/2026-04-30/fixtures_league_140_2024.json
1208654,Ricardo De Burgos,UTC,2024-12-21T20:00:00+00:00,1734811200,19939.0,Estadi Olímpic Lluís Companys,Barcelona,Match Finished,FT,90,140,La Liga,Spain,2024,Regular Season - 18,529,Barcelona,False,530,Atletico Madrid,True,1,2,1,0,1,2,,,,,2026-05-04,raw/api_football/fixtures/2026-04-30/fixtures_league_140_2024.json
1208655,Javier Alberola,UTC,2024-12-22T13:00:00+00:00,1734872400,1497.0,Estadio de Mestalla,Valencia,Match Finished,FT,90,140,La Liga,Spain,2024,Regular Season - 18,532,Valencia,,542,Alaves,,2,2,0,1,2,2,,,,,2026-05-04,raw/api_football/fixtures/2026-04-30/fixtures_league_140_2024.json
1208651,Isidro Díaz de Mera,UTC,2024-12-22T15:15:00+00:00,1734880500,1456.0,Estadio Santiago Bernabéu,Madrid,Match Finished,FT,90,140,La Liga,Spain,2024,Regular Season - 18,541,Real Madrid,True,536,Sevilla,False,4,2,3,1,4,2,,,,,2026-05-04,raw/api_football/fixtures/2026-04-30/fixtures_league_140_2024.json
1212927,César Soto,UTC,2024-12-22T17:30:00+00:00,1734888600,1481.0,Estadio de Gran Canaria,Las Palmas de Gran Canaria,Match Finished,FT,90,140,La Liga,Spain,2024,Regular Season - 18,534,Las Palmas,True,540,Espanyol,False,1,0,0,0,1,0,,,,,2026-05-04,raw/api_football/fixtures/2026-04-30/fixtures_league_140_2024.json
1208652,Alejandro Muñiz,UTC,2024-12-22T17:30:00+00:00,1734888600,1464.0,Estadio Municipal de Butarque,Leganés,Match Finished,FT,90,140,La Liga,Spain,2024,Regular Season - 18,537,Leganes,False,533,Villarreal,True,2,5,2,2,2,5,,,,,2026-05-04,raw/api_football/fixtures/2026-04-30/fixtures_league_140_2024.json
1208647,Víctor García,UTC,2024-12-22T20:00:00+00:00,1734897600,1489.0,Estadio Benito Villamarín,Sevilla,Match Finished,FT,90,140,La Liga,Spain,2024,Regular Season - 18,543,Real Betis,,728,Rayo Vallecano,,1,1,1,0,1,1,,,,,2026-05-04,raw/api_football/fixtures/2026-04-30/fixtures_league_140_2024.json
1208600,César Soto,UTC,2025-01-03T20:00:00+00:00,1735934400,1497.0,Estadio de Mestalla,Valencia,Match Finished,FT,90,140,La Liga,Spain,2024,Regular Season - 12,532,Valencia,False,541,Real Madrid,True,1,2,1,0,1,2,,,,,2026-05-04,raw/api_football/fixtures/2026-04-30/fixtures_league_140_2024.json
1208663,Guillermo Cuadra,UTC,2025-01-10T20:00:00+00:00,1736539200,1488.0,Estadio de Vallecas,Madrid,Match Finished,FT,90,140,La Liga,Spain,2024,Regular Season - 19,728,Rayo Vallecano,True,538,Celta Vigo,False,2,1,1,1,2,1,,,,,2026-05-04,raw/api_football/fixtures/2026-04-30/fixtures_league_140_2024.json
1208660,Mateo Busquets,UTC,2025-01-11T13:00:00+00:00,1736600400,1470.0,Estadio de Mendizorroza,Vitoria-Gasteiz,Match Finished,FT,90,140,La Liga,Spain,2024,Regular Season - 19,542,Alaves,False,547,Girona,True,0,1,0,0,0,1,,,,,2026-05-04,raw/api_football/fixtures/2026-04-30/fixtures_league_140_2024.json
1208662,Adrián Cordero,UTC,2025-01-11T15:15:00+00:00,1736608500,1492.0,Estadio Municipal José Zorrilla,Valladolid,Match Finished,FT,90,140,La Liga,Spain,2024,Regular Season - 19,720,Valladolid,True,543,Real Betis,False,1,0,0,0,1,0,,,,,2026-05-04,raw/api_football/fixtures/2026-04-30/fixtures_league_140_2024.json
1212928,Juan Martínez,UTC,2025-01-11T17:30:00+00:00,1736616600,1474.0,RCDE Stadium,Cornella de Llobregat,Match Finished,FT,90,140,La Liga,Spain,2024,Regular Season - 19,540,Espanyol,,537,Leganes,,1,1,1,1,1,1,,,,,2026-05-04,raw/api_football/fixtures/2026-04-30/fixtures_league_140_2024.json
1208659,Francisco Hernández,UTC,2025-01-11T20:00:00+00:00,1736625600,1494.0,Estadio Ramón Sánchez Pizjuán,Sevilla,Match Finished,FT,90,140,La Liga,Spain,2024,Regular Season - 19,536,Sevilla,,532,Valencia,,1,1,0,0,1,1,,,,,2026-05-04,raw/api_football/fixtures/2026-04-30/fixtures_league_140_2024.json
1208664,Javier Alberola,UTC,2025-01-12T13:00:00+00:00,1736686800,1481.0,Estadio de Gran Canaria,Las Palmas de Gran Canaria,Match Finished,FT,90,140,La Liga,Spain,2024,Regular Season - 19,534,Las Palmas,False,546,Getafe,True,1,2,0,0,1,2,,,,,2026-05-04,raw/api_football/fixtures/2026-04-30/fixtures_league_140_2024.json
1208657,Isidro Díaz de Mera,UTC,2025-01-12T15:15:00+00:00,1736694900,19217.0,Riyadh Air Metropolitano,Madrid,Match Finished,FT,90,140,La Liga,Spain,2024,Regular Season - 19,530,Atletico Madrid,True,727,Osasuna,False,1,0,0,0,1,0,,,,,2026-05-04,raw/api_football/fixtures/2026-04-30/fixtures_league_140_2024.json
1208658,César Soto,UTC,2025-01-13T20:00:00+00:00,1736798400,1491.0,Reale Arena,Donostia-San Sebastián,Match Finished,FT,90,140,La Liga,Spain,2024,Regular Season - 19,548,Real Sociedad,True,533,Villarreal,False,1,0,0,0,1,0,,,,,2026-05-04,raw/api_football/fixtures/2026-04-30/fixtures_league_140_2024.json
1212929,Ricardo De Burgos,UTC,2025-01-17T20:00:00+00:00,1737144000,1474.0,RCDE Stadium,Cornella de Llobregat,Match Finished,FT,90,140,La Liga,Spain,2024,Regular Season - 20,540,Espanyol,True,720,Valladolid,False,2,1,1,0,2,1,,,,,2026-05-04,raw/api_football/fixtures/2026-04-30/fixtures_league_140_2024.json
1208665,Juan Martínez,UTC,2025-01-18T13:00:00+00:00,1737205200,1478.0,Estadi Municipal de Montilivi,Girona,Match Finished,FT,90,140,La Liga,Spain,2024,Regular Season - 20,547,Girona,False,536,Sevilla,True,1,2,1,0,1,2,,,,,2026-05-04,raw/api_football/fixtures/2026-04-30/fixtures_league_140_2024.json
1208668,Mario Melero,UTC,2025-01-18T15:15:00+00:00,1737213300,1464.0,Estadio Municipal de Butarque,Leganés,Match Finished,FT,90,140,La Liga,Spain,2024,Regular Season - 20,537,Leganes,True,530,Atletico Madrid,False,1,0,0,0,1,0,,,,,2026-05-04,raw/api_football/fixtures/2026-04-30/fixtures_league_140_2024.json
1208673,Alejandro Hernández,UTC,2025-01-18T17:30:00+00:00,1737221400,1489.0,Estadio Benito Villamarín,Sevilla,Match Finished,FT,90,140,La Liga,Spain,2024,Regular Season - 20,543,Real Betis,False,542,Alaves,True,1,3,1,1,1,3,,,,,2026-05-04,raw/api_football/fixtures/2026-04-30/fixtures_league_140_2024.json
1208669,Pablo González,UTC,2025-01-18T20:00:00+00:00,1737230400,20422.0,Estadio Coliseum,Getafe,Match Finished,FT,90,140,La Liga,Spain,2024,Regular Season - 20,546,Getafe,,529,Barcelona,,1,1,1,1,1,1,,,,,2026-05-04,raw/api_football/fixtures/2026-04-30/fixtures_league_140_2024.json
1208667,Miguel Ortiz,UTC,2025-01-19T13:00:00+00:00,1737291600,,Estadio Abanca-Balaídos,Vigo,Match Finished,FT,90,140,La Liga,Spain,2024,Regular Season - 20,538,Celta Vigo,False,531,Athletic Club,True,1,2,0,0,1,2,,,,,2026-05-04,raw/api_football/fixtures/2026-04-30/fixtures_league_140_2024.json
1208672,Alejandro Quintero,UTC,2025-01-19T15:15:00+00:00,1737299700,1456.0,Estadio Santiago Bernabéu,Madrid,Match Finished,FT,90,140,La Liga,Spain,2024,Regular Season - 20,541,Real Madrid,True,534,Las Palmas,False,4,1,3,1,4,1,,,,,2026-05-04,raw/api_football/fixtures/2026-04-30/fixtures_league_140_2024.json
1208666,Alejandro Muñiz,UTC,2025-01-19T17:30:00+00:00,1737307800,1486.0,Estadio El Sadar,Iruñea,Match Finished,FT,90,140,La Liga,Spain,2024,Regular Season - 20,727,Osasuna,,728,Rayo Vallecano,,1,1,0,1,1,1,,,,,2026-05-04,raw/api_football/fixtures/2026-04-30/fixtures_league_140_2024.json
1208671,Víctor García,UTC,2025-01-19T20:00:00+00:00,1737316800,1497.0,Estadio de Mestalla,Valencia,Match Finished,FT,90,140,La Liga,Spain,2024,Regular Season - 20,532,Valencia,True,548,Real Sociedad,False,1,0,1,0,1,0,,,,,2026-05-04,raw/api_football/fixtures/2026-04-30/fixtures_league_140_2024.json
1208670,José Munuera,UTC,2025-01-20T20:00:00+00:00,1737403200,1498.0,Estadio de la Cerámica,Villarreal,Match Finished,FT,90,140,La Liga,Spain,2024,Regular Season - 20,533,Villarreal,True,798,Mallorca,False,4,0,4,0,4,0,,,,,2026-05-04,raw/api_football/fixtures/2026-04-30/fixtures_league_140_2024.json
1208677,Gil Manzano,UTC,2025-01-24T20:00:00+00:00,1737748800,1481.0,Estadio de Gran Canaria,Las Palmas de Gran Canaria,Match Finished,FT,90,140,La Liga,Spain,2024,Regular Season - 21,534,Las Palmas,,727,Osasuna,,1,1,0,0,1,1,,,,,2026-05-04,raw/api_football/fixtures/2026-04-30/fixtures_league_140_2024.json
1208679,Javier Alberola,UTC,2025-01-25T13:00:00+00:00,1737810000,19940.0,Estadi Mallorca Son Moix,Palma de Mallorca,Match Finished,FT,90,140,La Liga,Spain,2024,Regular Season - 21,798,Mallorca,False,543,Real Betis,True,0,1,0,0,0,1,,,,,2026-05-04,raw/api_football/fixtures/2026-04-30/fixtures_league_140_2024.json
1208675,José Sánchez,UTC,2025-01-25T15:15:00+00:00,1737818100,19217.0,Riyadh Air Metropolitano,Madrid,Match Finished,FT,90,140,La Liga,Spain,2024,Regular Season - 21,530,Atletico Madrid,,533,Villarreal,,1,1,0,1,1,1,,,,,2026-05-04,raw/api_football/fixtures/2026-04-30/fixtures_league_140_2024.json
1212930,Adrián Cordero,UTC,2025-01-25T17:30:00+00:00,1737826200,1494.0,Estadio Ramón Sánchez Pizjuán,Sevilla,Match Finished,FT,90,140,La Liga,Spain,2024,Regular Season - 21,536,Sevilla,,540,Espanyol,,1,1,0,1,1,1,,,,,2026-05-04,raw/api_football/fixtures/2026-04-30/fixtures_league_140_2024.json
1208682,Mateo Busquets,UTC,2025-01-25T20:00:00+00:00,1737835200,1492.0,Estadio Municipal José Zorrilla,Valladolid,Match Finished,FT,90,140,La Liga,Spain,2024,Regular Season - 21,720,Valladolid,False,541,Real Madrid,True,0,3,0,1,0,3,,,,,2026-05-04,raw/api_football/fixtures/2026-04-30/fixtures_league_140_2024.json
1208681,Isidro Díaz de Mera,UTC,2025-01-26T13:00:00+00:00,1737896400,1488.0,Estadio de Vallecas,Madrid,Match Finished,FT,90,140,La Liga,Spain,2024,Regular Season - 21,728,Rayo Vallecano,True,547,Girona,False,2,1,0,0,2,1,,,,,2026-05-04,raw/api_football/fixtures/2026-04-30/fixtures_league_140_2024.json
1208680,Guillermo Cuadra,UTC,2025-01-26T15:15:00+00:00,1737904500,1491.0,Reale Arena,Donostia-San Sebastián,Match Finished,FT,90,140,La Liga,Spain,2024,Regular Season - 21,548,Real Sociedad,False,546,Getafe,True,0,3,0,0,0,3,,,,,2026-05-04,raw/api_football/fixtures/2026-04-30/fixtures_league_140_2024.json
1208674,Alejandro Hernández,UTC,2025-01-26T17:30:00+00:00,1737912600,1460.0,San Mamés Barria,Bilbao,Match Finished,FT,90,140,La Liga,Spain,2024,Regular Season - 21,531,Athletic Club,,537,Leganes,,0,0,0,0,0,0,,,,,2026-05-04,raw/api_football/fixtures/2026-04-30/fixtures_league_140_2024.json
1208676,César Soto,UTC,2025-01-26T20:00:00+00:00,1737921600,19939.0,Estadi Olímpic Lluís Companys,Barcelona,Match Finished,FT,90,140,La Liga,Spain,2024,Regular Season - 21,529,Barcelona,True,532,Valencia,False,7,1,5,0,7,1,,,,,2026-05-04,raw/api_football/fixtures/2026-04-30/fixtures_league_140_2024.json
1208678,Francisco Hernández,UTC,2025-01-27T20:00:00+00:00,1738008000,1470.0,Estadio de Mendizorroza,Vitoria-Gasteiz,Match Finished,FT,90,140,La Liga,Spain,2024,Regular Season - 21,542,Alaves,,538,Celta Vigo,,1,1,1,0,1,1,,,,,2026-05-04,raw/api_football/fixtures/2026-04-30/fixtures_league_140_2024.json
1208688,Alejandro Quintero,UTC,2025-01-31T20:00:00+00:00,1738353600,1464.0,Estadio Municipal de Butarque,Leganés,Match Finished,FT,90,140,La Liga,Spain,2024,Regular Season - 22,537,Leganes,False,728,Rayo Vallecano,True,0,1,0,0,0,1,,,,,2026-05-04,raw/api_football/fixtures/2026-04-30/fixtures_league_140_2024.json
1208684,Ricardo De Burgos,UTC,2025-02-01T13:00:00+00:00,1738414800,20422.0,Estadio Coliseum,Getafe,Match Finished,FT,90,140,La Liga,Spain,2024,Regular Season - 22,546,Getafe,,536,Sevilla,,0,0,0,0,0,0,,,,,2026-05-04,raw/api_football/fixtures/2026-04-30/fixtures_league_140_2024.json
1208687,Isidro Díaz de Mera,UTC,2025-02-01T15:15:00+00:00,1738422900,1498.0,Estadio de la Cerámica,Villarreal,Match Finished,FT,90,140,La Liga,Spain,2024,Regular Season - 22,533,Villarreal,True,720,Valladolid,False,5,1,1,0,5,1,,,,,2026-05-04,raw/api_football/fixtures/2026-04-30/fixtures_league_140_2024.json
1208683,Víctor García,UTC,2025-02-01T17:30:00+00:00,1738431000,19217.0,Riyadh Air Metropolitano,Madrid,Match Finished,FT,90,140,La Liga,Spain,2024,Regular Season - 22,530,Atletico Madrid,True,798,Mallorca,False,2,0,1,0,2,0,,,,,2026-05-04,raw/api_football/fixtures/2026-04-30/fixtures_league_140_2024.json
1212931,Alejandro Muñiz,UTC,2025-02-01T20:00:00+00:00,1738440000,1474.0,RCDE Stadium,Cornella de Llobregat,Match Finished,FT,90,140,La Liga,Spain,2024,Regular Season - 22,540,Espanyol,True,541,Real Madrid,False,1,0,0,0,1,0,,,,,2026-05-04,raw/api_football/fixtures/2026-04-30/fixtures_league_140_2024.json
1208691,José Munuera,UTC,2025-02-02T13:00:00+00:00,1738501200,19939.0,Estadi Olímpic Lluís Companys,Barcelona,Match Finished,FT,90,140,La Liga,Spain,2024,Regular Season - 22,529,Barcelona,True,542,Alaves,False,1,0,0,0,1,0,,,,,2026-05-04,raw/api_football/fixtures/2026-04-30/fixtures_league_140_2024.json
1208690,Pablo González,UTC,2025-02-02T15:15:00+00:00,1738509300,1497.0,Estadio de Mestalla,Valencia,Match Finished,FT,90,140,La Liga,Spain,2024,Regular Season - 22,532,Valencia,True,538,Celta Vigo,False,2,1,1,0,2,1,,,,,2026-05-04,raw/api_football/fixtures/2026-04-30/fixtures_league_140_2024.json
1208686,Miguel Ortiz,UTC,2025-02-02T17:30:00+00:00,1738517400,1486.0,Estadio El Sadar,Iruñea,Match Finished,FT,90,140,La Liga,Spain,2024,Regular Season - 22,727,Osasuna,True,548,Real Sociedad,False,2,1,1,0,2,1,,,,,2026-05-04,raw/api_football/fixtures/2026-04-30/fixtures_league_140_2024.json
1208689,Juan Martínez,UTC,2025-02-02T20:00:00+00:00,1738526400,1489.0,Estadio Benito Villamarín,Sevilla,Match Finished,FT,90,140,La Liga,Spain,2024,Regular Season - 22,543,Real Betis,,531,Athletic Club,,2,2,2,1,2,2,,,,,2026-05-04,raw/api_football/fixtures/2026-04-30/fixtures_league_140_2024.json
1208685,Mario Melero,UTC,2025-02-03T20:00:00+00:00,1738612800,1478.0,Estadi Municipal de Montilivi,Girona,Match Finished,FT,90,140,La Liga,Spain,2024,Regular Season - 22,547,Girona,True,534,Las Palmas,False,2,1,1,0,2,1,,,,,2026-05-04,raw/api_football/fixtures/2026-04-30/fixtures_league_140_2024.json
1208694,Gil Manzano,UTC,2025-02-07T20:00:00+00:00,1738958400,1488.0,Estadio de Vallecas,Madrid,Match Finished,FT,90,140,La Liga,Spain,2024,Regular Season - 23,728,Rayo Vallecano,True,720,Valladolid,False,1,0,0,0,1,0,,,,,2026-05-04,raw/api_football/fixtures/2026-04-30/fixtures_league_140_2024.json
1208699,Mateo Busquets,UTC,2025-02-08T13:00:00+00:00,1739019600,,Estadio Abanca-Balaídos,Vigo,Match Finished,FT,90,140,La Liga,Spain,2024,Regular Season - 23,538,Celta Vigo,True,543,Real Betis,False,3,2,0,2,3,2,,,,,2026-05-04,raw/api_football/fixtures/2026-04-30/fixtures_league_140_2024.json
1208692,José Sánchez,UTC,2025-02-08T15:15:00+00:00,1739027700,1460.0,San Mamés Barria,Bilbao,Match Finished,FT,90,140,La Liga,Spain,2024,Regular Season - 23,531,Athletic Club,True,547,Girona,False,3,0,2,0,3,0,,,,,2026-05-04,raw/api_football/fixtures/2026-04-30/fixtures_league_140_2024.json
1208695,Francisco Hernández,UTC,2025-02-08T17:30:00+00:00,1739035800,1481.0,Estadio de Gran Canaria,Las Palmas de Gran Canaria,Match Finished,FT,90,140,La Liga,Spain,2024,Regular Season - 23,534,Las Palmas,False,533,Villarreal,True,1,2,0,0,1,2,,,,,2026-05-04,raw/api_football/fixtures/2026-04-30/fixtures_league_140_2024.json
1208697,César Soto,UTC,2025-02-08T20:00:00+00:00,1739044800,1456.0,Estadio Santiago Bernabéu,Madrid,Match Finished,FT,90,140,La Liga,Spain,2024,Regular Season - 23,541,Real Madrid,,530,Atletico Madrid,,1,1,0,1,1,1,,,,,2026-05-04,raw/api_football/fixtures/2026-04-30/fixtures_league_140_2024.json
1208696,Isidro Díaz de Mera,UTC,2025-02-09T13:00:00+00:00,1739106000,1470.0,Estadio de Mendizorroza,Vitoria-Gasteiz,Match Finished,FT,90,140,La Liga,Spain,2024,Regular Season - 23,542,Alaves,False,546,Getafe,True,0,1,0,1,0,1,,,,,2026-05-04,raw/api_football/fixtures/2026-04-30/fixtures_league_140_2024.json
1208700,Guillermo Cuadra,UTC,2025-02-09T15:15:00+00:00,1739114100,1497.0,Estadio de Mestalla,Valencia,Match Finished,FT,90,140,La Liga,Spain,2024,Regular Season - 23,532,Valencia,True,537,Leganes,False,2,0,2,0,2,0,,,,,2026-05-04,raw/api_football/fixtures/2026-04-30/fixtures_league_140_2024.json
1212932,Javier Alberola,UTC,2025-02-09T17:30:00+00:00,1739122200,1491.0,Reale Arena,Donostia-San Sebastián,Match Finished,FT,90,140,La Liga,Spain,2024,Regular Season - 23,548,Real Sociedad,True,540,Espanyol,False,2,1,1,0,2,1,,,,,2026-05-04,raw/api_football/fixtures/2026-04-30/fixtures_league_140_2024.json
1208698,Alejandro Hernández,UTC,2025-02-09T20:00:00+00:00,1739131200,1494.0,Estadio Ramón Sánchez Pizjuán,Sevilla,Match Finished,FT,90,140,La Liga,Spain,2024,Regular Season - 23,536,Sevilla,False,529,Barcelona,True,1,4,1,1,1,4,,,,,2026-05-04,raw/api_football/fixtures/2026-04-30/fixtures_league_140_2024.json
1208693,Adrián Cordero,UTC,2025-02-10T20:00:00+00:00,1739217600,19940.0,Estadi Mallorca Son Moix,Palma de Mallorca,Match Finished,FT,90,140,La Liga,Spain,2024,Regular Season - 23,798,Mallorca,,727,Osasuna,,1,1,0,0,1,1,,,,,2026-05-04,raw/api_football/fixtures/2026-04-30/fixtures_league_140_2024.json
1208705,Alejandro Quintero,UTC,2025-02-14T20:00:00+00:00,1739563200,1478.0,Estadi Municipal de Montilivi,Girona,Match Finished,FT,90,140,La Liga,Spain,2024,Regular Season - 24,547,Girona,False,546,Getafe,True,1,2,0,1,1,2,,,,,2026-05-04,raw/api_football/fixtures/2026-04-30/fixtures_league_140_2024.json
1208709,Pablo González,UTC,2025-02-15T13:00:00+00:00,1739624400,1464.0,Estadio Municipal de Butarque,Leganés,Match Finished,FT,90,140,La Liga,Spain,2024,Regular Season - 24,537,Leganes,,542,Alaves,,3,3,2,1,3,3,,,,,2026-05-04,raw/api_football/fixtures/2026-04-30/fixtures_league_140_2024.json
1208704,José Munuera,UTC,2025-02-15T15:15:00+00:00,1739632500,1486.0,Estadio El Sadar,Iruñea,Match Finished,FT,90,140,La Liga,Spain,2024,Regular Season - 24,727,Osasuna,,541,Real Madrid,,1,1,0,1,1,1,,,,,2026-05-04,raw/api_football/fixtures/2026-04-30/fixtures_league_140_2024.json
1208701,Juan Martínez,UTC,2025-02-15T17:30:00+00:00,1739640600,19217.0,Riyadh Air Metropolitano,Madrid,Match Finished,FT,90,140,La Liga,Spain,2024,Regular Season - 24,530,Atletico Madrid,,538,Celta Vigo,,1,1,0,0,1,1,,,,,2026-05-04,raw/api_football/fixtures/2026-04-30/fixtures_league_140_2024.json
1208707,Ricardo De Burgos,UTC,2025-02-15T20:00:00+00:00,1739649600,1498.0,Estadio de la Cerámica,Villarreal,Match Finished,FT,90,140,La Liga,Spain,2024,Regular Season - 24,533,Villarreal,,532,Valencia,,1,1,1,0,1,1,,,,,2026-05-04,raw/api_football/fixtures/2026-04-30/fixtures_league_140_2024.json
1212933,Guillermo Cuadra,UTC,2025-02-16T13:00:00+00:00,1739710800,1474.0,RCDE Stadium,Cornella de Llobregat,Match Finished,FT,90,140,La Liga,Spain,2024,Regular Season - 24,540,Espanyol,,531,Athletic Club,,1,1,0,0,1,1,,,,,2026-05-04,raw/api_football/fixtures/2026-04-30/fixtures_league_140_2024.json
1208706,Javier Alberola,UTC,2025-02-16T15:15:00+00:00,1739718900,1492.0,Estadio Municipal José Zorrilla,Valladolid,Match Finished,FT,90,140,La Liga,Spain,2024,Regular Season - 24,720,Valladolid,False,536,Sevilla,True,0,4,0,2,0,4,,,,,2026-05-04,raw/api_football/fixtures/2026-04-30/fixtures_league_140_2024.json
1208708,Miguel Ortiz,UTC,2025-02-16T17:30:00+00:00,1739727000,19940.0,Estadi Mallorca Son Moix,Palma de Mallorca,Match Finished,FT,90,140,La Liga,Spain,2024,Regular Season - 24,798,Mallorca,True,534,Las Palmas,False,3,1,3,0,3,1,,,,,2026-05-04,raw/api_football/fixtures/2026-04-30/fixtures_league_140_2024.json
1208703,Gil Manzano,UTC,2025-02-16T20:00:00+00:00,1739736000,1489.0,Estadio Benito Villamarín,Sevilla,Match Finished,FT,90,140,La Liga,Spain,2024,Regular Season - 24,543,Real Betis,True,548,Real Sociedad,False,3,0,0,0,3,0,,,,,2026-05-04,raw/api_football/fixtures/2026-04-30/fixtures_league_140_2024.json
1208702,Mario Melero,UTC,2025-02-17T20:00:00+00:00,1739822400,19939.0,Estadi Olímpic Lluís Companys,Barcelona,Match Finished,FT,90,140,La Liga,Spain,2024,Regular Season - 24,529,Barcelona,True,728,Rayo Vallecano,False,1,0,1,0,1,0,,,,,2026-05-04,raw/api_football/fixtures/2026-04-30/fixtures_league_140_2024.json
1208711,José Sánchez,UTC,2025-02-21T20:00:00+00:00,1740168000,,Estadio Abanca-Balaídos,Vigo,Match Finished,FT,90,140,La Liga,Spain,2024,Regular Season - 25,538,Celta Vigo,True,727,Osasuna,False,1,0,0,0,1,0,,,,,2026-05-04,raw/api_football/fixtures/2026-04-30/fixtures_league_140_2024.json
1212934,Juan Pulido,UTC,2025-02-22T13:00:00+00:00,1740229200,1470.0,Estadio de Mendizorroza,Vitoria-Gasteiz,Match Finished,FT,90,140,La Liga,Spain,2024,Regular Season - 25,542,Alaves,False,540,Espanyol,True,0,1,0,0,0,1,,,,,2026-05-04,raw/api_football/fixtures/2026-04-30/fixtures_league_140_2024.json
1208712,Víctor García,UTC,2025-02-22T15:15:00+00:00,1740237300,1488.0,Estadio de Vallecas,Madrid,Match Finished,FT,90,140,La Liga,Spain,2024,Regular Season - 25,728,Rayo Vallecano,False,533,Villarreal,True,0,1,0,0,0,1,,,,,2026-05-04,raw/api_football/fixtures/2026-04-30/fixtures_league_140_2024.json
1208713,Mateo Busquets,UTC,2025-02-22T17:30:00+00:00,1740245400,1497.0,Estadio de Mestalla,Valencia,Match Finished,FT,90,140,La Liga,Spain,2024,Regular Season - 25,532,Valencia,False,530,Atletico Madrid,True,0,3,0,2,0,3,,,,,2026-05-04,raw/api_football/fixtures/2026-04-30/fixtures_league_140_2024.json
1208714,Adrián Cordero,UTC,2025-02-22T20:00:00+00:00,1740254400,1481.0,Estadio de Gran Canaria,Las Palmas de Gran Canaria,Match Finished,FT,90,140,La Liga,Spain,2024,Regular Season - 25,534,Las Palmas,False,529,Barcelona,True,0,2,0,0,0,2,,,,,2026-05-04,raw/api_football/fixtures/2026-04-30/fixtures_league_140_2024.json
1208710,César Soto,UTC,2025-02-23T13:00:00+00:00,1740315600,1460.0,San Mamés Barria,Bilbao,Match Finished,FT,90,140,La Liga,Spain,2024,Regular Season - 25,531,Athletic Club,True,720,Valladolid,False,7,1,4,0,7,1,,,,,2026-05-04,raw/api_football/fixtures/2026-04-30/fixtures_league_140_2024.json
1208716,Guillermo Cuadra,UTC,2025-02-23T15:15:00+00:00,1740323700,1456.0,Estadio Santiago Bernabéu,Madrid,Match Finished,FT,90,140,La Liga,Spain,2024,Regular Season - 25,541,Real Madrid,True,547,Girona,False,2,0,1,0,2,0,,,,,2026-05-04,raw/api_football/fixtures/2026-04-30/fixtures_league_140_2024.json
1208715,Javier Alberola,UTC,2025-02-23T17:30:00+00:00,1740331800,20422.0,Estadio Coliseum,Getafe,Match Finished,FT,90,140,La Liga,Spain,2024,Regular Season - 25,546,Getafe,False,543,Real Betis,True,1,2,0,1,1,2,,,,,2026-05-04,raw/api_football/fixtures/2026-04-30/fixtures_league_140_2024.json
1208718,Francisco Hernández,UTC,2025-02-23T20:00:00+00:00,1740340800,1491.0,Reale Arena,Donostia-San Sebastián,Match Finished,FT,90,140,La Liga,Spain,2024,Regular Season - 25,548,Real Sociedad,True,537,Leganes,False,3,0,1,0,3,0,,,,,2026-05-04,raw/api_football/fixtures/2026-04-30/fixtures_league_140_2024.json
1208717,Alejandro Muñiz,UTC,2025-02-24T20:00:00+00:00,1740427200,1494.0,Estadio Ramón Sánchez Pizjuán,Sevilla,Match Finished,FT,90,140,La Liga,Spain,2024,Regular Season - 25,536,Sevilla,,798,Mallorca,,1,1,1,0,1,1,,,,,2026-05-04,raw/api_football/fixtures/2026-04-30/fixtures_league_140_2024.json
1208726,Ricardo De Burgos,UTC,2025-02-28T20:00:00+00:00,1740772800,1492.0,Estadio Municipal José Zorrilla,Valladolid,Match Finished,FT,90,140,La Liga,Spain,2024,Regular Season - 26,720,Valladolid,,534,Las Palmas,,1,1,0,1,1,1,,,,,2026-05-04,raw/api_football/fixtures/2026-04-30/fixtures_league_140_2024.json
1208724,Miguel Ortiz,UTC,2025-03-01T13:00:00+00:00,1740834000,1478.0,Estadi Municipal de Montilivi,Girona,Match Finished,FT,90,140,La Liga,Spain,2024,Regular Season - 26,547,Girona,,538,Celta Vigo,,2,2,1,1,2,2,,,,,2026-05-04,raw/api_football/fixtures/2026-04-30/fixtures_league_140_2024.json
1208722,Pablo González,UTC,2025-03-01T15:15:00+00:00,1740842100,1488.0,Estadio de Vallecas,Madrid,Match Finished,FT,90,140,La Liga,Spain,2024,Regular Season - 26,728,Rayo Vallecano,,536,Sevilla,,1,1,0,0,1,1,,,,,2026-05-04,raw/api_football/fixtures/2026-04-30/fixtures_league_140_2024.json
1208720,Alejandro Hernández,UTC,2025-03-01T17:30:00+00:00,1740850200,1489.0,Estadio Benito Villamarín,Sevilla,Match Finished,FT,90,140,La Liga,Spain,2024,Regular Season - 26,543,Real Betis,True,541,Real Madrid,False,2,1,1,1,2,1,,,,,2026-05-04,raw/api_football/fixtures/2026-04-30/fixtures_league_140_2024.json
1208723,Gil Manzano,UTC,2025-03-01T20:00:00+00:00,1740859200,19217.0,Riyadh Air Metropolitano,Madrid,Match Finished,FT,90,140,La Liga,Spain,2024,Regular Season - 26,530,Atletico Madrid,True,531,Athletic Club,False,1,0,0,0,1,0,,,,,2026-05-04,raw/api_football/fixtures/2026-04-30/fixtures_league_140_2024.json
1208725,Alejandro Muñiz,UTC,2025-03-02T13:00:00+00:00,1740920400,1464.0,Estadio Municipal de Butarque,Leganés,Match Finished,FT,90,140,La Liga,Spain,2024,Regular Season - 26,537,Leganes,True,546,Getafe,False,1,0,0,0,1,0,,,,,2026-05-04,raw/api_football/fixtures/2026-04-30/fixtures_league_140_2024.json
1208719,Alejandro Quintero,UTC,2025-03-02T15:15:00+00:00,1740928500,19939.0,Estadi Olímpic Lluís Companys,Barcelona,Match Finished,FT,90,140,La Liga,Spain,2024,Regular Season - 26,529,Barcelona,True,548,Real Sociedad,False,4,0,2,0,4,0,,,,,2026-05-04,raw/api_football/fixtures/2026-04-30/fixtures_league_140_2024.json
1208727,César Soto,UTC,2025-03-02T17:30:00+00:00,1740936600,19940.0,Estadi Mallorca Son Moix,Palma de Mallorca,Match Finished,FT,90,140,La Liga,Spain,2024,Regular Season - 26,798,Mallorca,,542,Alaves,,1,1,1,0,1,1,,,,,2026-05-04,raw/api_football/fixtures/2026-04-30/fixtures_league_140_2024.json
1208721,Mario Melero,UTC,2025-03-02T20:00:00+00:00,1740945600,1486.0,Estadio El Sadar,Iruñea,Match Finished,FT,90,140,La Liga,Spain,2024,Regular Season - 26,727,Osasuna,,532,Valencia,,3,3,3,2,3,3,,,,,2026-05-04,raw/api_football/fixtures/2026-04-30/fixtures_league_140_2024.json
1208731,Isidro Díaz de Mera,UTC,2025-03-08T13:00:00+00:00,1741438800,,Estadio Abanca-Balaídos,Vigo,Match Finished,FT,90,140,La Liga,Spain,2024,Regular Season - 27,538,Celta Vigo,True,537,Leganes,False,2,1,2,1,2,1,,,,,2026-05-04,raw/api_football/fixtures/2026-04-30/fixtures_league_140_2024.json
1208734,Miguel Ortiz,UTC,2025-03-08T15:15:00+00:00,1741446900,1470.0,Estadio de Mendizorroza,Vitoria-Gasteiz,Match Finished,FT,90,140,La Liga,Spain,2024,Regular Season - 27,542,Alaves,True,533,Villarreal,False,1,0,1,0,1,0,,,,,2026-05-04,raw/api_football/fixtures/2026-04-30/fixtures_league_140_2024.json
1208733,Juan Pulido,UTC,2025-03-08T17:30:00+00:00,1741455000,1497.0,Estadio de Mestalla,Valencia,Match Finished,FT,90,140,La Liga,Spain,2024,Regular Season - 27,532,Valencia,True,720,Valladolid,False,2,1,1,1,2,1,,,,,2026-05-04,raw/api_football/fixtures/2026-04-30/fixtures_league_140_2024.json
1208735,Guillermo Cuadra,UTC,2025-03-09T13:00:00+00:00,1741525200,20422.0,Estadio Coliseum,Getafe,Match Finished,FT,90,140,La Liga,Spain,2024,Regular Season - 27,546,Getafe,True,530,Atletico Madrid,False,2,1,0,0,2,1,,,,,2026-05-04,raw/api_football/fixtures/2026-04-30/fixtures_league_140_2024.json
1208736,Francisco Hernández,UTC,2025-03-09T15:15:00+00:00,1741533300,1456.0,Estadio Santiago Bernabéu,Madrid,Match Finished,FT,90,140,La Liga,Spain,2024,Regular Season - 27,541,Real Madrid,True,728,Rayo Vallecano,False,2,1,2,1,2,1,,,,,2026-05-04,raw/api_football/fixtures/2026-04-30/fixtures_league_140_2024.json
1208728,Alejandro Hernández,UTC,2025-03-09T17:30:00+00:00,1741541400,1460.0,San Mamés Barria,Bilbao,Match Finished,FT,90,140,La Liga,Spain,2024,Regular Season - 27,531,Athletic Club,,798,Mallorca,,1,1,0,0,1,1,,,,,2026-05-04,raw/api_football/fixtures/2026-04-30/fixtures_league_140_2024.json
1208730,José Sánchez,UTC,2025-03-09T17:30:00+00:00,1741541400,1489.0,Estadio Benito Villamarín,Sevilla,Match Finished,FT,90,140,La Liga,Spain,2024,Regular Season - 27,543,Real Betis,True,534,Las Palmas,False,1,0,0,0,1,0,,,,,2026-05-04,raw/api_football/fixtures/2026-04-30/fixtures_league_140_2024.json
1208732,Víctor García,UTC,2025-03-09T20:00:00+00:00,1741550400,1491.0,Reale Arena,Donostia-San Sebastián,Match Finished,FT,90,140,La Liga,Spain,2024,Regular Season - 27,548,Real Sociedad,False,536,Sevilla,True,0,1,0,0,0,1,,,,,2026-05-04,raw/api_football/fixtures/2026-04-30/fixtures_league_140_2024.json
1212936,Adrián Cordero,UTC,2025-03-10T20:00:00+00:00,1741636800,1474.0,RCDE Stadium,Cornella de Llobregat,Match Finished,FT,90,140,La Liga,Spain,2024,Regular Season - 27,540,Espanyol,,547,Girona,,1,1,0,0,1,1,,,,,2026-05-04,raw/api_football/fixtures/2026-04-30/fixtures_league_140_2024.json
1208745,Mario Melero,UTC,2025-03-14T20:00:00+00:00,1741982400,1481.0,Estadio de Gran Canaria,Las Palmas de Gran Canaria,Match Finished,FT,90,140,La Liga,Spain,2024,Regular Season - 28,534,Las Palmas,,542,Alaves,,2,2,0,1,2,2,,,,,2026-05-04,raw/api_football/fixtures/2026-04-30/fixtures_league_140_2024.json
1208742,Víctor García,UTC,2025-03-15T13:00:00+00:00,1742043600,1492.0,Estadio Municipal José Zorrilla,Valladolid,Match Finished,FT,90,140,La Liga,Spain,2024,Regular Season - 28,720,Valladolid,False,538,Celta Vigo,True,0,1,0,0,0,1,,,,,2026-05-04,raw/api_football/fixtures/2026-04-30/fixtures_league_140_2024.json
1212937,Alejandro Quintero,UTC,2025-03-15T15:15:00+00:00,1742051700,19940.0,Estadi Mallorca Son Moix,Palma de Mallorca,Match Finished,FT,90,140,La Liga,Spain,2024,Regular Season - 28,798,Mallorca,True,540,Espanyol,False,2,1,0,0,2,1,,,,,2026-05-04,raw/api_football/fixtures/2026-04-30/fixtures_league_140_2024.json
1208744,Gil Manzano,UTC,2025-03-15T17:30:00+00:00,1742059800,1498.0,Estadio de la Cerámica,Villarreal,Match Finished,FT,90,140,La Liga,Spain,2024,Regular Season - 28,533,Villarreal,False,541,Real Madrid,True,1,2,1,2,1,2,,,,,2026-05-04,raw/api_football/fixtures/2026-04-30/fixtures_league_140_2024.json
1208738,José Munuera,UTC,2025-03-15T20:00:00+00:00,1742068800,1478.0,Estadi Municipal de Montilivi,Girona,Match Finished,FT,90,140,La Liga,Spain,2024,Regular Season - 28,547,Girona,,532,Valencia,,1,1,0,0,1,1,,,,,2026-05-04,raw/api_football/fixtures/2026-04-30/fixtures_league_140_2024.json
1208741,César Soto,UTC,2025-03-16T13:00:00+00:00,1742130000,1464.0,Estadio Municipal de Butarque,Leganés,Match Finished,FT,90,140,La Liga,Spain,2024,Regular Season - 28,537,Leganes,False,543,Real Betis,True,2,3,2,0,2,3,,,,,2026-05-04,raw/api_football/fixtures/2026-04-30/fixtures_league_140_2024.json
1208740,Juan Pulido,UTC,2025-03-16T15:15:00+00:00,1742138100,1494.0,Estadio Ramón Sánchez Pizjuán,Sevilla,Match Finished,FT,90,140,La Liga,Spain,2024,Regular Season - 28,536,Sevilla,False,531,Athletic Club,True,0,1,0,0,0,1,,,,,2026-05-04,raw/api_football/fixtures/2026-04-30/fixtures_league_140_2024.json
1208743,Alejandro Hernández,UTC,2025-03-16T17:30:00+00:00,1742146200,1486.0,Estadio El Sadar,Iruñea,Match Finished,FT,90,140,La Liga,Spain,2024,Regular Season - 28,727,Osasuna,False,546,Getafe,True,1,2,1,0,1,2,,,,,2026-05-04,raw/api_football/fixtures/2026-04-30/fixtures_league_140_2024.json
1208739,Alejandro Muñiz,UTC,2025-03-16T17:30:00+00:00,1742146200,1488.0,Estadio de Vallecas,Madrid,Match Finished,FT,90,140,La Liga,Spain,2024,Regular Season - 28,728,Rayo Vallecano,,548,Real Sociedad,,2,2,0,1,2,2,,,,,2026-05-04,raw/api_football/fixtures/2026-04-30/fixtures_league_140_2024.json
1208737,Ricardo De Burgos,UTC,2025-03-16T20:00:00+00:00,1742155200,19217.0,Riyadh Air Metropolitano,Madrid,Match Finished,FT,90,140,La Liga,Spain,2024,Regular Season - 28,530,Atletico Madrid,False,529,Barcelona,True,2,4,1,0,2,4,,,,,2026-05-04,raw/api_football/fixtures/2026-04-30/fixtures_league_140_2024.json
1208729,Mateo Busquets,UTC,2025-03-27T20:00:00+00:00,1743105600,19939.0,Estadi Olímpic Lluís Companys,Barcelona,Match Finished,FT,90,140,La Liga,Spain,2024,Regular Season - 27,529,Barcelona,True,727,Osasuna,False,3,0,2,0,3,0,,,,,2026-05-04,raw/api_football/fixtures/2026-04-30/fixtures_league_140_2024.json
1208751,Adrián Cordero,UTC,2025-03-29T13:00:00+00:00,1743253200,1491.0,Reale Arena,Donostia-San Sebastián,Match Finished,FT,90,140,La Liga,Spain,2024,Regular Season - 29,548,Real Sociedad,True,720,Valladolid,False,2,1,1,0,2,1,,,,,2026-05-04,raw/api_football/fixtures/2026-04-30/fixtures_league_140_2024.json
1212938,Javier Alberola,UTC,2025-03-29T15:15:00+00:00,1743261300,1474.0,RCDE Stadium,Cornella de Llobregat,Match Finished,FT,90,140,La Liga,Spain,2024,Regular Season - 29,540,Espanyol,,530,Atletico Madrid,,1,1,0,1,1,1,,,,,2026-05-04,raw/api_football/fixtures/2026-04-30/fixtures_league_140_2024.json
1208752,José Munuera,UTC,2025-03-29T17:30:00+00:00,1743269400,1470.0,Estadio de Mendizorroza,Vitoria-Gasteiz,Match Finished,FT,90,140,La Liga,Spain,2024,Regular Season - 29,542,Alaves,False,728,Rayo Vallecano,True,0,2,0,1,0,2,,,,,2026-05-04,raw/api_football/fixtures/2026-04-30/fixtures_league_140_2024.json
1208754,Pablo González,UTC,2025-03-29T20:00:00+00:00,1743278400,1456.0,Estadio Santiago Bernabéu,Madrid,Match Finished,FT,90,140,La Liga,Spain,2024,Regular Season - 29,541,Real Madrid,True,537,Leganes,False,3,2,1,2,3,2,,,,,2026-05-04,raw/api_football/fixtures/2026-04-30/fixtures_league_140_2024.json
1208750,Isidro Díaz de Mera,UTC,2025-03-30T12:00:00+00:00,1743336000,20422.0,Estadio Coliseum,Getafe,Match Finished,FT,90,140,La Liga,Spain,2024,Regular Season - 29,546,Getafe,False,533,Villarreal,True,1,2,1,2,1,2,,,,,2026-05-04,raw/api_football/fixtures/2026-04-30/fixtures_league_140_2024.json
1208747,Juan Pulido,UTC,2025-03-30T14:15:00+00:00,1743344100,19939.0,Estadi Olímpic Lluís Companys,Barcelona,Match Finished,FT,90,140,La Liga,Spain,2024,Regular Season - 29,529,Barcelona,True,547,Girona,False,4,1,1,0,4,1,,,,,2026-05-04,raw/api_football/fixtures/2026-04-30/fixtures_league_140_2024.json
1208746,Guillermo Cuadra,UTC,2025-03-30T16:30:00+00:00,1743352200,1460.0,San Mamés Barria,Bilbao,Match Finished,FT,90,140,La Liga,Spain,2024,Regular Season - 29,531,Athletic Club,,727,Osasuna,,0,0,0,0,0,0,,,,,2026-05-04,raw/api_football/fixtures/2026-04-30/fixtures_league_140_2024.json
1208753,Francisco Hernández,UTC,2025-03-30T16:30:00+00:00,1743352200,1497.0,Estadio de Mestalla,Valencia,Match Finished,FT,90,140,La Liga,Spain,2024,Regular Season - 29,532,Valencia,True,798,Mallorca,False,1,0,0,0,1,0,,,,,2026-05-04,raw/api_football/fixtures/2026-04-30/fixtures_league_140_2024.json
1208748,Mateo Busquets,UTC,2025-03-30T19:00:00+00:00,1743361200,1489.0,Estadio Benito Villamarín,Sevilla,Match Finished,FT,90,140,La Liga,Spain,2024,Regular Season - 29,543,Real Betis,True,536,Sevilla,False,2,1,2,1,2,1,,,,,2026-05-04,raw/api_football/fixtures/2026-04-30/fixtures_league_140_2024.json
1208749,Juan Martínez,UTC,2025-03-31T19:00:00+00:00,1743447600,,Estadio Abanca-Balaídos,Vigo,Match Finished,FT,90,140,La Liga,Spain,2024,Regular Season - 29,538,Celta Vigo,,534,Las Palmas,,1,1,1,0,1,1,,,,,2026-05-04,raw/api_football/fixtures/2026-04-30/fixtures_league_140_2024.json
1212939,Alejandro Hernández,UTC,2025-04-04T19:00:00+00:00,1743793200,1488.0,Estadio de Vallecas,Madrid,Match Finished,FT,90,140,La Liga,Spain,2024,Regular Season - 30,728,Rayo Vallecano,False,540,Espanyol,True,0,4,0,2,0,4,,,,,2026-05-04,raw/api_football/fixtures/2026-04-30/fixtures_league_140_2024.json
1208763,Alejandro Muñiz,UTC,2025-04-05T12:00:00+00:00,1743854400,1478.0,Estadi Municipal de Montilivi,Girona,Match Finished,FT,90,140,La Liga,Spain,2024,Regular Season - 30,547,Girona,False,542,Alaves,True,0,1,0,0,0,1,,,,,2026-05-04,raw/api_football/fixtures/2026-04-30/fixtures_league_140_2024.json
1208756,Guillermo Cuadra,UTC,2025-04-05T14:15:00+00:00,1743862500,1456.0,Estadio Santiago Bernabéu,Madrid,Match Finished,FT,90,140,La Liga,Spain,2024,Regular Season - 30,541,Real Madrid,False,532,Valencia,True,1,2,0,1,1,2,,,,,2026-05-04,raw/api_football/fixtures/2026-04-30/fixtures_league_140_2024.json
1208761,Ricardo De Burgos,UTC,2025-04-05T16:30:00+00:00,1743870600,19940.0,Estadi Mallorca Son Moix,Palma de Mallorca,Match Finished,FT,90,140,La Liga,Spain,2024,Regular Season - 30,798,Mallorca,False,538,Celta Vigo,True,1,2,1,0,1,2,,,,,2026-05-04,raw/api_football/fixtures/2026-04-30/fixtures_league_140_2024.json
1208755,Gil Manzano,UTC,2025-04-05T19:00:00+00:00,1743879600,19939.0,Estadi Olímpic Lluís Companys,Barcelona,Match Finished,FT,90,140,La Liga,Spain,2024,Regular Season - 30,529,Barcelona,,543,Real Betis,,1,1,1,1,1,1,,,,,2026-05-04,raw/api_football/fixtures/2026-04-30/fixtures_league_140_2024.json
1208757,Miguel Ortiz,UTC,2025-04-06T12:00:00+00:00,1743940800,1481.0,Estadio de Gran Canaria,Las Palmas de Gran Canaria,Match Finished,FT,90,140,La Liga,Spain,2024,Regular Season - 30,534,Las Palmas,False,548,Real Sociedad,True,1,3,0,1,1,3,,,,,2026-05-04,raw/api_football/fixtures/2026-04-30/fixtures_league_140_2024.json
1208760,César Soto,UTC,2025-04-06T14:15:00+00:00,1743948900,1494.0,Estadio Ramón Sánchez Pizjuán,Sevilla,Match Finished,FT,90,140,La Liga,Spain,2024,Regular Season - 30,536,Sevilla,False,530,Atletico Madrid,True,1,2,1,1,1,2,,,,,2026-05-04,raw/api_football/fixtures/2026-04-30/fixtures_league_140_2024.json
1208762,Alejandro Quintero,UTC,2025-04-06T16:30:00+00:00,1743957000,1492.0,Estadio Municipal José Zorrilla,Valladolid,Match Finished,FT,90,140,La Liga,Spain,2024,Regular Season - 30,720,Valladolid,False,546,Getafe,True,0,4,0,3,0,4,,,,,2026-05-04,raw/api_football/fixtures/2026-04-30/fixtures_league_140_2024.json
1208759,Mario Melero,UTC,2025-04-06T19:00:00+00:00,1743966000,1498.0,Estadio de la Cerámica,Villarreal,Match Finished,FT,90,140,La Liga,Spain,2024,Regular Season - 30,533,Villarreal,,531,Athletic Club,,0,0,0,0,0,0,,,,,2026-05-04,raw/api_football/fixtures/2026-04-30/fixtures_league_140_2024.json
1208758,Víctor García,UTC,2025-04-07T19:00:00+00:00,1744052400,1464.0,Estadio Municipal de Butarque,Leganés,Match Finished,FT,90,140,La Liga,Spain,2024,Regular Season - 30,537,Leganes,,727,Osasuna,,1,1,0,0,1,1,,,,,2026-05-04,raw/api_football/fixtures/2026-04-30/fixtures_league_140_2024.json
1208772,José Sánchez,UTC,2025-04-11T19:00:00+00:00,1744398000,1497.0,Estadio de Mestalla,Valencia,Match Finished,FT,90,140,La Liga,Spain,2024,Regular Season - 31,532,Valencia,True,536,Sevilla,False,1,0,1,0,1,0,,,,,2026-05-04,raw/api_football/fixtures/2026-04-30/fixtures_league_140_2024.json
1208771,José Munuera,UTC,2025-04-12T12:00:00+00:00,1744459200,1491.0,Reale Arena,Donostia-San Sebastián,Match Finished,FT,90,140,La Liga,Spain,2024,Regular Season - 31,548,Real Sociedad,False,798,Mallorca,True,0,2,0,1,0,2,,,,,2026-05-04,raw/api_football/fixtures/2026-04-30/fixtures_league_140_2024.json
1208767,Javier Alberola,UTC,2025-04-12T14:15:00+00:00,1744467300,20422.0,Estadio Coliseum,Getafe,Match Finished,FT,90,140,La Liga,Spain,2024,Regular Season - 31,546,Getafe,False,534,Las Palmas,True,1,3,1,0,1,3,,,,,2026-05-04,raw/api_football/fixtures/2026-04-30/fixtures_league_140_2024.json
1212940,Mateo Busquets,UTC,2025-04-12T16:30:00+00:00,1744475400,,Estadio Abanca-Balaídos,Vigo,Match Finished,FT,90,140,La Liga,Spain,2024,Regular Season - 31,538,Celta Vigo,False,540,Espanyol,True,0,2,0,1,0,2,,,,,2026-05-04,raw/api_football/fixtures/2026-04-30/fixtures_league_140_2024.json
1208769,Francisco Hernández,UTC,2025-04-12T19:00:00+00:00,1744484400,1464.0,Estadio Municipal de Butarque,Leganés,Match Finished,FT,90,140,La Liga,Spain,2024,Regular Season - 31,537,Leganes,False,529,Barcelona,True,0,1,0,0,0,1,,,,,2026-05-04,raw/api_football/fixtures/2026-04-30/fixtures_league_140_2024.json
1208770,Pablo González,UTC,2025-04-13T12:00:00+00:00,1744545600,1486.0,Estadio El Sadar,Iruñea,Match Finished,FT,90,140,La Liga,Spain,2024,Regular Season - 31,727,Osasuna,True,547,Girona,False,2,1,1,0,2,1,,,,,2026-05-04,raw/api_football/fixtures/2026-04-30/fixtures_league_140_2024.json
1208768,César Soto,UTC,2025-04-13T14:15:00+00:00,1744553700,1470.0,Estadio de Mendizorroza,Vitoria-Gasteiz,Match Finished,FT,90,140,La Liga,Spain,2024,Regular Season - 31,542,Alaves,False,541,Real Madrid,True,0,1,0,1,0,1,,,,,2026-05-04,raw/api_football/fixtures/2026-04-30/fixtures_league_140_2024.json
1208766,Juan Pulido,UTC,2025-04-13T16:30:00+00:00,1744561800,1489.0,Estadio Benito Villamarín,Sevilla,Match Finished,FT,90,140,La Liga,Spain,2024,Regular Season - 31,543,Real Betis,False,533,Villarreal,True,1,2,1,1,1,2,,,,,2026-05-04,raw/api_football/fixtures/2026-04-30/fixtures_league_140_2024.json
1208764,Adrián Cordero,UTC,2025-04-13T19:00:00+00:00,1744570800,1460.0,San Mamés Barria,Bilbao,Match Finished,FT,90,140,La Liga,Spain,2024,Regular Season - 31,531,Athletic Club,True,728,Rayo Vallecano,False,3,1,0,1,3,1,,,,,2026-05-04,raw/api_football/fixtures/2026-04-30/fixtures_league_140_2024.json
1208765,Isidro Díaz de Mera,UTC,2025-04-14T19:00:00+00:00,1744657200,19217.0,Riyadh Air Metropolitano,Madrid,Match Finished,FT,90,140,La Liga,Spain,2024,Regular Season - 31,530,Atletico Madrid,True,720,Valladolid,False,4,2,2,1,4,2,,,,,2026-05-04,raw/api_football/fixtures/2026-04-30/fixtures_league_140_2024.json
1212941,Ricardo De Burgos,UTC,2025-04-18T19:00:00+00:00,1745002800,1474.0,RCDE Stadium,Cornella de Llobregat,Match Finished,FT,90,140,La Liga,Spain,2024,Regular Season - 32,540,Espanyol,True,546,Getafe,False,1,0,1,0,1,0,,,,,2026-05-04,raw/api_football/fixtures/2026-04-30/fixtures_league_140_2024.json
1208774,Alejandro Quintero,UTC,2025-04-19T12:00:00+00:00,1745064000,1488.0,Estadio de Vallecas,Madrid,Match Finished,FT,90,140,La Liga,Spain,2024,Regular Season - 32,728,Rayo Vallecano,,532,Valencia,,1,1,1,0,1,1,,,,,2026-05-04,raw/api_football/fixtures/2026-04-30/fixtures_league_140_2024.json
1208773,Mario Melero,UTC,2025-04-19T14:15:00+00:00,1745072100,19939.0,Estadi Olímpic Lluís Companys,Barcelona,Match Finished,FT,90,140,La Liga,Spain,2024,Regular Season - 32,529,Barcelona,True,538,Celta Vigo,False,4,3,1,1,4,3,,,,,2026-05-04,raw/api_football/fixtures/2026-04-30/fixtures_league_140_2024.json
1208781,Alejandro Muñiz,UTC,2025-04-19T16:30:00+00:00,1745080200,19940.0,Estadi Mallorca Son Moix,Palma de Mallorca,Match Finished,FT,90,140,La Liga,Spain,2024,Regular Season - 32,798,Mallorca,,537,Leganes,,0,0,0,0,0,0,,,,,2026-05-04,raw/api_football/fixtures/2026-04-30/fixtures_league_140_2024.json
1208776,Víctor García,UTC,2025-04-19T19:00:00+00:00,1745089200,1481.0,Estadio de Gran Canaria,Las Palmas de Gran Canaria,Match Finished,FT,90,140,La Liga,Spain,2024,Regular Season - 32,534,Las Palmas,True,530,Atletico Madrid,False,1,0,0,0,1,0,,,,,2026-05-04,raw/api_football/fixtures/2026-04-30/fixtures_league_140_2024.json
1208778,Gil Manzano,UTC,2025-04-20T12:00:00+00:00,1745150400,1492.0,Estadio Municipal José Zorrilla,Valladolid,Match Finished,FT,90,140,La Liga,Spain,2024,Regular Season - 32,720,Valladolid,False,727,Osasuna,True,2,3,0,2,2,3,,,,,2026-05-04,raw/api_football/fixtures/2026-04-30/fixtures_league_140_2024.json
1208779,Guillermo Cuadra,UTC,2025-04-20T14:15:00+00:00,1745158500,1498.0,Estadio de la Cerámica,Villarreal,Match Finished,FT,90,140,La Liga,Spain,2024,Regular Season - 32,533,Villarreal,,548,Real Sociedad,,2,2,1,1,2,2,,,,,2026-05-04,raw/api_football/fixtures/2026-04-30/fixtures_league_140_2024.json
1208780,Miguel Ortiz,UTC,2025-04-20T16:30:00+00:00,1745166600,1494.0,Estadio Ramón Sánchez Pizjuán,Sevilla,Match Finished,FT,90,140,La Liga,Spain,2024,Regular Season - 32,536,Sevilla,,542,Alaves,,1,1,1,1,1,1,,,,,2026-05-04,raw/api_football/fixtures/2026-04-30/fixtures_league_140_2024.json
1208775,Juan Martínez,UTC,2025-04-20T19:00:00+00:00,1745175600,1456.0,Estadio Santiago Bernabéu,Madrid,Match Finished,FT,90,140,La Liga,Spain,2024,Regular Season - 32,541,Real Madrid,True,531,Athletic Club,False,1,0,0,0,1,0,,,,,2026-05-04,raw/api_football/fixtures/2026-04-30/fixtures_league_140_2024.json
1208777,Alejandro Hernández,UTC,2025-04-21T19:00:00+00:00,1745262000,1478.0,Estadi Municipal de Montilivi,Girona,Match Finished,FT,90,140,La Liga,Spain,2024,Regular Season - 32,547,Girona,False,543,Real Betis,True,1,3,0,3,1,3,,,,,2026-05-04,raw/api_football/fixtures/2026-04-30/fixtures_league_140_2024.json
1212942,Juan Pulido,UTC,2025-04-22T17:00:00+00:00,1745341200,1497.0,Estadio de Mestalla,Valencia,Match Finished,FT,90,140,La Liga,Spain,2024,Regular Season - 33,532,Valencia,,540,Espanyol,,1,1,0,1,1,1,,,,,2026-05-04,raw/api_football/fixtures/2026-04-30/fixtures_league_140_2024.json
1208784,Miguel Ortiz,UTC,2025-04-22T19:30:00+00:00,1745350200,19939.0,Estadi Olímpic Lluís Companys,Barcelona,Match Finished,FT,90,140,La Liga,Spain,2024,Regular Season - 33,529,Barcelona,True,798,Mallorca,False,1,0,0,0,1,0,,,,,2026-05-04,raw/api_football/fixtures/2026-04-30/fixtures_league_140_2024.json
1208782,Isidro Díaz de Mera,UTC,2025-04-23T17:00:00+00:00,1745427600,1460.0,San Mamés Barria,Bilbao,Match Finished,FT,90,140,La Liga,Spain,2024,Regular Season - 33,531,Athletic Club,True,534,Las Palmas,False,1,0,1,0,1,0,,,,,2026-05-04,raw/api_football/fixtures/2026-04-30/fixtures_league_140_2024.json
1208786,Javier Alberola,UTC,2025-04-23T17:00:00+00:00,1745427600,,Estadio Abanca-Balaídos,Vigo,Match Finished,FT,90,140,La Liga,Spain,2024,Regular Season - 33,538,Celta Vigo,True,533,Villarreal,False,3,0,1,0,3,0,,,,,2026-05-04,raw/api_football/fixtures/2026-04-30/fixtures_league_140_2024.json
1208789,Mateo Busquets,UTC,2025-04-23T19:30:00+00:00,1745436600,1470.0,Estadio de Mendizorroza,Vitoria-Gasteiz,Match Finished,FT,90,140,La Liga,Spain,2024,Regular Season - 33,542,Alaves,True,548,Real Sociedad,False,1,0,0,0,1,0,,,,,2026-05-04,raw/api_football/fixtures/2026-04-30/fixtures_league_140_2024.json
1208787,José Sánchez,UTC,2025-04-23T19:30:00+00:00,1745436600,20422.0,Estadio Coliseum,Getafe,Match Finished,FT,90,140,La Liga,Spain,2024,Regular Season - 33,546,Getafe,False,541,Real Madrid,True,0,1,0,1,0,1,,,,,2026-05-04,raw/api_football/fixtures/2026-04-30/fixtures_league_140_2024.json
1208790,José Munuera,UTC,2025-04-24T17:00:00+00:00,1745514000,1464.0,Estadio Municipal de Butarque,Leganés,Match Finished,FT,90,140,La Liga,Spain,2024,Regular Season - 33,537,Leganes,,547,Girona,,1,1,0,0,1,1,,,,,2026-05-04,raw/api_football/fixtures/2026-04-30/fixtures_league_140_2024.json
1208788,Adrián Cordero,UTC,2025-04-24T17:00:00+00:00,1745514000,1486.0,Estadio El Sadar,Iruñea,Match Finished,FT,90,140,La Liga,Spain,2024,Regular Season - 33,727,Osasuna,True,536,Sevilla,False,1,0,1,0,1,0,,,,,2026-05-04,raw/api_football/fixtures/2026-04-30/fixtures_league_140_2024.json
1208783,Pablo González,UTC,2025-04-24T19:30:00+00:00,1745523000,19217.0,Riyadh Air Metropolitano,Madrid,Match Finished,FT,90,140,La Liga,Spain,2024,Regular Season - 33,530,Atletico Madrid,True,728,Rayo Vallecano,False,3,0,2,0,3,0,,,,,2026-05-04,raw/api_football/fixtures/2026-04-30/fixtures_league_140_2024.json
1208785,Francisco Hernández,UTC,2025-04-24T19:30:00+00:00,1745523000,1489.0,Estadio Benito Villamarín,Sevilla,Match Finished,FT,90,140,La Liga,Spain,2024,Regular Season - 33,543,Real Betis,True,720,Valladolid,False,5,1,1,1,5,1,,,,,2026-05-04,raw/api_football/fixtures/2026-04-30/fixtures_league_140_2024.json
1212935,José Munuera,UTC,2025-04-27T14:15:00+00:00,1745763300,1498.0,Estadio de la Cerámica,Villarreal,Match Finished,FT,90,140,La Liga,Spain,2024,Regular Season - 26,533,Villarreal,True,540,Espanyol,False,1,0,0,0,1,0,,,,,2026-05-04,raw/api_football/fixtures/2026-04-30/fixtures_league_140_2024.json
1208797,Víctor García,UTC,2025-05-02T19:00:00+00:00,1746212400,1488.0,Estadio de Vallecas,Madrid,Match Finished,FT,90,140,La Liga,Spain,2024,Regular Season - 34,728,Rayo Vallecano,True,546,Getafe,False,1,0,1,0,1,0,,,,,2026-05-04,raw/api_football/fixtures/2026-04-30/fixtures_league_140_2024.json
1208793,Juan Martínez,UTC,2025-05-03T12:00:00+00:00,1746273600,1470.0,Estadio de Mendizorroza,Vitoria-Gasteiz,Match Finished,FT,90,140,La Liga,Spain,2024,Regular Season - 34,542,Alaves,,530,Atletico Madrid,,0,0,0,0,0,0,,,,,2026-05-04,raw/api_football/fixtures/2026-04-30/fixtures_league_140_2024.json
1208798,Alejandro Quintero,UTC,2025-05-03T14:15:00+00:00,1746281700,1498.0,Estadio de la Cerámica,Villarreal,Match Finished,FT,90,140,La Liga,Spain,2024,Regular Season - 34,533,Villarreal,True,727,Osasuna,False,4,2,3,0,4,2,,,,,2026-05-04,raw/api_football/fixtures/2026-04-30/fixtures_league_140_2024.json
1208792,Ricardo De Burgos,UTC,2025-05-03T16:30:00+00:00,1746289800,1481.0,Estadio de Gran Canaria,Las Palmas de Gran Canaria,Match Finished,FT,90,140,La Liga,Spain,2024,Regular Season - 34,534,Las Palmas,False,532,Valencia,True,2,3,1,1,2,3,,,,,2026-05-04,raw/api_football/fixtures/2026-04-30/fixtures_league_140_2024.json
1208795,Alejandro Muñiz,UTC,2025-05-03T19:00:00+00:00,1746298800,1492.0,Estadio Municipal José Zorrilla,Valladolid,Match Finished,FT,90,140,La Liga,Spain,2024,Regular Season - 34,720,Valladolid,False,529,Barcelona,True,1,2,1,0,1,2,,,,,2026-05-04,raw/api_football/fixtures/2026-04-30/fixtures_league_140_2024.json
1208796,Gil Manzano,UTC,2025-05-04T12:00:00+00:00,1746360000,1456.0,Estadio Santiago Bernabéu,Madrid,Match Finished,FT,90,140,La Liga,Spain,2024,Regular Season - 34,541,Real Madrid,True,538,Celta Vigo,False,3,2,2,0,3,2,,,,,2026-05-04,raw/api_football/fixtures/2026-04-30/fixtures_league_140_2024.json
1208799,Alejandro Hernández,UTC,2025-05-04T14:15:00+00:00,1746368100,1494.0,Estadio Ramón Sánchez Pizjuán,Sevilla,Match Finished,FT,90,140,La Liga,Spain,2024,Regular Season - 34,536,Sevilla,,537,Leganes,,2,2,1,1,2,2,,,,,2026-05-04,raw/api_football/fixtures/2026-04-30/fixtures_league_140_2024.json
1212943,Guillermo Cuadra,UTC,2025-05-04T16:30:00+00:00,1746376200,1474.0,RCDE Stadium,Cornella de Llobregat,Match Finished,FT,90,140,La Liga,Spain,2024,Regular Season - 34,540,Espanyol,False,543,Real Betis,True,1,2,1,0,1,2,,,,,2026-05-04,raw/api_football/fixtures/2026-04-30/fixtures_league_140_2024.json
1208794,César Soto,UTC,2025-05-04T19:00:00+00:00,1746385200,1491.0,Reale Arena,Donostia-San Sebastián,Match Finished,FT,90,140,La Liga,Spain,2024,Regular Season - 34,548,Real Sociedad,,531,Athletic Club,,0,0,0,0,0,0,,,,,2026-05-04,raw/api_football/fixtures/2026-04-30/fixtures_league_140_2024.json
1208791,Mario Melero,UTC,2025-05-05T19:00:00+00:00,1746471600,1478.0,Estadi Municipal de Montilivi,Girona,Match Finished,FT,90,140,La Liga,Spain,2024,Regular Season - 34,547,Girona,True,798,Mallorca,False,1,0,1,0,1,0,,,,,2026-05-04,raw/api_football/fixtures/2026-04-30/fixtures_league_140_2024.json
1208806,Francisco Hernández,UTC,2025-05-09T19:00:00+00:00,1746817200,1481.0,Estadio de Gran Canaria,Las Palmas de Gran Canaria,Match Finished,FT,90,140,La Liga,Spain,2024,Regular Season - 35,534,Las Palmas,False,728,Rayo Vallecano,True,0,1,0,0,0,1,,,,,2026-05-04,raw/api_football/fixtures/2026-04-30/fixtures_league_140_2024.json
1208807,Adrián Cordero,UTC,2025-05-10T12:00:00+00:00,1746878400,1497.0,Estadio de Mestalla,Valencia,Match Finished,FT,90,140,La Liga,Spain,2024,Regular Season - 35,532,Valencia,True,546,Getafe,False,3,0,3,0,3,0,,,,,2026-05-04,raw/api_football/fixtures/2026-04-30/fixtures_league_140_2024.json
1208803,Pablo González,UTC,2025-05-10T14:15:00+00:00,1746886500,,Estadio Abanca-Balaídos,Vigo,Match Finished,FT,90,140,La Liga,Spain,2024,Regular Season - 35,538,Celta Vigo,True,536,Sevilla,False,3,2,1,1,3,2,,,,,2026-05-04,raw/api_football/fixtures/2026-04-30/fixtures_league_140_2024.json
1208804,Isidro Díaz de Mera,UTC,2025-05-10T16:30:00+00:00,1746894600,1478.0,Estadi Municipal de Montilivi,Girona,Match Finished,FT,90,140,La Liga,Spain,2024,Regular Season - 35,547,Girona,False,533,Villarreal,True,0,1,0,0,0,1,,,,,2026-05-04,raw/api_football/fixtures/2026-04-30/fixtures_league_140_2024.json
1208805,Juan Pulido,UTC,2025-05-10T16:30:00+00:00,1746894600,19940.0,Estadi Mallorca Son Moix,Palma de Mallorca,Match Finished,FT,90,140,La Liga,Spain,2024,Regular Season - 35,798,Mallorca,True,720,Valladolid,False,2,1,1,1,2,1,,,,,2026-05-04,raw/api_football/fixtures/2026-04-30/fixtures_league_140_2024.json
1208800,José Sánchez,UTC,2025-05-10T19:00:00+00:00,1746903600,19217.0,Riyadh Air Metropolitano,Madrid,Match Finished,FT,90,140,La Liga,Spain,2024,Regular Season - 35,530,Atletico Madrid,True,548,Real Sociedad,False,4,0,4,0,4,0,,,,,2026-05-04,raw/api_football/fixtures/2026-04-30/fixtures_league_140_2024.json
1212944,Javier Alberola,UTC,2025-05-11T12:00:00+00:00,1746964800,1464.0,Estadio Municipal de Butarque,Leganés,Match Finished,FT,90,140,La Liga,Spain,2024,Regular Season - 35,537,Leganes,True,540,Espanyol,False,3,2,2,0,3,2,,,,,2026-05-04,raw/api_football/fixtures/2026-04-30/fixtures_league_140_2024.json
1208801,Alejandro Hernández,UTC,2025-05-11T14:15:00+00:00,1746972900,19939.0,Estadi Olímpic Lluís Companys,Barcelona,Match Finished,FT,90,140,La Liga,Spain,2024,Regular Season - 35,529,Barcelona,True,541,Real Madrid,False,4,3,4,2,4,3,,,,,2026-05-04,raw/api_football/fixtures/2026-04-30/fixtures_league_140_2024.json
1208808,José Munuera,UTC,2025-05-11T16:30:00+00:00,1746981000,1460.0,San Mamés Barria,Bilbao,Match Finished,FT,90,140,La Liga,Spain,2024,Regular Season - 35,531,Athletic Club,True,542,Alaves,False,1,0,0,0,1,0,,,,,2026-05-04,raw/api_football/fixtures/2026-04-30/fixtures_league_140_2024.json
1208802,Miguel Ortiz,UTC,2025-05-11T19:00:00+00:00,1746990000,1489.0,Estadio Benito Villamarín,Sevilla,Match Finished,FT,90,140,La Liga,Spain,2024,Regular Season - 35,543,Real Betis,,727,Osasuna,,1,1,0,0,1,1,,,,,2026-05-04,raw/api_football/fixtures/2026-04-30/fixtures_league_140_2024.json
1208814,Alejandro Quintero,UTC,2025-05-13T17:00:00+00:00,1747155600,1492.0,Estadio Municipal José Zorrilla,Valladolid,Match Finished,FT,90,140,La Liga,Spain,2024,Regular Season - 36,720,Valladolid,False,547,Girona,True,0,1,0,0,0,1,,,,,2026-05-04,raw/api_football/fixtures/2026-04-30/fixtures_league_140_2024.json
1208813,Víctor García,UTC,2025-05-13T18:00:00+00:00,1747159200,1491.0,Reale Arena,Donostia-San Sebastián,Match Finished,FT,90,140,La Liga,Spain,2024,Regular Season - 36,548,Real Sociedad,False,538,Celta Vigo,True,0,1,0,1,0,1,,,,,2026-05-04,raw/api_football/fixtures/2026-04-30/fixtures_league_140_2024.json
1208816,Juan Martínez,UTC,2025-05-13T19:30:00+00:00,1747164600,1494.0,Estadio Ramón Sánchez Pizjuán,Sevilla,Match Finished,FT,90,140,La Liga,Spain,2024,Regular Season - 36,536,Sevilla,True,534,Las Palmas,False,1,0,0,0,1,0,,,,,2026-05-04,raw/api_football/fixtures/2026-04-30/fixtures_league_140_2024.json
1208817,Ricardo De Burgos,UTC,2025-05-14T17:00:00+00:00,1747242000,1498.0,Estadio de la Cerámica,Villarreal,Match Finished,FT,90,140,La Liga,Spain,2024,Regular Season - 36,533,Villarreal,True,537,Leganes,False,3,0,3,0,3,0,,,,,2026-05-04,raw/api_football/fixtures/2026-04-30/fixtures_league_140_2024.json
1208809,Gil Manzano,UTC,2025-05-14T17:00:00+00:00,1747242000,1470.0,Estadio de Mendizorroza,Vitoria-Gasteiz,Match Finished,FT,90,140,La Liga,Spain,2024,Regular Season - 36,542,Alaves,True,532,Valencia,False,1,0,0,0,1,0,,,,,2026-05-04,raw/api_football/fixtures/2026-04-30/fixtures_league_140_2024.json
1208815,Javier Alberola,UTC,2025-05-14T19:30:00+00:00,1747251000,1456.0,Estadio Santiago Bernabéu,Madrid,Match Finished,FT,90,140,La Liga,Spain,2024,Regular Season - 36,541,Real Madrid,True,798,Mallorca,False,2,1,0,1,2,1,,,,,2026-05-04,raw/api_football/fixtures/2026-04-30/fixtures_league_140_2024.json
1208811,Mario Melero,UTC,2025-05-15T17:00:00+00:00,1747328400,1486.0,Estadio El Sadar,Iruñea,Match Finished,FT,90,140,La Liga,Spain,2024,Regular Season - 36,727,Osasuna,True,530,Atletico Madrid,False,2,0,1,0,2,0,,,,,2026-05-04,raw/api_football/fixtures/2026-04-30/fixtures_league_140_2024.json
1208812,Pablo González,UTC,2025-05-15T17:00:00+00:00,1747328400,1488.0,Estadio de Vallecas,Madrid,Match Finished,FT,90,140,La Liga,Spain,2024,Regular Season - 36,728,Rayo Vallecano,,543,Real Betis,,2,2,2,0,2,2,,,,,2026-05-04,raw/api_football/fixtures/2026-04-30/fixtures_league_140_2024.json
1212945,César Soto,UTC,2025-05-15T19:30:00+00:00,1747337400,1474.0,RCDE Stadium,Cornella de Llobregat,Match Finished,FT,90,140,La Liga,Spain,2024,Regular Season - 36,540,Espanyol,False,529,Barcelona,True,0,2,0,0,0,2,,,,,2026-05-04,raw/api_football/fixtures/2026-04-30/fixtures_league_140_2024.json
1208810,Guillermo Cuadra,UTC,2025-05-15T19:30:00+00:00,1747337400,20422.0,Estadio Coliseum,Getafe,Match Finished,FT,90,140,La Liga,Spain,2024,Regular Season - 36,546,Getafe,False,531,Athletic Club,True,0,2,0,0,0,2,,,,,2026-05-04,raw/api_football/fixtures/2026-04-30/fixtures_league_140_2024.json
1208819,José Munuera,UTC,2025-05-18T17:00:00+00:00,1747587600,19939.0,Estadi Olímpic Lluís Companys,Barcelona,Match Finished,FT,90,140,La Liga,Spain,2024,Regular Season - 37,529,Barcelona,False,533,Villarreal,True,2,3,2,1,2,3,,,,,2026-05-04,raw/api_football/fixtures/2026-04-30/fixtures_league_140_2024.json
1208818,Adrián Cordero,UTC,2025-05-18T17:00:00+00:00,1747587600,19217.0,Riyadh Air Metropolitano,Madrid,Match Finished,FT,90,140,La Liga,Spain,2024,Regular Season - 37,530,Atletico Madrid,True,543,Real Betis,False,4,1,2,0,4,1,,,,,2026-05-04,raw/api_football/fixtures/2026-04-30/fixtures_league_140_2024.json
1208821,Alejandro Muñiz,UTC,2025-05-18T17:00:00+00:00,1747587600,1497.0,Estadio de Mestalla,Valencia,Match Finished,FT,90,140,La Liga,Spain,2024,Regular Season - 37,532,Valencia,False,531,Athletic Club,True,0,1,0,0,0,1,,,,,2026-05-04,raw/api_football/fixtures/2026-04-30/fixtures_league_140_2024.json
1208826,José Sánchez,UTC,2025-05-18T17:00:00+00:00,1747587600,1481.0,Estadio de Gran Canaria,Las Palmas de Gran Canaria,Match Finished,FT,90,140,La Liga,Spain,2024,Regular Season - 37,534,Las Palmas,False,537,Leganes,True,0,1,0,1,0,1,,,,,2026-05-04,raw/api_football/fixtures/2026-04-30/fixtures_league_140_2024.json
1208824,Mateo Busquets,UTC,2025-05-18T17:00:00+00:00,1747587600,1494.0,Estadio Ramón Sánchez Pizjuán,Sevilla,Match Finished,FT,90,140,La Liga,Spain,2024,Regular Season - 37,536,Sevilla,False,541,Real Madrid,True,0,2,0,0,0,2,,,,,2026-05-04,raw/api_football/fixtures/2026-04-30/fixtures_league_140_2024.json
1208820,Juan Pulido,UTC,2025-05-18T17:00:00+00:00,1747587600,,Estadio Abanca-Balaídos,Vigo,Match Finished,FT,90,140,La Liga,Spain,2024,Regular Season - 37,538,Celta Vigo,False,728,Rayo Vallecano,True,1,2,1,2,1,2,,,,,2026-05-04,raw/api_football/fixtures/2026-04-30/fixtures_league_140_2024.json
1208823,Miguel Ortiz,UTC,2025-05-18T17:00:00+00:00,1747587600,1491.0,Reale Arena,Donostia-San Sebastián,Match Finished,FT,90,140,La Liga,Spain,2024,Regular Season - 37,548,Real Sociedad,True,547,Girona,False,3,2,2,1,3,2,,,,,2026-05-04,raw/api_football/fixtures/2026-04-30/fixtures_league_140_2024.json
1208825,Isidro Díaz de Mera,UTC,2025-05-18T17:00:00+00:00,1747587600,1492.0,Estadio Municipal José Zorrilla,Valladolid,Match Finished,FT,90,140,La Liga,Spain,2024,Regular Season - 37,720,Valladolid,False,542,Alaves,True,0,1,0,1,0,1,,,,,2026-05-04,raw/api_football/fixtures/2026-04-30/fixtures_league_140_2024.json
1212946,Francisco Hernández,UTC,2025-05-18T17:00:00+00:00,1747587600,1486.0,Estadio El Sadar,Iruñea,Match Finished,FT,90,140,La Liga,Spain,2024,Regular Season - 37,727,Osasuna,True,540,Espanyol,False,2,0,1,0,2,0,,,,,2026-05-04,raw/api_football/fixtures/2026-04-30/fixtures_league_140_2024.json
1208822,Alejandro Hernández,UTC,2025-05-18T17:00:00+00:00,1747587600,19940.0,Estadi Mallorca Son Moix,Palma de Mallorca,Match Finished,FT,90,140,La Liga,Spain,2024,Regular Season - 37,798,Mallorca,False,546,Getafe,True,1,2,0,0,1,2,,,,,2026-05-04,raw/api_football/fixtures/2026-04-30/fixtures_league_140_2024.json
1208828,Víctor García,UTC,2025-05-23T19:00:00+00:00,1748026800,1489.0,Estadio Benito Villamarín,Sevilla,Match Finished,FT,90,140,La Liga,Spain,2024,Regular Season - 38,543,Real Betis,,532,Valencia,,1,1,1,0,1,1,,,,,2026-05-04,raw/api_football/fixtures/2026-04-30/fixtures_league_140_2024.json
1208829,Mario Melero,UTC,2025-05-24T14:15:00+00:00,1748096100,1456.0,Estadio Santiago Bernabéu,Madrid,Match Finished,FT,90,140,La Liga,Spain,2024,Regular Season - 38,541,Real Madrid,True,548,Real Sociedad,False,2,0,1,0,2,0,,,,,2026-05-04,raw/api_football/fixtures/2026-04-30/fixtures_league_140_2024.json
1208831,César Soto,UTC,2025-05-24T16:30:00+00:00,1748104200,1464.0,Estadio Municipal de Butarque,Leganés,Match Finished,FT,90,140,La Liga,Spain,2024,Regular Season - 38,537,Leganes,True,720,Valladolid,False,3,0,3,0,3,0,,,,,2026-05-04,raw/api_football/fixtures/2026-04-30/fixtures_league_140_2024.json
1212947,Alejandro Muñiz,UTC,2025-05-24T16:30:00+00:00,1748104200,1474.0,RCDE Stadium,Cornella de Llobregat,Match Finished,FT,90,140,La Liga,Spain,2024,Regular Season - 38,540,Espanyol,True,534,Las Palmas,False,2,0,0,0,2,0,,,,,2026-05-04,raw/api_football/fixtures/2026-04-30/fixtures_league_140_2024.json
1208830,Guillermo Cuadra,UTC,2025-05-24T19:00:00+00:00,1748113200,1470.0,Estadio de Mendizorroza,Vitoria-Gasteiz,Match Finished,FT,90,140,La Liga,Spain,2024,Regular Season - 38,542,Alaves,,727,Osasuna,,1,1,0,0,1,1,,,,,2026-05-04,raw/api_football/fixtures/2026-04-30/fixtures_league_140_2024.json
1208833,Juan Martínez,UTC,2025-05-24T19:00:00+00:00,1748113200,20422.0,Estadio Coliseum,Getafe,Match Finished,FT,90,140,La Liga,Spain,2024,Regular Season - 38,546,Getafe,False,538,Celta Vigo,True,1,2,1,1,1,2,,,,,2026-05-04,raw/api_football/fixtures/2026-04-30/fixtures_league_140_2024.json
1208834,Ricardo De Burgos,UTC,2025-05-24T19:00:00+00:00,1748113200,1488.0,Estadio de Vallecas,Madrid,Match Finished,FT,90,140,La Liga,Spain,2024,Regular Season - 38,728,Rayo Vallecano,,798,Mallorca,,0,0,0,0,0,0,,,,,2026-05-04,raw/api_football/fixtures/2026-04-30/fixtures_league_140_2024.json
1208832,Gil Manzano,UTC,2025-05-25T12:00:00+00:00,1748174400,1478.0,Estadi Municipal de Montilivi,Girona,Match Finished,FT,90,140,La Liga,Spain,2024,Regular Season - 38,547,Girona,False,530,Atletico Madrid,True,0,4,0,0,0,4,,,,,2026-05-04,raw/api_football/fixtures/2026-04-30/fixtures_league_140_2024.json
1208835,Javier Alberola,UTC,2025-05-25T14:15:00+00:00,1748182500,1498.0,Estadio de la Cerámica,Villarreal,Match Finished,FT,90,140,La Liga,Spain,2024,Regular Season - 38,533,Villarreal,True,536,Sevilla,False,4,2,3,1,4,2,,,,,2026-05-04,raw/api_football/fixtures/2026-04-30/fixtures_league_140_2024.json
1208827,Pablo González,UTC,2025-05-25T19:00:00+00:00,1748199600,1460.0,San Mamés Barria,Bilbao,Match Finished,FT,90,140,La Liga,Spain,2024,Regular Season - 38,531,Athletic Club,False,529,Barcelona,True,0,3,0,2,0,3,,,,,2026-05-04,raw/api_football/fixtures/2026-04-30/fixtures_league_140_2024.json
