fixture_id,date,league_id,season,round,team_id,team_name,opponent_id,opponent_name,is_home,goals_for,goals_against,status_short,result,points,goal_diff,date_dt
1208499,2024-08-17T19:30:00+00:00,140,2024,Regular Season - 1,529,Barcelona,532,Valencia,False,2,1,FT,W,3,1,2024-08-17 19:30:00+00:00
1208510,2024-08-24T17:00:00+00:00,140,2024,Regular Season - 2,529,Barcelona,531,Athletic Club,True,2,1,FT,W,3,1,2024-08-24 17:00:00+00:00
1208517,2024-08-27T19:30:00+00:00,140,2024,Regular Season - 3,529,Barcelona,728,Rayo Vallecano,False,2,1,FT,W,3,1,2024-08-27 19:30:00+00:00
1208522,2024-08-31T15:00:00+00:00,140,2024,Regular Season - 4,529,Barcelona,720,Valladolid,True,7,0,FT,W,3,7,2024-08-31 15:00:00+00:00
1208535,2024-09-15T14:15:00+00:00,140,2024,Regular Season - 5,529,Barcelona,547,Girona,False,4,1,FT,W,3,3,2024-09-15 14:15:00+00:00
1208544,2024-09-22T16:30:00+00:00,140,2024,Regular Season - 6,529,Barcelona,533,Villarreal,False,5,1,FT,W,3,4,2024-09-22 16:30:00+00:00
1208548,2024-09-25T19:00:00+00:00,140,2024,Regular Season - 7,529,Barcelona,546,Getafe,True,1,0,FT,W,3,1,2024-09-25 19:00:00+00:00
1208561,2024-09-28T19:00:00+00:00,140,2024,Regular Season - 8,529,Barcelona,727,Osasuna,False,2,4,FT,L,0,-2,2024-09-28 19:00:00+00:00
1208568,2024-10-06T14:15:00+00:00,140,2024,Regular Season - 9,529,Barcelona,542,Alaves,False,3,0,FT,W,3,3,2024-10-06 14:15:00+00:00
1208576,2024-10-20T19:00:00+00:00,140,2024,Regular Season - 10,529,Barcelona,536,Sevilla,True,5,1,FT,W,3,4,2024-10-20 19:00:00+00:00
1208587,2024-10-26T19:00:00+00:00,140,2024,Regular Season - 11,529,Barcelona,541,Real Madrid,False,4,0,FT,W,3,4,2024-10-26 19:00:00+00:00
1212921,2024-11-03T15:15:00+00:00,140,2024,Regular Season - 12,529,Barcelona,540,Espanyol,True,3,1,FT,W,3,2,2024-11-03 15:15:00+00:00
1208607,2024-11-10T20:00:00+00:00,140,2024,Regular Season - 13,529,Barcelona,548,Real Sociedad,False,0,1,FT,L,0,-1,2024-11-10 20:00:00+00:00
1208616,2024-11-23T20:00:00+00:00,140,2024,Regular Season - 14,529,Barcelona,538,Celta Vigo,False,2,2,FT,D,1,0,2024-11-23 20:00:00+00:00
1208620,2024-11-30T13:00:00+00:00,140,2024,Regular Season - 15,529,Barcelona,534,Las Palmas,True,1,2,FT,L,0,-1,2024-11-30 13:00:00+00:00
1208661,2024-12-03T18:00:00+00:00,140,2024,Regular Season - 19,529,Barcelona,798,Mallorca,False,5,1,FT,W,3,4,2024-12-03 18:00:00+00:00
1208635,2024-12-07T15:15:00+00:00,140,2024,Regular Season - 16,529,Barcelona,543,Real Betis,False,2,2,FT,D,1,0,2024-12-07 15:15:00+00:00
1208639,2024-12-15T20:00:00+00:00,140,2024,Regular Season - 17,529,Barcelona,537,Leganes,True,0,1,FT,L,0,-1,2024-12-15 20:00:00+00:00
1208654,2024-12-21T20:00:00+00:00,140,2024,Regular Season - 18,529,Barcelona,530,Atletico Madrid,True,1,2,FT,L,0,-1,2024-12-21 20:00:00+00:00
1208669,2025-01-18T20:00:00+00:00,140,2024,Regular Season - 20,529,Barcelona,546,Getafe,False,1,1,FT,D,1,0,2025-01-18 20:00:00+00:00
1208676,2025-01-26T20:00:00+00:00,140,2024,Regular Season - 21,529,Barcelona,532,Valencia,True,7,1,FT,W,3,6,2025-01-26 20:00:00+00:00
1208691,2025-02-02T13:00:00+00:00,140,2024,Regular Season - 22,529,Barcelona,542,Alaves,True,1,0,FT,W,3,1,2025-02-02 13:00:00+00:00
1208698,2025-02-09T20:00:00+00:00,140,2024,Regular Season - 23,529,Barcelona,536,Sevilla,False,4,1,FT,W,3,3,2025-02-09 20:00:00+00:00
1208702,2025-02-17T20:00:00+00:00,140,2024,Regular Season - 24,529,Barcelona,728,Rayo Vallecano,True,1,0,FT,W,3,1,2025-02-17 20:00:00+00:00
1208714,2025-02-22T20:00:00+00:00,140,2024,Regular Season - 25,529,Barcelona,534,Las Palmas,False,2,0,FT,W,3,2,2025-02-22 20:00:00+00:00
1208719,2025-03-02T15:15:00+00:00,140,2024,Regular Season - 26,529,Barcelona,548,Real Sociedad,True,4,0,FT,W,3,4,2025-03-02 15:15:00+00:00
1208737,2025-03-16T20:00:00+00:00,140,2024,Regular Season - 28,529,Barcelona,530,Atletico Madrid,False,4,2,FT,W,3,2,2025-03-16 20:00:00+00:00
1208729,2025-03-27T20:00:00+00:00,140,2024,Regular Season - 27,529,Barcelona,727,Osasuna,True,3,0,FT,W,3,3,2025-03-27 20:00:00+00:00
1208747,2025-03-30T14:15:00+00:00,140,2024,Regular Season - 29,529,Barcelona,547,Girona,True,4,1,FT,W,3,3,2025-03-30 14:15:00+00:00
1208755,2025-04-05T19:00:00+00:00,140,2024,Regular Season - 30,529,Barcelona,543,Real Betis,True,1,1,FT,D,1,0,2025-04-05 19:00:00+00:00
1208769,2025-04-12T19:00:00+00:00,140,2024,Regular Season - 31,529,Barcelona,537,Leganes,False,1,0,FT,W,3,1,2025-04-12 19:00:00+00:00
1208773,2025-04-19T14:15:00+00:00,140,2024,Regular Season - 32,529,Barcelona,538,Celta Vigo,True,4,3,FT,W,3,1,2025-04-19 14:15:00+00:00
1208784,2025-04-22T19:30:00+00:00,140,2024,Regular Season - 33,529,Barcelona,798,Mallorca,True,1,0,FT,W,3,1,2025-04-22 19:30:00+00:00
1208795,2025-05-03T19:00:00+00:00,140,2024,Regular Season - 34,529,Barcelona,720,Valladolid,False,2,1,FT,W,3,1,2025-05-03 19:00:00+00:00
1208801,2025-05-11T14:15:00+00:00,140,2024,Regular Season - 35,529,Barcelona,541,Real Madrid,True,4,3,FT,W,3,1,2025-05-11 14:15:00+00:00
1212945,2025-05-15T19:30:00+00:00,140,2024,Regular Season - 36,529,Barcelona,540,Espanyol,False,2,0,FT,W,3,2,2025-05-15 19:30:00+00:00
1208819,2025-05-18T17:00:00+00:00,140,2024,Regular Season - 37,529,Barcelona,533,Villarreal,True,2,3,FT,L,0,-1,2025-05-18 17:00:00+00:00
1208827,2025-05-25T19:00:00+00:00,140,2024,Regular Season - 38,529,Barcelona,531,Athletic Club,False,3,0,FT,W,3,3,2025-05-25 19:00:00+00:00
1208498,2024-08-19T19:30:00+00:00,140,2024,Regular Season - 1,530,Atletico Madrid,533,Villarreal,False,2,2,FT,D,1,0,2024-08-19 19:30:00+00:00
1208503,2024-08-25T19:30:00+00:00,140,2024,Regular Season - 2,530,Atletico Madrid,547,Girona,True,3,0,FT,W,3,3,2024-08-25 19:30:00+00:00
1212912,2024-08-28T19:30:00+00:00,140,2024,Regular Season - 3,530,Atletico Madrid,540,Espanyol,True,0,0,FT,D,1,0,2024-08-28 19:30:00+00:00
1208521,2024-08-31T17:00:00+00:00,140,2024,Regular Season - 4,530,Atletico Madrid,531,Athletic Club,False,1,0,FT,W,3,1,2024-08-31 17:00:00+00:00
1208530,2024-09-15T19:00:00+00:00,140,2024,Regular Season - 5,530,Atletico Madrid,532,Valencia,True,3,0,FT,W,3,3,2024-09-15 19:00:00+00:00
1208543,2024-09-22T19:00:00+00:00,140,2024,Regular Season - 6,530,Atletico Madrid,728,Rayo Vallecano,False,1,1,FT,D,1,0,2024-09-22 19:00:00+00:00
1208553,2024-09-26T19:00:00+00:00,140,2024,Regular Season - 7,530,Atletico Madrid,538,Celta Vigo,False,1,0,FT,W,3,1,2024-09-26 19:00:00+00:00
1208558,2024-09-29T19:00:00+00:00,140,2024,Regular Season - 8,530,Atletico Madrid,541,Real Madrid,True,1,1,FT,D,1,0,2024-09-29 19:00:00+00:00
1208571,2024-10-06T19:00:00+00:00,140,2024,Regular Season - 9,530,Atletico Madrid,548,Real Sociedad,False,1,1,FT,D,1,0,2024-10-06 19:00:00+00:00
1208575,2024-10-20T14:15:00+00:00,140,2024,Regular Season - 10,530,Atletico Madrid,537,Leganes,True,3,1,FT,W,3,2,2024-10-20 14:15:00+00:00
1208586,2024-10-27T16:30:00+00:00,140,2024,Regular Season - 11,530,Atletico Madrid,543,Real Betis,False,0,1,FT,L,0,-1,2024-10-27 16:30:00+00:00
1208594,2024-11-03T13:00:00+00:00,140,2024,Regular Season - 12,530,Atletico Madrid,534,Las Palmas,True,2,0,FT,W,3,2,2024-11-03 13:00:00+00:00
1208606,2024-11-10T15:15:00+00:00,140,2024,Regular Season - 13,530,Atletico Madrid,798,Mallorca,False,1,0,FT,W,3,1,2024-11-10 15:15:00+00:00
1208619,2024-11-23T15:15:00+00:00,140,2024,Regular Season - 14,530,Atletico Madrid,542,Alaves,True,2,1,FT,W,3,1,2024-11-23 15:15:00+00:00
1208624,2024-11-30T20:00:00+00:00,140,2024,Regular Season - 15,530,Atletico Madrid,720,Valladolid,False,5,0,FT,W,3,5,2024-11-30 20:00:00+00:00
1208630,2024-12-08T20:00:00+00:00,140,2024,Regular Season - 16,530,Atletico Madrid,536,Sevilla,True,4,3,FT,W,3,1,2024-12-08 20:00:00+00:00
1208638,2024-12-15T13:00:00+00:00,140,2024,Regular Season - 17,530,Atletico Madrid,546,Getafe,True,1,0,FT,W,3,1,2024-12-15 13:00:00+00:00
1208654,2024-12-21T20:00:00+00:00,140,2024,Regular Season - 18,530,Atletico Madrid,529,Barcelona,False,2,1,FT,W,3,1,2024-12-21 20:00:00+00:00
1208657,2025-01-12T15:15:00+00:00,140,2024,Regular Season - 19,530,Atletico Madrid,727,Osasuna,True,1,0,FT,W,3,1,2025-01-12 15:15:00+00:00
1208668,2025-01-18T15:15:00+00:00,140,2024,Regular Season - 20,530,Atletico Madrid,537,Leganes,False,0,1,FT,L,0,-1,2025-01-18 15:15:00+00:00
1208675,2025-01-25T15:15:00+00:00,140,2024,Regular Season - 21,530,Atletico Madrid,533,Villarreal,True,1,1,FT,D,1,0,2025-01-25 15:15:00+00:00
1208683,2025-02-01T17:30:00+00:00,140,2024,Regular Season - 22,530,Atletico Madrid,798,Mallorca,True,2,0,FT,W,3,2,2025-02-01 17:30:00+00:00
1208697,2025-02-08T20:00:00+00:00,140,2024,Regular Season - 23,530,Atletico Madrid,541,Real Madrid,False,1,1,FT,D,1,0,2025-02-08 20:00:00+00:00
1208701,2025-02-15T17:30:00+00:00,140,2024,Regular Season - 24,530,Atletico Madrid,538,Celta Vigo,True,1,1,FT,D,1,0,2025-02-15 17:30:00+00:00
1208713,2025-02-22T17:30:00+00:00,140,2024,Regular Season - 25,530,Atletico Madrid,532,Valencia,False,3,0,FT,W,3,3,2025-02-22 17:30:00+00:00
1208723,2025-03-01T20:00:00+00:00,140,2024,Regular Season - 26,530,Atletico Madrid,531,Athletic Club,True,1,0,FT,W,3,1,2025-03-01 20:00:00+00:00
1208735,2025-03-09T13:00:00+00:00,140,2024,Regular Season - 27,530,Atletico Madrid,546,Getafe,False,1,2,FT,L,0,-1,2025-03-09 13:00:00+00:00
1208737,2025-03-16T20:00:00+00:00,140,2024,Regular Season - 28,530,Atletico Madrid,529,Barcelona,True,2,4,FT,L,0,-2,2025-03-16 20:00:00+00:00
1212938,2025-03-29T15:15:00+00:00,140,2024,Regular Season - 29,530,Atletico Madrid,540,Espanyol,False,1,1,FT,D,1,0,2025-03-29 15:15:00+00:00
1208760,2025-04-06T14:15:00+00:00,140,2024,Regular Season - 30,530,Atletico Madrid,536,Sevilla,False,2,1,FT,W,3,1,2025-04-06 14:15:00+00:00
1208765,2025-04-14T19:00:00+00:00,140,2024,Regular Season - 31,530,Atletico Madrid,720,Valladolid,True,4,2,FT,W,3,2,2025-04-14 19:00:00+00:00
1208776,2025-04-19T19:00:00+00:00,140,2024,Regular Season - 32,530,Atletico Madrid,534,Las Palmas,False,0,1,FT,L,0,-1,2025-04-19 19:00:00+00:00
1208783,2025-04-24T19:30:00+00:00,140,2024,Regular Season - 33,530,Atletico Madrid,728,Rayo Vallecano,True,3,0,FT,W,3,3,2025-04-24 19:30:00+00:00
1208793,2025-05-03T12:00:00+00:00,140,2024,Regular Season - 34,530,Atletico Madrid,542,Alaves,False,0,0,FT,D,1,0,2025-05-03 12:00:00+00:00
1208800,2025-05-10T19:00:00+00:00,140,2024,Regular Season - 35,530,Atletico Madrid,548,Real Sociedad,True,4,0,FT,W,3,4,2025-05-10 19:00:00+00:00
1208811,2025-05-15T17:00:00+00:00,140,2024,Regular Season - 36,530,Atletico Madrid,727,Osasuna,False,0,2,FT,L,0,-2,2025-05-15 17:00:00+00:00
1208818,2025-05-18T17:00:00+00:00,140,2024,Regular Season - 37,530,Atletico Madrid,543,Real Betis,True,4,1,FT,W,3,3,2025-05-18 17:00:00+00:00
1208832,2025-05-25T12:00:00+00:00,140,2024,Regular Season - 38,530,Atletico Madrid,547,Girona,False,4,0,FT,W,3,4,2025-05-25 12:00:00+00:00
1208494,2024-08-15T17:00:00+00:00,140,2024,Regular Season - 1,531,Athletic Club,546,Getafe,True,1,1,FT,D,1,0,2024-08-15 17:00:00+00:00
1208510,2024-08-24T17:00:00+00:00,140,2024,Regular Season - 2,531,Athletic Club,529,Barcelona,False,1,2,FT,L,0,-1,2024-08-24 17:00:00+00:00
1208512,2024-08-28T17:00:00+00:00,140,2024,Regular Season - 3,531,Athletic Club,532,Valencia,True,1,0,FT,W,3,1,2024-08-28 17:00:00+00:00
1208521,2024-08-31T17:00:00+00:00,140,2024,Regular Season - 4,531,Athletic Club,530,Atletico Madrid,True,0,1,FT,L,0,-1,2024-08-31 17:00:00+00:00
1208534,2024-09-15T16:30:00+00:00,140,2024,Regular Season - 5,531,Athletic Club,534,Las Palmas,False,3,2,FT,W,3,1,2024-09-15 16:30:00+00:00
1208552,2024-09-19T17:00:00+00:00,140,2024,Regular Season - 7,531,Athletic Club,537,Leganes,False,2,0,FT,W,3,2,2024-09-19 17:00:00+00:00
1208539,2024-09-22T14:15:00+00:00,140,2024,Regular Season - 6,531,Athletic Club,538,Celta Vigo,True,3,1,FT,W,3,2,2024-09-22 14:15:00+00:00
1208557,2024-09-29T14:15:00+00:00,140,2024,Regular Season - 8,531,Athletic Club,536,Sevilla,True,1,1,FT,D,1,0,2024-09-29 14:15:00+00:00
1208570,2024-10-06T12:00:00+00:00,140,2024,Regular Season - 9,531,Athletic Club,547,Girona,False,1,2,FT,L,0,-1,2024-10-06 12:00:00+00:00
1212919,2024-10-19T12:00:00+00:00,140,2024,Regular Season - 10,531,Athletic Club,540,Espanyol,True,4,1,FT,W,3,3,2024-10-19 12:00:00+00:00
1208585,2024-10-28T20:00:00+00:00,140,2024,Regular Season - 11,531,Athletic Club,798,Mallorca,False,0,0,FT,D,1,0,2024-10-28 20:00:00+00:00
1208593,2024-11-03T20:00:00+00:00,140,2024,Regular Season - 12,531,Athletic Club,543,Real Betis,True,1,1,FT,D,1,0,2024-11-03 20:00:00+00:00
1208605,2024-11-10T17:30:00+00:00,140,2024,Regular Season - 13,531,Athletic Club,720,Valladolid,False,1,1,FT,D,1,0,2024-11-10 17:30:00+00:00
1208611,2024-11-24T20:00:00+00:00,140,2024,Regular Season - 14,531,Athletic Club,548,Real Sociedad,True,1,0,FT,W,3,1,2024-11-24 20:00:00+00:00
1208623,2024-12-01T17:30:00+00:00,140,2024,Regular Season - 15,531,Athletic Club,728,Rayo Vallecano,False,2,1,FT,W,3,1,2024-12-01 17:30:00+00:00
1208656,2024-12-04T20:00:00+00:00,140,2024,Regular Season - 19,531,Athletic Club,541,Real Madrid,True,2,1,FT,W,3,1,2024-12-04 20:00:00+00:00
1208629,2024-12-08T15:15:00+00:00,140,2024,Regular Season - 16,531,Athletic Club,533,Villarreal,True,2,0,FT,W,3,2,2024-12-08 15:15:00+00:00
1208641,2024-12-15T15:15:00+00:00,140,2024,Regular Season - 17,531,Athletic Club,542,Alaves,False,1,1,FT,D,1,0,2024-12-15 15:15:00+00:00
1208653,2024-12-21T17:30:00+00:00,140,2024,Regular Season - 18,531,Athletic Club,727,Osasuna,False,2,1,FT,W,3,1,2024-12-21 17:30:00+00:00
1208667,2025-01-19T13:00:00+00:00,140,2024,Regular Season - 20,531,Athletic Club,538,Celta Vigo,False,2,1,FT,W,3,1,2025-01-19 13:00:00+00:00
1208674,2025-01-26T17:30:00+00:00,140,2024,Regular Season - 21,531,Athletic Club,537,Leganes,True,0,0,FT,D,1,0,2025-01-26 17:30:00+00:00
1208689,2025-02-02T20:00:00+00:00,140,2024,Regular Season - 22,531,Athletic Club,543,Real Betis,False,2,2,FT,D,1,0,2025-02-02 20:00:00+00:00
1208692,2025-02-08T15:15:00+00:00,140,2024,Regular Season - 23,531,Athletic Club,547,Girona,True,3,0,FT,W,3,3,2025-02-08 15:15:00+00:00
1212933,2025-02-16T13:00:00+00:00,140,2024,Regular Season - 24,531,Athletic Club,540,Espanyol,False,1,1,FT,D,1,0,2025-02-16 13:00:00+00:00
1208710,2025-02-23T13:00:00+00:00,140,2024,Regular Season - 25,531,Athletic Club,720,Valladolid,True,7,1,FT,W,3,6,2025-02-23 13:00:00+00:00
1208723,2025-03-01T20:00:00+00:00,140,2024,Regular Season - 26,531,Athletic Club,530,Atletico Madrid,False,0,1,FT,L,0,-1,2025-03-01 20:00:00+00:00
1208728,2025-03-09T17:30:00+00:00,140,2024,Regular Season - 27,531,Athletic Club,798,Mallorca,True,1,1,FT,D,1,0,2025-03-09 17:30:00+00:00
1208740,2025-03-16T15:15:00+00:00,140,2024,Regular Season - 28,531,Athletic Club,536,Sevilla,False,1,0,FT,W,3,1,2025-03-16 15:15:00+00:00
1208746,2025-03-30T16:30:00+00:00,140,2024,Regular Season - 29,531,Athletic Club,727,Osasuna,True,0,0,FT,D,1,0,2025-03-30 16:30:00+00:00
1208759,2025-04-06T19:00:00+00:00,140,2024,Regular Season - 30,531,Athletic Club,533,Villarreal,False,0,0,FT,D,1,0,2025-04-06 19:00:00+00:00
1208764,2025-04-13T19:00:00+00:00,140,2024,Regular Season - 31,531,Athletic Club,728,Rayo Vallecano,True,3,1,FT,W,3,2,2025-04-13 19:00:00+00:00
1208775,2025-04-20T19:00:00+00:00,140,2024,Regular Season - 32,531,Athletic Club,541,Real Madrid,False,0,1,FT,L,0,-1,2025-04-20 19:00:00+00:00
1208782,2025-04-23T17:00:00+00:00,140,2024,Regular Season - 33,531,Athletic Club,534,Las Palmas,True,1,0,FT,W,3,1,2025-04-23 17:00:00+00:00
1208794,2025-05-04T19:00:00+00:00,140,2024,Regular Season - 34,531,Athletic Club,548,Real Sociedad,False,0,0,FT,D,1,0,2025-05-04 19:00:00+00:00
1208808,2025-05-11T16:30:00+00:00,140,2024,Regular Season - 35,531,Athletic Club,542,Alaves,True,1,0,FT,W,3,1,2025-05-11 16:30:00+00:00
1208810,2025-05-15T19:30:00+00:00,140,2024,Regular Season - 36,531,Athletic Club,546,Getafe,False,2,0,FT,W,3,2,2025-05-15 19:30:00+00:00
1208821,2025-05-18T17:00:00+00:00,140,2024,Regular Season - 37,531,Athletic Club,532,Valencia,False,1,0,FT,W,3,1,2025-05-18 17:00:00+00:00
1208827,2025-05-25T19:00:00+00:00,140,2024,Regular Season - 38,531,Athletic Club,529,Barcelona,True,0,3,FT,L,0,-3,2025-05-25 19:00:00+00:00
1208499,2024-08-17T19:30:00+00:00,140,2024,Regular Season - 1,532,Valencia,529,Barcelona,True,1,2,FT,L,0,-1,2024-08-17 19:30:00+00:00
1208504,2024-08-23T17:00:00+00:00,140,2024,Regular Season - 2,532,Valencia,538,Celta Vigo,False,1,3,FT,L,0,-2,2024-08-23 17:00:00+00:00
1208512,2024-08-28T17:00:00+00:00,140,2024,Regular Season - 3,532,Valencia,531,Athletic Club,False,0,1,FT,L,0,-1,2024-08-28 17:00:00+00:00
1208524,2024-08-31T19:30:00+00:00,140,2024,Regular Season - 4,532,Valencia,533,Villarreal,True,1,1,FT,D,1,0,2024-08-31 19:30:00+00:00
1208530,2024-09-15T19:00:00+00:00,140,2024,Regular Season - 5,532,Valencia,530,Atletico Madrid,False,0,3,FT,L,0,-3,2024-09-15 19:00:00+00:00
1208545,2024-09-21T16:30:00+00:00,140,2024,Regular Season - 6,532,Valencia,547,Girona,True,2,0,FT,W,3,2,2024-09-21 16:30:00+00:00
1208555,2024-09-24T17:00:00+00:00,140,2024,Regular Season - 7,532,Valencia,727,Osasuna,True,0,0,FT,D,1,0,2024-09-24 17:00:00+00:00
1208560,2024-09-28T16:30:00+00:00,140,2024,Regular Season - 8,532,Valencia,548,Real Sociedad,False,0,3,FT,L,0,-3,2024-09-28 16:30:00+00:00
1208569,2024-10-04T19:00:00+00:00,140,2024,Regular Season - 9,532,Valencia,537,Leganes,False,0,0,FT,D,1,0,2024-10-04 19:00:00+00:00
1208583,2024-10-21T19:00:00+00:00,140,2024,Regular Season - 10,532,Valencia,534,Las Palmas,True,2,3,FT,L,0,-1,2024-10-21 19:00:00+00:00
1208584,2024-10-27T14:15:00+00:00,140,2024,Regular Season - 11,532,Valencia,546,Getafe,False,1,1,FT,D,1,0,2024-10-27 14:15:00+00:00
1208617,2024-11-23T13:00:00+00:00,140,2024,Regular Season - 14,532,Valencia,543,Real Betis,True,4,2,FT,W,3,2,2024-11-23 13:00:00+00:00
1208621,2024-11-29T20:00:00+00:00,140,2024,Regular Season - 15,532,Valencia,798,Mallorca,False,1,2,FT,L,0,-1,2024-11-29 20:00:00+00:00
1208636,2024-12-07T17:30:00+00:00,140,2024,Regular Season - 16,532,Valencia,728,Rayo Vallecano,True,0,1,FT,L,0,-1,2024-12-07 17:30:00+00:00
1208645,2024-12-13T20:00:00+00:00,140,2024,Regular Season - 17,532,Valencia,720,Valladolid,False,0,1,FT,L,0,-1,2024-12-13 20:00:00+00:00
1212922,2024-12-18T20:30:00+00:00,140,2024,Regular Season - 13,532,Valencia,540,Espanyol,False,1,1,FT,D,1,0,2024-12-18 20:30:00+00:00
1208655,2024-12-22T13:00:00+00:00,140,2024,Regular Season - 18,532,Valencia,542,Alaves,True,2,2,FT,D,1,0,2024-12-22 13:00:00+00:00
1208600,2025-01-03T20:00:00+00:00,140,2024,Regular Season - 12,532,Valencia,541,Real Madrid,True,1,2,FT,L,0,-1,2025-01-03 20:00:00+00:00
1208659,2025-01-11T20:00:00+00:00,140,2024,Regular Season - 19,532,Valencia,536,Sevilla,False,1,1,FT,D,1,0,2025-01-11 20:00:00+00:00
1208671,2025-01-19T20:00:00+00:00,140,2024,Regular Season - 20,532,Valencia,548,Real Sociedad,True,1,0,FT,W,3,1,2025-01-19 20:00:00+00:00
1208676,2025-01-26T20:00:00+00:00,140,2024,Regular Season - 21,532,Valencia,529,Barcelona,False,1,7,FT,L,0,-6,2025-01-26 20:00:00+00:00
1208690,2025-02-02T15:15:00+00:00,140,2024,Regular Season - 22,532,Valencia,538,Celta Vigo,True,2,1,FT,W,3,1,2025-02-02 15:15:00+00:00
1208700,2025-02-09T15:15:00+00:00,140,2024,Regular Season - 23,532,Valencia,537,Leganes,True,2,0,FT,W,3,2,2025-02-09 15:15:00+00:00
1208707,2025-02-15T20:00:00+00:00,140,2024,Regular Season - 24,532,Valencia,533,Villarreal,False,1,1,FT,D,1,0,2025-02-15 20:00:00+00:00
1208713,2025-02-22T17:30:00+00:00,140,2024,Regular Season - 25,532,Valencia,530,Atletico Madrid,True,0,3,FT,L,0,-3,2025-02-22 17:30:00+00:00
1208721,2025-03-02T20:00:00+00:00,140,2024,Regular Season - 26,532,Valencia,727,Osasuna,False,3,3,FT,D,1,0,2025-03-02 20:00:00+00:00
1208733,2025-03-08T17:30:00+00:00,140,2024,Regular Season - 27,532,Valencia,720,Valladolid,True,2,1,FT,W,3,1,2025-03-08 17:30:00+00:00
1208738,2025-03-15T20:00:00+00:00,140,2024,Regular Season - 28,532,Valencia,547,Girona,False,1,1,FT,D,1,0,2025-03-15 20:00:00+00:00
1208753,2025-03-30T16:30:00+00:00,140,2024,Regular Season - 29,532,Valencia,798,Mallorca,True,1,0,FT,W,3,1,2025-03-30 16:30:00+00:00
1208756,2025-04-05T14:15:00+00:00,140,2024,Regular Season - 30,532,Valencia,541,Real Madrid,False,2,1,FT,W,3,1,2025-04-05 14:15:00+00:00
1208772,2025-04-11T19:00:00+00:00,140,2024,Regular Season - 31,532,Valencia,536,Sevilla,True,1,0,FT,W,3,1,2025-04-11 19:00:00+00:00
1208774,2025-04-19T12:00:00+00:00,140,2024,Regular Season - 32,532,Valencia,728,Rayo Vallecano,False,1,1,FT,D,1,0,2025-04-19 12:00:00+00:00
1212942,2025-04-22T17:00:00+00:00,140,2024,Regular Season - 33,532,Valencia,540,Espanyol,True,1,1,FT,D,1,0,2025-04-22 17:00:00+00:00
1208792,2025-05-03T16:30:00+00:00,140,2024,Regular Season - 34,532,Valencia,534,Las Palmas,False,3,2,FT,W,3,1,2025-05-03 16:30:00+00:00
1208807,2025-05-10T12:00:00+00:00,140,2024,Regular Season - 35,532,Valencia,546,Getafe,True,3,0,FT,W,3,3,2025-05-10 12:00:00+00:00
1208809,2025-05-14T17:00:00+00:00,140,2024,Regular Season - 36,532,Valencia,542,Alaves,False,0,1,FT,L,0,-1,2025-05-14 17:00:00+00:00
1208821,2025-05-18T17:00:00+00:00,140,2024,Regular Season - 37,532,Valencia,531,Athletic Club,True,0,1,FT,L,0,-1,2025-05-18 17:00:00+00:00
1208828,2025-05-23T19:00:00+00:00,140,2024,Regular Season - 38,532,Valencia,543,Real Betis,False,1,1,FT,D,1,0,2025-05-23 19:00:00+00:00
1208498,2024-08-19T19:30:00+00:00,140,2024,Regular Season - 1,533,Villarreal,530,Atletico Madrid,True,2,2,FT,D,1,0,2024-08-19 19:30:00+00:00
1208507,2024-08-23T19:30:00+00:00,140,2024,Regular Season - 2,533,Villarreal,536,Sevilla,False,2,1,FT,W,3,1,2024-08-23 19:30:00+00:00
1208518,2024-08-26T19:30:00+00:00,140,2024,Regular Season - 3,533,Villarreal,538,Celta Vigo,True,4,3,FT,W,3,1,2024-08-26 19:30:00+00:00
1208524,2024-08-31T19:30:00+00:00,140,2024,Regular Season - 4,533,Villarreal,532,Valencia,False,1,1,FT,D,1,0,2024-08-31 19:30:00+00:00
1208533,2024-09-14T12:00:00+00:00,140,2024,Regular Season - 5,533,Villarreal,798,Mallorca,False,2,1,FT,W,3,1,2024-09-14 12:00:00+00:00
1208544,2024-09-22T16:30:00+00:00,140,2024,Regular Season - 6,533,Villarreal,529,Barcelona,True,1,5,FT,L,0,-4,2024-09-22 16:30:00+00:00
1212916,2024-09-26T17:00:00+00:00,140,2024,Regular Season - 7,533,Villarreal,540,Espanyol,False,2,1,FT,W,3,1,2024-09-26 17:00:00+00:00
1208563,2024-09-30T19:00:00+00:00,140,2024,Regular Season - 8,533,Villarreal,534,Las Palmas,True,3,1,FT,W,3,2,2024-09-30 19:00:00+00:00
1208567,2024-10-05T19:00:00+00:00,140,2024,Regular Season - 9,533,Villarreal,541,Real Madrid,False,0,2,FT,L,0,-2,2024-10-05 19:00:00+00:00
1208582,2024-10-20T16:30:00+00:00,140,2024,Regular Season - 10,533,Villarreal,546,Getafe,True,1,1,FT,D,1,0,2024-10-20 16:30:00+00:00
1208591,2024-10-26T12:00:00+00:00,140,2024,Regular Season - 11,533,Villarreal,720,Valladolid,False,2,1,FT,W,3,1,2024-10-26 12:00:00+00:00
1208610,2024-11-09T15:15:00+00:00,140,2024,Regular Season - 13,533,Villarreal,542,Alaves,True,3,0,FT,W,3,3,2024-11-09 15:15:00+00:00
1208613,2024-11-24T13:00:00+00:00,140,2024,Regular Season - 14,533,Villarreal,727,Osasuna,False,2,2,FT,D,1,0,2024-11-24 13:00:00+00:00
1208627,2024-12-01T13:00:00+00:00,140,2024,Regular Season - 15,533,Villarreal,547,Girona,True,2,2,FT,D,1,0,2024-12-01 13:00:00+00:00
1208629,2024-12-08T15:15:00+00:00,140,2024,Regular Season - 16,533,Villarreal,531,Athletic Club,False,0,2,FT,L,0,-2,2024-12-08 15:15:00+00:00
1208642,2024-12-15T17:30:00+00:00,140,2024,Regular Season - 17,533,Villarreal,543,Real Betis,True,1,2,FT,L,0,-1,2024-12-15 17:30:00+00:00
1208599,2024-12-18T20:30:00+00:00,140,2024,Regular Season - 12,533,Villarreal,728,Rayo Vallecano,True,1,1,FT,D,1,0,2024-12-18 20:30:00+00:00
1208652,2024-12-22T17:30:00+00:00,140,2024,Regular Season - 18,533,Villarreal,537,Leganes,False,5,2,FT,W,3,3,2024-12-22 17:30:00+00:00
1208658,2025-01-13T20:00:00+00:00,140,2024,Regular Season - 19,533,Villarreal,548,Real Sociedad,False,0,1,FT,L,0,-1,2025-01-13 20:00:00+00:00
1208670,2025-01-20T20:00:00+00:00,140,2024,Regular Season - 20,533,Villarreal,798,Mallorca,True,4,0,FT,W,3,4,2025-01-20 20:00:00+00:00
1208675,2025-01-25T15:15:00+00:00,140,2024,Regular Season - 21,533,Villarreal,530,Atletico Madrid,False,1,1,FT,D,1,0,2025-01-25 15:15:00+00:00
1208687,2025-02-01T15:15:00+00:00,140,2024,Regular Season - 22,533,Villarreal,720,Valladolid,True,5,1,FT,W,3,4,2025-02-01 15:15:00+00:00
1208695,2025-02-08T17:30:00+00:00,140,2024,Regular Season - 23,533,Villarreal,534,Las Palmas,False,2,1,FT,W,3,1,2025-02-08 17:30:00+00:00
1208707,2025-02-15T20:00:00+00:00,140,2024,Regular Season - 24,533,Villarreal,532,Valencia,True,1,1,FT,D,1,0,2025-02-15 20:00:00+00:00
1208712,2025-02-22T15:15:00+00:00,140,2024,Regular Season - 25,533,Villarreal,728,Rayo Vallecano,False,1,0,FT,W,3,1,2025-02-22 15:15:00+00:00
1208734,2025-03-08T15:15:00+00:00,140,2024,Regular Season - 27,533,Villarreal,542,Alaves,False,0,1,FT,L,0,-1,2025-03-08 15:15:00+00:00
1208744,2025-03-15T17:30:00+00:00,140,2024,Regular Season - 28,533,Villarreal,541,Real Madrid,True,1,2,FT,L,0,-1,2025-03-15 17:30:00+00:00
1208750,2025-03-30T12:00:00+00:00,140,2024,Regular Season - 29,533,Villarreal,546,Getafe,False,2,1,FT,W,3,1,2025-03-30 12:00:00+00:00
1208759,2025-04-06T19:00:00+00:00,140,2024,Regular Season - 30,533,Villarreal,531,Athletic Club,True,0,0,FT,D,1,0,2025-04-06 19:00:00+00:00
1208766,2025-04-13T16:30:00+00:00,140,2024,Regular Season - 31,533,Villarreal,543,Real Betis,False,2,1,FT,W,3,1,2025-04-13 16:30:00+00:00
1208779,2025-04-20T14:15:00+00:00,140,2024,Regular Season - 32,533,Villarreal,548,Real Sociedad,True,2,2,FT,D,1,0,2025-04-20 14:15:00+00:00
1208786,2025-04-23T17:00:00+00:00,140,2024,Regular Season - 33,533,Villarreal,538,Celta Vigo,False,0,3,FT,L,0,-3,2025-04-23 17:00:00+00:00
1212935,2025-04-27T14:15:00+00:00,140,2024,Regular Season - 26,533,Villarreal,540,Espanyol,True,1,0,FT,W,3,1,2025-04-27 14:15:00+00:00
1208798,2025-05-03T14:15:00+00:00,140,2024,Regular Season - 34,533,Villarreal,727,Osasuna,True,4,2,FT,W,3,2,2025-05-03 14:15:00+00:00
1208804,2025-05-10T16:30:00+00:00,140,2024,Regular Season - 35,533,Villarreal,547,Girona,False,1,0,FT,W,3,1,2025-05-10 16:30:00+00:00
1208817,2025-05-14T17:00:00+00:00,140,2024,Regular Season - 36,533,Villarreal,537,Leganes,True,3,0,FT,W,3,3,2025-05-14 17:00:00+00:00
1208819,2025-05-18T17:00:00+00:00,140,2024,Regular Season - 37,533,Villarreal,529,Barcelona,False,3,2,FT,W,3,1,2025-05-18 17:00:00+00:00
1208835,2025-05-25T14:15:00+00:00,140,2024,Regular Season - 38,533,Villarreal,536,Sevilla,True,4,2,FT,W,3,2,2025-05-25 14:15:00+00:00
1208497,2024-08-16T19:30:00+00:00,140,2024,Regular Season - 1,534,Las Palmas,536,Sevilla,True,2,2,FT,D,1,0,2024-08-16 19:30:00+00:00
1208509,2024-08-25T17:00:00+00:00,140,2024,Regular Season - 2,534,Las Palmas,537,Leganes,False,1,2,FT,L,0,-1,2024-08-25 17:00:00+00:00
1208516,2024-08-29T19:30:00+00:00,140,2024,Regular Season - 3,534,Las Palmas,541,Real Madrid,True,1,1,FT,D,1,0,2024-08-29 19:30:00+00:00
1208525,2024-09-01T15:00:00+00:00,140,2024,Regular Season - 4,534,Las Palmas,542,Alaves,False,0,2,FT,L,0,-2,2024-09-01 15:00:00+00:00
1208534,2024-09-15T16:30:00+00:00,140,2024,Regular Season - 5,534,Las Palmas,531,Athletic Club,True,2,3,FT,L,0,-1,2024-09-15 16:30:00+00:00
1208547,2024-09-21T14:15:00+00:00,140,2024,Regular Season - 6,534,Las Palmas,727,Osasuna,False,1,2,FT,L,0,-1,2024-09-21 14:15:00+00:00
1208554,2024-09-26T17:00:00+00:00,140,2024,Regular Season - 7,534,Las Palmas,543,Real Betis,True,1,1,FT,D,1,0,2024-09-26 17:00:00+00:00
1208563,2024-09-30T19:00:00+00:00,140,2024,Regular Season - 8,534,Las Palmas,533,Villarreal,False,1,3,FT,L,0,-2,2024-09-30 19:00:00+00:00
1208573,2024-10-05T16:30:00+00:00,140,2024,Regular Season - 9,534,Las Palmas,538,Celta Vigo,True,0,1,FT,L,0,-1,2024-10-05 16:30:00+00:00
1208583,2024-10-21T19:00:00+00:00,140,2024,Regular Season - 10,534,Las Palmas,532,Valencia,False,3,2,FT,W,3,1,2024-10-21 19:00:00+00:00
1208589,2024-10-26T16:30:00+00:00,140,2024,Regular Season - 11,534,Las Palmas,547,Girona,True,1,0,FT,W,3,1,2024-10-26 16:30:00+00:00
1208594,2024-11-03T13:00:00+00:00,140,2024,Regular Season - 12,534,Las Palmas,530,Atletico Madrid,False,0,2,FT,L,0,-2,2024-11-03 13:00:00+00:00
1208609,2024-11-08T20:00:00+00:00,140,2024,Regular Season - 13,534,Las Palmas,728,Rayo Vallecano,False,3,1,FT,W,3,2,2024-11-08 20:00:00+00:00
1208614,2024-11-23T17:30:00+00:00,140,2024,Regular Season - 14,534,Las Palmas,798,Mallorca,True,2,3,FT,L,0,-1,2024-11-23 17:30:00+00:00
1208620,2024-11-30T13:00:00+00:00,140,2024,Regular Season - 15,534,Las Palmas,529,Barcelona,False,2,1,FT,W,3,1,2024-11-30 13:00:00+00:00
1208633,2024-12-07T13:00:00+00:00,140,2024,Regular Season - 16,534,Las Palmas,720,Valladolid,True,2,1,FT,W,3,1,2024-12-07 13:00:00+00:00
1208646,2024-12-15T17:30:00+00:00,140,2024,Regular Season - 17,534,Las Palmas,548,Real Sociedad,False,0,0,FT,D,1,0,2024-12-15 17:30:00+00:00
1212927,2024-12-22T17:30:00+00:00,140,2024,Regular Season - 18,534,Las Palmas,540,Espanyol,True,1,0,FT,W,3,1,2024-12-22 17:30:00+00:00
1208664,2025-01-12T13:00:00+00:00,140,2024,Regular Season - 19,534,Las Palmas,546,Getafe,True,1,2,FT,L,0,-1,2025-01-12 13:00:00+00:00
1208672,2025-01-19T15:15:00+00:00,140,2024,Regular Season - 20,534,Las Palmas,541,Real Madrid,False,1,4,FT,L,0,-3,2025-01-19 15:15:00+00:00
1208677,2025-01-24T20:00:00+00:00,140,2024,Regular Season - 21,534,Las Palmas,727,Osasuna,True,1,1,FT,D,1,0,2025-01-24 20:00:00+00:00
1208685,2025-02-03T20:00:00+00:00,140,2024,Regular Season - 22,534,Las Palmas,547,Girona,False,1,2,FT,L,0,-1,2025-02-03 20:00:00+00:00
1208695,2025-02-08T17:30:00+00:00,140,2024,Regular Season - 23,534,Las Palmas,533,Villarreal,True,1,2,FT,L,0,-1,2025-02-08 17:30:00+00:00
1208708,2025-02-16T17:30:00+00:00,140,2024,Regular Season - 24,534,Las Palmas,798,Mallorca,False,1,3,FT,L,0,-2,2025-02-16 17:30:00+00:00
1208714,2025-02-22T20:00:00+00:00,140,2024,Regular Season - 25,534,Las Palmas,529,Barcelona,True,0,2,FT,L,0,-2,2025-02-22 20:00:00+00:00
1208726,2025-02-28T20:00:00+00:00,140,2024,Regular Season - 26,534,Las Palmas,720,Valladolid,False,1,1,FT,D,1,0,2025-02-28 20:00:00+00:00
1208730,2025-03-09T17:30:00+00:00,140,2024,Regular Season - 27,534,Las Palmas,543,Real Betis,False,0,1,FT,L,0,-1,2025-03-09 17:30:00+00:00
1208745,2025-03-14T20:00:00+00:00,140,2024,Regular Season - 28,534,Las Palmas,542,Alaves,True,2,2,FT,D,1,0,2025-03-14 20:00:00+00:00
1208749,2025-03-31T19:00:00+00:00,140,2024,Regular Season - 29,534,Las Palmas,538,Celta Vigo,False,1,1,FT,D,1,0,2025-03-31 19:00:00+00:00
1208757,2025-04-06T12:00:00+00:00,140,2024,Regular Season - 30,534,Las Palmas,548,Real Sociedad,True,1,3,FT,L,0,-2,2025-04-06 12:00:00+00:00
1208767,2025-04-12T14:15:00+00:00,140,2024,Regular Season - 31,534,Las Palmas,546,Getafe,False,3,1,FT,W,3,2,2025-04-12 14:15:00+00:00
1208776,2025-04-19T19:00:00+00:00,140,2024,Regular Season - 32,534,Las Palmas,530,Atletico Madrid,True,1,0,FT,W,3,1,2025-04-19 19:00:00+00:00
1208782,2025-04-23T17:00:00+00:00,140,2024,Regular Season - 33,534,Las Palmas,531,Athletic Club,False,0,1,FT,L,0,-1,2025-04-23 17:00:00+00:00
1208792,2025-05-03T16:30:00+00:00,140,2024,Regular Season - 34,534,Las Palmas,532,Valencia,True,2,3,FT,L,0,-1,2025-05-03 16:30:00+00:00
1208806,2025-05-09T19:00:00+00:00,140,2024,Regular Season - 35,534,Las Palmas,728,Rayo Vallecano,True,0,1,FT,L,0,-1,2025-05-09 19:00:00+00:00
1208816,2025-05-13T19:30:00+00:00,140,2024,Regular Season - 36,534,Las Palmas,536,Sevilla,False,0,1,FT,L,0,-1,2025-05-13 19:30:00+00:00
1208826,2025-05-18T17:00:00+00:00,140,2024,Regular Season - 37,534,Las Palmas,537,Leganes,True,0,1,FT,L,0,-1,2025-05-18 17:00:00+00:00
1212947,2025-05-24T16:30:00+00:00,140,2024,Regular Season - 38,534,Las Palmas,540,Espanyol,False,0,2,FT,L,0,-2,2025-05-24 16:30:00+00:00
1208497,2024-08-16T19:30:00+00:00,140,2024,Regular Season - 1,536,Sevilla,534,Las Palmas,False,2,2,FT,D,1,0,2024-08-16 19:30:00+00:00
1208507,2024-08-23T19:30:00+00:00,140,2024,Regular Season - 2,536,Sevilla,533,Villarreal,True,1,2,FT,L,0,-1,2024-08-23 19:30:00+00:00
1208515,2024-08-27T17:00:00+00:00,140,2024,Regular Season - 3,536,Sevilla,798,Mallorca,False,0,0,FT,D,1,0,2024-08-27 17:00:00+00:00
1208529,2024-09-01T17:00:00+00:00,140,2024,Regular Season - 4,536,Sevilla,547,Girona,True,0,2,FT,L,0,-2,2024-09-01 17:00:00+00:00
1208536,2024-09-14T16:30:00+00:00,140,2024,Regular Season - 5,536,Sevilla,546,Getafe,True,1,0,FT,W,3,1,2024-09-14 16:30:00+00:00
1208542,2024-09-20T19:00:00+00:00,140,2024,Regular Season - 6,536,Sevilla,542,Alaves,False,1,2,FT,L,0,-1,2024-09-20 19:00:00+00:00
1208551,2024-09-24T17:00:00+00:00,140,2024,Regular Season - 7,536,Sevilla,720,Valladolid,True,2,1,FT,W,3,1,2024-09-24 17:00:00+00:00
1208557,2024-09-29T14:15:00+00:00,140,2024,Regular Season - 8,536,Sevilla,531,Athletic Club,False,1,1,FT,D,1,0,2024-09-29 14:15:00+00:00
1208572,2024-10-06T16:30:00+00:00,140,2024,Regular Season - 9,536,Sevilla,543,Real Betis,True,1,0,FT,W,3,1,2024-10-06 16:30:00+00:00
1208576,2024-10-20T19:00:00+00:00,140,2024,Regular Season - 10,536,Sevilla,529,Barcelona,False,1,5,FT,L,0,-4,2024-10-20 19:00:00+00:00
1212920,2024-10-25T19:00:00+00:00,140,2024,Regular Season - 11,536,Sevilla,540,Espanyol,False,2,0,FT,W,3,2,2024-10-25 19:00:00+00:00
1208601,2024-11-03T17:30:00+00:00,140,2024,Regular Season - 12,536,Sevilla,548,Real Sociedad,True,0,2,FT,L,0,-2,2024-11-03 17:30:00+00:00
1208604,2024-11-09T20:00:00+00:00,140,2024,Regular Season - 13,536,Sevilla,537,Leganes,False,0,1,FT,L,0,-1,2024-11-09 20:00:00+00:00
1208618,2024-11-24T15:15:00+00:00,140,2024,Regular Season - 14,536,Sevilla,728,Rayo Vallecano,True,1,0,FT,W,3,1,2024-11-24 15:15:00+00:00
1208628,2024-12-02T20:00:00+00:00,140,2024,Regular Season - 15,536,Sevilla,727,Osasuna,True,1,1,FT,D,1,0,2024-12-02 20:00:00+00:00
1208630,2024-12-08T20:00:00+00:00,140,2024,Regular Season - 16,536,Sevilla,530,Atletico Madrid,False,3,4,FT,L,0,-1,2024-12-08 20:00:00+00:00
1208643,2024-12-14T17:30:00+00:00,140,2024,Regular Season - 17,536,Sevilla,538,Celta Vigo,True,1,0,FT,W,3,1,2024-12-14 17:30:00+00:00
1208651,2024-12-22T15:15:00+00:00,140,2024,Regular Season - 18,536,Sevilla,541,Real Madrid,False,2,4,FT,L,0,-2,2024-12-22 15:15:00+00:00
1208659,2025-01-11T20:00:00+00:00,140,2024,Regular Season - 19,536,Sevilla,532,Valencia,True,1,1,FT,D,1,0,2025-01-11 20:00:00+00:00
1208665,2025-01-18T13:00:00+00:00,140,2024,Regular Season - 20,536,Sevilla,547,Girona,False,2,1,FT,W,3,1,2025-01-18 13:00:00+00:00
1212930,2025-01-25T17:30:00+00:00,140,2024,Regular Season - 21,536,Sevilla,540,Espanyol,True,1,1,FT,D,1,0,2025-01-25 17:30:00+00:00
1208684,2025-02-01T13:00:00+00:00,140,2024,Regular Season - 22,536,Sevilla,546,Getafe,False,0,0,FT,D,1,0,2025-02-01 13:00:00+00:00
1208698,2025-02-09T20:00:00+00:00,140,2024,Regular Season - 23,536,Sevilla,529,Barcelona,True,1,4,FT,L,0,-3,2025-02-09 20:00:00+00:00
1208706,2025-02-16T15:15:00+00:00,140,2024,Regular Season - 24,536,Sevilla,720,Valladolid,False,4,0,FT,W,3,4,2025-02-16 15:15:00+00:00
1208717,2025-02-24T20:00:00+00:00,140,2024,Regular Season - 25,536,Sevilla,798,Mallorca,True,1,1,FT,D,1,0,2025-02-24 20:00:00+00:00
1208722,2025-03-01T15:15:00+00:00,140,2024,Regular Season - 26,536,Sevilla,728,Rayo Vallecano,False,1,1,FT,D,1,0,2025-03-01 15:15:00+00:00
1208732,2025-03-09T20:00:00+00:00,140,2024,Regular Season - 27,536,Sevilla,548,Real Sociedad,False,1,0,FT,W,3,1,2025-03-09 20:00:00+00:00
1208740,2025-03-16T15:15:00+00:00,140,2024,Regular Season - 28,536,Sevilla,531,Athletic Club,True,0,1,FT,L,0,-1,2025-03-16 15:15:00+00:00
1208748,2025-03-30T19:00:00+00:00,140,2024,Regular Season - 29,536,Sevilla,543,Real Betis,False,1,2,FT,L,0,-1,2025-03-30 19:00:00+00:00
1208760,2025-04-06T14:15:00+00:00,140,2024,Regular Season - 30,536,Sevilla,530,Atletico Madrid,True,1,2,FT,L,0,-1,2025-04-06 14:15:00+00:00
1208772,2025-04-11T19:00:00+00:00,140,2024,Regular Season - 31,536,Sevilla,532,Valencia,False,0,1,FT,L,0,-1,2025-04-11 19:00:00+00:00
1208780,2025-04-20T16:30:00+00:00,140,2024,Regular Season - 32,536,Sevilla,542,Alaves,True,1,1,FT,D,1,0,2025-04-20 16:30:00+00:00
1208788,2025-04-24T17:00:00+00:00,140,2024,Regular Season - 33,536,Sevilla,727,Osasuna,False,0,1,FT,L,0,-1,2025-04-24 17:00:00+00:00
1208799,2025-05-04T14:15:00+00:00,140,2024,Regular Season - 34,536,Sevilla,537,Leganes,True,2,2,FT,D,1,0,2025-05-04 14:15:00+00:00
1208803,2025-05-10T14:15:00+00:00,140,2024,Regular Season - 35,536,Sevilla,538,Celta Vigo,False,2,3,FT,L,0,-1,2025-05-10 14:15:00+00:00
1208816,2025-05-13T19:30:00+00:00,140,2024,Regular Season - 36,536,Sevilla,534,Las Palmas,True,1,0,FT,W,3,1,2025-05-13 19:30:00+00:00
1208824,2025-05-18T17:00:00+00:00,140,2024,Regular Season - 37,536,Sevilla,541,Real Madrid,True,0,2,FT,L,0,-2,2025-05-18 17:00:00+00:00
1208835,2025-05-25T14:15:00+00:00,140,2024,Regular Season - 38,536,Sevilla,533,Villarreal,False,2,4,FT,L,0,-2,2025-05-25 14:15:00+00:00
1208502,2024-08-17T17:00:00+00:00,140,2024,Regular Season - 1,537,Leganes,727,Osasuna,False,1,1,FT,D,1,0,2024-08-17 17:00:00+00:00
1208509,2024-08-25T17:00:00+00:00,140,2024,Regular Season - 2,537,Leganes,534,Las Palmas,True,2,1,FT,W,3,1,2024-08-25 17:00:00+00:00
1208520,2024-08-28T17:00:00+00:00,140,2024,Regular Season - 3,537,Leganes,720,Valladolid,False,0,0,FT,D,1,0,2024-08-28 17:00:00+00:00
1208526,2024-08-31T19:30:00+00:00,140,2024,Regular Season - 4,537,Leganes,798,Mallorca,True,0,1,FT,L,0,-1,2024-08-31 19:30:00+00:00
1208531,2024-09-13T19:00:00+00:00,140,2024,Regular Season - 5,537,Leganes,543,Real Betis,False,0,2,FT,L,0,-2,2024-09-13 19:00:00+00:00
1208552,2024-09-19T17:00:00+00:00,140,2024,Regular Season - 7,537,Leganes,531,Athletic Club,True,0,2,FT,L,0,-2,2024-09-19 17:00:00+00:00
1208541,2024-09-22T12:00:00+00:00,140,2024,Regular Season - 6,537,Leganes,546,Getafe,False,1,1,FT,D,1,0,2024-09-22 12:00:00+00:00
1208565,2024-09-28T14:15:00+00:00,140,2024,Regular Season - 8,537,Leganes,728,Rayo Vallecano,False,1,1,FT,D,1,0,2024-09-28 14:15:00+00:00
1208569,2024-10-04T19:00:00+00:00,140,2024,Regular Season - 9,537,Leganes,532,Valencia,True,0,0,FT,D,1,0,2024-10-04 19:00:00+00:00
1208575,2024-10-20T14:15:00+00:00,140,2024,Regular Season - 10,537,Leganes,530,Atletico Madrid,False,1,3,FT,L,0,-2,2024-10-20 14:15:00+00:00
1208588,2024-10-27T12:00:00+00:00,140,2024,Regular Season - 11,537,Leganes,538,Celta Vigo,True,3,0,FT,W,3,3,2024-10-27 12:00:00+00:00
1208596,2024-11-02T15:15:00+00:00,140,2024,Regular Season - 12,537,Leganes,547,Girona,False,3,4,FT,L,0,-1,2024-11-02 15:15:00+00:00
1208604,2024-11-09T20:00:00+00:00,140,2024,Regular Season - 13,537,Leganes,536,Sevilla,True,1,0,FT,W,3,1,2024-11-09 20:00:00+00:00
1208615,2024-11-24T17:30:00+00:00,140,2024,Regular Season - 14,537,Leganes,541,Real Madrid,True,0,3,FT,L,0,-3,2024-11-24 17:30:00+00:00
1208622,2024-11-30T15:15:00+00:00,140,2024,Regular Season - 15,537,Leganes,542,Alaves,False,1,1,FT,D,1,0,2024-11-30 15:15:00+00:00
1208634,2024-12-08T13:00:00+00:00,140,2024,Regular Season - 16,537,Leganes,548,Real Sociedad,True,0,3,FT,L,0,-3,2024-12-08 13:00:00+00:00
1208639,2024-12-15T20:00:00+00:00,140,2024,Regular Season - 17,537,Leganes,529,Barcelona,False,1,0,FT,W,3,1,2024-12-15 20:00:00+00:00
1208652,2024-12-22T17:30:00+00:00,140,2024,Regular Season - 18,537,Leganes,533,Villarreal,True,2,5,FT,L,0,-3,2024-12-22 17:30:00+00:00
1212928,2025-01-11T17:30:00+00:00,140,2024,Regular Season - 19,537,Leganes,540,Espanyol,False,1,1,FT,D,1,0,2025-01-11 17:30:00+00:00
1208668,2025-01-18T15:15:00+00:00,140,2024,Regular Season - 20,537,Leganes,530,Atletico Madrid,True,1,0,FT,W,3,1,2025-01-18 15:15:00+00:00
1208674,2025-01-26T17:30:00+00:00,140,2024,Regular Season - 21,537,Leganes,531,Athletic Club,False,0,0,FT,D,1,0,2025-01-26 17:30:00+00:00
1208688,2025-01-31T20:00:00+00:00,140,2024,Regular Season - 22,537,Leganes,728,Rayo Vallecano,True,0,1,FT,L,0,-1,2025-01-31 20:00:00+00:00
1208700,2025-02-09T15:15:00+00:00,140,2024,Regular Season - 23,537,Leganes,532,Valencia,False,0,2,FT,L,0,-2,2025-02-09 15:15:00+00:00
1208709,2025-02-15T13:00:00+00:00,140,2024,Regular Season - 24,537,Leganes,542,Alaves,True,3,3,FT,D,1,0,2025-02-15 13:00:00+00:00
1208718,2025-02-23T20:00:00+00:00,140,2024,Regular Season - 25,537,Leganes,548,Real Sociedad,False,0,3,FT,L,0,-3,2025-02-23 20:00:00+00:00
1208725,2025-03-02T13:00:00+00:00,140,2024,Regular Season - 26,537,Leganes,546,Getafe,True,1,0,FT,W,3,1,2025-03-02 13:00:00+00:00
1208731,2025-03-08T13:00:00+00:00,140,2024,Regular Season - 27,537,Leganes,538,Celta Vigo,False,1,2,FT,L,0,-1,2025-03-08 13:00:00+00:00
1208741,2025-03-16T13:00:00+00:00,140,2024,Regular Season - 28,537,Leganes,543,Real Betis,True,2,3,FT,L,0,-1,2025-03-16 13:00:00+00:00
1208754,2025-03-29T20:00:00+00:00,140,2024,Regular Season - 29,537,Leganes,541,Real Madrid,False,2,3,FT,L,0,-1,2025-03-29 20:00:00+00:00
1208758,2025-04-07T19:00:00+00:00,140,2024,Regular Season - 30,537,Leganes,727,Osasuna,True,1,1,FT,D,1,0,2025-04-07 19:00:00+00:00
1208769,2025-04-12T19:00:00+00:00,140,2024,Regular Season - 31,537,Leganes,529,Barcelona,True,0,1,FT,L,0,-1,2025-04-12 19:00:00+00:00
1208781,2025-04-19T16:30:00+00:00,140,2024,Regular Season - 32,537,Leganes,798,Mallorca,False,0,0,FT,D,1,0,2025-04-19 16:30:00+00:00
1208790,2025-04-24T17:00:00+00:00,140,2024,Regular Season - 33,537,Leganes,547,Girona,True,1,1,FT,D,1,0,2025-04-24 17:00:00+00:00
1208799,2025-05-04T14:15:00+00:00,140,2024,Regular Season - 34,537,Leganes,536,Sevilla,False,2,2,FT,D,1,0,2025-05-04 14:15:00+00:00
1212944,2025-05-11T12:00:00+00:00,140,2024,Regular Season - 35,537,Leganes,540,Espanyol,True,3,2,FT,W,3,1,2025-05-11 12:00:00+00:00
1208817,2025-05-14T17:00:00+00:00,140,2024,Regular Season - 36,537,Leganes,533,Villarreal,False,0,3,FT,L,0,-3,2025-05-14 17:00:00+00:00
1208826,2025-05-18T17:00:00+00:00,140,2024,Regular Season - 37,537,Leganes,534,Las Palmas,False,1,0,FT,W,3,1,2025-05-18 17:00:00+00:00
1208831,2025-05-24T16:30:00+00:00,140,2024,Regular Season - 38,537,Leganes,720,Valladolid,True,3,0,FT,W,3,3,2025-05-24 16:30:00+00:00
1208501,2024-08-16T17:00:00+00:00,140,2024,Regular Season - 1,538,Celta Vigo,542,Alaves,True,2,1,FT,W,3,1,2024-08-16 17:00:00+00:00
1208504,2024-08-23T17:00:00+00:00,140,2024,Regular Season - 2,538,Celta Vigo,532,Valencia,True,3,1,FT,W,3,2,2024-08-23 17:00:00+00:00
1208518,2024-08-26T19:30:00+00:00,140,2024,Regular Season - 3,538,Celta Vigo,533,Villarreal,False,3,4,FT,L,0,-1,2024-08-26 19:30:00+00:00
1208528,2024-09-01T15:00:00+00:00,140,2024,Regular Season - 4,538,Celta Vigo,727,Osasuna,False,2,3,FT,L,0,-1,2024-09-01 15:00:00+00:00
1208532,2024-09-15T12:00:00+00:00,140,2024,Regular Season - 5,538,Celta Vigo,720,Valladolid,True,3,1,FT,W,3,2,2024-09-15 12:00:00+00:00
1208539,2024-09-22T14:15:00+00:00,140,2024,Regular Season - 6,538,Celta Vigo,531,Athletic Club,False,1,3,FT,L,0,-2,2024-09-22 14:15:00+00:00
1208553,2024-09-26T19:00:00+00:00,140,2024,Regular Season - 7,538,Celta Vigo,530,Atletico Madrid,True,0,1,FT,L,0,-1,2024-09-26 19:00:00+00:00
1208559,2024-09-29T12:00:00+00:00,140,2024,Regular Season - 8,538,Celta Vigo,547,Girona,True,1,1,FT,D,1,0,2024-09-29 12:00:00+00:00
1208573,2024-10-05T16:30:00+00:00,140,2024,Regular Season - 9,538,Celta Vigo,534,Las Palmas,False,1,0,FT,W,3,1,2024-10-05 16:30:00+00:00
1208577,2024-10-19T19:00:00+00:00,140,2024,Regular Season - 10,538,Celta Vigo,541,Real Madrid,True,1,2,FT,L,0,-1,2024-10-19 19:00:00+00:00
1208588,2024-10-27T12:00:00+00:00,140,2024,Regular Season - 11,538,Celta Vigo,537,Leganes,False,0,3,FT,L,0,-3,2024-10-27 12:00:00+00:00
1208595,2024-11-04T20:00:00+00:00,140,2024,Regular Season - 12,538,Celta Vigo,546,Getafe,True,1,0,FT,W,3,1,2024-11-04 20:00:00+00:00
1208602,2024-11-10T13:00:00+00:00,140,2024,Regular Season - 13,538,Celta Vigo,543,Real Betis,False,2,2,FT,D,1,0,2024-11-10 13:00:00+00:00
1208616,2024-11-23T20:00:00+00:00,140,2024,Regular Season - 14,538,Celta Vigo,529,Barcelona,True,2,2,FT,D,1,0,2024-11-23 20:00:00+00:00
1212924,2024-11-30T17:30:00+00:00,140,2024,Regular Season - 15,538,Celta Vigo,540,Espanyol,False,1,3,FT,L,0,-2,2024-11-30 17:30:00+00:00
1208631,2024-12-06T20:00:00+00:00,140,2024,Regular Season - 16,538,Celta Vigo,798,Mallorca,True,2,0,FT,W,3,2,2024-12-06 20:00:00+00:00
1208643,2024-12-14T17:30:00+00:00,140,2024,Regular Season - 17,538,Celta Vigo,536,Sevilla,False,0,1,FT,L,0,-1,2024-12-14 17:30:00+00:00
1208648,2024-12-21T15:15:00+00:00,140,2024,Regular Season - 18,538,Celta Vigo,548,Real Sociedad,True,2,0,FT,W,3,2,2024-12-21 15:15:00+00:00
1208663,2025-01-10T20:00:00+00:00,140,2024,Regular Season - 19,538,Celta Vigo,728,Rayo Vallecano,False,1,2,FT,L,0,-1,2025-01-10 20:00:00+00:00
1208667,2025-01-19T13:00:00+00:00,140,2024,Regular Season - 20,538,Celta Vigo,531,Athletic Club,True,1,2,FT,L,0,-1,2025-01-19 13:00:00+00:00
1208678,2025-01-27T20:00:00+00:00,140,2024,Regular Season - 21,538,Celta Vigo,542,Alaves,False,1,1,FT,D,1,0,2025-01-27 20:00:00+00:00
1208690,2025-02-02T15:15:00+00:00,140,2024,Regular Season - 22,538,Celta Vigo,532,Valencia,False,1,2,FT,L,0,-1,2025-02-02 15:15:00+00:00
1208699,2025-02-08T13:00:00+00:00,140,2024,Regular Season - 23,538,Celta Vigo,543,Real Betis,True,3,2,FT,W,3,1,2025-02-08 13:00:00+00:00
1208701,2025-02-15T17:30:00+00:00,140,2024,Regular Season - 24,538,Celta Vigo,530,Atletico Madrid,False,1,1,FT,D,1,0,2025-02-15 17:30:00+00:00
1208711,2025-02-21T20:00:00+00:00,140,2024,Regular Season - 25,538,Celta Vigo,727,Osasuna,True,1,0,FT,W,3,1,2025-02-21 20:00:00+00:00
1208724,2025-03-01T13:00:00+00:00,140,2024,Regular Season - 26,538,Celta Vigo,547,Girona,False,2,2,FT,D,1,0,2025-03-01 13:00:00+00:00
1208731,2025-03-08T13:00:00+00:00,140,2024,Regular Season - 27,538,Celta Vigo,537,Leganes,True,2,1,FT,W,3,1,2025-03-08 13:00:00+00:00
1208742,2025-03-15T13:00:00+00:00,140,2024,Regular Season - 28,538,Celta Vigo,720,Valladolid,False,1,0,FT,W,3,1,2025-03-15 13:00:00+00:00
1208749,2025-03-31T19:00:00+00:00,140,2024,Regular Season - 29,538,Celta Vigo,534,Las Palmas,True,1,1,FT,D,1,0,2025-03-31 19:00:00+00:00
1208761,2025-04-05T16:30:00+00:00,140,2024,Regular Season - 30,538,Celta Vigo,798,Mallorca,False,2,1,FT,W,3,1,2025-04-05 16:30:00+00:00
1212940,2025-04-12T16:30:00+00:00,140,2024,Regular Season - 31,538,Celta Vigo,540,Espanyol,True,0,2,FT,L,0,-2,2025-04-12 16:30:00+00:00
1208773,2025-04-19T14:15:00+00:00,140,2024,Regular Season - 32,538,Celta Vigo,529,Barcelona,False,3,4,FT,L,0,-1,2025-04-19 14:15:00+00:00
1208786,2025-04-23T17:00:00+00:00,140,2024,Regular Season - 33,538,Celta Vigo,533,Villarreal,True,3,0,FT,W,3,3,2025-04-23 17:00:00+00:00
1208796,2025-05-04T12:00:00+00:00,140,2024,Regular Season - 34,538,Celta Vigo,541,Real Madrid,False,2,3,FT,L,0,-1,2025-05-04 12:00:00+00:00
1208803,2025-05-10T14:15:00+00:00,140,2024,Regular Season - 35,538,Celta Vigo,536,Sevilla,True,3,2,FT,W,3,1,2025-05-10 14:15:00+00:00
1208813,2025-05-13T18:00:00+00:00,140,2024,Regular Season - 36,538,Celta Vigo,548,Real Sociedad,False,1,0,FT,W,3,1,2025-05-13 18:00:00+00:00
1208820,2025-05-18T17:00:00+00:00,140,2024,Regular Season - 37,538,Celta Vigo,728,Rayo Vallecano,True,1,2,FT,L,0,-1,2025-05-18 17:00:00+00:00
1208833,2025-05-24T19:00:00+00:00,140,2024,Regular Season - 38,538,Celta Vigo,546,Getafe,False,2,1,FT,W,3,1,2025-05-24 19:00:00+00:00
1212910,2024-08-19T17:00:00+00:00,140,2024,Regular Season - 1,540,Espanyol,720,Valladolid,False,0,1,FT,L,0,-1,2024-08-19 17:00:00+00:00
1212911,2024-08-24T19:30:00+00:00,140,2024,Regular Season - 2,540,Espanyol,548,Real Sociedad,True,0,1,FT,L,0,-1,2024-08-24 19:30:00+00:00
1212912,2024-08-28T19:30:00+00:00,140,2024,Regular Season - 3,540,Espanyol,530,Atletico Madrid,False,0,0,FT,D,1,0,2024-08-28 19:30:00+00:00
1212913,2024-08-31T17:15:00+00:00,140,2024,Regular Season - 4,540,Espanyol,728,Rayo Vallecano,True,2,1,FT,W,3,1,2024-08-31 17:15:00+00:00
1212914,2024-09-14T14:15:00+00:00,140,2024,Regular Season - 5,540,Espanyol,542,Alaves,True,3,2,FT,W,3,1,2024-09-14 14:15:00+00:00
1212915,2024-09-21T19:00:00+00:00,140,2024,Regular Season - 6,540,Espanyol,541,Real Madrid,False,1,4,FT,L,0,-3,2024-09-21 19:00:00+00:00
1212916,2024-09-26T17:00:00+00:00,140,2024,Regular Season - 7,540,Espanyol,533,Villarreal,True,1,2,FT,L,0,-1,2024-09-26 17:00:00+00:00
1212917,2024-09-29T16:30:00+00:00,140,2024,Regular Season - 8,540,Espanyol,543,Real Betis,False,0,1,FT,L,0,-1,2024-09-29 16:30:00+00:00
1212918,2024-10-05T12:00:00+00:00,140,2024,Regular Season - 9,540,Espanyol,798,Mallorca,True,2,1,FT,W,3,1,2024-10-05 12:00:00+00:00
1212919,2024-10-19T12:00:00+00:00,140,2024,Regular Season - 10,540,Espanyol,531,Athletic Club,False,1,4,FT,L,0,-3,2024-10-19 12:00:00+00:00
1212920,2024-10-25T19:00:00+00:00,140,2024,Regular Season - 11,540,Espanyol,536,Sevilla,True,0,2,FT,L,0,-2,2024-10-25 19:00:00+00:00
1212921,2024-11-03T15:15:00+00:00,140,2024,Regular Season - 12,540,Espanyol,529,Barcelona,False,1,3,FT,L,0,-2,2024-11-03 15:15:00+00:00
1212923,2024-11-23T17:30:00+00:00,140,2024,Regular Season - 14,540,Espanyol,547,Girona,False,1,4,FT,L,0,-3,2024-11-23 17:30:00+00:00
1212924,2024-11-30T17:30:00+00:00,140,2024,Regular Season - 15,540,Espanyol,538,Celta Vigo,True,3,1,FT,W,3,2,2024-11-30 17:30:00+00:00
1212925,2024-12-09T20:00:00+00:00,140,2024,Regular Season - 16,540,Espanyol,546,Getafe,False,0,1,FT,L,0,-1,2024-12-09 20:00:00+00:00
1212926,2024-12-14T13:00:00+00:00,140,2024,Regular Season - 17,540,Espanyol,727,Osasuna,True,0,0,FT,D,1,0,2024-12-14 13:00:00+00:00
1212922,2024-12-18T20:30:00+00:00,140,2024,Regular Season - 13,540,Espanyol,532,Valencia,True,1,1,FT,D,1,0,2024-12-18 20:30:00+00:00
1212927,2024-12-22T17:30:00+00:00,140,2024,Regular Season - 18,540,Espanyol,534,Las Palmas,False,0,1,FT,L,0,-1,2024-12-22 17:30:00+00:00
1212928,2025-01-11T17:30:00+00:00,140,2024,Regular Season - 19,540,Espanyol,537,Leganes,True,1,1,FT,D,1,0,2025-01-11 17:30:00+00:00
1212929,2025-01-17T20:00:00+00:00,140,2024,Regular Season - 20,540,Espanyol,720,Valladolid,True,2,1,FT,W,3,1,2025-01-17 20:00:00+00:00
1212930,2025-01-25T17:30:00+00:00,140,2024,Regular Season - 21,540,Espanyol,536,Sevilla,False,1,1,FT,D,1,0,2025-01-25 17:30:00+00:00
1212931,2025-02-01T20:00:00+00:00,140,2024,Regular Season - 22,540,Espanyol,541,Real Madrid,True,1,0,FT,W,3,1,2025-02-01 20:00:00+00:00
1212932,2025-02-09T17:30:00+00:00,140,2024,Regular Season - 23,540,Espanyol,548,Real Sociedad,False,1,2,FT,L,0,-1,2025-02-09 17:30:00+00:00
1212933,2025-02-16T13:00:00+00:00,140,2024,Regular Season - 24,540,Espanyol,531,Athletic Club,True,1,1,FT,D,1,0,2025-02-16 13:00:00+00:00
1212934,2025-02-22T13:00:00+00:00,140,2024,Regular Season - 25,540,Espanyol,542,Alaves,False,1,0,FT,W,3,1,2025-02-22 13:00:00+00:00
1212936,2025-03-10T20:00:00+00:00,140,2024,Regular Season - 27,540,Espanyol,547,Girona,True,1,1,FT,D,1,0,2025-03-10 20:00:00+00:00
1212937,2025-03-15T15:15:00+00:00,140,2024,Regular Season - 28,540,Espanyol,798,Mallorca,False,1,2,FT,L,0,-1,2025-03-15 15:15:00+00:00
1212938,2025-03-29T15:15:00+00:00,140,2024,Regular Season - 29,540,Espanyol,530,Atletico Madrid,True,1,1,FT,D,1,0,2025-03-29 15:15:00+00:00
1212939,2025-04-04T19:00:00+00:00,140,2024,Regular Season - 30,540,Espanyol,728,Rayo Vallecano,False,4,0,FT,W,3,4,2025-04-04 19:00:00+00:00
1212940,2025-04-12T16:30:00+00:00,140,2024,Regular Season - 31,540,Espanyol,538,Celta Vigo,False,2,0,FT,W,3,2,2025-04-12 16:30:00+00:00
1212941,2025-04-18T19:00:00+00:00,140,2024,Regular Season - 32,540,Espanyol,546,Getafe,True,1,0,FT,W,3,1,2025-04-18 19:00:00+00:00
1212942,2025-04-22T17:00:00+00:00,140,2024,Regular Season - 33,540,Espanyol,532,Valencia,False,1,1,FT,D,1,0,2025-04-22 17:00:00+00:00
1212935,2025-04-27T14:15:00+00:00,140,2024,Regular Season - 26,540,Espanyol,533,Villarreal,False,0,1,FT,L,0,-1,2025-04-27 14:15:00+00:00
1212943,2025-05-04T16:30:00+00:00,140,2024,Regular Season - 34,540,Espanyol,543,Real Betis,True,1,2,FT,L,0,-1,2025-05-04 16:30:00+00:00
1212944,2025-05-11T12:00:00+00:00,140,2024,Regular Season - 35,540,Espanyol,537,Leganes,False,2,3,FT,L,0,-1,2025-05-11 12:00:00+00:00
1212945,2025-05-15T19:30:00+00:00,140,2024,Regular Season - 36,540,Espanyol,529,Barcelona,True,0,2,FT,L,0,-2,2025-05-15 19:30:00+00:00
1212946,2025-05-18T17:00:00+00:00,140,2024,Regular Season - 37,540,Espanyol,727,Osasuna,False,0,2,FT,L,0,-2,2025-05-18 17:00:00+00:00
1212947,2025-05-24T16:30:00+00:00,140,2024,Regular Season - 38,540,Espanyol,534,Las Palmas,True,2,0,FT,W,3,2,2025-05-24 16:30:00+00:00
1208496,2024-08-18T19:30:00+00:00,140,2024,Regular Season - 1,541,Real Madrid,798,Mallorca,False,1,1,FT,D,1,0,2024-08-18 19:30:00+00:00
1208506,2024-08-25T15:00:00+00:00,140,2024,Regular Season - 2,541,Real Madrid,720,Valladolid,True,3,0,FT,W,3,3,2024-08-25 15:00:00+00:00
1208516,2024-08-29T19:30:00+00:00,140,2024,Regular Season - 3,541,Real Madrid,534,Las Palmas,False,1,1,FT,D,1,0,2024-08-29 19:30:00+00:00
1208527,2024-09-01T19:30:00+00:00,140,2024,Regular Season - 4,541,Real Madrid,543,Real Betis,True,2,0,FT,W,3,2,2024-09-01 19:30:00+00:00
1208538,2024-09-14T19:00:00+00:00,140,2024,Regular Season - 5,541,Real Madrid,548,Real Sociedad,False,2,0,FT,W,3,2,2024-09-14 19:00:00+00:00
1212915,2024-09-21T19:00:00+00:00,140,2024,Regular Season - 6,541,Real Madrid,540,Espanyol,True,4,1,FT,W,3,3,2024-09-21 19:00:00+00:00
1208556,2024-09-24T19:00:00+00:00,140,2024,Regular Season - 7,541,Real Madrid,542,Alaves,True,3,2,FT,W,3,1,2024-09-24 19:00:00+00:00
1208558,2024-09-29T19:00:00+00:00,140,2024,Regular Season - 8,541,Real Madrid,530,Atletico Madrid,False,1,1,FT,D,1,0,2024-09-29 19:00:00+00:00
1208567,2024-10-05T19:00:00+00:00,140,2024,Regular Season - 9,541,Real Madrid,533,Villarreal,True,2,0,FT,W,3,2,2024-10-05 19:00:00+00:00
1208577,2024-10-19T19:00:00+00:00,140,2024,Regular Season - 10,541,Real Madrid,538,Celta Vigo,False,2,1,FT,W,3,1,2024-10-19 19:00:00+00:00
1208587,2024-10-26T19:00:00+00:00,140,2024,Regular Season - 11,541,Real Madrid,529,Barcelona,True,0,4,FT,L,0,-4,2024-10-26 19:00:00+00:00
1208608,2024-11-09T13:00:00+00:00,140,2024,Regular Season - 13,541,Real Madrid,727,Osasuna,True,4,0,FT,W,3,4,2024-11-09 13:00:00+00:00
1208615,2024-11-24T17:30:00+00:00,140,2024,Regular Season - 14,541,Real Madrid,537,Leganes,False,3,0,FT,W,3,3,2024-11-24 17:30:00+00:00
1208626,2024-12-01T15:15:00+00:00,140,2024,Regular Season - 15,541,Real Madrid,546,Getafe,True,2,0,FT,W,3,2,2024-12-01 15:15:00+00:00
1208656,2024-12-04T20:00:00+00:00,140,2024,Regular Season - 19,541,Real Madrid,531,Athletic Club,False,1,2,FT,L,0,-1,2024-12-04 20:00:00+00:00
1208632,2024-12-07T20:00:00+00:00,140,2024,Regular Season - 16,541,Real Madrid,547,Girona,False,3,0,FT,W,3,3,2024-12-07 20:00:00+00:00
1208640,2024-12-14T20:00:00+00:00,140,2024,Regular Season - 17,541,Real Madrid,728,Rayo Vallecano,False,3,3,FT,D,1,0,2024-12-14 20:00:00+00:00
1208651,2024-12-22T15:15:00+00:00,140,2024,Regular Season - 18,541,Real Madrid,536,Sevilla,True,4,2,FT,W,3,2,2024-12-22 15:15:00+00:00
1208600,2025-01-03T20:00:00+00:00,140,2024,Regular Season - 12,541,Real Madrid,532,Valencia,False,2,1,FT,W,3,1,2025-01-03 20:00:00+00:00
1208672,2025-01-19T15:15:00+00:00,140,2024,Regular Season - 20,541,Real Madrid,534,Las Palmas,True,4,1,FT,W,3,3,2025-01-19 15:15:00+00:00
1208682,2025-01-25T20:00:00+00:00,140,2024,Regular Season - 21,541,Real Madrid,720,Valladolid,False,3,0,FT,W,3,3,2025-01-25 20:00:00+00:00
1212931,2025-02-01T20:00:00+00:00,140,2024,Regular Season - 22,541,Real Madrid,540,Espanyol,False,0,1,FT,L,0,-1,2025-02-01 20:00:00+00:00
1208697,2025-02-08T20:00:00+00:00,140,2024,Regular Season - 23,541,Real Madrid,530,Atletico Madrid,True,1,1,FT,D,1,0,2025-02-08 20:00:00+00:00
1208704,2025-02-15T15:15:00+00:00,140,2024,Regular Season - 24,541,Real Madrid,727,Osasuna,False,1,1,FT,D,1,0,2025-02-15 15:15:00+00:00
1208716,2025-02-23T15:15:00+00:00,140,2024,Regular Season - 25,541,Real Madrid,547,Girona,True,2,0,FT,W,3,2,2025-02-23 15:15:00+00:00
1208720,2025-03-01T17:30:00+00:00,140,2024,Regular Season - 26,541,Real Madrid,543,Real Betis,False,1,2,FT,L,0,-1,2025-03-01 17:30:00+00:00
1208736,2025-03-09T15:15:00+00:00,140,2024,Regular Season - 27,541,Real Madrid,728,Rayo Vallecano,True,2,1,FT,W,3,1,2025-03-09 15:15:00+00:00
1208744,2025-03-15T17:30:00+00:00,140,2024,Regular Season - 28,541,Real Madrid,533,Villarreal,False,2,1,FT,W,3,1,2025-03-15 17:30:00+00:00
1208754,2025-03-29T20:00:00+00:00,140,2024,Regular Season - 29,541,Real Madrid,537,Leganes,True,3,2,FT,W,3,1,2025-03-29 20:00:00+00:00
1208756,2025-04-05T14:15:00+00:00,140,2024,Regular Season - 30,541,Real Madrid,532,Valencia,True,1,2,FT,L,0,-1,2025-04-05 14:15:00+00:00
1208768,2025-04-13T14:15:00+00:00,140,2024,Regular Season - 31,541,Real Madrid,542,Alaves,False,1,0,FT,W,3,1,2025-04-13 14:15:00+00:00
1208775,2025-04-20T19:00:00+00:00,140,2024,Regular Season - 32,541,Real Madrid,531,Athletic Club,True,1,0,FT,W,3,1,2025-04-20 19:00:00+00:00
1208787,2025-04-23T19:30:00+00:00,140,2024,Regular Season - 33,541,Real Madrid,546,Getafe,False,1,0,FT,W,3,1,2025-04-23 19:30:00+00:00
1208796,2025-05-04T12:00:00+00:00,140,2024,Regular Season - 34,541,Real Madrid,538,Celta Vigo,True,3,2,FT,W,3,1,2025-05-04 12:00:00+00:00
1208801,2025-05-11T14:15:00+00:00,140,2024,Regular Season - 35,541,Real Madrid,529,Barcelona,False,3,4,FT,L,0,-1,2025-05-11 14:15:00+00:00
1208815,2025-05-14T19:30:00+00:00,140,2024,Regular Season - 36,541,Real Madrid,798,Mallorca,True,2,1,FT,W,3,1,2025-05-14 19:30:00+00:00
1208824,2025-05-18T17:00:00+00:00,140,2024,Regular Season - 37,541,Real Madrid,536,Sevilla,False,2,0,FT,W,3,2,2025-05-18 17:00:00+00:00
1208829,2025-05-24T14:15:00+00:00,140,2024,Regular Season - 38,541,Real Madrid,548,Real Sociedad,True,2,0,FT,W,3,2,2025-05-24 14:15:00+00:00
1208501,2024-08-16T17:00:00+00:00,140,2024,Regular Season - 1,542,Alaves,538,Celta Vigo,False,1,2,FT,L,0,-1,2024-08-16 17:00:00+00:00
1208508,2024-08-25T17:15:00+00:00,140,2024,Regular Season - 2,542,Alaves,543,Real Betis,True,0,0,FT,D,1,0,2024-08-25 17:15:00+00:00
1208519,2024-08-28T19:30:00+00:00,140,2024,Regular Season - 3,542,Alaves,548,Real Sociedad,False,2,1,FT,W,3,1,2024-08-28 19:30:00+00:00
1208525,2024-09-01T15:00:00+00:00,140,2024,Regular Season - 4,542,Alaves,534,Las Palmas,True,2,0,FT,W,3,2,2024-09-01 15:00:00+00:00
1212914,2024-09-14T14:15:00+00:00,140,2024,Regular Season - 5,542,Alaves,540,Espanyol,False,2,3,FT,L,0,-1,2024-09-14 14:15:00+00:00
1208542,2024-09-20T19:00:00+00:00,140,2024,Regular Season - 6,542,Alaves,536,Sevilla,True,2,1,FT,W,3,1,2024-09-20 19:00:00+00:00
1208556,2024-09-24T19:00:00+00:00,140,2024,Regular Season - 7,542,Alaves,541,Real Madrid,False,2,3,FT,L,0,-1,2024-09-24 19:00:00+00:00
1208564,2024-09-28T12:00:00+00:00,140,2024,Regular Season - 8,542,Alaves,546,Getafe,False,0,2,FT,L,0,-2,2024-09-28 12:00:00+00:00
1208568,2024-10-06T14:15:00+00:00,140,2024,Regular Season - 9,542,Alaves,529,Barcelona,True,0,3,FT,L,0,-3,2024-10-06 14:15:00+00:00
1208580,2024-10-18T19:00:00+00:00,140,2024,Regular Season - 10,542,Alaves,720,Valladolid,True,2,3,FT,L,0,-1,2024-10-18 19:00:00+00:00
1208592,2024-10-26T14:15:00+00:00,140,2024,Regular Season - 11,542,Alaves,728,Rayo Vallecano,False,0,1,FT,L,0,-1,2024-10-26 14:15:00+00:00
1208598,2024-11-01T20:00:00+00:00,140,2024,Regular Season - 12,542,Alaves,798,Mallorca,True,1,0,FT,W,3,1,2024-11-01 20:00:00+00:00
1208610,2024-11-09T15:15:00+00:00,140,2024,Regular Season - 13,542,Alaves,533,Villarreal,False,0,3,FT,L,0,-3,2024-11-09 15:15:00+00:00
1208619,2024-11-23T15:15:00+00:00,140,2024,Regular Season - 14,542,Alaves,530,Atletico Madrid,False,1,2,FT,L,0,-1,2024-11-23 15:15:00+00:00
1208622,2024-11-30T15:15:00+00:00,140,2024,Regular Season - 15,542,Alaves,537,Leganes,True,1,1,FT,D,1,0,2024-11-30 15:15:00+00:00
1208637,2024-12-08T17:30:00+00:00,140,2024,Regular Season - 16,542,Alaves,727,Osasuna,False,2,2,FT,D,1,0,2024-12-08 17:30:00+00:00
1208641,2024-12-15T15:15:00+00:00,140,2024,Regular Season - 17,542,Alaves,531,Athletic Club,True,1,1,FT,D,1,0,2024-12-15 15:15:00+00:00
1208655,2024-12-22T13:00:00+00:00,140,2024,Regular Season - 18,542,Alaves,532,Valencia,False,2,2,FT,D,1,0,2024-12-22 13:00:00+00:00
1208660,2025-01-11T13:00:00+00:00,140,2024,Regular Season - 19,542,Alaves,547,Girona,True,0,1,FT,L,0,-1,2025-01-11 13:00:00+00:00
1208673,2025-01-18T17:30:00+00:00,140,2024,Regular Season - 20,542,Alaves,543,Real Betis,False,3,1,FT,W,3,2,2025-01-18 17:30:00+00:00
1208678,2025-01-27T20:00:00+00:00,140,2024,Regular Season - 21,542,Alaves,538,Celta Vigo,True,1,1,FT,D,1,0,2025-01-27 20:00:00+00:00
1208691,2025-02-02T13:00:00+00:00,140,2024,Regular Season - 22,542,Alaves,529,Barcelona,False,0,1,FT,L,0,-1,2025-02-02 13:00:00+00:00
1208696,2025-02-09T13:00:00+00:00,140,2024,Regular Season - 23,542,Alaves,546,Getafe,True,0,1,FT,L,0,-1,2025-02-09 13:00:00+00:00
1208709,2025-02-15T13:00:00+00:00,140,2024,Regular Season - 24,542,Alaves,537,Leganes,False,3,3,FT,D,1,0,2025-02-15 13:00:00+00:00
1212934,2025-02-22T13:00:00+00:00,140,2024,Regular Season - 25,542,Alaves,540,Espanyol,True,0,1,FT,L,0,-1,2025-02-22 13:00:00+00:00
1208727,2025-03-02T17:30:00+00:00,140,2024,Regular Season - 26,542,Alaves,798,Mallorca,False,1,1,FT,D,1,0,2025-03-02 17:30:00+00:00
1208734,2025-03-08T15:15:00+00:00,140,2024,Regular Season - 27,542,Alaves,533,Villarreal,True,1,0,FT,W,3,1,2025-03-08 15:15:00+00:00
1208745,2025-03-14T20:00:00+00:00,140,2024,Regular Season - 28,542,Alaves,534,Las Palmas,False,2,2,FT,D,1,0,2025-03-14 20:00:00+00:00
1208752,2025-03-29T17:30:00+00:00,140,2024,Regular Season - 29,542,Alaves,728,Rayo Vallecano,True,0,2,FT,L,0,-2,2025-03-29 17:30:00+00:00
1208763,2025-04-05T12:00:00+00:00,140,2024,Regular Season - 30,542,Alaves,547,Girona,False,1,0,FT,W,3,1,2025-04-05 12:00:00+00:00
1208768,2025-04-13T14:15:00+00:00,140,2024,Regular Season - 31,542,Alaves,541,Real Madrid,True,0,1,FT,L,0,-1,2025-04-13 14:15:00+00:00
1208780,2025-04-20T16:30:00+00:00,140,2024,Regular Season - 32,542,Alaves,536,Sevilla,False,1,1,FT,D,1,0,2025-04-20 16:30:00+00:00
1208789,2025-04-23T19:30:00+00:00,140,2024,Regular Season - 33,542,Alaves,548,Real Sociedad,True,1,0,FT,W,3,1,2025-04-23 19:30:00+00:00
1208793,2025-05-03T12:00:00+00:00,140,2024,Regular Season - 34,542,Alaves,530,Atletico Madrid,True,0,0,FT,D,1,0,2025-05-03 12:00:00+00:00
1208808,2025-05-11T16:30:00+00:00,140,2024,Regular Season - 35,542,Alaves,531,Athletic Club,False,0,1,FT,L,0,-1,2025-05-11 16:30:00+00:00
1208809,2025-05-14T17:00:00+00:00,140,2024,Regular Season - 36,542,Alaves,532,Valencia,True,1,0,FT,W,3,1,2025-05-14 17:00:00+00:00
1208825,2025-05-18T17:00:00+00:00,140,2024,Regular Season - 37,542,Alaves,720,Valladolid,False,1,0,FT,W,3,1,2025-05-18 17:00:00+00:00
1208830,2025-05-24T19:00:00+00:00,140,2024,Regular Season - 38,542,Alaves,727,Osasuna,True,1,1,FT,D,1,0,2025-05-24 19:00:00+00:00
1208495,2024-08-15T19:30:00+00:00,140,2024,Regular Season - 1,543,Real Betis,547,Girona,True,1,1,FT,D,1,0,2024-08-15 19:30:00+00:00
1208508,2024-08-25T17:15:00+00:00,140,2024,Regular Season - 2,543,Real Betis,542,Alaves,False,0,0,FT,D,1,0,2024-08-25 17:15:00+00:00
1208527,2024-09-01T19:30:00+00:00,140,2024,Regular Season - 4,543,Real Betis,541,Real Madrid,False,0,2,FT,L,0,-2,2024-09-01 19:30:00+00:00
1208531,2024-09-13T19:00:00+00:00,140,2024,Regular Season - 5,543,Real Betis,537,Leganes,True,2,0,FT,W,3,2,2024-09-13 19:00:00+00:00
1208513,2024-09-18T17:00:00+00:00,140,2024,Regular Season - 3,543,Real Betis,546,Getafe,True,2,1,FT,W,3,1,2024-09-18 17:00:00+00:00
1208540,2024-09-23T19:00:00+00:00,140,2024,Regular Season - 6,543,Real Betis,798,Mallorca,True,1,2,FT,L,0,-1,2024-09-23 19:00:00+00:00
1208554,2024-09-26T17:00:00+00:00,140,2024,Regular Season - 7,543,Real Betis,534,Las Palmas,False,1,1,FT,D,1,0,2024-09-26 17:00:00+00:00
1212917,2024-09-29T16:30:00+00:00,140,2024,Regular Season - 8,543,Real Betis,540,Espanyol,True,1,0,FT,W,3,1,2024-09-29 16:30:00+00:00
1208572,2024-10-06T16:30:00+00:00,140,2024,Regular Season - 9,543,Real Betis,536,Sevilla,False,0,1,FT,L,0,-1,2024-10-06 16:30:00+00:00
1208581,2024-10-19T14:15:00+00:00,140,2024,Regular Season - 10,543,Real Betis,727,Osasuna,False,2,1,FT,W,3,1,2024-10-19 14:15:00+00:00
1208586,2024-10-27T16:30:00+00:00,140,2024,Regular Season - 11,543,Real Betis,530,Atletico Madrid,True,1,0,FT,W,3,1,2024-10-27 16:30:00+00:00
1208593,2024-11-03T20:00:00+00:00,140,2024,Regular Season - 12,543,Real Betis,531,Athletic Club,False,1,1,FT,D,1,0,2024-11-03 20:00:00+00:00
1208602,2024-11-10T13:00:00+00:00,140,2024,Regular Season - 13,543,Real Betis,538,Celta Vigo,True,2,2,FT,D,1,0,2024-11-10 13:00:00+00:00
1208617,2024-11-23T13:00:00+00:00,140,2024,Regular Season - 14,543,Real Betis,532,Valencia,False,2,4,FT,L,0,-2,2024-11-23 13:00:00+00:00
1208625,2024-12-01T20:00:00+00:00,140,2024,Regular Season - 15,543,Real Betis,548,Real Sociedad,False,0,2,FT,L,0,-2,2024-12-01 20:00:00+00:00
1208635,2024-12-07T15:15:00+00:00,140,2024,Regular Season - 16,543,Real Betis,529,Barcelona,True,2,2,FT,D,1,0,2024-12-07 15:15:00+00:00
1208642,2024-12-15T17:30:00+00:00,140,2024,Regular Season - 17,543,Real Betis,533,Villarreal,False,2,1,FT,W,3,1,2024-12-15 17:30:00+00:00
1208647,2024-12-22T20:00:00+00:00,140,2024,Regular Season - 18,543,Real Betis,728,Rayo Vallecano,True,1,1,FT,D,1,0,2024-12-22 20:00:00+00:00
1208662,2025-01-11T15:15:00+00:00,140,2024,Regular Season - 19,543,Real Betis,720,Valladolid,False,0,1,FT,L,0,-1,2025-01-11 15:15:00+00:00
1208673,2025-01-18T17:30:00+00:00,140,2024,Regular Season - 20,543,Real Betis,542,Alaves,True,1,3,FT,L,0,-2,2025-01-18 17:30:00+00:00
1208679,2025-01-25T13:00:00+00:00,140,2024,Regular Season - 21,543,Real Betis,798,Mallorca,False,1,0,FT,W,3,1,2025-01-25 13:00:00+00:00
1208689,2025-02-02T20:00:00+00:00,140,2024,Regular Season - 22,543,Real Betis,531,Athletic Club,True,2,2,FT,D,1,0,2025-02-02 20:00:00+00:00
1208699,2025-02-08T13:00:00+00:00,140,2024,Regular Season - 23,543,Real Betis,538,Celta Vigo,False,2,3,FT,L,0,-1,2025-02-08 13:00:00+00:00
1208703,2025-02-16T20:00:00+00:00,140,2024,Regular Season - 24,543,Real Betis,548,Real Sociedad,True,3,0,FT,W,3,3,2025-02-16 20:00:00+00:00
1208715,2025-02-23T17:30:00+00:00,140,2024,Regular Season - 25,543,Real Betis,546,Getafe,False,2,1,FT,W,3,1,2025-02-23 17:30:00+00:00
1208720,2025-03-01T17:30:00+00:00,140,2024,Regular Season - 26,543,Real Betis,541,Real Madrid,True,2,1,FT,W,3,1,2025-03-01 17:30:00+00:00
1208730,2025-03-09T17:30:00+00:00,140,2024,Regular Season - 27,543,Real Betis,534,Las Palmas,True,1,0,FT,W,3,1,2025-03-09 17:30:00+00:00
1208741,2025-03-16T13:00:00+00:00,140,2024,Regular Season - 28,543,Real Betis,537,Leganes,False,3,2,FT,W,3,1,2025-03-16 13:00:00+00:00
1208748,2025-03-30T19:00:00+00:00,140,2024,Regular Season - 29,543,Real Betis,536,Sevilla,True,2,1,FT,W,3,1,2025-03-30 19:00:00+00:00
1208755,2025-04-05T19:00:00+00:00,140,2024,Regular Season - 30,543,Real Betis,529,Barcelona,False,1,1,FT,D,1,0,2025-04-05 19:00:00+00:00
1208766,2025-04-13T16:30:00+00:00,140,2024,Regular Season - 31,543,Real Betis,533,Villarreal,True,1,2,FT,L,0,-1,2025-04-13 16:30:00+00:00
1208777,2025-04-21T19:00:00+00:00,140,2024,Regular Season - 32,543,Real Betis,547,Girona,False,3,1,FT,W,3,2,2025-04-21 19:00:00+00:00
1208785,2025-04-24T19:30:00+00:00,140,2024,Regular Season - 33,543,Real Betis,720,Valladolid,True,5,1,FT,W,3,4,2025-04-24 19:30:00+00:00
1212943,2025-05-04T16:30:00+00:00,140,2024,Regular Season - 34,543,Real Betis,540,Espanyol,False,2,1,FT,W,3,1,2025-05-04 16:30:00+00:00
1208802,2025-05-11T19:00:00+00:00,140,2024,Regular Season - 35,543,Real Betis,727,Osasuna,True,1,1,FT,D,1,0,2025-05-11 19:00:00+00:00
1208812,2025-05-15T17:00:00+00:00,140,2024,Regular Season - 36,543,Real Betis,728,Rayo Vallecano,False,2,2,FT,D,1,0,2025-05-15 17:00:00+00:00
1208818,2025-05-18T17:00:00+00:00,140,2024,Regular Season - 37,543,Real Betis,530,Atletico Madrid,False,1,4,FT,L,0,-3,2025-05-18 17:00:00+00:00
1208828,2025-05-23T19:00:00+00:00,140,2024,Regular Season - 38,543,Real Betis,532,Valencia,True,1,1,FT,D,1,0,2025-05-23 19:00:00+00:00
1208494,2024-08-15T17:00:00+00:00,140,2024,Regular Season - 1,546,Getafe,531,Athletic Club,False,1,1,FT,D,1,0,2024-08-15 17:00:00+00:00
1208505,2024-08-24T19:30:00+00:00,140,2024,Regular Season - 2,546,Getafe,728,Rayo Vallecano,True,0,0,FT,D,1,0,2024-08-24 19:30:00+00:00
1208523,2024-09-01T17:15:00+00:00,140,2024,Regular Season - 4,546,Getafe,548,Real Sociedad,True,0,0,FT,D,1,0,2024-09-01 17:15:00+00:00
1208536,2024-09-14T16:30:00+00:00,140,2024,Regular Season - 5,546,Getafe,536,Sevilla,False,0,1,FT,L,0,-1,2024-09-14 16:30:00+00:00
1208513,2024-09-18T17:00:00+00:00,140,2024,Regular Season - 3,546,Getafe,543,Real Betis,False,1,2,FT,L,0,-1,2024-09-18 17:00:00+00:00
1208541,2024-09-22T12:00:00+00:00,140,2024,Regular Season - 6,546,Getafe,537,Leganes,True,1,1,FT,D,1,0,2024-09-22 12:00:00+00:00
1208548,2024-09-25T19:00:00+00:00,140,2024,Regular Season - 7,546,Getafe,529,Barcelona,False,0,1,FT,L,0,-1,2024-09-25 19:00:00+00:00
1208564,2024-09-28T12:00:00+00:00,140,2024,Regular Season - 8,546,Getafe,542,Alaves,True,2,0,FT,W,3,2,2024-09-28 12:00:00+00:00
1208566,2024-10-05T14:15:00+00:00,140,2024,Regular Season - 9,546,Getafe,727,Osasuna,True,1,1,FT,D,1,0,2024-10-05 14:15:00+00:00
1208582,2024-10-20T16:30:00+00:00,140,2024,Regular Season - 10,546,Getafe,533,Villarreal,False,1,1,FT,D,1,0,2024-10-20 16:30:00+00:00
1208584,2024-10-27T14:15:00+00:00,140,2024,Regular Season - 11,546,Getafe,532,Valencia,True,1,1,FT,D,1,0,2024-10-27 14:15:00+00:00
1208595,2024-11-04T20:00:00+00:00,140,2024,Regular Season - 12,546,Getafe,538,Celta Vigo,False,0,1,FT,L,0,-1,2024-11-04 20:00:00+00:00
1208603,2024-11-10T17:30:00+00:00,140,2024,Regular Season - 13,546,Getafe,547,Girona,True,0,1,FT,L,0,-1,2024-11-10 17:30:00+00:00
1208612,2024-11-22T20:00:00+00:00,140,2024,Regular Season - 14,546,Getafe,720,Valladolid,True,2,0,FT,W,3,2,2024-11-22 20:00:00+00:00
1208626,2024-12-01T15:15:00+00:00,140,2024,Regular Season - 15,546,Getafe,541,Real Madrid,False,0,2,FT,L,0,-2,2024-12-01 15:15:00+00:00
1212925,2024-12-09T20:00:00+00:00,140,2024,Regular Season - 16,546,Getafe,540,Espanyol,True,1,0,FT,W,3,1,2024-12-09 20:00:00+00:00
1208638,2024-12-15T13:00:00+00:00,140,2024,Regular Season - 17,546,Getafe,530,Atletico Madrid,False,0,1,FT,L,0,-1,2024-12-15 13:00:00+00:00
1208649,2024-12-21T13:00:00+00:00,140,2024,Regular Season - 18,546,Getafe,798,Mallorca,True,0,1,FT,L,0,-1,2024-12-21 13:00:00+00:00
1208664,2025-01-12T13:00:00+00:00,140,2024,Regular Season - 19,546,Getafe,534,Las Palmas,False,2,1,FT,W,3,1,2025-01-12 13:00:00+00:00
1208669,2025-01-18T20:00:00+00:00,140,2024,Regular Season - 20,546,Getafe,529,Barcelona,True,1,1,FT,D,1,0,2025-01-18 20:00:00+00:00
1208680,2025-01-26T15:15:00+00:00,140,2024,Regular Season - 21,546,Getafe,548,Real Sociedad,False,3,0,FT,W,3,3,2025-01-26 15:15:00+00:00
1208684,2025-02-01T13:00:00+00:00,140,2024,Regular Season - 22,546,Getafe,536,Sevilla,True,0,0,FT,D,1,0,2025-02-01 13:00:00+00:00
1208696,2025-02-09T13:00:00+00:00,140,2024,Regular Season - 23,546,Getafe,542,Alaves,False,1,0,FT,W,3,1,2025-02-09 13:00:00+00:00
1208705,2025-02-14T20:00:00+00:00,140,2024,Regular Season - 24,546,Getafe,547,Girona,False,2,1,FT,W,3,1,2025-02-14 20:00:00+00:00
1208715,2025-02-23T17:30:00+00:00,140,2024,Regular Season - 25,546,Getafe,543,Real Betis,True,1,2,FT,L,0,-1,2025-02-23 17:30:00+00:00
1208725,2025-03-02T13:00:00+00:00,140,2024,Regular Season - 26,546,Getafe,537,Leganes,False,0,1,FT,L,0,-1,2025-03-02 13:00:00+00:00
1208735,2025-03-09T13:00:00+00:00,140,2024,Regular Season - 27,546,Getafe,530,Atletico Madrid,True,2,1,FT,W,3,1,2025-03-09 13:00:00+00:00
1208743,2025-03-16T17:30:00+00:00,140,2024,Regular Season - 28,546,Getafe,727,Osasuna,False,2,1,FT,W,3,1,2025-03-16 17:30:00+00:00
1208750,2025-03-30T12:00:00+00:00,140,2024,Regular Season - 29,546,Getafe,533,Villarreal,True,1,2,FT,L,0,-1,2025-03-30 12:00:00+00:00
1208762,2025-04-06T16:30:00+00:00,140,2024,Regular Season - 30,546,Getafe,720,Valladolid,False,4,0,FT,W,3,4,2025-04-06 16:30:00+00:00
1208767,2025-04-12T14:15:00+00:00,140,2024,Regular Season - 31,546,Getafe,534,Las Palmas,True,1,3,FT,L,0,-2,2025-04-12 14:15:00+00:00
1212941,2025-04-18T19:00:00+00:00,140,2024,Regular Season - 32,546,Getafe,540,Espanyol,False,0,1,FT,L,0,-1,2025-04-18 19:00:00+00:00
1208787,2025-04-23T19:30:00+00:00,140,2024,Regular Season - 33,546,Getafe,541,Real Madrid,True,0,1,FT,L,0,-1,2025-04-23 19:30:00+00:00
1208797,2025-05-02T19:00:00+00:00,140,2024,Regular Season - 34,546,Getafe,728,Rayo Vallecano,False,0,1,FT,L,0,-1,2025-05-02 19:00:00+00:00
1208807,2025-05-10T12:00:00+00:00,140,2024,Regular Season - 35,546,Getafe,532,Valencia,False,0,3,FT,L,0,-3,2025-05-10 12:00:00+00:00
1208810,2025-05-15T19:30:00+00:00,140,2024,Regular Season - 36,546,Getafe,531,Athletic Club,True,0,2,FT,L,0,-2,2025-05-15 19:30:00+00:00
1208822,2025-05-18T17:00:00+00:00,140,2024,Regular Season - 37,546,Getafe,798,Mallorca,False,2,1,FT,W,3,1,2025-05-18 17:00:00+00:00
1208833,2025-05-24T19:00:00+00:00,140,2024,Regular Season - 38,546,Getafe,538,Celta Vigo,True,1,2,FT,L,0,-1,2025-05-24 19:00:00+00:00
1208495,2024-08-15T19:30:00+00:00,140,2024,Regular Season - 1,547,Girona,543,Real Betis,False,1,1,FT,D,1,0,2024-08-15 19:30:00+00:00
1208503,2024-08-25T19:30:00+00:00,140,2024,Regular Season - 2,547,Girona,530,Atletico Madrid,False,0,3,FT,L,0,-3,2024-08-25 19:30:00+00:00
1208514,2024-08-29T17:00:00+00:00,140,2024,Regular Season - 3,547,Girona,727,Osasuna,True,4,0,FT,W,3,4,2024-08-29 17:00:00+00:00
1208529,2024-09-01T17:00:00+00:00,140,2024,Regular Season - 4,547,Girona,536,Sevilla,False,2,0,FT,W,3,2,2024-09-01 17:00:00+00:00
1208535,2024-09-15T14:15:00+00:00,140,2024,Regular Season - 5,547,Girona,529,Barcelona,True,1,4,FT,L,0,-3,2024-09-15 14:15:00+00:00
1208545,2024-09-21T16:30:00+00:00,140,2024,Regular Season - 6,547,Girona,532,Valencia,False,0,2,FT,L,0,-2,2024-09-21 16:30:00+00:00
1208549,2024-09-25T17:00:00+00:00,140,2024,Regular Season - 7,547,Girona,728,Rayo Vallecano,True,0,0,FT,D,1,0,2024-09-25 17:00:00+00:00
1208559,2024-09-29T12:00:00+00:00,140,2024,Regular Season - 8,547,Girona,538,Celta Vigo,False,1,1,FT,D,1,0,2024-09-29 12:00:00+00:00
1208570,2024-10-06T12:00:00+00:00,140,2024,Regular Season - 9,547,Girona,531,Athletic Club,True,2,1,FT,W,3,1,2024-10-06 12:00:00+00:00
1208578,2024-10-19T16:30:00+00:00,140,2024,Regular Season - 10,547,Girona,548,Real Sociedad,True,0,1,FT,L,0,-1,2024-10-19 16:30:00+00:00
1208589,2024-10-26T16:30:00+00:00,140,2024,Regular Season - 11,547,Girona,534,Las Palmas,False,0,1,FT,L,0,-1,2024-10-26 16:30:00+00:00
1208596,2024-11-02T15:15:00+00:00,140,2024,Regular Season - 12,547,Girona,537,Leganes,True,4,3,FT,W,3,1,2024-11-02 15:15:00+00:00
1208603,2024-11-10T17:30:00+00:00,140,2024,Regular Season - 13,547,Girona,546,Getafe,False,1,0,FT,W,3,1,2024-11-10 17:30:00+00:00
1212923,2024-11-23T17:30:00+00:00,140,2024,Regular Season - 14,547,Girona,540,Espanyol,True,4,1,FT,W,3,3,2024-11-23 17:30:00+00:00
1208627,2024-12-01T13:00:00+00:00,140,2024,Regular Season - 15,547,Girona,533,Villarreal,False,2,2,FT,D,1,0,2024-12-01 13:00:00+00:00
1208632,2024-12-07T20:00:00+00:00,140,2024,Regular Season - 16,547,Girona,541,Real Madrid,True,0,3,FT,L,0,-3,2024-12-07 20:00:00+00:00
1208644,2024-12-14T15:15:00+00:00,140,2024,Regular Season - 17,547,Girona,798,Mallorca,False,1,2,FT,L,0,-1,2024-12-14 15:15:00+00:00
1208650,2024-12-20T20:00:00+00:00,140,2024,Regular Season - 18,547,Girona,720,Valladolid,True,3,0,FT,W,3,3,2024-12-20 20:00:00+00:00
1208660,2025-01-11T13:00:00+00:00,140,2024,Regular Season - 19,547,Girona,542,Alaves,False,1,0,FT,W,3,1,2025-01-11 13:00:00+00:00
1208665,2025-01-18T13:00:00+00:00,140,2024,Regular Season - 20,547,Girona,536,Sevilla,True,1,2,FT,L,0,-1,2025-01-18 13:00:00+00:00
1208681,2025-01-26T13:00:00+00:00,140,2024,Regular Season - 21,547,Girona,728,Rayo Vallecano,False,1,2,FT,L,0,-1,2025-01-26 13:00:00+00:00
1208685,2025-02-03T20:00:00+00:00,140,2024,Regular Season - 22,547,Girona,534,Las Palmas,True,2,1,FT,W,3,1,2025-02-03 20:00:00+00:00
1208692,2025-02-08T15:15:00+00:00,140,2024,Regular Season - 23,547,Girona,531,Athletic Club,False,0,3,FT,L,0,-3,2025-02-08 15:15:00+00:00
1208705,2025-02-14T20:00:00+00:00,140,2024,Regular Season - 24,547,Girona,546,Getafe,True,1,2,FT,L,0,-1,2025-02-14 20:00:00+00:00
1208716,2025-02-23T15:15:00+00:00,140,2024,Regular Season - 25,547,Girona,541,Real Madrid,False,0,2,FT,L,0,-2,2025-02-23 15:15:00+00:00
1208724,2025-03-01T13:00:00+00:00,140,2024,Regular Season - 26,547,Girona,538,Celta Vigo,True,2,2,FT,D,1,0,2025-03-01 13:00:00+00:00
1212936,2025-03-10T20:00:00+00:00,140,2024,Regular Season - 27,547,Girona,540,Espanyol,False,1,1,FT,D,1,0,2025-03-10 20:00:00+00:00
1208738,2025-03-15T20:00:00+00:00,140,2024,Regular Season - 28,547,Girona,532,Valencia,True,1,1,FT,D,1,0,2025-03-15 20:00:00+00:00
1208747,2025-03-30T14:15:00+00:00,140,2024,Regular Season - 29,547,Girona,529,Barcelona,False,1,4,FT,L,0,-3,2025-03-30 14:15:00+00:00
1208763,2025-04-05T12:00:00+00:00,140,2024,Regular Season - 30,547,Girona,542,Alaves,True,0,1,FT,L,0,-1,2025-04-05 12:00:00+00:00
1208770,2025-04-13T12:00:00+00:00,140,2024,Regular Season - 31,547,Girona,727,Osasuna,False,1,2,FT,L,0,-1,2025-04-13 12:00:00+00:00
1208777,2025-04-21T19:00:00+00:00,140,2024,Regular Season - 32,547,Girona,543,Real Betis,True,1,3,FT,L,0,-2,2025-04-21 19:00:00+00:00
1208790,2025-04-24T17:00:00+00:00,140,2024,Regular Season - 33,547,Girona,537,Leganes,False,1,1,FT,D,1,0,2025-04-24 17:00:00+00:00
1208791,2025-05-05T19:00:00+00:00,140,2024,Regular Season - 34,547,Girona,798,Mallorca,True,1,0,FT,W,3,1,2025-05-05 19:00:00+00:00
1208804,2025-05-10T16:30:00+00:00,140,2024,Regular Season - 35,547,Girona,533,Villarreal,True,0,1,FT,L,0,-1,2025-05-10 16:30:00+00:00
1208814,2025-05-13T17:00:00+00:00,140,2024,Regular Season - 36,547,Girona,720,Valladolid,False,1,0,FT,W,3,1,2025-05-13 17:00:00+00:00
1208823,2025-05-18T17:00:00+00:00,140,2024,Regular Season - 37,547,Girona,548,Real Sociedad,False,2,3,FT,L,0,-1,2025-05-18 17:00:00+00:00
1208832,2025-05-25T12:00:00+00:00,140,2024,Regular Season - 38,547,Girona,530,Atletico Madrid,True,0,4,FT,L,0,-4,2025-05-25 12:00:00+00:00
1208500,2024-08-18T17:00:00+00:00,140,2024,Regular Season - 1,548,Real Sociedad,728,Rayo Vallecano,True,1,2,FT,L,0,-1,2024-08-18 17:00:00+00:00
1212911,2024-08-24T19:30:00+00:00,140,2024,Regular Season - 2,548,Real Sociedad,540,Espanyol,False,1,0,FT,W,3,1,2024-08-24 19:30:00+00:00
1208519,2024-08-28T19:30:00+00:00,140,2024,Regular Season - 3,548,Real Sociedad,542,Alaves,True,1,2,FT,L,0,-1,2024-08-28 19:30:00+00:00
1208523,2024-09-01T17:15:00+00:00,140,2024,Regular Season - 4,548,Real Sociedad,546,Getafe,False,0,0,FT,D,1,0,2024-09-01 17:15:00+00:00
1208538,2024-09-14T19:00:00+00:00,140,2024,Regular Season - 5,548,Real Sociedad,541,Real Madrid,True,0,2,FT,L,0,-2,2024-09-14 19:00:00+00:00
1208550,2024-09-17T17:00:00+00:00,140,2024,Regular Season - 7,548,Real Sociedad,798,Mallorca,False,0,1,FT,L,0,-1,2024-09-17 17:00:00+00:00
1208546,2024-09-21T12:00:00+00:00,140,2024,Regular Season - 6,548,Real Sociedad,720,Valladolid,False,0,0,FT,D,1,0,2024-09-21 12:00:00+00:00
1208560,2024-09-28T16:30:00+00:00,140,2024,Regular Season - 8,548,Real Sociedad,532,Valencia,True,3,0,FT,W,3,3,2024-09-28 16:30:00+00:00
1208571,2024-10-06T19:00:00+00:00,140,2024,Regular Season - 9,548,Real Sociedad,530,Atletico Madrid,True,1,1,FT,D,1,0,2024-10-06 19:00:00+00:00
1208578,2024-10-19T16:30:00+00:00,140,2024,Regular Season - 10,548,Real Sociedad,547,Girona,False,1,0,FT,W,3,1,2024-10-19 16:30:00+00:00
1208590,2024-10-27T20:00:00+00:00,140,2024,Regular Season - 11,548,Real Sociedad,727,Osasuna,True,0,2,FT,L,0,-2,2024-10-27 20:00:00+00:00
1208601,2024-11-03T17:30:00+00:00,140,2024,Regular Season - 12,548,Real Sociedad,536,Sevilla,False,2,0,FT,W,3,2,2024-11-03 17:30:00+00:00
1208607,2024-11-10T20:00:00+00:00,140,2024,Regular Season - 13,548,Real Sociedad,529,Barcelona,True,1,0,FT,W,3,1,2024-11-10 20:00:00+00:00
1208611,2024-11-24T20:00:00+00:00,140,2024,Regular Season - 14,548,Real Sociedad,531,Athletic Club,False,0,1,FT,L,0,-1,2024-11-24 20:00:00+00:00
1208625,2024-12-01T20:00:00+00:00,140,2024,Regular Season - 15,548,Real Sociedad,543,Real Betis,True,2,0,FT,W,3,2,2024-12-01 20:00:00+00:00
1208634,2024-12-08T13:00:00+00:00,140,2024,Regular Season - 16,548,Real Sociedad,537,Leganes,False,3,0,FT,W,3,3,2024-12-08 13:00:00+00:00
1208646,2024-12-15T17:30:00+00:00,140,2024,Regular Season - 17,548,Real Sociedad,534,Las Palmas,True,0,0,FT,D,1,0,2024-12-15 17:30:00+00:00
1208648,2024-12-21T15:15:00+00:00,140,2024,Regular Season - 18,548,Real Sociedad,538,Celta Vigo,False,0,2,FT,L,0,-2,2024-12-21 15:15:00+00:00
1208658,2025-01-13T20:00:00+00:00,140,2024,Regular Season - 19,548,Real Sociedad,533,Villarreal,True,1,0,FT,W,3,1,2025-01-13 20:00:00+00:00
1208671,2025-01-19T20:00:00+00:00,140,2024,Regular Season - 20,548,Real Sociedad,532,Valencia,False,0,1,FT,L,0,-1,2025-01-19 20:00:00+00:00
1208680,2025-01-26T15:15:00+00:00,140,2024,Regular Season - 21,548,Real Sociedad,546,Getafe,True,0,3,FT,L,0,-3,2025-01-26 15:15:00+00:00
1208686,2025-02-02T17:30:00+00:00,140,2024,Regular Season - 22,548,Real Sociedad,727,Osasuna,False,1,2,FT,L,0,-1,2025-02-02 17:30:00+00:00
1212932,2025-02-09T17:30:00+00:00,140,2024,Regular Season - 23,548,Real Sociedad,540,Espanyol,True,2,1,FT,W,3,1,2025-02-09 17:30:00+00:00
1208703,2025-02-16T20:00:00+00:00,140,2024,Regular Season - 24,548,Real Sociedad,543,Real Betis,False,0,3,FT,L,0,-3,2025-02-16 20:00:00+00:00
1208718,2025-02-23T20:00:00+00:00,140,2024,Regular Season - 25,548,Real Sociedad,537,Leganes,True,3,0,FT,W,3,3,2025-02-23 20:00:00+00:00
1208719,2025-03-02T15:15:00+00:00,140,2024,Regular Season - 26,548,Real Sociedad,529,Barcelona,False,0,4,FT,L,0,-4,2025-03-02 15:15:00+00:00
1208732,2025-03-09T20:00:00+00:00,140,2024,Regular Season - 27,548,Real Sociedad,536,Sevilla,True,0,1,FT,L,0,-1,2025-03-09 20:00:00+00:00
1208739,2025-03-16T17:30:00+00:00,140,2024,Regular Season - 28,548,Real Sociedad,728,Rayo Vallecano,False,2,2,FT,D,1,0,2025-03-16 17:30:00+00:00
1208751,2025-03-29T13:00:00+00:00,140,2024,Regular Season - 29,548,Real Sociedad,720,Valladolid,True,2,1,FT,W,3,1,2025-03-29 13:00:00+00:00
1208757,2025-04-06T12:00:00+00:00,140,2024,Regular Season - 30,548,Real Sociedad,534,Las Palmas,False,3,1,FT,W,3,2,2025-04-06 12:00:00+00:00
1208771,2025-04-12T12:00:00+00:00,140,2024,Regular Season - 31,548,Real Sociedad,798,Mallorca,True,0,2,FT,L,0,-2,2025-04-12 12:00:00+00:00
1208779,2025-04-20T14:15:00+00:00,140,2024,Regular Season - 32,548,Real Sociedad,533,Villarreal,False,2,2,FT,D,1,0,2025-04-20 14:15:00+00:00
1208789,2025-04-23T19:30:00+00:00,140,2024,Regular Season - 33,548,Real Sociedad,542,Alaves,False,0,1,FT,L,0,-1,2025-04-23 19:30:00+00:00
1208794,2025-05-04T19:00:00+00:00,140,2024,Regular Season - 34,548,Real Sociedad,531,Athletic Club,True,0,0,FT,D,1,0,2025-05-04 19:00:00+00:00
1208800,2025-05-10T19:00:00+00:00,140,2024,Regular Season - 35,548,Real Sociedad,530,Atletico Madrid,False,0,4,FT,L,0,-4,2025-05-10 19:00:00+00:00
1208813,2025-05-13T18:00:00+00:00,140,2024,Regular Season - 36,548,Real Sociedad,538,Celta Vigo,True,0,1,FT,L,0,-1,2025-05-13 18:00:00+00:00
1208823,2025-05-18T17:00:00+00:00,140,2024,Regular Season - 37,548,Real Sociedad,547,Girona,True,3,2,FT,W,3,1,2025-05-18 17:00:00+00:00
1208829,2025-05-24T14:15:00+00:00,140,2024,Regular Season - 38,548,Real Sociedad,541,Real Madrid,False,0,2,FT,L,0,-2,2025-05-24 14:15:00+00:00
1212910,2024-08-19T17:00:00+00:00,140,2024,Regular Season - 1,720,Valladolid,540,Espanyol,True,1,0,FT,W,3,1,2024-08-19 17:00:00+00:00
1208506,2024-08-25T15:00:00+00:00,140,2024,Regular Season - 2,720,Valladolid,541,Real Madrid,False,0,3,FT,L,0,-3,2024-08-25 15:00:00+00:00
1208520,2024-08-28T17:00:00+00:00,140,2024,Regular Season - 3,720,Valladolid,537,Leganes,True,0,0,FT,D,1,0,2024-08-28 17:00:00+00:00
1208522,2024-08-31T15:00:00+00:00,140,2024,Regular Season - 4,720,Valladolid,529,Barcelona,False,0,7,FT,L,0,-7,2024-08-31 15:00:00+00:00
1208532,2024-09-15T12:00:00+00:00,140,2024,Regular Season - 5,720,Valladolid,538,Celta Vigo,False,1,3,FT,L,0,-2,2024-09-15 12:00:00+00:00
1208546,2024-09-21T12:00:00+00:00,140,2024,Regular Season - 6,720,Valladolid,548,Real Sociedad,True,0,0,FT,D,1,0,2024-09-21 12:00:00+00:00
1208551,2024-09-24T17:00:00+00:00,140,2024,Regular Season - 7,720,Valladolid,536,Sevilla,False,1,2,FT,L,0,-1,2024-09-24 17:00:00+00:00
1208562,2024-09-27T19:00:00+00:00,140,2024,Regular Season - 8,720,Valladolid,798,Mallorca,True,1,2,FT,L,0,-1,2024-09-27 19:00:00+00:00
1208574,2024-10-05T16:30:00+00:00,140,2024,Regular Season - 9,720,Valladolid,728,Rayo Vallecano,True,1,2,FT,L,0,-1,2024-10-05 16:30:00+00:00
1208580,2024-10-18T19:00:00+00:00,140,2024,Regular Season - 10,720,Valladolid,542,Alaves,False,3,2,FT,W,3,1,2024-10-18 19:00:00+00:00
1208591,2024-10-26T12:00:00+00:00,140,2024,Regular Season - 11,720,Valladolid,533,Villarreal,True,1,2,FT,L,0,-1,2024-10-26 12:00:00+00:00
1208597,2024-11-02T13:00:00+00:00,140,2024,Regular Season - 12,720,Valladolid,727,Osasuna,False,0,1,FT,L,0,-1,2024-11-02 13:00:00+00:00
1208605,2024-11-10T17:30:00+00:00,140,2024,Regular Season - 13,720,Valladolid,531,Athletic Club,True,1,1,FT,D,1,0,2024-11-10 17:30:00+00:00
1208612,2024-11-22T20:00:00+00:00,140,2024,Regular Season - 14,720,Valladolid,546,Getafe,False,0,2,FT,L,0,-2,2024-11-22 20:00:00+00:00
1208624,2024-11-30T20:00:00+00:00,140,2024,Regular Season - 15,720,Valladolid,530,Atletico Madrid,True,0,5,FT,L,0,-5,2024-11-30 20:00:00+00:00
1208633,2024-12-07T13:00:00+00:00,140,2024,Regular Season - 16,720,Valladolid,534,Las Palmas,False,1,2,FT,L,0,-1,2024-12-07 13:00:00+00:00
1208645,2024-12-13T20:00:00+00:00,140,2024,Regular Season - 17,720,Valladolid,532,Valencia,True,1,0,FT,W,3,1,2024-12-13 20:00:00+00:00
1208650,2024-12-20T20:00:00+00:00,140,2024,Regular Season - 18,720,Valladolid,547,Girona,False,0,3,FT,L,0,-3,2024-12-20 20:00:00+00:00
1208662,2025-01-11T15:15:00+00:00,140,2024,Regular Season - 19,720,Valladolid,543,Real Betis,True,1,0,FT,W,3,1,2025-01-11 15:15:00+00:00
1212929,2025-01-17T20:00:00+00:00,140,2024,Regular Season - 20,720,Valladolid,540,Espanyol,False,1,2,FT,L,0,-1,2025-01-17 20:00:00+00:00
1208682,2025-01-25T20:00:00+00:00,140,2024,Regular Season - 21,720,Valladolid,541,Real Madrid,True,0,3,FT,L,0,-3,2025-01-25 20:00:00+00:00
1208687,2025-02-01T15:15:00+00:00,140,2024,Regular Season - 22,720,Valladolid,533,Villarreal,False,1,5,FT,L,0,-4,2025-02-01 15:15:00+00:00
1208694,2025-02-07T20:00:00+00:00,140,2024,Regular Season - 23,720,Valladolid,728,Rayo Vallecano,False,0,1,FT,L,0,-1,2025-02-07 20:00:00+00:00
1208706,2025-02-16T15:15:00+00:00,140,2024,Regular Season - 24,720,Valladolid,536,Sevilla,True,0,4,FT,L,0,-4,2025-02-16 15:15:00+00:00
1208710,2025-02-23T13:00:00+00:00,140,2024,Regular Season - 25,720,Valladolid,531,Athletic Club,False,1,7,FT,L,0,-6,2025-02-23 13:00:00+00:00
1208726,2025-02-28T20:00:00+00:00,140,2024,Regular Season - 26,720,Valladolid,534,Las Palmas,True,1,1,FT,D,1,0,2025-02-28 20:00:00+00:00
1208733,2025-03-08T17:30:00+00:00,140,2024,Regular Season - 27,720,Valladolid,532,Valencia,False,1,2,FT,L,0,-1,2025-03-08 17:30:00+00:00
1208742,2025-03-15T13:00:00+00:00,140,2024,Regular Season - 28,720,Valladolid,538,Celta Vigo,True,0,1,FT,L,0,-1,2025-03-15 13:00:00+00:00
1208751,2025-03-29T13:00:00+00:00,140,2024,Regular Season - 29,720,Valladolid,548,Real Sociedad,False,1,2,FT,L,0,-1,2025-03-29 13:00:00+00:00
1208762,2025-04-06T16:30:00+00:00,140,2024,Regular Season - 30,720,Valladolid,546,Getafe,True,0,4,FT,L,0,-4,2025-04-06 16:30:00+00:00
1208765,2025-04-14T19:00:00+00:00,140,2024,Regular Season - 31,720,Valladolid,530,Atletico Madrid,False,2,4,FT,L,0,-2,2025-04-14 19:00:00+00:00
1208778,2025-04-20T12:00:00+00:00,140,2024,Regular Season - 32,720,Valladolid,727,Osasuna,True,2,3,FT,L,0,-1,2025-04-20 12:00:00+00:00
1208785,2025-04-24T19:30:00+00:00,140,2024,Regular Season - 33,720,Valladolid,543,Real Betis,False,1,5,FT,L,0,-4,2025-04-24 19:30:00+00:00
1208795,2025-05-03T19:00:00+00:00,140,2024,Regular Season - 34,720,Valladolid,529,Barcelona,True,1,2,FT,L,0,-1,2025-05-03 19:00:00+00:00
1208805,2025-05-10T16:30:00+00:00,140,2024,Regular Season - 35,720,Valladolid,798,Mallorca,False,1,2,FT,L,0,-1,2025-05-10 16:30:00+00:00
1208814,2025-05-13T17:00:00+00:00,140,2024,Regular Season - 36,720,Valladolid,547,Girona,True,0,1,FT,L,0,-1,2025-05-13 17:00:00+00:00
1208825,2025-05-18T17:00:00+00:00,140,2024,Regular Season - 37,720,Valladolid,542,Alaves,True,0,1,FT,L,0,-1,2025-05-18 17:00:00+00:00
1208831,2025-05-24T16:30:00+00:00,140,2024,Regular Season - 38,720,Valladolid,537,Leganes,False,0,3,FT,L,0,-3,2025-05-24 16:30:00+00:00
1208502,2024-08-17T17:00:00+00:00,140,2024,Regular Season - 1,727,Osasuna,537,Leganes,True,1,1,FT,D,1,0,2024-08-17 17:00:00+00:00
1208511,2024-08-24T15:00:00+00:00,140,2024,Regular Season - 2,727,Osasuna,798,Mallorca,True,1,0,FT,W,3,1,2024-08-24 15:00:00+00:00
1208514,2024-08-29T17:00:00+00:00,140,2024,Regular Season - 3,727,Osasuna,547,Girona,False,0,4,FT,L,0,-4,2024-08-29 17:00:00+00:00
1208528,2024-09-01T15:00:00+00:00,140,2024,Regular Season - 4,727,Osasuna,538,Celta Vigo,True,3,2,FT,W,3,1,2024-09-01 15:00:00+00:00
1208537,2024-09-16T19:00:00+00:00,140,2024,Regular Season - 5,727,Osasuna,728,Rayo Vallecano,False,1,3,FT,L,0,-2,2024-09-16 19:00:00+00:00
1208547,2024-09-21T14:15:00+00:00,140,2024,Regular Season - 6,727,Osasuna,534,Las Palmas,True,2,1,FT,W,3,1,2024-09-21 14:15:00+00:00
1208555,2024-09-24T17:00:00+00:00,140,2024,Regular Season - 7,727,Osasuna,532,Valencia,False,0,0,FT,D,1,0,2024-09-24 17:00:00+00:00
1208561,2024-09-28T19:00:00+00:00,140,2024,Regular Season - 8,727,Osasuna,529,Barcelona,True,4,2,FT,W,3,2,2024-09-28 19:00:00+00:00
1208566,2024-10-05T14:15:00+00:00,140,2024,Regular Season - 9,727,Osasuna,546,Getafe,False,1,1,FT,D,1,0,2024-10-05 14:15:00+00:00
1208581,2024-10-19T14:15:00+00:00,140,2024,Regular Season - 10,727,Osasuna,543,Real Betis,True,1,2,FT,L,0,-1,2024-10-19 14:15:00+00:00
1208590,2024-10-27T20:00:00+00:00,140,2024,Regular Season - 11,727,Osasuna,548,Real Sociedad,False,2,0,FT,W,3,2,2024-10-27 20:00:00+00:00
1208597,2024-11-02T13:00:00+00:00,140,2024,Regular Season - 12,727,Osasuna,720,Valladolid,True,1,0,FT,W,3,1,2024-11-02 13:00:00+00:00
1208608,2024-11-09T13:00:00+00:00,140,2024,Regular Season - 13,727,Osasuna,541,Real Madrid,False,0,4,FT,L,0,-4,2024-11-09 13:00:00+00:00
1208613,2024-11-24T13:00:00+00:00,140,2024,Regular Season - 14,727,Osasuna,533,Villarreal,True,2,2,FT,D,1,0,2024-11-24 13:00:00+00:00
1208628,2024-12-02T20:00:00+00:00,140,2024,Regular Season - 15,727,Osasuna,536,Sevilla,False,1,1,FT,D,1,0,2024-12-02 20:00:00+00:00
1208637,2024-12-08T17:30:00+00:00,140,2024,Regular Season - 16,727,Osasuna,542,Alaves,True,2,2,FT,D,1,0,2024-12-08 17:30:00+00:00
1212926,2024-12-14T13:00:00+00:00,140,2024,Regular Season - 17,727,Osasuna,540,Espanyol,False,0,0,FT,D,1,0,2024-12-14 13:00:00+00:00
1208653,2024-12-21T17:30:00+00:00,140,2024,Regular Season - 18,727,Osasuna,531,Athletic Club,True,1,2,FT,L,0,-1,2024-12-21 17:30:00+00:00
1208657,2025-01-12T15:15:00+00:00,140,2024,Regular Season - 19,727,Osasuna,530,Atletico Madrid,False,0,1,FT,L,0,-1,2025-01-12 15:15:00+00:00
1208666,2025-01-19T17:30:00+00:00,140,2024,Regular Season - 20,727,Osasuna,728,Rayo Vallecano,True,1,1,FT,D,1,0,2025-01-19 17:30:00+00:00
1208677,2025-01-24T20:00:00+00:00,140,2024,Regular Season - 21,727,Osasuna,534,Las Palmas,False,1,1,FT,D,1,0,2025-01-24 20:00:00+00:00
1208686,2025-02-02T17:30:00+00:00,140,2024,Regular Season - 22,727,Osasuna,548,Real Sociedad,True,2,1,FT,W,3,1,2025-02-02 17:30:00+00:00
1208693,2025-02-10T20:00:00+00:00,140,2024,Regular Season - 23,727,Osasuna,798,Mallorca,False,1,1,FT,D,1,0,2025-02-10 20:00:00+00:00
1208704,2025-02-15T15:15:00+00:00,140,2024,Regular Season - 24,727,Osasuna,541,Real Madrid,True,1,1,FT,D,1,0,2025-02-15 15:15:00+00:00
1208711,2025-02-21T20:00:00+00:00,140,2024,Regular Season - 25,727,Osasuna,538,Celta Vigo,False,0,1,FT,L,0,-1,2025-02-21 20:00:00+00:00
1208721,2025-03-02T20:00:00+00:00,140,2024,Regular Season - 26,727,Osasuna,532,Valencia,True,3,3,FT,D,1,0,2025-03-02 20:00:00+00:00
1208743,2025-03-16T17:30:00+00:00,140,2024,Regular Season - 28,727,Osasuna,546,Getafe,True,1,2,FT,L,0,-1,2025-03-16 17:30:00+00:00
1208729,2025-03-27T20:00:00+00:00,140,2024,Regular Season - 27,727,Osasuna,529,Barcelona,False,0,3,FT,L,0,-3,2025-03-27 20:00:00+00:00
1208746,2025-03-30T16:30:00+00:00,140,2024,Regular Season - 29,727,Osasuna,531,Athletic Club,False,0,0,FT,D,1,0,2025-03-30 16:30:00+00:00
1208758,2025-04-07T19:00:00+00:00,140,2024,Regular Season - 30,727,Osasuna,537,Leganes,False,1,1,FT,D,1,0,2025-04-07 19:00:00+00:00
1208770,2025-04-13T12:00:00+00:00,140,2024,Regular Season - 31,727,Osasuna,547,Girona,True,2,1,FT,W,3,1,2025-04-13 12:00:00+00:00
1208778,2025-04-20T12:00:00+00:00,140,2024,Regular Season - 32,727,Osasuna,720,Valladolid,False,3,2,FT,W,3,1,2025-04-20 12:00:00+00:00
1208788,2025-04-24T17:00:00+00:00,140,2024,Regular Season - 33,727,Osasuna,536,Sevilla,True,1,0,FT,W,3,1,2025-04-24 17:00:00+00:00
1208798,2025-05-03T14:15:00+00:00,140,2024,Regular Season - 34,727,Osasuna,533,Villarreal,False,2,4,FT,L,0,-2,2025-05-03 14:15:00+00:00
1208802,2025-05-11T19:00:00+00:00,140,2024,Regular Season - 35,727,Osasuna,543,Real Betis,False,1,1,FT,D,1,0,2025-05-11 19:00:00+00:00
1208811,2025-05-15T17:00:00+00:00,140,2024,Regular Season - 36,727,Osasuna,530,Atletico Madrid,True,2,0,FT,W,3,2,2025-05-15 17:00:00+00:00
1212946,2025-05-18T17:00:00+00:00,140,2024,Regular Season - 37,727,Osasuna,540,Espanyol,True,2,0,FT,W,3,2,2025-05-18 17:00:00+00:00
1208830,2025-05-24T19:00:00+00:00,140,2024,Regular Season - 38,727,Osasuna,542,Alaves,False,1,1,FT,D,1,0,2025-05-24 19:00:00+00:00
1208500,2024-08-18T17:00:00+00:00,140,2024,Regular Season - 1,728,Rayo Vallecano,548,Real Sociedad,False,2,1,FT,W,3,1,2024-08-18 17:00:00+00:00
1208505,2024-08-24T19:30:00+00:00,140,2024,Regular Season - 2,728,Rayo Vallecano,546,Getafe,False,0,0,FT,D,1,0,2024-08-24 19:30:00+00:00
1208517,2024-08-27T19:30:00+00:00,140,2024,Regular Season - 3,728,Rayo Vallecano,529,Barcelona,True,1,2,FT,L,0,-1,2024-08-27 19:30:00+00:00
1212913,2024-08-31T17:15:00+00:00,140,2024,Regular Season - 4,728,Rayo Vallecano,540,Espanyol,False,1,2,FT,L,0,-1,2024-08-31 17:15:00+00:00
1208537,2024-09-16T19:00:00+00:00,140,2024,Regular Season - 5,728,Rayo Vallecano,727,Osasuna,True,3,1,FT,W,3,2,2024-09-16 19:00:00+00:00
1208543,2024-09-22T19:00:00+00:00,140,2024,Regular Season - 6,728,Rayo Vallecano,530,Atletico Madrid,True,1,1,FT,D,1,0,2024-09-22 19:00:00+00:00
1208549,2024-09-25T17:00:00+00:00,140,2024,Regular Season - 7,728,Rayo Vallecano,547,Girona,False,0,0,FT,D,1,0,2024-09-25 17:00:00+00:00
1208565,2024-09-28T14:15:00+00:00,140,2024,Regular Season - 8,728,Rayo Vallecano,537,Leganes,True,1,1,FT,D,1,0,2024-09-28 14:15:00+00:00
1208574,2024-10-05T16:30:00+00:00,140,2024,Regular Season - 9,728,Rayo Vallecano,720,Valladolid,False,2,1,FT,W,3,1,2024-10-05 16:30:00+00:00
1208579,2024-10-20T12:00:00+00:00,140,2024,Regular Season - 10,728,Rayo Vallecano,798,Mallorca,False,0,1,FT,L,0,-1,2024-10-20 12:00:00+00:00
1208592,2024-10-26T14:15:00+00:00,140,2024,Regular Season - 11,728,Rayo Vallecano,542,Alaves,True,1,0,FT,W,3,1,2024-10-26 14:15:00+00:00
1208609,2024-11-08T20:00:00+00:00,140,2024,Regular Season - 13,728,Rayo Vallecano,534,Las Palmas,True,1,3,FT,L,0,-2,2024-11-08 20:00:00+00:00
1208618,2024-11-24T15:15:00+00:00,140,2024,Regular Season - 14,728,Rayo Vallecano,536,Sevilla,False,0,1,FT,L,0,-1,2024-11-24 15:15:00+00:00
1208623,2024-12-01T17:30:00+00:00,140,2024,Regular Season - 15,728,Rayo Vallecano,531,Athletic Club,True,1,2,FT,L,0,-1,2024-12-01 17:30:00+00:00
1208636,2024-12-07T17:30:00+00:00,140,2024,Regular Season - 16,728,Rayo Vallecano,532,Valencia,False,1,0,FT,W,3,1,2024-12-07 17:30:00+00:00
1208640,2024-12-14T20:00:00+00:00,140,2024,Regular Season - 17,728,Rayo Vallecano,541,Real Madrid,True,3,3,FT,D,1,0,2024-12-14 20:00:00+00:00
1208599,2024-12-18T20:30:00+00:00,140,2024,Regular Season - 12,728,Rayo Vallecano,533,Villarreal,False,1,1,FT,D,1,0,2024-12-18 20:30:00+00:00
1208647,2024-12-22T20:00:00+00:00,140,2024,Regular Season - 18,728,Rayo Vallecano,543,Real Betis,False,1,1,FT,D,1,0,2024-12-22 20:00:00+00:00
1208663,2025-01-10T20:00:00+00:00,140,2024,Regular Season - 19,728,Rayo Vallecano,538,Celta Vigo,True,2,1,FT,W,3,1,2025-01-10 20:00:00+00:00
1208666,2025-01-19T17:30:00+00:00,140,2024,Regular Season - 20,728,Rayo Vallecano,727,Osasuna,False,1,1,FT,D,1,0,2025-01-19 17:30:00+00:00
1208681,2025-01-26T13:00:00+00:00,140,2024,Regular Season - 21,728,Rayo Vallecano,547,Girona,True,2,1,FT,W,3,1,2025-01-26 13:00:00+00:00
1208688,2025-01-31T20:00:00+00:00,140,2024,Regular Season - 22,728,Rayo Vallecano,537,Leganes,False,1,0,FT,W,3,1,2025-01-31 20:00:00+00:00
1208694,2025-02-07T20:00:00+00:00,140,2024,Regular Season - 23,728,Rayo Vallecano,720,Valladolid,True,1,0,FT,W,3,1,2025-02-07 20:00:00+00:00
1208702,2025-02-17T20:00:00+00:00,140,2024,Regular Season - 24,728,Rayo Vallecano,529,Barcelona,False,0,1,FT,L,0,-1,2025-02-17 20:00:00+00:00
1208712,2025-02-22T15:15:00+00:00,140,2024,Regular Season - 25,728,Rayo Vallecano,533,Villarreal,True,0,1,FT,L,0,-1,2025-02-22 15:15:00+00:00
1208722,2025-03-01T15:15:00+00:00,140,2024,Regular Season - 26,728,Rayo Vallecano,536,Sevilla,True,1,1,FT,D,1,0,2025-03-01 15:15:00+00:00
1208736,2025-03-09T15:15:00+00:00,140,2024,Regular Season - 27,728,Rayo Vallecano,541,Real Madrid,False,1,2,FT,L,0,-1,2025-03-09 15:15:00+00:00
1208739,2025-03-16T17:30:00+00:00,140,2024,Regular Season - 28,728,Rayo Vallecano,548,Real Sociedad,True,2,2,FT,D,1,0,2025-03-16 17:30:00+00:00
1208752,2025-03-29T17:30:00+00:00,140,2024,Regular Season - 29,728,Rayo Vallecano,542,Alaves,False,2,0,FT,W,3,2,2025-03-29 17:30:00+00:00
1212939,2025-04-04T19:00:00+00:00,140,2024,Regular Season - 30,728,Rayo Vallecano,540,Espanyol,True,0,4,FT,L,0,-4,2025-04-04 19:00:00+00:00
1208764,2025-04-13T19:00:00+00:00,140,2024,Regular Season - 31,728,Rayo Vallecano,531,Athletic Club,False,1,3,FT,L,0,-2,2025-04-13 19:00:00+00:00
1208774,2025-04-19T12:00:00+00:00,140,2024,Regular Season - 32,728,Rayo Vallecano,532,Valencia,True,1,1,FT,D,1,0,2025-04-19 12:00:00+00:00
1208783,2025-04-24T19:30:00+00:00,140,2024,Regular Season - 33,728,Rayo Vallecano,530,Atletico Madrid,False,0,3,FT,L,0,-3,2025-04-24 19:30:00+00:00
1208797,2025-05-02T19:00:00+00:00,140,2024,Regular Season - 34,728,Rayo Vallecano,546,Getafe,True,1,0,FT,W,3,1,2025-05-02 19:00:00+00:00
1208806,2025-05-09T19:00:00+00:00,140,2024,Regular Season - 35,728,Rayo Vallecano,534,Las Palmas,False,1,0,FT,W,3,1,2025-05-09 19:00:00+00:00
1208812,2025-05-15T17:00:00+00:00,140,2024,Regular Season - 36,728,Rayo Vallecano,543,Real Betis,True,2,2,FT,D,1,0,2025-05-15 17:00:00+00:00
1208820,2025-05-18T17:00:00+00:00,140,2024,Regular Season - 37,728,Rayo Vallecano,538,Celta Vigo,False,2,1,FT,W,3,1,2025-05-18 17:00:00+00:00
1208834,2025-05-24T19:00:00+00:00,140,2024,Regular Season - 38,728,Rayo Vallecano,798,Mallorca,True,0,0,FT,D,1,0,2025-05-24 19:00:00+00:00
1208496,2024-08-18T19:30:00+00:00,140,2024,Regular Season - 1,798,Mallorca,541,Real Madrid,True,1,1,FT,D,1,0,2024-08-18 19:30:00+00:00
1208511,2024-08-24T15:00:00+00:00,140,2024,Regular Season - 2,798,Mallorca,727,Osasuna,False,0,1,FT,L,0,-1,2024-08-24 15:00:00+00:00
1208515,2024-08-27T17:00:00+00:00,140,2024,Regular Season - 3,798,Mallorca,536,Sevilla,True,0,0,FT,D,1,0,2024-08-27 17:00:00+00:00
1208526,2024-08-31T19:30:00+00:00,140,2024,Regular Season - 4,798,Mallorca,537,Leganes,False,1,0,FT,W,3,1,2024-08-31 19:30:00+00:00
1208533,2024-09-14T12:00:00+00:00,140,2024,Regular Season - 5,798,Mallorca,533,Villarreal,True,1,2,FT,L,0,-1,2024-09-14 12:00:00+00:00
1208550,2024-09-17T17:00:00+00:00,140,2024,Regular Season - 7,798,Mallorca,548,Real Sociedad,True,1,0,FT,W,3,1,2024-09-17 17:00:00+00:00
1208540,2024-09-23T19:00:00+00:00,140,2024,Regular Season - 6,798,Mallorca,543,Real Betis,False,2,1,FT,W,3,1,2024-09-23 19:00:00+00:00
1208562,2024-09-27T19:00:00+00:00,140,2024,Regular Season - 8,798,Mallorca,720,Valladolid,False,2,1,FT,W,3,1,2024-09-27 19:00:00+00:00
1212918,2024-10-05T12:00:00+00:00,140,2024,Regular Season - 9,798,Mallorca,540,Espanyol,False,1,2,FT,L,0,-1,2024-10-05 12:00:00+00:00
1208579,2024-10-20T12:00:00+00:00,140,2024,Regular Season - 10,798,Mallorca,728,Rayo Vallecano,True,1,0,FT,W,3,1,2024-10-20 12:00:00+00:00
1208585,2024-10-28T20:00:00+00:00,140,2024,Regular Season - 11,798,Mallorca,531,Athletic Club,True,0,0,FT,D,1,0,2024-10-28 20:00:00+00:00
1208598,2024-11-01T20:00:00+00:00,140,2024,Regular Season - 12,798,Mallorca,542,Alaves,False,0,1,FT,L,0,-1,2024-11-01 20:00:00+00:00
1208606,2024-11-10T15:15:00+00:00,140,2024,Regular Season - 13,798,Mallorca,530,Atletico Madrid,True,0,1,FT,L,0,-1,2024-11-10 15:15:00+00:00
1208614,2024-11-23T17:30:00+00:00,140,2024,Regular Season - 14,798,Mallorca,534,Las Palmas,False,3,2,FT,W,3,1,2024-11-23 17:30:00+00:00
1208621,2024-11-29T20:00:00+00:00,140,2024,Regular Season - 15,798,Mallorca,532,Valencia,True,2,1,FT,W,3,1,2024-11-29 20:00:00+00:00
1208661,2024-12-03T18:00:00+00:00,140,2024,Regular Season - 19,798,Mallorca,529,Barcelona,True,1,5,FT,L,0,-4,2024-12-03 18:00:00+00:00
1208631,2024-12-06T20:00:00+00:00,140,2024,Regular Season - 16,798,Mallorca,538,Celta Vigo,False,0,2,FT,L,0,-2,2024-12-06 20:00:00+00:00
1208644,2024-12-14T15:15:00+00:00,140,2024,Regular Season - 17,798,Mallorca,547,Girona,True,2,1,FT,W,3,1,2024-12-14 15:15:00+00:00
1208649,2024-12-21T13:00:00+00:00,140,2024,Regular Season - 18,798,Mallorca,546,Getafe,False,1,0,FT,W,3,1,2024-12-21 13:00:00+00:00
1208670,2025-01-20T20:00:00+00:00,140,2024,Regular Season - 20,798,Mallorca,533,Villarreal,False,0,4,FT,L,0,-4,2025-01-20 20:00:00+00:00
1208679,2025-01-25T13:00:00+00:00,140,2024,Regular Season - 21,798,Mallorca,543,Real Betis,True,0,1,FT,L,0,-1,2025-01-25 13:00:00+00:00
1208683,2025-02-01T17:30:00+00:00,140,2024,Regular Season - 22,798,Mallorca,530,Atletico Madrid,False,0,2,FT,L,0,-2,2025-02-01 17:30:00+00:00
1208693,2025-02-10T20:00:00+00:00,140,2024,Regular Season - 23,798,Mallorca,727,Osasuna,True,1,1,FT,D,1,0,2025-02-10 20:00:00+00:00
1208708,2025-02-16T17:30:00+00:00,140,2024,Regular Season - 24,798,Mallorca,534,Las Palmas,True,3,1,FT,W,3,2,2025-02-16 17:30:00+00:00
1208717,2025-02-24T20:00:00+00:00,140,2024,Regular Season - 25,798,Mallorca,536,Sevilla,False,1,1,FT,D,1,0,2025-02-24 20:00:00+00:00
1208727,2025-03-02T17:30:00+00:00,140,2024,Regular Season - 26,798,Mallorca,542,Alaves,True,1,1,FT,D,1,0,2025-03-02 17:30:00+00:00
1208728,2025-03-09T17:30:00+00:00,140,2024,Regular Season - 27,798,Mallorca,531,Athletic Club,False,1,1,FT,D,1,0,2025-03-09 17:30:00+00:00
1212937,2025-03-15T15:15:00+00:00,140,2024,Regular Season - 28,798,Mallorca,540,Espanyol,True,2,1,FT,W,3,1,2025-03-15 15:15:00+00:00
1208753,2025-03-30T16:30:00+00:00,140,2024,Regular Season - 29,798,Mallorca,532,Valencia,False,0,1,FT,L,0,-1,2025-03-30 16:30:00+00:00
1208761,2025-04-05T16:30:00+00:00,140,2024,Regular Season - 30,798,Mallorca,538,Celta Vigo,True,1,2,FT,L,0,-1,2025-04-05 16:30:00+00:00
1208771,2025-04-12T12:00:00+00:00,140,2024,Regular Season - 31,798,Mallorca,548,Real Sociedad,False,2,0,FT,W,3,2,2025-04-12 12:00:00+00:00
1208781,2025-04-19T16:30:00+00:00,140,2024,Regular Season - 32,798,Mallorca,537,Leganes,True,0,0,FT,D,1,0,2025-04-19 16:30:00+00:00
1208784,2025-04-22T19:30:00+00:00,140,2024,Regular Season - 33,798,Mallorca,529,Barcelona,False,0,1,FT,L,0,-1,2025-04-22 19:30:00+00:00
1208791,2025-05-05T19:00:00+00:00,140,2024,Regular Season - 34,798,Mallorca,547,Girona,False,0,1,FT,L,0,-1,2025-05-05 19:00:00+00:00
1208805,2025-05-10T16:30:00+00:00,140,2024,Regular Season - 35,798,Mallorca,720,Valladolid,True,2,1,FT,W,3,1,2025-05-10 16:30:00+00:00
1208815,2025-05-14T19:30:00+00:00,140,2024,Regular Season - 36,798,Mallorca,541,Real Madrid,False,1,2,FT,L,0,-1,2025-05-14 19:30:00+00:00
1208822,2025-05-18T17:00:00+00:00,140,2024,Regular Season - 37,798,Mallorca,546,Getafe,True,1,2,FT,L,0,-1,2025-05-18 17:00:00+00:00
1208834,2025-05-24T19:00:00+00:00,140,2024,Regular Season - 38,798,Mallorca,728,Rayo Vallecano,False,0,0,FT,D,1,0,2025-05-24 19:00:00+00:00
